id,bias,step,step_at,step_t,step_resid_sd,step_flag,minute_coord,dem_aster_centre,dem_srtm_centre,dem_aster_lo,dem_srtm_lo,dem_aster_hi,dem_srtm_hi,dem_refutes,nb_n,nb_km_min,nb_bias_median,nb_tested
010010-99999,-0.309146373579209,-0.591874445303434,2024-07,-1.32432390410535,0.875031452955988,FALSE,TRUE,,,9,,201,,FALSE,,,,FALSE
010080-99999,3.78221141659438,0.538196257736473,2023-10,1.49707449385611,0.973526943165082,FALSE,FALSE,,,,,,,,,,,FALSE
010550-99999,3.40761271393051,11.8672721930114,2024-06,16.1731982421433,1.52744662253815,TRUE,TRUE,,,,,,,,,,,FALSE
010620-99999,-0.429816600906968,-0.380257306835484,2024-06,-1.16700849775685,0.67828872558297,FALSE,TRUE,,,,,,,,,,,FALSE
010980-99999,3.44924113590573,0.56035109671554,2024-07,1.57019055311058,0.698708712900831,FALSE,TRUE,,,,,,,,,,,FALSE
011410-99999,-3.60436591704934,-0.633392044549776,2024-07,-1.54327126423568,0.803560587164521,FALSE,TRUE,23,,6,,55,,FALSE,1,42.7494830321183,1.2133636954222,TRUE
013000-99999,-1.77400328757747,-1.11287466803258,2022-12,-3.03092550453742,0.734346434029187,FALSE,TRUE,,,,,,,,,,,FALSE
014030-99999,-0.572654705993177,0.690353547845102,2023-03,4.6422862507762,0.321249925297185,FALSE,TRUE,8,15,7,0,34,48,FALSE,,,,FALSE
014410-99999,0.547773755986663,1.7834794105989,2022-11,3.38161221781144,1.13932515582969,FALSE,TRUE,868,866,837,835,922,924,FALSE,,,,FALSE
028350-99999,2.3340141917623,0.230719086875578,2024-06,0.96358041085971,0.517248157449225,FALSE,TRUE,113,,107,,145,,FALSE,,,,FALSE
029130-99999,-4.31718414230617,-0.90188487121088,2024-07,-3.33677033840676,0.540573536530244,FALSE,FALSE,24,,16,,27,,TRUE,,,,FALSE
029920-99999,0.0404071467103559,0.278163109163889,2024-07,2.30669061579567,0.241179382496373,FALSE,TRUE,,,6,,8,,FALSE,2,30.549466953838,0.281921080849132,TRUE
030020-99999,-0.693422975156878,0.868372274181351,2023-09,5.61349544512489,0.437539803618283,FALSE,TRUE,8,,3,,66,,FALSE,,,,FALSE
030230-99999,3.26348127351916,1.26054551757208,2024-06,4.08524505918206,0.666567000639174,FALSE,TRUE,10,10,4,3,55,62,FALSE,,,,FALSE
030620-99999,1.07126591027232,0.914860834606892,2023-07,7.42869962744446,0.348327073342745,FALSE,TRUE,14,4,6,0,17,6,FALSE,,,,FALSE
034100-99999,3.82080647626231,1.23415677890528,2023-07,9.01683337018471,0.387133971133102,FALSE,TRUE,255,265,200,202,379,384,FALSE,,,,FALSE
039110-99999,-2.9289657297595,1.1279343054323,2023-08,12.922892157162,0.246870433152102,FALSE,TRUE,239,237,143,155,323,328,FALSE,,,,FALSE
039530-99999,-5.27102785133439,0.9978066867042,2022-12,4.86644793719757,0.555245492386493,FALSE,TRUE,18,20,5,0,61,69,FALSE,,,,FALSE
042021-99999,2.42973785521315,-0.449676432823405,2022-07,-2.25037559384201,0.399645671641581,FALSE,TRUE,25,,5,,58,,FALSE,,,,FALSE
042030-99999,5.114216063896,0.477776320974858,2024-03,1.6776724661808,0.73531227405801,FALSE,TRUE,,,,,,,,,,,FALSE
042050-99999,8.29162773768036,-0.884222985453194,2022-10,-2.80031266836435,0.773447607358005,FALSE,TRUE,,,7,,196,,FALSE,,,,FALSE
042080-99999,0.314159958930962,-1.081821012971,2023-01,-6.19237351059423,0.494132321309855,FALSE,TRUE,,,,,,,,,,,FALSE
042140-99999,4.27927711807313,-0.985701039149095,2023-02,-5.65679229240891,0.477205690248469,FALSE,TRUE,,,,,,,,,,,FALSE
042530-99999,1.40489242146601,-1.50076362796903,2022-12,-5.39173175364566,0.753762854371558,FALSE,TRUE,,,,,,,,,,,FALSE
042700-99999,5.55022294601375,1.2399385464716,2024-01,2.10068946201672,1.6694879853835,FALSE,FALSE,32,,19,,39,,FALSE,,,,FALSE
042850-99999,2.15973734586523,-0.926316229215884,2022-12,-4.83396986233542,0.518926736912648,FALSE,TRUE,14,28,1,0,70,76,FALSE,,,,FALSE
043010-99999,4.47956745315261,-0.910982863416787,2023-04,-3.06191227106389,0.841516154926187,FALSE,TRUE,,,,,,,,,,,FALSE
043120-99999,5.01528971584049,-0.922215644265317,2022-09,-2.78853948684588,0.751728313909079,FALSE,TRUE,,,,,,,,,,,FALSE
043130-99999,2.72840130940022,-0.443558199975594,2023-08,-1.74674455447989,0.718234409832252,FALSE,TRUE,,,,,,,,,,,FALSE
043200-99999,1.76804193742172,-0.975518429183635,2022-12,-5.20459923755526,0.507573450672361,FALSE,TRUE,,,9,,91,,FALSE,,,,FALSE
043410-99999,6.52979476385141,0.414909306047199,2022-12,1.04351809778162,1.0767227848225,FALSE,TRUE,,,44,,150,,TRUE,,,,FALSE
043510-99999,-3.95150081966234,-0.840282663457009,2022-12,-3.69694613586521,0.615506995756009,FALSE,TRUE,,,9,,58,,FALSE,,,,FALSE
043610-99999,2.62489859959452,1.1301558306476,2024-07,3.64091538983028,0.620808620713528,FALSE,TRUE,,,2,,34,,FALSE,,,,FALSE
043730-99999,3.88726460722632,-1.4912155082443,2022-12,-3.05516316819143,1.32177250898811,FALSE,TRUE,5,,5,,5,,TRUE,,,,TRUE
063440-99999,-0.376323214326628,0.966348975939637,2022-12,7.74690804107072,0.337797400424939,FALSE,FALSE,8,-5,7,-9,10,-2,FALSE,,,,FALSE
064940-99999,-1.69846784224043,1.17518137310444,2022-12,9.0543000212949,0.351480091781771,FALSE,TRUE,670,673,631,642,685,679,FALSE,,,,FALSE
066550-99999,21.8636680958438,2.12146217186816,2024-05,1.84608396239157,2.65389176430946,FALSE,TRUE,1016,1011,1004,1003,1319,1320,FALSE,1,17.3439390445346,-2.7458667217698,TRUE
067240-99999,-82.4173182901774,-2.83023409267487,2022-08,-3.22652356947171,1.89492011814878,FALSE,TRUE,1452,1450,1206,1209,1520,1516,FALSE,2,13.9633130405598,4.88260912821178,TRUE
067480-99999,26.1084604235347,2.65028596113263,2024-07,1.84756599557535,2.86894862481738,FALSE,TRUE,1908,1890,1558,1552,2673,2666,FALSE,2,11.7715024912918,-4.55481507993533,TRUE
070240-99999,-6.01363024029204,0.620937928657463,2022-12,3.51966221170984,0.477746942355749,FALSE,FALSE,131,135,129,134,138,137,FALSE,,,,FALSE
071000-99999,2.30220862948685,1.13009994680963,2023-01,10.8654746240561,0.294180001686605,FALSE,TRUE,,0,24,0,73,61,FALSE,,,,FALSE
073850-99999,-4.98284158119487,1.15735813032454,2023-02,9.88848618682227,0.33104188720189,FALSE,FALSE,223,216,212,215,229,219,FALSE,,,,TRUE
075600-99999,-4.0997941135101,2.49199860808497,2023-10,2.14424167699878,3.28714646933022,FALSE,TRUE,1309,1320,852,860,1555,1558,FALSE,,,,FALSE
076670-99999,-0.354088958403439,0.552986940696633,2023-02,2.92145601381997,0.535377994841567,FALSE,FALSE,5,3,5,-1,9,3,FALSE,,,,FALSE
080440-99999,6.03199120485516,0.883566292567396,2024-03,2.92038050109997,0.781185313602077,FALSE,TRUE,108,114,32,34,185,188,FALSE,,,,FALSE
081480-99999,-2.82367371080671,1.2845998401976,2024-07,4.76154166722369,0.539573075266863,FALSE,TRUE,1082,1090,1061,1065,1098,1097,FALSE,,,,FALSE
081810-99999,1.15990675482253,0.832128144881566,2023-02,6.41857522629992,0.366687891512728,FALSE,FALSE,7,5,5,2,7,9,FALSE,,,,FALSE
082150-99999,-8.96006813215177,-1.00274826396927,2023-11,-1.98597407366745,1.42811551606276,FALSE,TRUE,1699,1707,1457,1454,1882,1878,FALSE,,,,FALSE
084330-99999,-4.00516780189116,-0.256619775041494,2024-03,-1.92296333572508,0.344566845201426,FALSE,FALSE,8,-1,5,-4,8,4,FALSE,,,,FALSE
085240-99999,-24.4569062743087,0.432378420634447,2024-01,2.38180342495797,0.513455829420083,FALSE,FALSE,86,90,84,88,91,92,FALSE,,,,TRUE
111380-99999,6.18419072544125,1.62199979468428,2022-07,2.53580017836692,1.27928044845305,FALSE,TRUE,2062,2066,2011,2008,2499,2514,FALSE,,,,FALSE
111550-99999,-2.77525478381221,1.00084065268385,2023-10,2.07739489551835,1.36267055228965,FALSE,TRUE,1573,1571,925,918,1668,1687,FALSE,,,,FALSE
111800-99999,-1.65214163341561,0.701538387894297,2023-02,1.11839270754706,1.77419808979526,FALSE,TRUE,1342,1349,783,755,1626,1616,FALSE,,,,FALSE
112410-99999,-7.551242347692,-0.718977919272154,2023-07,-1.36424050255421,1.49062914138347,FALSE,TRUE,1397,1404,952,938,1410,1413,TRUE,,,,FALSE
113080-99999,-0.594894375329928,0.600305621993962,2022-12,2.54324248482173,0.639197921118884,FALSE,TRUE,1342,1335,1342,1335,2271,2300,FALSE,,,,FALSE
114640-99999,-1.74858290445692,1.42189320021319,2023-05,3.67217427063286,1.09518802746855,FALSE,TRUE,547,547,369,370,775,761,TRUE,,,,FALSE
119160-99999,-15.5199389699037,-3.26736240560567,2024-04,-2.39994088171635,3.33481993638224,FALSE,TRUE,998,989,910,902,1384,1362,TRUE,2,38.22333974486,-21.0811324637479,TRUE
119300-99999,-12.5111774025371,-5.26119346420866,2024-06,-2.1920563185149,5.18484711025347,FALSE,TRUE,2368,2340,1571,1567,2489,2495,TRUE,,,,FALSE
119330-99999,-34.154300178482,-1.33126933910547,2022-11,-2.93505023326779,1.17112907103048,FALSE,TRUE,1204,1217,1098,1112,1394,1399,FALSE,2,12.4581199478982,-16.3015469219659,TRUE
122150-99999,-4.19425978983247,1.03219893555723,2023-06,8.56957648601971,0.340681884598035,FALSE,FALSE,136,136,131,135,141,138,FALSE,,,,FALSE
122800-99999,-5.58141466468629,0.837080577381603,2023-06,5.26361345714285,0.449809133961273,FALSE,TRUE,128,130,114,112,143,147,FALSE,,,,FALSE
125100-99999,0.387691592979593,-2.51298405480585,2022-08,-1.29664272874896,3.87613950873029,FALSE,TRUE,1247,1238,957,966,1549,1553,TRUE,,,,FALSE
126500-99999,-8.75405693096912,0.865762535319049,2023-10,1.14750885321283,2.13396718607386,FALSE,TRUE,1954,1939,1445,1463,2006,1980,FALSE,,,,FALSE
133670-99999,-5.79591740544286,0.604061753557346,2023-11,2.13977901853987,0.798467801571966,FALSE,TRUE,1009,1010,880,877,1032,1030,FALSE,,,,FALSE
133690-99999,-5.54182864613715,0.616663973979186,2023-12,3.25249944609359,0.536261155386625,FALSE,TRUE,1001,1011,987,996,1037,1039,FALSE,,,,FALSE
136220-99999,7.16696955343668,1.38286138464199,2024-06,3.49316749142988,0.855190031940279,FALSE,TRUE,10,-1,6,-3,72,70,FALSE,,,,FALSE
143240-99999,-6.61752804304295,-2.91758796587967,2024-01,-4.39206908021835,1.87888323038782,FALSE,TRUE,1501,1516,1421,1433,1613,1618,FALSE,2,18.6042338359849,6.26223162632686,TRUE
150330-99999,-8.12363909621416,-1.03071587161431,2024-07,-1.2989074044277,1.58705057512309,FALSE,TRUE,1856,1847,1488,1483,2198,2198,FALSE,,,,FALSE
151190-99999,-6.59195381887135,-1.95275295452234,2024-07,-1.48351661821937,2.63260004039077,FALSE,TRUE,1713,1704,1350,1333,1835,1827,FALSE,2,16.7874287203788,-6.4406725737134,TRUE
152800-99999,-13.8815923285111,0.898674578481618,2024-05,0.7618579747763,2.7241298351052,FALSE,TRUE,2341,2334,1875,1870,2499,2494,FALSE,,,,FALSE
153010-99999,-15.2412384124136,0.759419221980125,2024-03,3.08706209240293,0.635170897438264,FALSE,TRUE,1261,1262,1129,1126,1359,1356,TRUE,2,14.4019748000137,-4.20256262372079,TRUE
153150-99999,-19.2112977875342,1.17380137882674,2024-07,1.53607496347963,1.52831262371175,FALSE,TRUE,1378,1383,1094,1099,1428,1426,FALSE,2,16.6640086960009,-3.14319673288905,TRUE
156000-99999,-18.705272588805,-4.0896664170342,2022-08,-4.4256945726217,1.99622659275113,FALSE,TRUE,1649,1654,1235,1236,1673,1668,TRUE,1,26.2571155120331,65.5374701295871,TRUE
156150-99999,-13.2044731881563,-1.29914411873462,2023-03,-1.12239962061626,3.27382012332289,FALSE,TRUE,2739,2728,2209,2219,2845,2840,TRUE,,,,FALSE
160330-99999,-10.8049893607597,1.89066447403948,2024-05,2.16806751035426,2.01391448895535,FALSE,TRUE,1220,1223,1195,1197,1324,1320,FALSE,,,,FALSE
161340-99999,-14.79173971491,-3.35892590310611,2023-12,-2.36455119971012,3.97580435479954,FALSE,TRUE,1838,1831,1541,1532,2066,2059,TRUE,,,,FALSE
162190-99999,-12.9881642215,6.43557308148283,2024-04,1.9060682139965,8.03734518708589,FALSE,TRUE,1881,1889,1368,1392,2057,2069,FALSE,,,,FALSE
162630-99999,-0.265887783170048,-2.71070106219733,2024-02,-3.77305782147125,1.94553423905136,FALSE,TRUE,1023,1020,766,762,1051,1038,TRUE,,,,FALSE
163440-99999,-1.31237741569914,0.689764799377637,2023-04,1.94689389772425,1.00208309786954,FALSE,TRUE,1596,1581,1359,1350,1680,1677,FALSE,,,,FALSE
164340-99999,7.76471171031905,1.83872952925456,2022-07,1.91898811463094,1.91635322307161,FALSE,TRUE,870,882,650,658,981,980,TRUE,,,,FALSE
165600-99999,-2.62225496641115,0.825088425576635,2022-08,3.71454002162782,0.47984264613168,FALSE,FALSE,9,-1,8,-2,10,4,FALSE,,,,FALSE
166820-99999,-8.46062773739394,0.673010013400281,2024-07,2.2130687779245,0.608214277037927,FALSE,FALSE,12,7,11,6,16,9,FALSE,,,,FALSE
170740-99999,-301.210876974489,1.48004006174104,2024-07,2.32917530833098,1.27087047200547,FALSE,FALSE,1075,1067,1060,1065,1085,1070,FALSE,,,,TRUE
170880-99999,-16.4879379310562,1.87231572612762,2024-04,3.18543923995039,1.4397443557808,FALSE,TRUE,1227,1228,1125,1129,1616,1620,FALSE,,,,TRUE
170900-99999,306.179798824818,-0.726713079400404,2023-02,-7.47495510415402,0.274978907169846,FALSE,TRUE,1287,1286,1262,1266,1332,1328,FALSE,,,,TRUE
170920-99999,-1.32712650532127,1.29773921450306,2023-09,1.83488468319325,2.00043132343303,FALSE,FALSE,1138,1146,1136,1144,1146,1147,FALSE,,,,FALSE
170960-99999,-5.62960773400014,1.21719066726578,2023-12,3.14187999237511,1.09575639669162,FALSE,FALSE,1757,1759,1754,1755,1760,1759,FALSE,,,,FALSE
171200-99999,3.46961984801311,-0.718063233079347,2022-10,-2.29862208175947,0.76519256386472,FALSE,TRUE,566,569,506,505,617,613,FALSE,,,,FALSE
171550-99999,0.641519853427884,-4.14537167244319,2023-10,-11.1721047053141,1.04947832031289,FALSE,TRUE,1008,1006,950,943,1265,1265,FALSE,,,,FALSE
171600-99999,-1.88378364255435,-6.67874296242243,2022-09,-18.7441304097739,0.822865390478134,FALSE,TRUE,1024,1009,968,975,1086,1080,FALSE,,,,FALSE
171900-99999,23.4349127040454,-0.596277644921462,2023-04,-1.9877131080923,0.848476501920481,FALSE,FALSE,991,999,988,996,993,1000,FALSE,,,,TRUE
172440-99999,-3.95425449122324,-1.04108374405484,2022-11,-2.79017991800638,0.963402629034919,FALSE,FALSE,1000,1027,991,1025,1023,1029,FALSE,,,,FALSE
172750-99999,-19.114766355382,0.756846314965834,2024-05,2.48016409622955,0.704736310544926,FALSE,TRUE,727,727,675,677,1010,1012,TRUE,,,,TRUE
173700-99999,-9.47621335151706,1.44301267135668,2022-07,2.32257846924967,1.24259540890591,FALSE,FALSE,9,9,6,7,11,10,FALSE,,,,FALSE
200460-99999,2.44829188180564,-1.4599276357869,2022-10,-3.12276331457963,0.991741570505987,FALSE,TRUE,,,,,,,,,,,FALSE
200870-99999,-1.00411693826014,-2.00324953056922,2022-09,-6.35692091595791,0.727759033669745,FALSE,TRUE,,,,,,,,,,,FALSE
201070-99999,1.41246359666787,-0.948437310917238,2022-10,-3.50580666754995,0.662668448396844,FALSE,TRUE,163,,13,,337,,FALSE,,,,FALSE
202920-99999,-0.713123925074669,-2.96387062659617,2022-08,-6.43130115258893,0.995551627831184,FALSE,TRUE,10,,7,,26,,FALSE,,,,FALSE
204710-99999,0.685922166014921,-2.60589560200088,2022-09,-8.81241267012852,0.682906978423799,FALSE,TRUE,,,,,,,,,,,FALSE
204760-99999,-0.80708783210657,-2.41425146361546,2022-10,-7.44700626122319,0.79410221895718,FALSE,TRUE,,,3,,28,,FALSE,,,,FALSE
207440-99999,-0.218883062476204,-1.2748704140173,2022-09,-3.91895514499509,0.751268386069471,FALSE,TRUE,,,5,,10,,FALSE,,,,FALSE
208710-99999,-1.79272389445567,-1.31676675695173,2022-10,-3.96478382107181,0.813513878776672,FALSE,TRUE,6,,5,,22,,FALSE,,,,FALSE
208910-99999,-1.19591004410791,0.729508075130708,2024-05,2.71398790432671,0.620756905926163,FALSE,TRUE,13,,5,,24,,FALSE,,,,FALSE
209670-99999,0.494836332304893,-1.43495294104057,2022-10,-6.2331805092313,0.56390192859807,FALSE,TRUE,11,,4,,19,,FALSE,,,,FALSE
214320-99999,5.15041838343095,-1.53345570407588,2022-07,-3.70490495219314,0.827797594736212,FALSE,TRUE,,,4,,23,,FALSE,,,,FALSE
218130-99999,2.24725173327486,-0.59398023848213,2023-03,-1.59883405080998,1.05078436203867,FALSE,TRUE,9,,7,,41,,FALSE,,,,TRUE
218240-99999,-0.825304461531986,-1.3244708078672,2022-10,-4.91096263922221,0.660619494959198,FALSE,FALSE,11,,8,,14,,FALSE,,,,FALSE
219080-99999,-0.288666714320566,-0.957643601475793,2023-03,-4.43981985918608,0.610075458951236,FALSE,TRUE,67,,17,,115,,FALSE,,,,FALSE
219310-99999,0.940192171203855,-1.6752138057555,2022-10,-3.2043054527869,1.28059546589043,FALSE,TRUE,2,,2,,12,,FALSE,,,,FALSE
219460-99999,-2.40276349595361,-1.04055853242618,2023-08,-3.69334088942874,0.796878508134549,FALSE,TRUE,7,,1,,58,,FALSE,,,,FALSE
219780-99999,0.679911738426752,-1.43512686723951,2023-08,-4.12351028224118,0.953133743177634,FALSE,TRUE,,,2,,13,,FALSE,1,35.7367682486122,2.08379241988659,TRUE
222130-99999,0.0763026687660543,0.963728677976543,2023-02,3.66200885035331,0.74435547402395,FALSE,TRUE,125,,118,,138,,FALSE,,,,TRUE
222710-99999,-11.6093287516169,-0.624041921095057,2023-02,-3.55787607419769,0.496098531762944,FALSE,TRUE,,,1,,10,,FALSE,,,,FALSE
224290-99999,-0.49811145271525,-0.392769956284338,2023-02,-2.82078381568912,0.393834221524204,FALSE,TRUE,5,,1,,28,,FALSE,1,42.6446406654223,0.0431496594201354,TRUE
224810-99999,-1.48711877917164,-0.440837210377117,2023-02,-4.6360885784177,0.268949978486744,FALSE,TRUE,35,,15,,38,,FALSE,,,,FALSE
225200-99999,-0.0418596834022762,-0.441360719690172,2024-06,-3.50649064290698,0.271909502506983,FALSE,TRUE,,,2,,9,,FALSE,,,,FALSE
225460-99999,-4.13463032465839,0.959615023980164,2023-07,3.73710210126091,0.726284990239812,FALSE,TRUE,6,,3,,25,,FALSE,,,,FALSE
228540-99999,-2.28163886339007,-0.993783032684175,2024-04,-4.63606859536859,0.525070174229878,FALSE,TRUE,220,,192,,228,,FALSE,,,,FALSE
228870-99999,0.781972426749656,-0.302334497263299,2024-07,-1.26307514762363,0.478727647887168,FALSE,TRUE,50,,38,,77,,FALSE,,,,FALSE
231140-99999,-1.12060345077248,-0.23041174768013,2023-05,-1.39716031288121,0.466448145563711,FALSE,TRUE,4,,4,,21,,FALSE,,,,FALSE
232050-99999,-0.266871345740167,0.808262862470083,2023-10,2.37803298792876,0.784935757564117,FALSE,TRUE,9,,1,,16,,FALSE,,,,FALSE
232740-99999,-1.57042171494975,-0.828065132953767,2022-09,-1.99973750450614,0.956292766105759,FALSE,TRUE,44,,1,,50,,FALSE,,,,FALSE
233240-99999,-2.0422190058797,-0.6684934273696,2022-08,-1.70920982377916,0.844899692068094,FALSE,TRUE,48,,43,,70,,FALSE,,,,FALSE
234450-99999,1.42956122045403,-1.14270002096474,2022-08,-6.70284866544744,0.368278369469616,FALSE,TRUE,9,,7,,51,,FALSE,,,,FALSE
234530-99999,-1.67007727185889,-1.04173345263214,2022-07,-5.21945986316398,0.399172895258418,FALSE,TRUE,4,,4,,17,,FALSE,,,,FALSE
234650-99999,-1.30401220964132,-0.706284816153685,2024-03,-3.15235253982121,0.578494800541891,FALSE,TRUE,9,,9,,20,,FALSE,,,,FALSE
234710-99999,1.48321807406366,-0.515934977204034,2022-11,-5.56030152996754,0.239580241427278,FALSE,FALSE,42,,28,,45,,FALSE,,,,FALSE
235780-99999,5.58863610325724,-0.662422808728538,2024-07,-2.51431958145843,0.526920136655261,FALSE,TRUE,12,,12,,38,,FALSE,,,,FALSE
236620-99999,-0.526005241153551,-0.359317000892075,2023-07,-2.40570494881148,0.422454944945635,FALSE,TRUE,17,,16,,41,,FALSE,,,,FALSE
238030-99999,-5.1400054768463,-1.47348086806867,2023-11,-2.70847785936574,1.53873632033896,FALSE,TRUE,89,,84,,135,,FALSE,,,,FALSE
238120-99999,-1.76772491151827,0.310047133849571,2023-10,1.91024510661494,0.459074974354436,FALSE,TRUE,143,,121,,147,,FALSE,,,,FALSE
238470-99999,-0.535067041444147,-0.871882914942533,2022-09,-5.94130506429863,0.338903207424062,FALSE,TRUE,26,,17,,38,,FALSE,,,,FALSE
238910-99999,-13.6639852804743,-1.22223381011134,2022-09,-2.84156669382939,0.993335149673331,FALSE,TRUE,183,,143,,271,,FALSE,,,,FALSE
239210-99999,-1.59472818102371,1.09223289991753,2023-08,4.89822740578852,0.589963753730519,FALSE,TRUE,100,,87,,111,,FALSE,,,,TRUE
239330-99999,21.4886271504684,1.39317331093235,2022-07,4.65134124847034,0.599041539422854,FALSE,FALSE,32,,32,,39,,FALSE,,,,TRUE
239860-99999,0.547155712058427,0.85625047308028,2022-07,2.53535089196058,0.67544928459046,FALSE,TRUE,468,,409,,531,,FALSE,,,,TRUE
241360-99999,-0.121868050016031,2.42751552786901,2022-07,4.48225437873519,1.08316722914509,FALSE,TRUE,278,,216,,306,,TRUE,,,,FALSE
242190-99999,-0.217092614805968,1.29807986097992,2024-05,3.38869549050871,0.884643378864218,FALSE,TRUE,228,,203,,276,,FALSE,,,,FALSE
242660-99999,-2.20355608130733,1.08562177493011,2023-01,2.8990800958562,1.0591642775984,FALSE,TRUE,125,,111,,211,,FALSE,,,,FALSE
243220-99999,-6.21167278747302,-4.73989490624525,2024-01,-10.8768364540061,1.06743573867397,FALSE,FALSE,469,,452,,480,,TRUE,,,,FALSE
243430-99999,-0.481112434695813,1.31002798496512,2023-07,8.29344538128871,0.446776763636947,FALSE,TRUE,17,,17,,75,,TRUE,,,,FALSE
244490-99999,6.15662499893698,1.03797306178124,2023-02,0.940249159675949,3.12239700773539,FALSE,TRUE,574,,465,,729,,TRUE,,,,FALSE
244770-99999,-0.282507793834364,-1.43593510535037,2023-04,-3.17919626595219,1.27750458342082,FALSE,TRUE,669,,661,,682,,FALSE,,,,FALSE
245380-99999,0.499228068335194,-0.576721283755061,2023-08,-2.24435363477004,0.726807975855548,FALSE,TRUE,160,,151,,190,,FALSE,,,,FALSE
246560-99999,-0.639538107185703,0.897958696792594,2022-07,2.26258318983499,0.79374645831969,FALSE,TRUE,72,,54,,81,,FALSE,,,,FALSE
246610-99999,4.91535928271261,0.969146835193574,2024-07,1.904454142339,1.0177686231954,FALSE,TRUE,202,,174,,217,,FALSE,,,,FALSE
246790-99999,2.42948247002133,-1.79852823171632,2023-03,-3.27032094176622,1.55550666915917,FALSE,TRUE,1258,,1247,,1352,,FALSE,,,,FALSE
246880-99999,-1.64026960137546,3.39819895617474,2023-03,6.80273413095242,1.41289633225504,FALSE,TRUE,729,,701,,740,,FALSE,,,,FALSE
246910-99999,0.500512376356907,3.18739341288222,2022-08,2.96957289697552,2.31870271464982,FALSE,TRUE,787,,780,,872,,FALSE,,,,FALSE
247710-99999,-0.22165827934668,7.36001541696194,2023-09,19.3306764941809,1.0769031932303,FALSE,TRUE,272,,263,,294,,FALSE,,,,FALSE
249080-99999,0.23070314765294,0.594206977551383,2024-04,2.97135932190894,0.482993149152332,FALSE,TRUE,240,,237,,294,,FALSE,,,,FALSE
249180-99999,-1.31941051067939,-1.00029202662458,2024-05,-4.82057416618317,0.479211688011186,FALSE,TRUE,282,,265,,382,,FALSE,,,,FALSE
249230-99999,8.72154070360823,-0.315350310361762,2023-02,-1.28787357127153,0.692572152671563,FALSE,TRUE,167,,137,,201,,TRUE,,,,FALSE
249440-99999,0.636446496978079,-9.64849725553185,2022-08,-18.2041218636338,1.14496796038477,FALSE,TRUE,241,,173,,297,,FALSE,,,,FALSE
250510-99999,2.16324559956457,-1.5155658897138,2022-09,-3.27937679185411,1.06729104941449,FALSE,FALSE,8,,6,,9,,FALSE,,,,FALSE
251210-99999,-3.79724047663319,-0.976473756960862,2023-11,-4.12641530341931,0.669318199382965,FALSE,TRUE,10,,2,,19,,FALSE,,,,FALSE
251230-99999,-3.30054319507999,0.355036115570875,2022-12,1.21735622740563,0.789778968828072,FALSE,TRUE,,,,,,,,,,,FALSE
252480-99999,0.899990380849608,-1.43354998682946,2023-05,-1.98101118631458,2.0467787842083,FALSE,TRUE,336,,327,,417,,FALSE,,,,FALSE
253780-99999,-3.17144752058663,-2.0944016588326,2023-03,-6.51356047609178,0.870747500466828,FALSE,TRUE,6,,3,,380,,FALSE,,,,FALSE
254000-99999,-1.81094324225511,-0.45320325265867,2023-11,-1.21613957078518,1.05403393133189,FALSE,TRUE,60,,9,,60,,FALSE,,,,FALSE
254690-99999,-3.9770657443013,-1.36744358433313,2023-05,-7.73724780679064,0.499882467522036,FALSE,TRUE,8,,7,,38,,FALSE,,,,FALSE
255510-99999,-0.363694007153695,-2.61332131436506,2022-07,-5.73421546160235,0.911483473847283,FALSE,TRUE,23,,12,,34,,FALSE,,,,FALSE
255630-99999,1.3850091305162,-2.3203568347522,2023-01,-9.80540814934946,0.669320451585563,FALSE,FALSE,18,,12,,40,,TRUE,,,,FALSE
256480-99999,0.518477848260037,-2.54929018288401,2022-08,-4.26223334019354,1.19622272147505,FALSE,TRUE,38,,21,,108,,FALSE,,,,FALSE
259040-99999,-3.80494699729774,-1.10354446998884,2023-01,-1.22677050257941,2.54431868529383,FALSE,TRUE,591,,504,,770,,FALSE,,,,FALSE
259220-99999,0.899869575378627,-0.69105235213268,2023-04,-2.81568126345954,0.694180567508618,FALSE,TRUE,69,,5,,104,,FALSE,,,,FALSE
259270-99999,2.02425317775575,0.412725756685692,2024-04,1.89475894328232,0.533559960842677,FALSE,TRUE,,0,7,0,7,5,FALSE,,,,TRUE
259410-99999,-2.21940989362039,-1.4072994683678,2023-04,-3.71985770055289,0.873694417688936,FALSE,TRUE,176,,152,,263,,TRUE,,,,TRUE
260940-99999,-2.06423085541176,0.36595018131933,2023-10,1.76777943684114,0.585516155227454,FALSE,TRUE,43,55,25,40,77,65,FALSE,,,,FALSE
265180-99999,0.096545251543428,0.168553715267395,2023-07,1.1391428273632,0.41850932893338,FALSE,TRUE,146,149,131,139,165,170,FALSE,,,,FALSE
266330-99999,-0.253928676763186,0.181353294974704,2023-06,2.04214127834982,0.251179771011259,FALSE,TRUE,103,104,86,93,129,127,FALSE,,,,FALSE
267740-99999,-5.19763761769196,0.539149347753936,2023-07,4.6777479730388,0.325999743523121,FALSE,TRUE,189,190,166,174,203,201,FALSE,,,,FALSE
270830-99999,2.03241581310916,2.26370058760216,2022-07,9.39517964137877,0.481885535776719,FALSE,TRUE,152,179,140,166,170,186,FALSE,,,,FALSE
273290-99999,-2.03634805580473,,,,,FALSE,TRUE,100,99,87,97,116,102,FALSE,,,,FALSE
274590-99999,79.9138218560245,1.19492651693323,2023-12,5.07936950312268,0.665390176968745,FALSE,FALSE,64,74,53,73,74,74,FALSE,,,,TRUE
277600-99999,-20.2970731077549,0.668325394490694,2023-07,3.28896619988915,0.574742809457236,FALSE,FALSE,216,207,203,203,218,211,FALSE,,,,TRUE
280970-99999,-3.39567597437039,-0.385647726496366,2022-09,-2.58825577263187,0.34409863361941,FALSE,TRUE,61,52,34,50,68,65,FALSE,,,,FALSE
281160-99999,-0.549060999297916,,,,,FALSE,TRUE,126,134,124,131,184,185,FALSE,,,,FALSE
282750-99999,-3.27395090916899,-1.89489538872505,2022-07,-4.0536089304738,0.934917709737516,FALSE,TRUE,32,35,32,32,65,46,FALSE,,,,FALSE
283340-99999,2.42290632267881,0.531033695615179,2024-04,2.18842235420466,0.594383249642119,FALSE,TRUE,218,220,202,210,275,272,FALSE,,,,TRUE
286450-99999,-3.87826483504429,1.23303565065794,2024-03,6.2574190759031,0.482676346611275,FALSE,TRUE,236,235,205,211,243,240,FALSE,,,,FALSE
287110-99999,1.51166663362649,,,,,FALSE,TRUE,285,289,266,263,322,310,FALSE,,,,FALSE
287480-99999,-0.651321246704222,-0.926120537220068,2023-04,-3.4393446907282,0.761617309052889,FALSE,TRUE,212,209,160,163,214,210,FALSE,,,,FALSE
289840-99999,-3.6710695040579,1.18795759660801,2024-03,4.48255838213711,0.684272922653283,FALSE,TRUE,414,410,378,388,490,496,FALSE,,,,FALSE
291490-99999,-8.48539263707454,-0.807904474953661,2022-08,-3.68359406092403,0.473796272938991,FALSE,TRUE,115,100,78,90,115,102,FALSE,,,,FALSE
294710-99999,-1.73330883050709,-0.575052851524795,2023-03,-4.33911127878755,0.374845211130389,FALSE,TRUE,173,195,140,150,208,207,FALSE,,,,FALSE
295870-99999,-2.23287191180473,-1.10522362385089,2024-07,-4.06747165347105,0.54344502826847,FALSE,TRUE,254,258,242,245,322,321,FALSE,,,,FALSE
296050-99999,-2.18515859849552,-2.20142950890882,2022-11,-14.1240864252166,0.402437820008014,FALSE,FALSE,114,108,107,106,116,111,FALSE,1,47.6467351839528,-0.942608862909869,TRUE
296360-99999,-3.23483679259182,-1.68068832919898,2022-12,-12.7587007214562,0.356723275374328,FALSE,TRUE,122,126,110,123,165,170,FALSE,,,,FALSE
296980-99999,-0.268271920253569,-0.491271854608855,2023-04,-2.62209074192169,0.529930797963799,FALSE,TRUE,434,437,402,408,478,478,FALSE,,,,FALSE
297520-99999,4.93883511181389,-0.762241524578187,2023-09,-1.8217461457899,1.18344952105828,FALSE,TRUE,863,872,778,772,1141,1144,TRUE,,,,FALSE
299560-99999,-10.3721072537724,-1.42437017049546,2022-10,-5.35723661472267,0.65126489148652,FALSE,TRUE,440,441,433,438,489,481,FALSE,,,,FALSE
302300-99999,-0.163594035771246,-0.440861404893441,2023-08,-2.1604813308728,0.577160440146258,FALSE,TRUE,252,252,235,244,268,270,FALSE,,,,FALSE
303720-99999,5.78317369051101,6.49697813089819,2023-11,8.713201402309,2.10901003268966,FALSE,TRUE,701,706,680,700,712,709,FALSE,,,,FALSE
303850-99999,13.147522423611,-1.22101389034616,2023-02,-2.58576474978527,1.33560054426209,FALSE,TRUE,421,419,384,390,749,754,FALSE,,,,FALSE
304050-99999,-3.50019355736488,-0.831507009995531,2022-07,-3.65250557907767,0.455307728896339,FALSE,TRUE,417,419,392,391,436,426,FALSE,,,,FALSE
304550-99999,1.74311905887293,,,,,FALSE,TRUE,1088,1085,1048,1053,1190,1181,FALSE,,,,FALSE
305040-99999,-0.903567815660686,-0.301126402314227,2023-04,-1.43892521725435,0.591909901966949,FALSE,TRUE,515,509,446,447,557,556,FALSE,,,,FALSE
306270-99999,-0.246276809405889,0.870722486858785,2022-07,2.9600577912748,0.588314518334991,FALSE,TRUE,666,681,660,666,731,719,TRUE,,,,FALSE
306640-99999,0.49317638524386,0.613625621701313,2024-05,1.8640063861141,0.760248292087599,FALSE,TRUE,799,810,792,805,850,851,FALSE,,,,FALSE
306830-99999,1.81474410449916,0.953999428899222,2022-11,2.55734933146343,0.963191028815171,FALSE,TRUE,483,473,469,470,582,581,FALSE,,,,FALSE
307410-99999,-2.7906728003214,-1.14111810985158,2023-01,-4.6026865126319,0.701235985893318,FALSE,TRUE,1268,1265,1195,1197,1322,1329,FALSE,,,,FALSE
308150-99999,1.75302136560914,1.97123823213443,2024-05,8.89797699539819,0.511619629742037,FALSE,TRUE,1472,1477,1243,1253,1646,1653,FALSE,,,,FALSE
308590-99999,0.224325538130029,-1.3436362957142,2024-01,-7.33089162024833,0.518405883139055,FALSE,TRUE,687,676,669,674,774,778,FALSE,,,,FALSE
310040-99999,3.87815426633735,-2.39090288101498,2023-10,-6.2979463082443,1.07376186304481,FALSE,TRUE,709,708,612,616,760,753,FALSE,,,,FALSE
310410-99999,1.53876346174285,1.05954363796698,2024-04,3.22512519346134,0.804725744753453,FALSE,TRUE,189,197,155,163,223,233,FALSE,,,,FALSE
310880-99999,-1.06085882080797,-0.75023005127953,2023-07,-2.92236809008387,0.726113535813296,FALSE,TRUE,,0,1,0,9,9,FALSE,,,,FALSE
310960-99999,-0.539522784782293,-1.32136121000253,2024-01,-4.51307694951059,0.828121020263989,FALSE,TRUE,,0,7,0,22,17,TRUE,,,,FALSE
311680-99999,0.133835700663067,-4.91047006340401,2023-03,-4.06566116884969,3.41614958693562,FALSE,TRUE,65,72,3,-3,212,192,FALSE,,,,FALSE
311740-99999,-12.6306023363106,-3.62580367833719,2023-07,-9.26942628597236,1.10635989288064,FALSE,TRUE,35,32,8,0,148,155,FALSE,,,,FALSE
313880-99999,-0.9897501059653,-0.900330113281884,2023-03,-3.32570911530184,0.765706808787206,FALSE,TRUE,221,214,197,199,229,214,FALSE,,,,FALSE
314390-99999,-2.04034774012354,0.795377527871316,2022-07,1.6467879251297,0.965974447266698,FALSE,TRUE,56,64,33,41,196,196,FALSE,,,,FALSE
314780-99999,3.51532601743439,-1.47889127619305,2022-07,-2.41581070249145,1.22434367450053,FALSE,TRUE,888,890,877,883,943,949,FALSE,,,,FALSE
316320-99999,-0.494263680364081,0.997013583193567,2023-07,3.42075809971768,0.824372896369906,FALSE,TRUE,291,279,272,265,362,357,FALSE,,,,FALSE
316830-99999,0.550065833017641,1.0644236327203,2023-08,2.85785358423028,1.05346358246615,FALSE,TRUE,61,62,40,48,142,142,FALSE,,,,FALSE
318660-99999,2.17250188227224,0.636241025441114,2023-11,2.52040929837824,0.713995689268368,FALSE,TRUE,5,7,2,0,122,122,FALSE,,,,TRUE
321650-99999,-2.45636504613339,0.676699035279672,2022-10,1.86855263069945,0.887086249879063,FALSE,TRUE,,0,1,0,34,42,FALSE,,,,FALSE
322150-99999,-4.99993176848674,0.873494986163211,2022-09,2.66259849664662,0.757624652807802,FALSE,TRUE,,0,6,0,49,55,FALSE,,,,FALSE
323330-99999,-3.323435761368,-0.390833961602207,2024-03,-1.26895436497359,0.795244476449511,FALSE,TRUE,,0,5,0,54,55,FALSE,,,,FALSE
324110-99999,-2.61074597101413,3.50884275027584,2022-10,12.6277765657888,0.680632436047774,FALSE,TRUE,,0,,0,,0,FALSE,,,,FALSE
333170-99999,-2.1335735899088,0.788592015527143,2023-07,5.24504413049083,0.388201848844178,FALSE,TRUE,263,270,241,241,269,279,FALSE,,,,FALSE
339240-99999,-1.92539084938546,0.706774395767191,2022-09,3.19041679240211,0.511602607689752,FALSE,TRUE,,0,4,0,12,14,FALSE,,,,FALSE
340030-99999,-1.79186940655372,0.418028781129186,2023-07,1.22672792575225,0.96383551613153,FALSE,TRUE,238,242,216,229,248,254,FALSE,,,,FALSE
347980-99999,-1.80550874242328,1.30021124369706,2023-09,1.34074109105654,2.7429253672495,FALSE,TRUE,-13,-24,-29,-31,-13,-24,FALSE,,,,FALSE
348380-99999,-2.6633654236237,-0.50294976217966,2024-03,-2.01969271447435,0.64297439537571,FALSE,TRUE,71,75,60,66,83,79,FALSE,,,,FALSE
350370-99999,-1.53721926601859,2.2939599552461,2023-10,6.59345853328784,0.764884617304842,FALSE,TRUE,302,308,297,306,323,328,FALSE,,,,FALSE
353580-99999,0.979629491832013,3.49809729811493,2022-07,5.11672333945625,1.3673193041884,FALSE,FALSE,131,131,124,129,133,134,FALSE,,,,FALSE
353610-99999,-4.40784514548135,1.52358640956816,2023-12,6.93796952741247,0.621125980834977,FALSE,TRUE,132,134,122,133,135,136,FALSE,,,,FALSE
354970-99999,-5.44567704598664,-11.0261753128168,2024-06,-2.21315255992352,9.96422525268465,FALSE,TRUE,706,706,657,666,716,723,FALSE,,,,FALSE
357000-99999,0.800853751352412,1.56040460228387,2023-07,10.6115830520792,0.415912562811611,FALSE,TRUE,-24,-22,-34,-29,-17,-20,FALSE,,,,FALSE
359250-99999,-1.68421806713614,1.17749986762956,2024-01,5.27808236081542,0.631000491715323,FALSE,TRUE,87,84,79,79,95,84,FALSE,,,,FALSE
359690-99999,-10.9019626014592,-1.99857905263769,2022-10,-6.86258300202263,0.713360973285786,FALSE,TRUE,129,131,121,131,134,135,FALSE,,,,FALSE
360900-99999,-45.9707390387473,-1.28926128728102,2023-03,-3.51906118439795,1.03623705435934,FALSE,TRUE,999,1013,983,986,1146,1143,FALSE,,,,TRUE
361260-99999,-43.9789106664627,-0.730039200605306,2023-02,-3.27392754662322,0.630698953386981,FALSE,TRUE,537,539,463,459,641,646,FALSE,,,,TRUE
362080-99999,4.30309943668747,3.21640933912449,2024-01,6.06774238731139,1.49930218495939,FALSE,TRUE,837,838,740,748,924,925,FALSE,,,,FALSE
362780-99999,-21.459114447195,-2.12185562789718,2022-11,-4.03249058985162,1.35861635661492,FALSE,TRUE,1817,1825,1792,1812,1975,1981,FALSE,,,,TRUE
363070-99999,-9.97399933880204,-2.43123117309815,2023-04,-2.90469987084522,2.36739095337871,FALSE,TRUE,1105,1116,1088,1094,1136,1123,FALSE,,,,FALSE
364280-99999,0.454390079281938,-3.86943793462273,2022-11,-8.09821873286433,1.23370905580833,FALSE,TRUE,387,393,382,393,395,403,FALSE,,,,FALSE
364390-99999,-4.52084145668838,-2.59760267279147,2022-11,-3.01041993472026,2.22792215259941,FALSE,TRUE,1040,1039,1008,1010,1085,1079,FALSE,,,,FALSE
364980-99999,-2.43192981551724,-1.61220932860124,2022-10,-7.23854509565029,0.545564082484081,FALSE,TRUE,669,680,655,663,683,683,FALSE,,,,FALSE
368210-99999,-7.18785703915572,0.653407953452243,2023-08,2.92926344427474,0.630915181999548,FALSE,TRUE,389,394,383,392,397,396,FALSE,,,,TRUE
369740-99999,-3.87597702878752,-13.1668944275778,2024-07,-4.8509016467248,5.42863796732212,FALSE,TRUE,2052,2052,2033,2035,2200,2204,FALSE,,,,TRUE
369820-99999,-11.5582885857884,-3.04974284261868,2023-02,-7.49735970772265,1.15053508379464,FALSE,TRUE,4367,4366,3914,3921,4586,4581,TRUE,,,,FALSE
376820-99999,-6.31649442564819,-5.95988372032068,2022-09,-4.97507975561429,2.76654095153588,FALSE,TRUE,1868,1872,1788,1796,1976,1978,FALSE,,,,FALSE
377170-99999,-5.12691533493479,-1.65047030396052,2023-03,-3.85076295951146,1.21228832452005,FALSE,TRUE,1911,1912,1897,1898,2085,2084,FALSE,,,,TRUE
377490-99999,-1.56396283607181,3.18134500441112,2023-10,11.8577252822249,0.75884727378031,FALSE,TRUE,108,114,95,98,131,133,FALSE,,,,TRUE
381410-99999,1.1561455654897,-2.42138171102729,2023-06,-5.17835633380093,1.32256284993948,FALSE,TRUE,126,133,125,129,133,134,FALSE,,,,TRUE
383280-99999,177.293769613032,0.582327772271855,2024-06,1.78163221531775,0.706078254372367,FALSE,FALSE,409,408,403,408,420,414,FALSE,,,,TRUE
383340-99999,7.23712741231229,1.24735260901326,2023-10,2.8132157720181,1.25409717539197,FALSE,TRUE,832,838,789,795,925,922,FALSE,,,,FALSE
383450-99999,15.659503381015,-1.56629384961056,2023-12,-1.68390221440127,2.63088199045859,FALSE,TRUE,1222,1226,1204,1212,1247,1245,FALSE,,,,TRUE
384030-99999,-5.52884060812593,-8.47044597953201,2022-07,-4.89702635379444,3.45942429857202,FALSE,TRUE,97,98,87,94,116,112,FALSE,,,,FALSE
384620-99999,11.675643304488,2.74330273846083,2024-06,1.87813076882172,3.1553773216673,FALSE,TRUE,1110,1125,1110,1125,1289,1295,FALSE,,,,FALSE
387130-99999,-3.04049768618526,-2.03322958052746,2024-05,-4.79595634434213,0.979062828231697,FALSE,TRUE,1023,1024,1000,1000,1044,1045,FALSE,,,,FALSE
387440-99999,816.484541660361,-5.31495926227568,2024-03,-2.1461254655814,6.3943912067564,FALSE,TRUE,4803,4801,4519,4499,5153,5163,TRUE,,,,TRUE
387630-99999,-12.9802273183837,0.933226179689727,2024-04,1.99466924796589,1.1460185477757,FALSE,TRUE,102,96,81,83,108,108,FALSE,,,,FALSE
387990-99999,-7.61558485325432,-1.19876920089604,2024-07,-2.65375221305063,0.903452247727373,FALSE,TRUE,191,189,179,181,201,202,FALSE,,,,FALSE
388460-99999,15.5175963710696,1.13775122648486,2023-02,2.69806962225569,1.19272179029709,FALSE,TRUE,1472,1470,1432,1437,1507,1507,FALSE,,,,TRUE
389540-99999,24.4506816297961,-7.5327987432626,2024-03,-2.91478485509463,6.67274042130312,FALSE,TRUE,2152,2152,2051,2055,2780,2769,FALSE,,,,TRUE
401900-99999,-1.72192810003617,0.351125437458656,2022-11,2.71651166821296,0.333737561942634,FALSE,TRUE,265,280,251,267,303,302,FALSE,,,,FALSE
403730-99999,-3.18714687451949,-0.835401521029989,2023-06,-4.7891808542576,0.4933771335937,FALSE,FALSE,355,362,346,356,361,367,FALSE,,,,FALSE
403750-99999,-5.30128333650455,-1.22856815883273,2024-06,-4.64585165622634,0.571264593080197,FALSE,FALSE,765,771,759,765,770,773,FALSE,,,,FALSE
403940-99999,-17.4581551374403,0.34702292307453,2024-05,2.63690924499746,0.303922144354639,FALSE,FALSE,976,1002,953,997,996,1006,FALSE,,,,TRUE
404390-99999,12.4333142483633,1.02275875918968,2022-09,3.60560449765468,0.655080217831215,FALSE,FALSE,9,16,6,12,15,19,FALSE,,,,FALSE
407010-99999,0.685850326145354,1.10132567849739,2024-03,2.54951215922311,1.11535481958523,FALSE,TRUE,1365,1365,1350,1351,1369,1374,TRUE,,,,FALSE
407030-99999,-108.900361666894,2.90014375194917,2023-09,8.35010224016484,0.982364648688933,FALSE,FALSE,1182,1187,1179,1186,1187,1190,TRUE,,,,TRUE
407120-99999,6.29454450534225,3.09379227968108,2023-04,11.2331552979935,0.778994482854106,FALSE,FALSE,1290,1306,1282,1303,1313,1313,FALSE,,,,FALSE
407160-99999,-0.978017430510983,-6.28189434698648,2023-06,-12.1171428313089,1.46634240539748,FALSE,TRUE,1129,1131,1100,1105,1165,1167,FALSE,,,,FALSE
407230-99999,-8.99274670262655,-1.11876926387405,2023-09,-4.31122717526767,0.733980651826179,FALSE,FALSE,1057,1065,1056,1060,1061,1072,FALSE,,,,FALSE
407260-99999,-35.669038336772,-1.1322678006163,2022-07,-2.46261298163585,0.919566175489063,FALSE,TRUE,1313,1309,1311,1309,1413,1407,FALSE,,,,TRUE
407290-99999,26.5136198678546,5.8961630328363,2022-09,3.51006137522441,3.87930688417244,FALSE,FALSE,1620,1627,1619,1621,1622,1630,FALSE,,,,TRUE
407390-99999,-20.9210888367856,-4.05641083033471,2022-08,-4.48685935414816,1.95300280832356,FALSE,TRUE,1354,1346,1327,1325,1600,1593,FALSE,,,,TRUE
407540-99999,-8.94403980844657,-1.56653560586008,2022-07,-2.23006304200099,1.40492495176679,FALSE,FALSE,1177,1179,1175,1176,1179,1188,TRUE,,,,FALSE
407620-99999,1.74501667478853,0.79023416306444,2024-02,3.7599594614478,0.569145559078168,FALSE,TRUE,1341,1339,1326,1328,1369,1376,TRUE,,,,FALSE
407690-99999,42.94896587997,-4.13847556503496,2023-08,-6.14852943376473,1.90376848144598,FALSE,FALSE,1661,1654,1657,1650,1661,1663,FALSE,,,,TRUE
407804-99999,-44.8654516225546,0.407426419191381,2024-04,1.56817842363121,0.636398779443265,FALSE,TRUE,1322,1328,1293,1305,1369,1366,FALSE,,,,TRUE
407805-99999,-27.7077554161501,-3.17328870560708,2023-03,-6.52091729692099,1.37640387707842,FALSE,TRUE,1148,1152,1137,1140,1180,1180,FALSE,,,,TRUE
407825-99999,4.68104574675923,-4.44596068539251,2023-03,-13.3523779358301,0.941785490086752,FALSE,TRUE,1320,1311,1316,1310,1323,1315,TRUE,,,,FALSE
407910-99999,3.9160541846194,0.832920072580521,2024-04,1.83920457150535,1.10929975161725,FALSE,FALSE,681,692,675,688,689,693,FALSE,,,,FALSE
407920-99999,-0.887504259668777,1.24182391488019,2024-04,3.27260497656734,0.929484298784046,FALSE,TRUE,1274,1276,1262,1262,1286,1285,FALSE,,,,FALSE
407980-99999,-3.90945851469071,-1.86270151697286,2022-09,-5.87336581147149,0.732412219340221,FALSE,FALSE,2036,2044,2032,2042,2038,2049,FALSE,,,,FALSE
408000-99999,-7.62427029556507,-4.76118247866787,2022-11,-6.86454242291709,1.79084337183435,FALSE,FALSE,1538,1542,1536,1539,1540,1542,FALSE,,,,FALSE
408180-99999,23.6180352680312,-2.14007393453543,2023-09,-2.3992349007988,2.52290559935879,FALSE,TRUE,2055,2050,2007,1999,2149,2137,FALSE,,,,TRUE
408210-99999,-12.5879650154553,-0.474827747081186,2022-11,-1.2459423809878,0.983994115524903,FALSE,FALSE,1227,1224,1222,1223,1228,1227,FALSE,,,,FALSE
408270-99999,-22.8502850937165,0.492405721500615,2024-03,1.50596949517008,0.844230982130549,FALSE,TRUE,1173,1176,1169,1173,1191,1187,TRUE,,,,TRUE
408410-99999,11.3667119418884,-0.869671647128783,2024-05,-1.6937100468794,1.18581137427034,FALSE,FALSE,1742,1748,1738,1747,1745,1751,FALSE,,,,FALSE
408480-99999,-15.2997388485223,0.983333474157292,2024-07,1.84861078337101,1.06386209904515,FALSE,FALSE,1491,1487,1487,1486,1492,1493,FALSE,,,,TRUE
408510-99999,3.87798475578444,-0.659755311173122,2024-06,-1.05396586307147,1.35225856482364,FALSE,TRUE,1768,1773,1756,1762,1791,1783,TRUE,,,,FALSE
408560-99999,-10.0531476641457,-0.732930505021282,2023-03,-3.29477536437298,0.629190245675712,FALSE,FALSE,1362,1369,1347,1365,1369,1375,FALSE,,,,FALSE
408780-99999,-20.158899003059,-1.14130576667192,2024-06,-3.66949475684392,0.67189147475986,FALSE,TRUE,1132,1140,1126,1140,1163,1160,TRUE,,,,TRUE
410360-99999,-29.3354791288789,0.704108887772441,2024-03,3.31745999992194,0.548010022994189,FALSE,FALSE,1452,1462,1452,1456,1460,1463,FALSE,,,,TRUE
410550-99999,-23.7164220820398,-0.779037857391529,2023-02,-5.97491635334244,0.368783707878641,FALSE,FALSE,1660,1658,1656,1653,1661,1664,FALSE,,,,TRUE
410610-99999,-3.86045111523399,1.18706493470466,2023-12,9.72917818023585,0.345098691580581,FALSE,FALSE,629,626,625,624,632,631,FALSE,,,,FALSE
410840-99999,-16.7960538849991,-0.519338372843938,2023-05,-2.3754191235991,0.618379605552613,FALSE,FALSE,1119,1172,1116,1165,1147,1177,FALSE,,,,TRUE
411140-99999,-16.4110396611569,-1.12255486325281,2024-07,-2.57842961476756,0.870727559770138,FALSE,FALSE,2045,2054,2042,2050,2049,2058,FALSE,1,16.7659739283967,-5.6090942804093,TRUE
411360-99999,3.61056279611847,-3.32794674911487,2024-02,-8.88640776377359,1.01414684527567,FALSE,FALSE,725,727,719,724,727,732,FALSE,,,,FALSE
412170-99999,-1.01725676987458,-0.697322593942296,2023-03,-2.486581536306,0.627070015414757,FALSE,FALSE,15,18,14,12,18,19,FALSE,,,,FALSE
412400-99999,11.7817376125359,7.54837900843537,2022-07,2.29716909946444,6.57189669684762,FALSE,TRUE,,0,28,0,106,110,FALSE,,,,FALSE
412540-99999,17.6246162281679,-6.64861548550245,2023-09,-5.02061861579221,3.70635733993216,FALSE,TRUE,1927,1922,1836,1844,1982,1981,FALSE,2,23.807167239358,7.96872100776709,TRUE
413040-99999,-0.0571533069833668,0.714793299123239,2024-02,3.36853640758809,0.574632175601304,FALSE,TRUE,286,278,271,272,303,285,FALSE,,,,FALSE
413160-99999,-2.86574984002631,1.83898528629221,2022-11,11.2689558335819,0.421355772614727,FALSE,FALSE,22,23,21,20,23,26,FALSE,,,,FALSE
416200-99999,7.26799496968995,9.97883309903638,2023-11,5.22813643916389,5.39855884387428,FALSE,FALSE,1429,1430,1428,1427,1434,1433,FALSE,,,,FALSE
416600-99999,-22.6105200662526,-1.53632411416971,2024-07,-2.4063374566648,1.27689830860138,FALSE,FALSE,1580,1588,1576,1584,1582,1590,FALSE,,,,TRUE
416850-99999,8.91666888669104,-3.3714719068873,2024-02,-3.88404801262752,2.3506375447004,FALSE,TRUE,1237,1231,1071,1075,1383,1357,FALSE,,,,FALSE
417440-99999,-1.18191119227619,-2.96303695698407,2022-07,-1.36716819209511,4.33456099127552,FALSE,TRUE,1291,1298,1253,1262,1334,1335,TRUE,,,,TRUE
417490-99999,2.92212480625234,-3.45383554487183,2024-01,-12.4832428215303,0.774368253538024,FALSE,FALSE,25,29,22,23,29,32,FALSE,,,,FALSE
417800-99999,-5.3502725345448,-0.748895292625565,2023-07,-3.05020979481381,0.694442645505366,FALSE,FALSE,23,28,20,14,25,30,FALSE,,,,FALSE
420270-99999,-0.637802684736899,0.947471642683575,2023-08,1.39629277090936,1.91926403253434,FALSE,TRUE,1588,1585,1579,1581,1867,1854,FALSE,,,,TRUE
421110-99999,-46.4653831015748,-3.45586013556364,2023-05,-6.26576615792197,1.56000851298909,FALSE,TRUE,655,655,622,624,675,675,FALSE,,,,TRUE
426230-99999,3.79755213159492,-2.62157744432095,2022-08,-7.78491134176909,0.727465515943305,FALSE,FALSE,778,775,766,772,793,780,FALSE,,,,FALSE
427010-99999,-2.96513826977995,1.56688171055602,2023-07,6.10130002278047,0.726371546204622,FALSE,FALSE,633,646,631,646,640,650,FALSE,,,,FALSE
427540-99999,4.40872366917593,-1.27782473121927,2023-05,-5.53601774183278,0.652858119138823,FALSE,FALSE,568,564,566,561,569,566,FALSE,,,,FALSE
427790-99999,-4.84038344360142,-1.32497541626245,2023-10,-7.08629018160344,0.528851671458167,FALSE,TRUE,617,615,590,603,623,626,FALSE,,,,FALSE
431850-99999,7.71702310120472,-2.46399412226173,2023-06,-9.35657696842746,0.744848018045166,FALSE,TRUE,6,8,6,4,13,12,FALSE,,,,FALSE
432130-99999,8.48141716670517,10.8350508875522,2022-09,20.4411634916017,1.22412201226837,TRUE,TRUE,277,280,272,279,301,297,FALSE,,,,FALSE
432260-99999,43.9113480043974,1.46316499289134,2024-06,2.37835566194865,1.32898442813881,FALSE,TRUE,19,20,7,0,56,61,FALSE,,,,TRUE
432790-99999,-1.5791035245284,-1.06148259937467,2023-05,-4.12551576611308,0.727745655750116,FALSE,FALSE,15,10,11,8,17,18,FALSE,,,,FALSE
433290-99999,3.6508280725287,-1.38702187146088,2023-07,-4.87218289869499,0.805201767960513,FALSE,TRUE,11,12,6,-1,21,15,FALSE,,,,FALSE
433710-99999,2.32599653019999,0.538105016212266,2023-05,3.69820983344965,0.411547990070932,FALSE,TRUE,10,11,8,9,45,41,TRUE,,,,FALSE
435550-99999,0.676182975836762,-0.497875436705609,2022-08,-2.654611204772,0.397856111864396,FALSE,FALSE,8,3,7,2,12,5,FALSE,,,,FALSE
435990-99999,0.0213965023248045,-0.401455189015173,2024-06,-1.6550953020361,0.504922958970436,FALSE,FALSE,5,0,4,0,6,5,FALSE,,,,FALSE
442030-99999,-7.03043806725388,-2.55103612925855,2022-08,-4.31040952217796,1.27850216094558,FALSE,TRUE,1566,1583,1558,1571,1604,1610,FALSE,,,,FALSE
442070-99999,2.58178254221793,-3.3593058249569,2024-05,-1.28122919042844,6.05511062913131,FALSE,TRUE,1666,1664,1647,1642,1720,1714,FALSE,,,,FALSE
442140-99999,6.97843316820274,2.88861571463569,2023-07,4.17936030242028,1.95490181488116,FALSE,TRUE,1977,1974,1819,1820,2164,2172,TRUE,,,,FALSE
442160-99999,-8.51205696501737,-1.89754553342143,2023-04,-2.1330914490853,2.51609899775822,FALSE,TRUE,1036,1047,1024,1038,1072,1065,FALSE,,,,FALSE
442180-99999,6.09651082100397,-1.46373683522132,2023-03,-2.39218711889764,1.73066435126443,FALSE,TRUE,1487,1487,1453,1451,1540,1540,TRUE,,,,FALSE
442240-99999,-3.68450614163043,1.86943923272113,2023-02,3.5730371470128,1.4798538096123,FALSE,TRUE,2082,2081,1957,1950,2184,2169,TRUE,,,,FALSE
442290-99999,13.3772922480116,-2.88499420611111,2022-10,-4.64334661770545,1.52191173687356,FALSE,TRUE,2058,2068,2058,2060,2100,2097,TRUE,,,,FALSE
442300-99999,-20.1628958912604,-1.67443221704224,2022-07,-4.37173305994442,0.76602674229315,FALSE,TRUE,1144,1167,1109,1133,1238,1254,FALSE,,,,TRUE
442390-99999,6.31106430210811,-1.39243792629003,2022-10,-5.18268543248664,0.65810716516384,FALSE,TRUE,1173,1174,1151,1166,1249,1238,FALSE,,,,FALSE
442420-99999,-11.3136690279383,-4.21364034675316,2022-12,-4.75710583208287,2.39864161170435,FALSE,TRUE,1002,1013,789,793,1059,1058,TRUE,,,,FALSE
442560-99999,-0.138327350510027,-0.665871524275329,2024-01,-3.53701841357917,0.532473643231791,FALSE,TRUE,694,704,689,702,718,712,FALSE,,,,TRUE
442650-99999,-2.27403430517768,-2.39504974359513,2022-09,-5.31438955234054,1.0407837818951,FALSE,TRUE,1266,1265,1195,1204,1387,1386,FALSE,,,,FALSE
442660-99999,126.728324817331,-1.70802308811698,2022-11,-7.25696771172583,0.607705149771766,FALSE,TRUE,2240,2242,2211,2207,2340,2326,TRUE,,,,TRUE
442720-99999,15.9862447091435,-1.8348646505052,2022-12,-5.05857145700866,0.982260902094548,FALSE,TRUE,1790,1781,1746,1749,1858,1858,FALSE,,,,TRUE
442770-99999,-6.3175089955912,-5.24715679649525,2022-07,-13.3361945387824,0.786904657282288,FALSE,TRUE,2182,2163,2133,2127,2194,2183,FALSE,,,,FALSE
442840-99999,-3.32833825036296,-2.13009832128077,2023-01,-4.90315873977913,1.22876459646466,FALSE,TRUE,2106,2109,2093,2093,2150,2147,FALSE,,,,FALSE
442860-99999,6.70321489538151,-2.60122558571002,2024-07,-2.24695565361642,2.31533326572192,FALSE,TRUE,1540,1544,1504,1505,1638,1632,TRUE,,,,FALSE
442920-99999,-30.3428039554517,-2.04307264669819,2023-03,-7.52037994178942,0.768402944595531,FALSE,FALSE,1288,1294,1275,1292,1306,1295,TRUE,1,1.48837581349274,-2.18879035530179,TRUE
442940-99999,-5.11901586744896,-1.42470578191821,2023-03,-3.74972725440644,1.07465855646561,FALSE,TRUE,1423,1426,1411,1419,1444,1442,FALSE,,,,FALSE
442980-99999,2.02620091287164,-0.927580927342228,2023-02,-5.68524927653673,0.461474058159538,FALSE,TRUE,1291,1286,1281,1281,1311,1313,FALSE,,,,FALSE
443040-99999,0.866894586080557,-1.07900371039467,2022-10,-5.04247722723482,0.524148826446184,FALSE,TRUE,1024,1027,1023,1025,1039,1037,FALSE,,,,FALSE
443170-99999,-1.31530745334861,-2.55446983413456,2024-07,-3.3267382715295,1.53572035167054,FALSE,TRUE,1076,1075,1061,1058,1120,1114,FALSE,,,,FALSE
443250-99999,-1229.89946882695,-5.65151000247274,2022-07,-2.55730272003052,4.41989910557426,FALSE,TRUE,2421,2427,2402,2406,2466,2464,FALSE,,,,TRUE
443290-99999,113.47763667229,-2.13027369621526,2022-09,-4.32707991205563,1.13694603931932,FALSE,TRUE,1946,1919,1845,1858,1962,1957,TRUE,,,,TRUE
443380-99999,-124.027583591998,9.78713406352366,2023-06,12.7163212454406,2.17690281052967,FALSE,TRUE,1528,1535,1514,1526,1558,1558,TRUE,,,,TRUE
443470-99999,-3.99649634642913,-1.63469952639716,2023-04,-8.6050666448207,0.537314662641733,FALSE,TRUE,1278,1287,1242,1268,1312,1311,FALSE,,,,FALSE
443730-99999,1.7251048500088,-1.23843108018061,2023-03,-4.68291886605162,0.747997597119366,FALSE,TRUE,1453,1457,1434,1445,1487,1472,FALSE,,,,FALSE
444540-99999,-0.00063019436957332,-1.81372588815178,2024-07,-5.16691747192287,0.687271634601496,FALSE,FALSE,1335,1335,1322,1332,1339,1341,FALSE,,,,FALSE
470030-99999,-0.923293320043519,2.59735958657802,2023-12,6.20564607365462,1.18383198464787,FALSE,TRUE,,0,11,0,146,162,FALSE,,,,FALSE
470050-99999,9.88768064379672,-0.598110579633254,2022-12,-2.8129828624128,0.575791316765178,FALSE,TRUE,1421,1413,1386,1382,1626,1620,FALSE,,,,FALSE
470280-99999,-8.30351238071002,-15.2514898036415,2024-01,-42.3214705570117,1.01928706365008,TRUE,TRUE,71,67,29,29,247,238,FALSE,1,32.2784173364129,-0.404432289450525,TRUE
470310-99999,15.4946354146211,1.17974615640814,2023-11,2.2416518134906,1.48855679058554,FALSE,TRUE,1078,1082,1050,1074,1190,1187,FALSE,,,,TRUE
470460-99999,1.50796929351284,4.21937342096741,2024-05,3.57465969002227,2.72591697297139,FALSE,TRUE,10,3,4,0,62,61,FALSE,,,,FALSE
471060-99999,3.72878247672208,0.662820759455391,2023-10,3.08233678683085,0.608220432919025,FALSE,TRUE,3,6,1,0,31,37,FALSE,,,,FALSE
471150-99999,1.93670836411681,-3.53429019509908,2023-12,-6.29071350136944,1.58908560251021,FALSE,TRUE,127,135,3,0,437,452,FALSE,,,,FALSE
471850-43263,2.41400502545525,1.74792093663262,2023-01,10.127968542786,0.488140041924292,FALSE,FALSE,65,69,42,29,70,69,FALSE,,,,FALSE
474260-99999,2.08054456542857,0.508269650358848,2023-08,2.16727483609392,0.663323193633911,FALSE,TRUE,17,21,7,0,99,114,FALSE,,,,FALSE
475200-99999,-0.138448781436963,0.595849928544997,2023-04,3.79673186846501,0.434540494881892,FALSE,TRUE,126,130,94,96,196,199,FALSE,,,,FALSE
475740-99999,0.331276416132506,-1.04856947986153,2024-07,-2.946489277401,0.71174158881477,FALSE,TRUE,38,41,6,0,109,114,FALSE,,,,TRUE
476220-99999,-3.87339871265387,-0.789796634857639,2022-07,-2.11149136265824,0.716245134789906,FALSE,TRUE,1065,1059,978,986,1147,1141,FALSE,,,,FALSE
476770-99999,2.98154947061381,-0.916618570300593,2022-07,-1.54143011380269,1.13867694528639,FALSE,TRUE,109,115,15,0,260,263,FALSE,,,,FALSE
478180-99999,-2.73744582066834,-1.42802534309042,2022-08,-3.44092165207115,0.863917317413485,FALSE,TRUE,724,721,599,603,852,888,FALSE,,,,FALSE
479090-99999,-284.419201704275,-0.430930377558784,2024-03,-2.63651789294708,0.400361227400596,FALSE,FALSE,291,291,287,289,293,294,FALSE,,,,TRUE
479270-99999,-5.35337659993985,-0.804343485511515,2022-07,-5.31900268758777,0.302441466099839,FALSE,FALSE,55,48,35,44,56,48,FALSE,,,,FALSE
479450-99999,-29.4904700191418,-0.935220268925081,2023-01,-6.38351966573545,0.41437992122726,FALSE,FALSE,47,48,36,44,53,49,FALSE,,,,TRUE
479710-42402,2.0162630639349,-0.647488601402243,2023-11,-4.43235155017018,0.413183454074116,FALSE,TRUE,,0,16,0,61,65,FALSE,,,,FALSE
479910-99999,3.5618196833552,-1.47801299772333,2022-12,-9.35686912954512,0.427758266496106,FALSE,FALSE,8,7,7,7,15,9,FALSE,,,,TRUE
483020-99999,-12.585982644978,-11.5936305923272,2023-08,-7.96123686288759,4.11892521305185,FALSE,TRUE,1573,1585,1382,1384,1595,1610,FALSE,,,,FALSE
484350-99999,0.600671529818287,0.77030636667484,2022-11,4.23309957667196,0.469850153624266,FALSE,TRUE,532,532,385,382,548,552,FALSE,,,,FALSE
485000-99999,8.00965869969704,-1.28860174804936,2022-07,-5.1505835826797,0.500371162748488,FALSE,FALSE,7,7,6,2,12,8,FALSE,,,,FALSE
485660-99999,6.32948438524478,-4.08174930726041,2024-05,-13.1103456375081,0.719004403535859,FALSE,TRUE,9,0,5,0,137,141,FALSE,,,,FALSE
486150-99999,1.7132931176061,0.946038752437615,2024-07,3.69074598368768,0.512654491324468,FALSE,FALSE,8,9,6,4,17,9,FALSE,,,,TRUE
486980-99999,7.34603589335282,0.301768525905774,2024-07,1.83890203318485,0.32820511420408,FALSE,FALSE,8,1,7,1,14,9,FALSE,,,,FALSE
488030-99999,4.26051743431643,-2.00014856095742,2023-05,-5.63785068480824,1.00344524174401,FALSE,TRUE,89,94,39,75,158,149,FALSE,,,,TRUE
488230-99999,-4.4025244844894,-0.749391645396046,2022-07,-1.85899149278112,0.806234615172907,FALSE,TRUE,9,0,4,-4,15,4,FALSE,,,,FALSE
488400-99999,2.11086067078137,-2.1187103968466,2023-12,-5.00626477109287,1.19702377519568,FALSE,TRUE,10,7,6,4,13,8,FALSE,,,,FALSE
489070-99999,4.45193543640827,-1.12470118589108,2023-02,-1.09889100449727,2.89485975259564,FALSE,TRUE,,0,2,0,10,9,FALSE,,,,FALSE
489140-99999,4.26481326132775,2.47087161281613,2022-08,1.63911666632708,3.25644467549304,FALSE,TRUE,16,7,5,-1,21,7,FALSE,,,,FALSE
489200-99999,3.68826866753119,-2.2284233599442,2022-07,-5.35246852818555,0.832671261198287,FALSE,TRUE,,0,8,0,8,4,FALSE,,,,FALSE
489350-99999,39.1428052702303,5.98585726532185,2024-02,3.7898797579068,4.27712200338184,FALSE,TRUE,1045,1057,1041,1057,1093,1094,FALSE,,,,TRUE
509490-99999,1.79366375159968,0.942174455747135,2023-10,6.31621863017236,0.421909364275039,FALSE,TRUE,136,136,124,131,143,140,FALSE,,,,FALSE
509680-99999,-3.96355450120926,-0.234249679620247,2023-04,-0.79845297550075,0.829802340439006,FALSE,TRUE,190,188,184,181,214,200,FALSE,,,,FALSE
511560-99999,-2.67692822458671,-1.34498346877464,2022-11,-5.14532060050592,0.674930223651666,FALSE,TRUE,1334,1338,1301,1302,1373,1377,FALSE,,,,TRUE
513340-99999,8.90562159126335,-2.40618425593816,2022-07,-2.60533720723125,1.84711925140414,FALSE,TRUE,328,332,312,319,344,348,FALSE,,,,FALSE
514950-99999,-6.93590706287025,-2.59324229849326,2022-12,-7.76428379528886,0.90446633932799,FALSE,TRUE,711,709,684,690,762,745,FALSE,,,,TRUE
515420-99999,-7.33183080028447,-2.82879566544084,2022-07,-2.14010249989944,2.64360764549713,FALSE,TRUE,2458,2458,2443,2450,2542,2540,FALSE,,,,FALSE
516440-99999,-17.1925307250616,0.846395257582811,2024-04,2.70005465782638,0.76784982695811,FALSE,TRUE,1056,1065,1051,1056,1081,1075,TRUE,,,,TRUE
516560-99999,-1.06204747967339,-2.79055880471514,2024-06,-4.79423837738235,1.25740431141516,FALSE,TRUE,892,901,885,897,902,906,FALSE,,,,FALSE
517090-99999,2.96617348872906,-1.77772407428905,2023-10,-5.24114845597291,0.959362825585161,FALSE,FALSE,1369,1375,1369,1374,1374,1379,FALSE,,,,FALSE
517160-99999,-0.38976219342785,-3.15008900784405,2022-10,-7.90024475636423,0.976692615422091,FALSE,TRUE,1114,1119,1107,1113,1129,1122,FALSE,,,,FALSE
517300-99999,-3.43892236922647,-1.72204131155935,2023-09,-6.81558424409449,0.714636952770155,FALSE,TRUE,1018,1019,1015,1017,1023,1021,FALSE,,,,FALSE
517470-99999,2.65306700974504,-1.20095243540989,2023-05,-3.41249392749969,0.99540292701184,FALSE,TRUE,1112,1113,1102,1101,1144,1144,FALSE,,,,FALSE
518110-99999,-1.7886186688626,-1.56429856121795,2022-12,-3.89434386107344,1.08776745976651,FALSE,TRUE,1220,1220,1210,1214,1238,1231,FALSE,,,,FALSE
518280-99999,-3.3740138376023,-1.56219240127591,2023-06,-5.58975612711496,0.79047229635074,FALSE,TRUE,1359,1352,1341,1344,1375,1368,FALSE,,,,FALSE
518860-99999,-2.73675809826362,1.13520972087667,2024-03,2.09539064573112,1.39883171740642,FALSE,TRUE,2942,2947,2918,2921,2960,2965,FALSE,,,,FALSE
524360-99999,0.0505301033933583,-1.26773861585657,2023-04,-5.51574925092179,0.650085079117341,FALSE,TRUE,1529,1528,1516,1517,1537,1535,FALSE,,,,FALSE
524950-99999,-7.92930902359486,-1.32968544809575,2023-06,-3.14196937183817,1.19699396896859,FALSE,TRUE,1327,1336,1313,1326,1343,1356,FALSE,,,,FALSE
525330-99999,-2.10917861162705,-2.11781285503753,2022-09,-10.0552130111718,0.486402354914078,FALSE,TRUE,1483,1478,1466,1463,1486,1481,FALSE,,,,TRUE
526020-99999,0.35423650685209,-2.19162681977678,2023-03,-4.73439443993166,1.30932410111299,FALSE,TRUE,2755,2758,2751,2751,2770,2760,FALSE,,,,FALSE
526520-99999,-1.87672135221975,-1.37271259321037,2022-07,-3.59176852416379,0.764365845947689,FALSE,TRUE,1467,1461,1442,1454,1478,1468,FALSE,,,,FALSE
526810-99999,-3.39910145053037,-1.89967336256273,2022-09,-5.41725511616952,0.809839598636789,FALSE,TRUE,1371,1367,1362,1366,1379,1371,FALSE,,,,FALSE
527130-99999,0.541016197445639,-1.72651027831745,2023-03,-6.17129861169388,0.791293503946296,FALSE,TRUE,3195,3195,3173,3173,3227,3228,FALSE,,,,FALSE
527370-99999,0.805565797422482,-1.5936895068461,2022-09,-5.41694501975088,0.679436148919669,FALSE,TRUE,2986,2987,2963,2974,3000,2996,FALSE,,,,TRUE
527870-99999,0.722977265854253,-0.995871530304736,2022-11,-3.84300945796243,0.669092611580044,FALSE,TRUE,3023,3032,2941,2952,3289,3292,FALSE,,,,FALSE
528360-99999,-1.6061826395487,-3.83931283739686,2023-02,-8.07303543770452,1.34512187559122,FALSE,TRUE,3187,3186,3177,3176,3199,3201,FALSE,,,,FALSE
529080-99999,-9.69915849952226,-1.60922809928447,2023-11,-3.04642428223137,1.49407435873841,FALSE,TRUE,4620,4617,4607,4611,4671,4670,FALSE,,,,FALSE
529550-99999,-21.179193489785,-0.364047214236497,2023-10,-1.17975498070874,0.8727922596404,FALSE,TRUE,3106,3104,3057,3064,3224,3223,FALSE,,,,TRUE
529960-99999,-3.67925779809244,-1.19984019484734,2022-09,-3.5054037500629,0.790468783480036,FALSE,TRUE,2350,2346,2149,2149,2447,2441,FALSE,,,,FALSE
530830-99999,-0.549512071055525,-1.89874786238362,2023-05,-8.24439653750574,0.651408496981934,FALSE,TRUE,1181,1183,1171,1170,1211,1211,FALSE,,,,FALSE
531490-99999,1.91564283369881,-1.13642890550169,2023-07,-5.06148484365718,0.635052053093594,FALSE,TRUE,1233,1225,1203,1202,1268,1267,FALSE,,,,FALSE
531920-99999,-0.663319438007406,-1.82624636281301,2023-04,-12.9462995461871,0.39898696385182,FALSE,TRUE,1130,1136,1112,1116,1253,1252,FALSE,,,,FALSE
532310-99999,0.299744447404078,-1.80997566122533,2022-09,-4.77225685295528,0.875887419670625,FALSE,TRUE,1451,1446,1429,1429,1480,1468,TRUE,,,,FALSE
533360-99999,0.388383515579659,-1.67440762782667,2023-07,-10.7292591315878,0.441404191505069,FALSE,TRUE,1275,1284,1257,1260,1310,1304,FALSE,,,,FALSE
533520-99999,-3.0663907883167,-1.14443563328091,2023-03,-6.51154011674307,0.497110165899871,FALSE,TRUE,1372,1374,1346,1353,1423,1422,FALSE,,,,FALSE
534800-99999,-0.161578316776353,-1.91865166082605,2023-08,-6.3935063701323,0.848793461092216,FALSE,TRUE,1406,1416,1388,1397,1451,1459,FALSE,,,,FALSE
535430-99999,0.960948323203625,-2.91783632490508,2022-07,-7.51068516482093,0.776982728172882,FALSE,TRUE,1432,1436,1413,1415,1462,1468,FALSE,,,,FALSE
535640-99999,-1.99772344773475,-0.601293450500535,2023-11,-4.49865402885465,0.378049677619006,FALSE,TRUE,1026,1035,939,936,1053,1062,FALSE,,,,FALSE
535880-99999,-7.55037871961859,-1.2506844379434,2023-02,-2.74583937629437,1.28830179191,FALSE,TRUE,1920,1915,1789,1784,2195,2196,FALSE,,,,FALSE
536460-99999,2.45764012350304,-1.57130568999992,2023-06,-8.47846301423682,0.524189776779234,FALSE,TRUE,1155,1161,1086,1089,1156,1166,FALSE,,,,FALSE
537230-99999,-6.13026953557751,-0.666850712014859,2023-03,-3.73999507485758,0.504315809049819,FALSE,TRUE,1350,1357,1344,1353,1360,1368,FALSE,,,,FALSE
537870-99999,-1.75011015028668,-0.686759044269811,2023-03,-2.52942960351819,0.767939106222108,FALSE,TRUE,1014,1015,1002,1000,1045,1059,FALSE,,,,FALSE
539230-99999,-23.4004677892673,-55.9755576076913,2024-01,-233.948891549905,0.676740908715161,TRUE,TRUE,1422,1414,1416,1400,1443,1427,FALSE,,,,TRUE
539590-99999,-0.481650806667733,-1.36959069640123,2023-01,-4.71395230731844,0.821770612631612,FALSE,TRUE,373,370,361,367,386,386,FALSE,,,,FALSE
541020-99999,-2.14083991018808,0.471664218693812,2024-07,1.88660185256444,0.500014582358947,FALSE,TRUE,1001,1000,978,988,1016,1015,FALSE,,,,FALSE
542080-99999,-2.80548447850414,0.312482074043463,2023-05,1.14092740193681,0.774661711797884,FALSE,TRUE,1250,1247,1240,1241,1258,1261,FALSE,,,,FALSE
547530-99999,-0.236824440279908,-0.556315950457465,2023-11,-2.74897621494295,0.572394593903575,FALSE,TRUE,10,2,6,-1,14,8,FALSE,,,,FALSE
548260-99999,-13.667707285665,-2.0841012449857,2024-07,-1.51482943473737,2.75159855914343,FALSE,TRUE,1138,1094,773,768,1462,1465,TRUE,,,,FALSE
552280-99999,-0.0438781684871648,-5.07693728257919,2023-07,-4.65326820973109,3.08594872968048,FALSE,TRUE,4303,4312,4263,4273,4375,4375,FALSE,,,,FALSE
552990-99999,-8.63899257660102,2.15235590008473,2023-06,3.51434432463521,1.73226674666804,FALSE,TRUE,4519,4522,4500,4503,4567,4573,FALSE,,,,FALSE
555910-99999,80.1133770279785,2.15341412784129,2023-12,1.53964518269866,3.95596011239562,FALSE,FALSE,3576,3570,3572,3567,3578,3572,FALSE,,,,TRUE
557730-99999,10.413370597151,1.88758848528972,2024-02,2.81066464745463,1.81864947383291,FALSE,TRUE,4373,4379,4256,4266,4642,4641,FALSE,,,,FALSE
560040-99999,-10.375183581017,-3.51170721730515,2023-10,-5.38080300542019,1.84593413614799,FALSE,TRUE,4541,4535,4526,4534,4574,4554,FALSE,,,,FALSE
560180-99999,1.50357783528576,7.8898972400862,2022-07,3.71511137829062,4.24746202021887,FALSE,TRUE,4167,4172,4053,4059,4564,4548,FALSE,,,,FALSE
560330-99999,-9.44201690867597,-1.3533062381772,2022-09,-2.69175430443014,1.16107435158057,FALSE,TRUE,4280,4271,4262,4255,4358,4363,FALSE,,,,FALSE
560460-99999,-8.31716994823058,-2.35045247708178,2022-07,-3.23504845356514,1.45311732471363,FALSE,TRUE,3995,3981,3962,3956,4156,4173,FALSE,,,,FALSE
560650-99999,7.59349121180429,2.28864552569327,2024-07,4.04860519031549,1.13058469181824,FALSE,TRUE,3525,3518,3501,3512,3554,3554,FALSE,,,,FALSE
560790-99999,70.3043526801207,2.90963716037696,2024-07,3.57891285178783,1.62598938888577,FALSE,TRUE,3464,3457,3436,3440,3530,3524,FALSE,,,,TRUE
561370-99999,1.97176759316268,-5.97643253199231,2023-04,-5.26260083380426,3.21208170950769,FALSE,TRUE,3367,3367,3213,3229,3614,3606,FALSE,,,,FALSE
561440-99999,31.8805376202868,-10.0093928308046,2022-07,-2.05940128751239,9.72068230849291,FALSE,TRUE,3370,3331,3144,3143,3851,3840,FALSE,,,,TRUE
561670-99999,51.8496798963371,-12.4597380580028,2022-07,-2.99607949246114,8.31736146477719,FALSE,TRUE,2956,2959,2946,2955,3228,3232,FALSE,,,,TRUE
563120-99999,-1.6825734536533,-2.0499617744626,2022-12,-1.53685073796119,3.6121417589894,FALSE,TRUE,2962,2956,2923,2953,3015,3025,FALSE,,,,FALSE
563740-99999,0.748641059855788,-4.81079188620018,2022-09,-2.77596311660793,4.0022318364329,FALSE,TRUE,2823,2812,2526,2508,3239,3236,FALSE,,,,FALSE
563850-99999,18.261706815926,0.962961574431316,2024-02,1.4073299100813,1.85295022316807,FALSE,TRUE,3009,3018,1749,1721,3009,3024,TRUE,,,,TRUE
564440-99999,-2.53643588423408,-4.62613534329336,2022-07,-1.83782069799354,5.03437070694,FALSE,TRUE,3411,3414,2832,2836,3718,3722,FALSE,,,,FALSE
564620-99999,-67.846590771297,-4.02920049248405,2022-07,-1.5313318558701,5.26234790589486,FALSE,TRUE,3162,3136,2856,2854,3681,3655,FALSE,,,,TRUE
566710-99999,21.598115739525,-2.63691294756037,2022-07,-4.17979804203423,1.26174179759031,FALSE,TRUE,1786,1783,1771,1774,1831,1836,FALSE,,,,TRUE
566840-99999,-6.3816524293581,1.11575233101694,2023-05,3.31624590602553,0.951625496713937,FALSE,TRUE,2159,2170,2097,2114,2252,2257,FALSE,,,,FALSE
566910-99999,0.145858007753993,1.62213928328868,2024-06,5.24400918252727,0.668233261091066,FALSE,TRUE,2217,2200,2181,2173,2293,2271,FALSE,,,,FALSE
567480-99999,15.8846902731867,-1.7810838148012,2022-07,-2.76860776693667,1.2866277672636,FALSE,TRUE,1657,1648,1639,1645,1678,1661,FALSE,,,,TRUE
569460-99999,37.1871973290317,-1.87679789539284,2023-11,-4.7973571407519,1.10652301241089,FALSE,TRUE,1089,1097,1067,1078,1137,1144,FALSE,,,,TRUE
569510-99999,128.568742270856,1.1435405738786,2024-05,2.12644094851458,1.24193142277338,FALSE,TRUE,2701,2712,2376,2374,2880,2863,TRUE,,,,TRUE
569850-99999,2.53673338254773,0.908261393221551,2023-04,3.4047287645724,0.754524468344906,FALSE,TRUE,1285,1291,1274,1283,1332,1335,FALSE,,,,FALSE
570140-99999,-3.39820381087108,-1.03711063096239,2024-01,-2.70077853115362,1.08612824270478,FALSE,FALSE,1085,1093,1079,1089,1096,1094,FALSE,,,,FALSE
570460-99999,-0.861210102036628,-2.5696106404833,2022-08,-3.54758417111996,1.56472493708159,FALSE,TRUE,1688,1725,997,1011,1923,1965,TRUE,,,,FALSE
576620-99999,112.718560897203,0.939882743073666,2023-07,2.87613535103137,0.924292329857537,FALSE,TRUE,43,39,25,29,59,40,FALSE,,,,TRUE
577070-99999,-4.24713964935167,1.44162385230523,2024-04,4.76349361140714,0.741313650703121,FALSE,TRUE,1739,1742,1626,1629,1872,1881,TRUE,,,,FALSE
577450-99999,-4.53527379543869,2.19372352131095,2022-11,7.11680629316817,0.79588646126066,FALSE,TRUE,263,261,239,247,284,279,FALSE,,,,FALSE
577760-99999,-10.765151858819,2.09861340229708,2024-05,1.85277089148333,2.61583343803754,FALSE,TRUE,896,901,644,647,1216,1217,TRUE,,,,FALSE
583620-99999,-0.312630205459298,-0.38446819027162,2022-09,-1.91239821203963,0.464281574309627,FALSE,TRUE,9,5,4,1,21,10,FALSE,,,,FALSE
584370-99999,-7.67201090136735,-4.6645386239408,2022-07,-3.60949264113321,2.58459517040398,FALSE,TRUE,1400,1371,998,1000,1719,1719,TRUE,,,,TRUE
585060-99999,-12.1793766144605,-2.07407396788805,2022-07,-2.27424257465822,1.82396899169804,FALSE,TRUE,859,875,396,407,1293,1292,FALSE,,,,FALSE
585690-99999,2.22339439835827,-0.867544934099903,2024-07,-3.71391313288374,0.467186443548441,FALSE,TRUE,,0,3,0,101,94,TRUE,,,,FALSE
589310-99999,-0.350831992945074,3.54641247992964,2024-06,4.04586165681375,1.89357106442452,FALSE,TRUE,1324,1342,880,901,1577,1602,TRUE,,,,FALSE
590070-99999,-3.79871160230047,-1.20467374797884,2023-09,-3.65842466323166,0.931365879827399,FALSE,TRUE,1245,1242,1215,1217,1300,1291,FALSE,,,,FALSE
591170-99999,-1.31592715324875,0.850303736502852,2023-04,3.71111960514148,0.648058378195551,FALSE,TRUE,69,85,68,82,144,153,FALSE,,,,FALSE
594930-99999,59.0156577610997,1.27439944786479,2023-06,2.99549132370271,1.20332378784752,FALSE,FALSE,10,-3,9,-8,10,5,FALSE,2,26.0338940058798,1.19482743086801,TRUE
595670-99999,-3.39059097163391,-2.03760610871363,2023-09,-3.55121195032643,1.62288831757969,FALSE,TRUE,76,83,19,0,352,343,FALSE,,,,FALSE
598550-99999,-1.59689591989979,-1.13425579749774,2022-10,-6.07128482851694,0.457621083532949,FALSE,TRUE,26,11,10,7,36,27,FALSE,,,,FALSE
600300-99999,26.6726509241226,2.27370534636524,2024-05,10.7717400929082,0.487469761601885,FALSE,FALSE,11,22,5,19,15,24,FALSE,,,,TRUE
600400-99999,5.71380211203122,1.24587939214666,2024-03,8.2396356849214,0.390411285294834,FALSE,FALSE,10,5,9,2,12,11,FALSE,,,,FALSE
601950-99999,-5.53468381791974,-0.84581695015262,2023-06,-3.10092567904931,0.771489500875497,FALSE,TRUE,1462,1464,1446,1445,1491,1490,TRUE,,,,FALSE
602100-99999,-7.91713522072062,0.912311878435326,2024-01,2.96671056720874,0.86978746484947,FALSE,FALSE,1024,1034,1023,1032,1027,1037,FALSE,,,,FALSE
602650-99999,-17.0196425527103,-4.93100548914648,2024-07,-7.19393619968269,1.37087829312803,FALSE,FALSE,1134,1140,1130,1135,1137,1144,FALSE,,,,TRUE
603180-99999,0.301614227261296,1.55192733474347,2022-08,2.57529737832422,1.30180935269804,FALSE,FALSE,9,-3,7,-3,10,2,FALSE,,,,FALSE
603400-99999,-0.929190904226499,-1.56785707374532,2022-10,-4.74085302282088,0.810075697728359,FALSE,TRUE,172,177,163,172,175,182,FALSE,1,33.4875448214562,3.25240228992071,TRUE
604370-99999,20.1575249472025,1.51694381508653,2024-06,3.46433113370859,0.945917998809128,FALSE,TRUE,1065,1052,896,887,1087,1081,FALSE,,,,TRUE
604450-99999,-38.4535810713583,0.849307042187637,2024-06,1.90735033343428,0.961917101657868,FALSE,FALSE,1003,1011,997,1008,1006,1014,TRUE,,,,TRUE
605350-99999,45.4551686339546,1.25744849815218,2023-03,4.76005706937296,0.747176218333341,FALSE,TRUE,1138,1132,1127,1119,1175,1169,FALSE,,,,TRUE
605490-99999,-66.6338795260904,-2.35665915203835,2023-10,-3.78230083900267,1.76232376882116,FALSE,FALSE,1109,1111,1104,1108,1116,1114,TRUE,1,30.3921425357568,2.33985311174418,TRUE
605500-99999,21.6531427056248,2.44942532068843,2023-02,3.37789058421664,2.05099035754646,FALSE,TRUE,1373,1364,1352,1348,1386,1379,FALSE,,,,TRUE
606700-99999,3.75436080682924,1.53180356440117,2023-01,6.91143658245556,0.626873255602648,FALSE,FALSE,971,967,958,960,977,967,FALSE,,,,FALSE
607380-99999,-5.43891283827545,1.5194600369929,2024-06,5.3544606213358,0.613023246581001,FALSE,TRUE,1097,1087,1049,1047,1111,1110,FALSE,,,,FALSE
607650-99999,-120.394684246581,1.19595998505151,2024-01,3.8151212625647,0.886652200291202,FALSE,FALSE,112,120,109,116,113,123,FALSE,,,,TRUE
610170-99999,-0.82044148192683,-3.67793416679372,2023-09,-7.33788364573556,1.294158594326,FALSE,TRUE,343,359,339,350,364,370,FALSE,,,,FALSE
610240-99999,-7.85300289686735,-0.34325605252126,2023-12,-1.97497381689806,0.491588658734379,FALSE,TRUE,483,497,471,491,492,504,FALSE,,,,FALSE
610900-99999,-12.7636864877051,-0.839853896572551,2022-10,-3.60370720890072,0.570860335159827,FALSE,FALSE,456,457,453,456,457,461,FALSE,,,,FALSE
610960-99999,-3.84780419190955,-0.847580749811436,2023-04,-4.20222164056126,0.570488800504865,FALSE,TRUE,323,335,300,316,338,344,FALSE,,,,FALSE
612330-99999,-4.73710791612559,2.66325674743004,2022-12,8.72082191928286,0.827001563911715,FALSE,TRUE,265,266,251,260,269,270,FALSE,,,,FALSE
612700-99999,-5.11660558665717,-0.703265527450858,2023-07,-3.51933780539753,0.565201581584538,FALSE,TRUE,353,368,324,340,370,386,FALSE,,,,FALSE
616120-99999,-1.98983484905623,0.71765769403682,2024-03,3.56815055481574,0.519312223439472,FALSE,TRUE,9,9,7,5,19,13,FALSE,,,,FALSE
616270-99999,14.6628879354925,1.19463481550525,2023-12,7.51589804932095,0.449572026412265,FALSE,TRUE,9,10,7,7,16,20,FALSE,,,,FALSE
616790-99999,-5.7897495002359,1.97273229969747,2023-08,7.2825409659787,0.766178943914446,FALSE,FALSE,15,9,13,4,17,10,FALSE,,,,FALSE
616990-99999,-13.5407287653088,-0.456978205266569,2023-07,-2.61857802753996,0.493599784921464,FALSE,FALSE,160,169,158,163,163,169,FALSE,,,,FALSE
618320-99999,0.67724519154857,-0.535263905247606,2023-11,-3.68475880401206,0.379730250980411,FALSE,FALSE,34,17,23,11,39,37,FALSE,,,,FALSE
619010-99999,-1.83725019629951,0.550103050460974,2023-08,3.24393639512672,0.479641460192274,FALSE,TRUE,265,264,79,69,440,449,FALSE,,,,FALSE
619950-99999,-5.81164055933061,3.78906624258581,2024-01,13.2779917537903,0.807132429113808,FALSE,TRUE,336,359,310,316,412,420,FALSE,,,,FALSE
619980-99999,4.52203051231317,-1.5144579951289,2023-01,-6.1204772464669,0.699869291268751,FALSE,TRUE,12,24,11,10,25,32,FALSE,,,,FALSE
620120-99999,-1.92346008226187,0.596172608213646,2022-11,2.84195345315836,0.541638376826207,FALSE,FALSE,153,150,143,148,154,152,TRUE,,,,FALSE
620160-99999,-3.40414841259378,2.6340674596327,2024-02,10.6392671396903,0.670449224289988,FALSE,FALSE,28,26,20,26,30,30,FALSE,,,,TRUE
620530-99999,-5.30376214749724,0.596293272177725,2022-11,2.39329610224895,0.643306361863516,FALSE,FALSE,113,120,112,118,116,123,FALSE,,,,FALSE
622000-99999,9.35199388422798,-7.62208072115348,2023-10,-13.4315469949439,1.31052971271278,FALSE,TRUE,469,465,458,464,478,470,FALSE,,,,FALSE
622710-99999,-10.0028704728305,1.616065182264,2022-09,4.06574200328683,0.917948721049019,FALSE,FALSE,358,380,340,373,359,386,TRUE,,,,FALSE
636610-99999,-73.8426813498405,-5.373457686974,2024-02,-11.5976717759385,1.25468218846107,FALSE,FALSE,1833,1830,1827,1828,1837,1831,FALSE,,,,TRUE
636860-99999,-16.2196013236051,48.2881739151669,2023-05,180.767475830529,0.739645772186195,TRUE,TRUE,2138,2143,2103,2111,2167,2167,FALSE,,,,TRUE
636950-99999,47.8702963877728,6.89464838158536,2022-10,22.517458129679,0.61238247602183,FALSE,TRUE,1580,1593,1533,1547,1636,1650,FALSE,,,,TRUE
637080-99999,-49.7596200204684,-0.283770515604838,2024-07,-0.878803410754303,0.645811138491758,FALSE,FALSE,1148,1152,1145,1151,1153,1155,TRUE,1,40.2170668365984,-15.7408711447094,TRUE
637170-99999,-13.2223987962048,51.7323671639107,2023-02,57.4446922251146,2.52049446522058,TRUE,TRUE,1795,1801,1715,1724,1833,1846,FALSE,,,,FALSE
638010-99999,-64.1094693907521,0.442811483321233,2024-04,1.60766265579487,0.674682703160556,FALSE,TRUE,809,807,773,767,912,921,FALSE,,,,TRUE
638320-99999,-9.93900011042611,-0.797750282647049,2022-08,-2.14467701706967,0.803541773853519,FALSE,TRUE,1184,1178,1165,1167,1191,1187,FALSE,,,,FALSE
638620-99999,-12.6543139261202,-0.802624262315002,2022-10,-3.15906805446686,0.622341736218565,FALSE,FALSE,1106,1119,1100,1115,1110,1120,FALSE,,,,FALSE
638660-99999,4.0145300082682,-0.400579892474726,2023-01,-1.79114687520526,0.632561767651572,FALSE,TRUE,524,528,495,505,538,536,FALSE,,,,FALSE
638810-99999,-114.221494016801,-0.748043571606149,2022-11,-2.10170594533177,0.918986883489638,FALSE,FALSE,1834,1843,1827,1839,1839,1851,TRUE,,,,TRUE
638870-99999,-9.9636212064604,-20.434990742876,2023-09,-84.1850766746714,0.68656921623352,TRUE,FALSE,1408,1419,1396,1418,1415,1422,FALSE,,,,TRUE
643870-99999,6.61368320422803,-0.549652253730739,2022-12,-2.24911774135221,0.598620309135815,FALSE,FALSE,1484,1489,1482,1489,1486,1495,FALSE,,,,FALSE
644000-99999,3.79562403160653,0.122339880512996,2023-11,0.929652340819711,0.372213806481741,FALSE,FALSE,26,17,24,15,38,19,FALSE,,,,FALSE
644500-99999,-5.19018035978736,-0.500024573114987,2023-02,-2.36280277634033,0.59856162342445,FALSE,FALSE,305,316,298,313,314,323,FALSE,,,,FALSE
644580-99999,-2.25521306860019,2.39584834070119,2023-03,10.472293090638,0.633462376277222,FALSE,FALSE,353,353,344,351,360,354,FALSE,,,,FALSE
647000-99999,0.921403030356438,-0.823365573573189,2022-10,-3.79639142936751,0.531248045558971,FALSE,FALSE,294,296,294,293,296,297,FALSE,,,,FALSE
647500-99999,-0.773281181108684,-1.85343530698527,2023-07,-4.87891643389747,1.07448175578848,FALSE,TRUE,359,365,356,356,371,374,FALSE,,,,FALSE
648600-99999,-8.90309739455659,-1.03666321295501,2023-04,-2.83025953346315,1.03599204104109,FALSE,FALSE,214,226,214,220,221,231,FALSE,,,,FALSE
649100-99999,-0.434508282308623,0.47541745518389,2024-03,2.37167543089465,0.517576129920089,FALSE,FALSE,1,-1,-2,-9,17,14,FALSE,,,,FALSE
653190-99999,-32.2162880525774,1.50985725856451,2024-02,5.85357876575847,0.698497952844925,FALSE,TRUE,466,460,422,419,526,525,FALSE,,,,TRUE
653440-99999,3.19560049826203,-0.320707619065712,2022-07,-1.29513193743405,0.495250884942437,FALSE,FALSE,10,7,7,3,10,8,FALSE,,,,FALSE
655160-99999,-2.56001366118352,0.479582352779807,2024-03,3.53013104197084,0.350773468627232,FALSE,TRUE,263,259,254,250,274,269,FALSE,,,,FALSE
655360-99999,-7.3839170067638,0.779616962447031,2024-03,3.62950387916088,0.547634365053277,FALSE,FALSE,372,373,369,369,374,374,FALSE,,,,FALSE
655450-99999,-3.85551670106781,1.1866162217683,2024-02,5.30786686329488,0.598478926516244,FALSE,TRUE,377,379,346,344,393,390,FALSE,,,,FALSE
655940-99999,23.5859687641476,0.828802066631601,2024-01,6.68917835650723,0.346777852820243,FALSE,FALSE,22,10,14,8,30,12,FALSE,,,,TRUE
672170-99999,-25.7089102733969,24.171350377164,2023-04,80.4312089418392,0.841103850223581,TRUE,FALSE,1363,1366,1358,1359,1366,1367,FALSE,,,,TRUE
672950-99999,-14.8888084613834,1.22826654599665,2024-04,3.53705160672188,0.789326072917016,FALSE,FALSE,724,696,699,694,724,699,FALSE,,,,FALSE
680060-99999,0.320579649800041,-1.60435846566316,2022-12,-2.91373721479682,1.40380798269494,FALSE,FALSE,1093,1100,1090,1097,1094,1105,FALSE,,,,FALSE
680140-99999,-8.89394839462995,-2.03802354502218,2023-03,-4.8612786520044,1.18577878131618,FALSE,FALSE,1392,1404,1392,1400,1405,1406,FALSE,,,,FALSE
680980-99999,-7.83155594620978,-0.948339896920846,2023-02,-1.60355184047947,1.67273063471892,FALSE,FALSE,77,83,74,81,84,94,FALSE,,,,TRUE
681100-99999,-6.50027142459941,-1.07148324892302,2023-04,-3.51879277628853,0.86126477961047,FALSE,TRUE,1679,1675,1673,1665,1761,1742,FALSE,,,,FALSE
681550-99999,-11.2131582002816,0.824893356748873,2024-05,1.53971533299121,1.23724792854138,FALSE,FALSE,841,853,839,853,845,857,FALSE,,,,FALSE
682340-99999,-13.3210408934033,-1.68441989924562,2023-04,-5.60825537767546,0.785125142289973,FALSE,FALSE,1169,1193,1168,1189,1177,1193,FALSE,,,,FALSE
682670-99999,0.842131601373296,1.76670008339521,2024-01,3.10864933562383,1.57360013808109,FALSE,TRUE,1751,1763,1687,1702,1767,1772,FALSE,,,,FALSE
682677-99999,2.05448215348113,-2.47941232547301,2024-06,-6.38332016462987,0.823964280413528,FALSE,TRUE,1212,1218,1206,1212,1244,1248,FALSE,,,,TRUE
683470-99999,-34.9973484298392,2.86236645155461,2024-07,1.14141276884582,4.90987911137641,FALSE,FALSE,1356,1362,1345,1360,1359,1363,FALSE,,,,TRUE
684030-99999,-10.0537787401017,-1.77366422661677,2023-02,-8.94032140166173,0.561129715965514,FALSE,FALSE,21,26,16,23,31,28,FALSE,,,,FALSE
684240-99999,-20.9363698941801,-2.36962460559702,2023-03,-10.4053332001836,0.64412262260072,FALSE,FALSE,840,846,837,842,844,846,FALSE,,,,TRUE
684380-99999,-10.5795874308075,-1.76579110099719,2023-05,-8.02900217920508,0.622046343396357,FALSE,FALSE,1192,1197,1188,1196,1211,1203,FALSE,,,,FALSE
684420-99999,-16.9072490609811,1.35132863799359,2024-03,1.64328171545712,2.12326073327257,FALSE,FALSE,1344,1352,1344,1349,1352,1355,FALSE,,,,TRUE
684610-99999,-13.2217207169697,0.61605323919358,2023-02,2.57112610857073,0.677703705864313,FALSE,FALSE,1687,1688,1682,1683,1689,1692,FALSE,,,,FALSE
684870-99999,-1.67154756571413,-0.733549186963591,2023-10,-5.12041750418474,0.405199461967248,FALSE,TRUE,1018,1026,977,984,1095,1100,FALSE,,,,FALSE
685910-99999,-1.60635446497446,-1.28625227025917,2023-04,-3.7438129668723,0.97175549170309,FALSE,TRUE,126,124,64,64,177,169,FALSE,,,,FALSE
686330-99999,-2.5915874200127,-2.17106938533877,2024-02,-5.71445347876678,1.02884443987272,FALSE,TRUE,1480,1493,1466,1486,1509,1521,FALSE,,,,FALSE
688170-99999,9.68047184403317,-0.627308690770358,2023-03,-1.35051789631954,1.31379000707747,FALSE,TRUE,,0,4,0,16,10,FALSE,,,,FALSE
688420-99999,-0.157304108044777,-0.858163581536291,2023-10,-6.05377029981762,0.400949000585587,FALSE,FALSE,48,62,38,60,64,67,FALSE,,,,FALSE
689060-99999,1.49761143271614,-1.19004077934243,2023-01,-3.2672446248821,1.03020863335805,FALSE,TRUE,41,53,2,0,430,448,FALSE,,,,FALSE
689940-99999,8.38198683643779,-3.81337604322818,2023-03,-5.80742008224601,1.85725435473448,FALSE,FALSE,4,9,2,0,15,19,FALSE,,,,FALSE
700260-27502,-1.46668706239534,-1.05789087672267,2023-01,-5.74848040633687,0.515063909727612,FALSE,FALSE,11,,8,,13,,FALSE,,,,FALSE
700634-27408,-2.21842075374518,0.824600600056753,2024-05,2.54419861340614,0.700157951579212,FALSE,FALSE,30,,17,,35,,FALSE,1,44.7782428918912,0.663627052811561,TRUE
700860-27401,-0.921986323182909,-0.696061237183359,2023-02,-1.44346540061448,1.30584546061831,FALSE,FALSE,9,,7,,13,,FALSE,,,,FALSE
701195-26625,-3.33976393699091,-0.74110213051508,2022-09,-2.47770839609871,0.657584008170121,FALSE,FALSE,8,,7,,9,,FALSE,,,,FALSE
701330-26616,3.83812979937993,1.32273333296713,2024-01,4.38887029885082,0.852441421827791,FALSE,FALSE,5,,5,,6,,FALSE,,,,FALSE
701780-26529,-2.35893080825316,-0.940161588687119,2022-07,-2.0266168489345,0.927813848169093,FALSE,FALSE,60,,58,,63,,FALSE,,,,FALSE
701940-26413,-2.55337086958376,2.12355604834298,2024-07,3.74635251817342,1.13366589932031,FALSE,TRUE,130,,112,,143,,FALSE,,,,FALSE
702000-26617,2.85962180361984,-2.27198266087244,2022-10,-6.30726251664708,0.882347644306821,FALSE,FALSE,7,,5,,17,,FALSE,,,,FALSE
702190-26615,8.36872531237927,-0.763521960189787,2022-09,-2.52753154858569,0.697628655902524,FALSE,FALSE,34,,27,,40,,FALSE,,,,FALSE
702590-26523,-4.93648942491848,-1.21455900557296,2022-07,-4.03753431774551,0.601634022148025,FALSE,FALSE,25,,23,,36,,FALSE,,,,FALSE
702627-26561,-2.44891037372614,-1.61947467471999,2022-07,-2.60475969798675,1.19053512314416,FALSE,FALSE,209,,195,,210,,FALSE,,,,FALSE
702697-00107,-7.18391628547062,-0.927686318488822,2022-08,-2.62283600124703,0.764070453601649,FALSE,TRUE,92,99,42,44,104,101,FALSE,,,,FALSE
702715-46407,0.396769466698844,-1.27324573950412,2022-08,-4.17412085994373,0.658947177936612,FALSE,FALSE,1003,,1002,,1016,,FALSE,,,,FALSE
702758-27517,-4.23283598325744,-0.710995588340675,2023-01,-2.68963407371799,0.739855679055325,FALSE,FALSE,30,,16,,30,,FALSE,1,14.682111148562,0.0429278380894129,TRUE
702770-26438,7.99974551587825,1.91243779657481,2024-01,1.86536808151685,2.77634536936668,FALSE,FALSE,7,,4,,8,,FALSE,,,,FALSE
702910-26412,1.35725995829825,1.47800446549257,2024-01,3.91630587931591,1.02199754989367,FALSE,FALSE,516,,514,,527,,FALSE,,,,FALSE
703058-00110,-3.71302023696175,-1.59822427118759,2022-07,-4.29333351049217,0.74451438132249,FALSE,TRUE,,0,5,0,8,6,FALSE,,,,FALSE
703080-25713,2.09196904701563,-1.52898314433865,2022-07,-2.79685799432351,1.09335772316068,FALSE,FALSE,13,8,7,7,16,10,FALSE,,,,FALSE
703430-25402,-16.3022888072457,0.829301289102008,2024-04,2.52213825539093,0.805413817815223,FALSE,TRUE,15,43,3,0,77,45,FALSE,,,,TRUE
703500-25501,28.348763426464,-1.19635994470115,2022-07,-2.2064633507735,1.08441406405572,FALSE,FALSE,7,7,7,6,10,9,FALSE,,,,TRUE
703610-25339,-8.10356553124968,1.47056306378875,2024-05,4.75550725549919,0.714144620224856,FALSE,FALSE,4,14,3,13,8,16,FALSE,,,,FALSE
703655-26552,7.41871196236776,1.60866546436143,2024-01,3.84799611985819,1.13209227223835,FALSE,FALSE,94,,63,,100,,FALSE,,,,FALSE
703830-25310,-15.8975966943886,1.92959340392718,2024-05,5.30584073254943,0.839867856831493,FALSE,FALSE,8,10,2,2,15,19,FALSE,,,,TRUE
703835-25628,6.16361402533626,-1.20020330895616,2023-01,-4.80187605321851,0.568131796109724,FALSE,FALSE,20,32,13,30,24,34,FALSE,,,,FALSE
704540-25704,-3.93766061910858,-1.88289008151247,2022-07,-4.6147112933752,0.816038084209307,FALSE,TRUE,25,3,6,-1,112,116,FALSE,,,,FALSE
710170-99999,1.07698415378088,-1.55366340899592,2023-09,-4.90134060960884,0.896575871530873,FALSE,TRUE,7,,4,,16,,FALSE,,,,FALSE
710349-99999,-72.6301811678115,-17.2815563793678,2023-11,-1.93368984066253,25.2779022743828,FALSE,TRUE,52,62,9,0,65,72,FALSE,,,,TRUE
710430-99999,-2.50685633740382,-0.683738995965935,2023-04,-2.48955647680681,0.77680741146201,FALSE,FALSE,61,,55,,68,,FALSE,,,,FALSE
710450-99999,9.09647893365685,2.16494844185256,2024-01,6.51409789769364,0.940022546910266,FALSE,TRUE,677,,675,,710,,FALSE,,,,FALSE
710750-99999,-76.6268064959964,0.810173490853071,2024-05,3.1467228677402,0.594591773974978,FALSE,TRUE,507,498,446,445,524,518,FALSE,,,,TRUE
710774-99999,-6.57224950363378,0.486292539290098,2023-07,2.41912064914403,0.568571480375108,FALSE,FALSE,418,429,417,426,423,429,FALSE,,,,FALSE
710830-99999,4.38336653171713,-0.832950528965047,2023-09,-5.97306752685512,0.394427127954613,FALSE,FALSE,15,,13,,22,,FALSE,,,,FALSE
710900-99999,3.16874099124655,-0.55795052709791,2023-11,-3.73390674791419,0.422646442895695,FALSE,FALSE,8,,6,,12,,FALSE,,,,FALSE
710934-99999,22.8833689575796,-0.582212405983659,2022-08,-0.97113865573416,1.19903044234918,FALSE,FALSE,32,,23,,32,,FALSE,,,,TRUE
710950-99999,13.7337019091083,-1.66122524334303,2022-12,-4.48652615033455,1.00269542057338,FALSE,TRUE,54,,17,,94,,FALSE,,,,FALSE
710964-99999,1.35539689561981,-0.507291107575743,2022-07,-1.90339150929532,0.533039162041398,FALSE,FALSE,62,,55,,71,,TRUE,,,,FALSE
710990-99999,1.10042244861793,-1.34639932758741,2022-07,-4.32149509105265,0.623117369900541,FALSE,TRUE,15,14,9,9,23,16,FALSE,,,,FALSE
711390-99999,-3.35179230399348,-1.19112162165876,2023-01,-3.69796370710484,0.911042122208634,FALSE,TRUE,1263,1268,1236,1228,1282,1272,FALSE,,,,FALSE
711600-99999,-1.06327304449939,-1.95679164919986,2023-01,-7.45567421161736,0.642884994359088,FALSE,TRUE,157,,157,,157,,FALSE,,,,FALSE
711640-99999,-6.35347508842489,14.3391414538669,2022-08,26.9249247251503,1.15046137298327,TRUE,TRUE,60,,10,,63,,FALSE,,,,FALSE
711650-99999,-3.6929789110482,-1.94717613028696,2022-09,-6.14650479211319,0.731604514112344,FALSE,TRUE,200,,189,,221,,FALSE,,,,FALSE
711660-99999,5.1394689548647,0.813528416067234,2022-07,5.48906907499429,0.296417627452823,FALSE,TRUE,481,,478,,512,,FALSE,,,,FALSE
712190-99999,4.08855217130888,,,,,FALSE,TRUE,,0,,0,,0,FALSE,,,,FALSE
712320-99999,8.32565229417307,-3.87510444764265,2023-09,-5.59355302077386,1.95947915220096,FALSE,TRUE,1301,1300,1283,1280,1327,1326,FALSE,,,,FALSE
712340-99999,-0.32004208419903,-2.93191631630023,2022-07,-3.52080479628128,1.66548075564823,FALSE,TRUE,1009,1006,998,1000,1024,1017,FALSE,,,,FALSE
712440-99999,-1.16440185457475,-4.13290848150929,2023-09,-8.14958377899316,1.4343837391213,FALSE,TRUE,1048,1046,1033,1034,1060,1059,FALSE,,,,FALSE
712520-99999,-31.4003962201419,0.605650770854702,2023-03,1.2942349647329,1.32359201774649,FALSE,TRUE,1475,1456,1349,1359,1717,1730,FALSE,1,47.0068351165118,11.4973595947396,TRUE
713160-99999,0.692398999031041,0.447300750813071,2022-09,2.17722980194828,0.474454664656079,FALSE,TRUE,551,550,532,537,572,565,FALSE,,,,FALSE
713270-99999,3.99403327309068,-0.576300291780983,2022-07,-3.71560961931059,0.310204973518134,FALSE,TRUE,31,33,7,11,71,70,FALSE,,,,FALSE
713320-99999,3.17124321229493,-8.4835265067839,2022-07,-9.33193121433312,1.81817167570928,FALSE,FALSE,33,,24,,41,,FALSE,,,,FALSE
713550-99999,-4.77883382313756,-0.498437794300779,2023-02,-2.66645949344401,0.528714192308278,FALSE,TRUE,49,,10,,82,,FALSE,,,,FALSE
713560-99999,3.06799437515745,1.44774777360726,2024-03,6.90829310222306,0.54109873777508,FALSE,TRUE,26,,6,,53,,FALSE,,,,FALSE
713630-99999,-0.164488525166048,-3.9212850866273,2022-11,-6.47304238437663,1.56413537194346,FALSE,TRUE,30,,9,,37,,FALSE,,,,FALSE
713820-99999,-0.887461477931784,-0.867056129261603,2023-01,-6.27438679180968,0.390859721603747,FALSE,TRUE,784,778,783,778,891,895,FALSE,,,,FALSE
714150-99999,0.346067706461282,2.16308855177558,2023-06,5.08878658355112,1.20227842779772,FALSE,TRUE,,0,3,0,12,12,FALSE,,,,FALSE
714210-99999,-19.605710139998,-1.71478347472776,2022-07,-3.06279836284064,1.04742975129814,FALSE,TRUE,549,567,529,554,570,569,TRUE,,,,TRUE
714340-99999,2.22317260034749,-4.91236725306828,2023-09,-9.99907636360393,1.37500490131711,FALSE,TRUE,29,29,28,28,52,53,FALSE,,,,FALSE
714460-99999,-4.7559383227815,1.05671888174045,2023-09,4.74014892923545,0.630539755810632,FALSE,TRUE,814,817,782,787,821,823,FALSE,,,,FALSE
714470-99999,0.881130575048932,-1.29042982870477,2022-09,-3.09767127554054,0.962051738486054,FALSE,TRUE,440,445,428,429,446,448,FALSE,,,,FALSE
714670-99999,0.0743950214985559,-3.86404333217034,2022-07,-12.6882811665889,0.609072778485591,FALSE,TRUE,53,,40,,84,,FALSE,,,,FALSE
714700-99999,10.3742727831904,-8.55790459719092,2022-10,-11.0774025675555,1.89236595877928,FALSE,TRUE,461,,444,,504,,FALSE,,,,FALSE
714850-99999,-1590.97552870677,-2.43467123916789,2023-03,-10.6671386628291,0.551252766324258,FALSE,TRUE,,0,6,0,6,8,TRUE,1,34.3602268296161,2.85256395260511,TRUE
714900-99999,-11.4115117084336,-0.823362924357191,2023-05,-2.88661572264176,0.806765518006306,FALSE,TRUE,194,,194,,224,,TRUE,,,,FALSE
714920-99999,33.8870452100901,-1.85171866071488,2024-03,-6.51434447933571,0.733936781877764,FALSE,TRUE,561,,534,,662,,FALSE,,,,TRUE
715060-99999,7.12149011587242,-2.79983085892089,2023-09,-5.42789103810188,1.45896767095799,FALSE,TRUE,723,,659,,821,,FALSE,,,,FALSE
715200-99999,7.37404770644185,-2.00911407461112,2024-07,-3.75828033522581,1.06916669082931,FALSE,TRUE,541,544,517,544,601,602,FALSE,,,,FALSE
715540-99999,-0.0353581543200751,0.237626222734066,2024-06,1.13491439838853,0.452308395789803,FALSE,TRUE,6,4,2,0,17,21,FALSE,,,,FALSE
715680-99999,-0.171299599248958,-5.07628947981179,2022-11,-10.0479314339285,1.30443994004262,FALSE,TRUE,,0,6,0,64,72,FALSE,,,,FALSE
715720-99999,3.64225146989888,-5.07552654707929,2022-08,-11.2916068164625,0.971021278434583,FALSE,TRUE,170,179,164,167,192,195,FALSE,,,,FALSE
715770-99999,4.83650704431349,-7.39732066207756,2022-07,-16.3163457314319,0.906737425626781,FALSE,TRUE,214,215,213,215,215,219,FALSE,,,,FALSE
715790-99999,1.56973412548891,-1.95193694898934,2022-08,-7.67792462491878,0.549193427652119,FALSE,TRUE,249,232,223,223,278,243,FALSE,,,,FALSE
715810-99999,0.767616144469474,0.380247328241838,2023-03,2.93497302255088,0.366443524028283,FALSE,TRUE,400,403,374,389,466,460,FALSE,,,,TRUE
715920-99999,3.45128929008063,-1.44908224404342,2023-10,-4.24733759623287,0.9446687385511,FALSE,TRUE,5,,3,,171,,FALSE,,,,FALSE
717300-99999,-1.9982919329285,0.868549085558824,2022-09,3.73180233375363,0.537495830168905,FALSE,FALSE,380,342,348,339,401,343,FALSE,,,,FALSE
717420-99999,-4.35025420015882,-4.89479075483079,2024-07,-9.49716464773211,1.03078991180797,FALSE,FALSE,119,127,109,127,123,130,TRUE,,,,FALSE
717430-99999,-1.29585594416535,-1.74274956461084,2023-10,-8.21663104466864,0.599910122943057,FALSE,FALSE,169,174,163,170,188,184,FALSE,,,,FALSE
717550-99999,0.523693655504787,-0.903547299257336,2022-07,-2.63404683119933,0.686052570178438,FALSE,FALSE,264,264,264,264,268,264,FALSE,,,,FALSE
717770-99999,1.95202880784848,-3.95237943326404,2023-01,-4.51377915209249,2.47664248064743,FALSE,TRUE,205,209,190,206,485,501,FALSE,,,,FALSE
717820-99999,0.800955655156791,2.35166570979477,2022-12,2.89344819979321,2.20095208462157,FALSE,TRUE,1134,1140,1111,1121,1169,1180,FALSE,,,,FALSE
717860-99999,3.63697282883462,-16.3026864770682,2022-08,-10.6067888172914,3.32031008835526,TRUE,TRUE,1918,1924,1580,1589,2469,2485,FALSE,,,,FALSE
718050-99999,-2.31397219393357,0.780069774252582,2023-09,3.25225341155176,0.678412850872499,FALSE,FALSE,7,2,4,2,11,5,FALSE,,,,FALSE
718170-99999,-1.04618719160205,-1.02893402192606,2022-07,-4.3082915131829,0.477652925192102,FALSE,TRUE,21,16,2,0,54,54,FALSE,,,,FALSE
718250-99999,0.245067528706119,-1.65823782096052,2022-07,-3.21061235606502,1.03297292669296,FALSE,FALSE,540,545,535,543,546,546,FALSE,,,,FALSE
718270-99999,-0.383171985732834,-0.93117962678907,2023-11,-7.96545169201583,0.330649637491519,FALSE,FALSE,181,184,176,184,185,187,FALSE,,,,FALSE
718360-99999,2.08458198182016,0.159797007876679,2023-02,1.17814514953391,0.383632009782909,FALSE,TRUE,9,1,4,0,28,9,FALSE,,,,FALSE
718630-99999,1.14490214748138,-0.717214808517156,2022-07,-4.4623251500291,0.321453405748561,FALSE,TRUE,570,576,562,570,579,578,FALSE,,,,FALSE
718940-99999,-0.416585430577654,3.43842601932669,2023-10,11.3869206711128,0.854079667400215,FALSE,TRUE,,0,4,0,21,24,FALSE,,,,FALSE
719020-99999,1.88269429641225,-4.16972482574117,2022-07,-9.2464266140922,0.901910543341407,FALSE,TRUE,15,3,4,0,173,180,FALSE,1,0.183874957160554,3.65401676830029,TRUE
719120-99999,1.15512103605638,-1.19966179513883,2022-07,-2.42373218888449,0.989929333480504,FALSE,TRUE,132,142,128,130,158,145,FALSE,,,,FALSE
719145-99999,-0.857138259673465,-2.07698048106608,2022-07,-4.92918461192406,0.842727811833912,FALSE,FALSE,11,,9,,14,,FALSE,,,,FALSE
719150-99999,0.551469311731475,-0.939210494824859,2022-07,-3.22433223055473,0.582576749334094,FALSE,FALSE,29,,28,,35,,TRUE,,,,FALSE
719160-99999,3.06614355468368,-4.60602599404519,2022-07,-5.9306063341801,1.55330694182114,FALSE,TRUE,31,,24,,52,,FALSE,,,,FALSE
719170-99999,1.77673020251997,-1.13663246022905,2023-03,-3.43336545057992,0.93636466250216,FALSE,TRUE,,,6,,29,,FALSE,,,,FALSE
719194-99999,-6.63266111746902,-4.25868808802361,2022-09,-5.22278799274288,1.88309747011102,FALSE,FALSE,16,,10,,18,,FALSE,,,,FALSE
719200-99999,-0.504970449320552,-0.798400403517139,2022-08,-6.20303481802605,0.278048092075965,FALSE,TRUE,,0,3,0,5,6,FALSE,,,,FALSE
719240-99999,2.97113327039029,-0.433254315827604,2022-07,-1.32934102996043,0.651833210685597,FALSE,FALSE,36,,29,,43,,TRUE,,,,FALSE
719246-99999,-4.19170993166871,-0.668659813437548,2023-03,-1.49132283829162,1.26817313125909,FALSE,TRUE,,,8,,297,,FALSE,,,,FALSE
719250-99999,-9.91833835735397,-1.73367766483698,2023-03,-9.42366926505617,0.52034730791906,FALSE,FALSE,14,,3,,15,,TRUE,,,,FALSE
719360-99999,-0.981603385800161,0.734002725768297,2024-04,1.7550550796188,1.02443061122324,FALSE,FALSE,200,,192,,202,,FALSE,,,,FALSE
719400-99999,-0.820758417580171,-1.2698724557776,2023-09,-8.63825430797911,0.415794855167874,FALSE,FALSE,663,665,660,665,667,666,FALSE,,,,FALSE
719430-99999,-1.2495103869381,0.276025117428219,2022-07,1.05245762185108,0.524534407271888,FALSE,FALSE,681,685,674,682,690,686,FALSE,,,,FALSE
719530-99999,-1.17085349369389,-1.20569749163916,2023-07,-4.3233931900635,0.788784951928129,FALSE,FALSE,685,,678,,686,,FALSE,,,,FALSE
719664-99999,-2.2449262759838,2.52497457562457,2022-11,4.74701239439121,1.37338093499898,FALSE,FALSE,373,,359,,381,,FALSE,,,,FALSE
719770-99999,0.631621571890979,-4.50749170972405,2023-08,-10.2682407851844,1.24160623840718,FALSE,TRUE,563,,530,,865,,FALSE,,,,FALSE
719830-99999,-1.49938810132981,-11.9614580244867,2023-07,-7.58116599509699,4.02258095372954,FALSE,TRUE,9,,5,,19,,FALSE,,,,FALSE
719900-99999,3.14715872692052,-1.26105321653938,2024-07,-2.11187229177245,1.19425139621582,FALSE,TRUE,1403,,1345,,1467,,FALSE,,,,FALSE
720151-03049,-77.787698765435,1.54510607435381,2024-03,6.94419358260969,0.574501082370201,FALSE,TRUE,1345,1365,1343,1349,1382,1378,FALSE,1,32.0682885912804,-5.00451423199354,TRUE
720369-04135,-4.5707512799269,-1.28627693491281,2022-07,-2.08726503236883,1.23249986462239,FALSE,FALSE,1891,1886,1882,1883,1893,1887,FALSE,,,,FALSE
720393-00129,-3.17093495118379,1.16729696369892,2024-03,4.76398682079422,0.632652421952014,FALSE,TRUE,1154,1157,1146,1153,1160,1164,FALSE,,,,FALSE
720395-00130,-6.27608945030036,-2.73796789270517,2023-08,-14.6692082325687,0.522390152166612,FALSE,TRUE,111,128,97,114,131,133,FALSE,,,,FALSE
720533-00160,17.4510327339204,-1.3314177016248,2022-09,-2.41128510404389,1.27516131070151,FALSE,TRUE,1583,1586,1571,1572,1616,1617,FALSE,1,17.0686890867122,20.8368648359261,TRUE
720627-00214,-3.55937811520707,-26.5514821106467,2024-06,-11.2799497661441,5.08493017211778,TRUE,TRUE,169,179,151,161,188,189,FALSE,,,,FALSE
720638-00224,-0.596241811383732,5.91945831452226,2023-02,12.7921063698469,1.30883499374775,FALSE,FALSE,1049,1043,1041,1041,1050,1044,FALSE,,,,FALSE
720674-00249,-11.2679526267684,-0.942180512563593,2024-03,-5.65545411110681,0.430151067458174,FALSE,TRUE,346,347,313,321,372,365,FALSE,,,,FALSE
722016-12896,3.679446909068,-0.48896536805835,2024-02,-3.09298403968375,0.408182885969197,FALSE,FALSE,8,7,6,5,10,9,FALSE,,,,FALSE
722039-12885,2.95193564578083,0.476408967114067,2023-08,4.04619886188947,0.333025659650475,FALSE,FALSE,12,4,6,2,15,7,FALSE,,,,FALSE
722054-53959,2.41801084832748,1.2878536000728,2024-06,7.07696619470704,0.393117851630884,FALSE,FALSE,61,64,55,60,61,66,FALSE,,,,FALSE
722101-03039,-16.2386789687528,0.995338128390005,2022-12,1.74062378060303,1.54851865381989,FALSE,TRUE,3389,3409,2947,2981,3559,3570,TRUE,1,28.8609362965047,1.29487136506348,TRUE
722155-03040,-4.98773617969223,-0.387037508622816,2023-02,-2.88483314594812,0.379469914653651,FALSE,TRUE,2145,2144,2111,2113,2158,2158,FALSE,,,,FALSE
722177-63811,-0.668519818566724,-2.53156171294549,2023-09,-11.6351865914748,0.608959584416228,FALSE,FALSE,511,512,509,511,514,515,FALSE,,,,FALSE
722185-53838,-1.77156757009935,0.465147399133816,2024-01,5.77301375553987,0.227894056107648,FALSE,FALSE,382,389,376,379,386,393,FALSE,,,,FALSE
722200-12832,1.63168065068793,0.314006882055009,2023-05,3.69263650314812,0.240518009775451,FALSE,FALSE,6,5,4,4,8,8,FALSE,,,,FALSE
722243-03738,-1.19768059417313,0.898983787817448,2024-03,6.03388686811316,0.344075746356058,FALSE,FALSE,102,105,93,102,105,105,FALSE,,,,FALSE
722310-12916,6.28556830233795,0.607643999170379,2024-06,4.38265923184835,0.299512463951099,FALSE,FALSE,9,-1,9,-3,10,2,FALSE,,,,FALSE
722429-53910,-1.75917453703047,0.798569581924058,2023-09,5.85551372481317,0.385738292601013,FALSE,FALSE,56,51,54,45,60,51,FALSE,,,,FALSE
722640-93035,-4.66943377057343,0.688475446123789,2024-02,2.77444281316428,0.496298170470182,FALSE,FALSE,1475,1472,1472,1469,1479,1475,FALSE,,,,FALSE
722677-03027,1.31686451468555,0.492385033179372,2022-12,2.80940738811501,0.474614318585423,FALSE,FALSE,2162,2160,2158,2158,2164,2162,FALSE,,,,FALSE
722680-23009,13.272447279505,-0.532656110218359,2023-03,-1.524714845394,0.988105411877258,FALSE,FALSE,1090,1110,1078,1107,1102,1112,FALSE,,,,FALSE
722693-93097,0.904041935363321,0.829209381272832,2024-05,2.87882774720751,0.665193337749115,FALSE,FALSE,1272,1267,1269,1265,1273,1272,FALSE,,,,FALSE
722700-23044,-5.76378086318081,0.523904095687814,2024-04,2.20508072123238,0.581973120635776,FALSE,FALSE,1199,1195,1198,1189,1203,1203,FALSE,,,,FALSE
722721-93063,22.541940812049,1.02099884575633,2024-02,4.06613320519165,0.648332838852467,FALSE,TRUE,1637,1638,1608,1602,1650,1656,FALSE,,,,TRUE
722725-23078,4.25861425283217,-0.313799333770476,2024-07,-1.33268282752757,0.470928757073645,FALSE,FALSE,1307,1312,1304,1309,1309,1315,FALSE,,,,FALSE
722730-03124,-8.87870573481336,0.655091580991035,2024-03,3.47297579968224,0.487028786408686,FALSE,FALSE,1415,1415,1410,1408,1419,1419,TRUE,,,,FALSE
722764-03029,-1.76520815472513,0.730016847408687,2022-07,2.12310504758266,0.687687920331474,FALSE,FALSE,2046,2053,2043,2053,2052,2056,FALSE,,,,FALSE
723600-23051,0.816360492574372,-1.0045463799603,2023-07,-4.46284713046999,0.636653272245532,FALSE,FALSE,1516,1514,1509,1513,1519,1518,FALSE,,,,FALSE
723620-93040,-0.366591689689291,0.503331909264932,2024-02,2.15563576513422,0.602883577311737,FALSE,TRUE,1397,1403,1392,1395,1431,1434,TRUE,,,,FALSE
723630-23047,-1.42474186171002,-2.61892191642716,2024-07,-4.78755890279867,1.09405313630553,FALSE,FALSE,1096,1109,1094,1103,1102,1110,FALSE,,,,FALSE
723700-93167,0.040118342374074,-0.515490266029978,2024-05,-1.85907125035413,0.640359413444423,FALSE,FALSE,1041,1044,1040,1042,1048,1051,FALSE,,,,FALSE
723723-23184,10.7886234506622,0.507261137402084,2023-09,5.79316687307024,0.245069269554121,FALSE,FALSE,1531,1527,1527,1525,1535,1529,FALSE,,,,FALSE
723759-53990,-1.69923703301738,0.656377453662257,2024-03,5.64713582976098,0.300109533221263,FALSE,FALSE,140,143,138,139,149,144,FALSE,,,,FALSE
723760-99999,-485.173747089494,-1.55516355980403,2023-01,-1.55141244269605,2.83526590022865,FALSE,TRUE,2154,2153,2152,2150,2183,2190,FALSE,2,35.979028585711,-0.812997602325049,TRUE
723762-93244,-1.24840563826443,1.97645128756006,2022-09,4.58565276908441,0.995369462429507,FALSE,FALSE,193,210,190,200,193,211,FALSE,,,,FALSE
723830-23187,3.99550202410005,1.2393501672807,2022-12,3.48239986021539,0.963753805798133,FALSE,FALSE,1370,1378,1350,1365,1371,1378,FALSE,,,,FALSE
724016-93736,4.73546829868658,1.24152444980196,2024-06,5.4216983256846,0.494678822426246,FALSE,FALSE,191,189,187,187,202,193,FALSE,,,,FALSE
724070-93730,1.90089961206731,-0.534070320748839,2022-07,-3.15952952175969,0.338069524003935,FALSE,FALSE,14,18,11,15,18,20,FALSE,,,,FALSE
724085-94732,-0.830283869123567,0.254914182563946,2023-09,2.04305365381172,0.349210690596662,FALSE,FALSE,34,40,30,29,36,47,FALSE,,,,FALSE
724666-93067,-11.6130631640166,0.665301899559728,2024-03,2.62863487465449,0.653495901881688,FALSE,FALSE,1781,1794,1778,1788,1790,1795,FALSE,,,,FALSE
724674-94050,6.92501901184245,0.675546591205233,2024-03,2.04100335504136,0.854606041635518,FALSE,FALSE,1939,1942,1932,1941,1940,1944,FALSE,,,,FALSE
724675-23063,5.7690574281464,-1.0088081204964,2022-12,-1.82515514457589,1.49678525287336,FALSE,TRUE,1947,1958,1934,1945,2089,2095,FALSE,,,,FALSE
724689-03026,5.95085042422245,0.982686524660994,2024-03,4.60173607776259,0.551375753301199,FALSE,FALSE,1272,1279,1268,1277,1275,1282,FALSE,,,,FALSE
724755-93129,12.1531751308942,1.30636317893183,2022-07,1.76762582850356,1.47809921971753,FALSE,FALSE,1699,1706,1691,1704,1708,1707,FALSE,,,,FALSE
724756-23159,1.32736987729588,0.548989196357832,2024-03,1.61206209676018,0.879298640341801,FALSE,FALSE,2306,2312,2306,2309,2312,2315,FALSE,,,,FALSE
724770-03170,2.92206808675507,1.16807607051787,2022-07,1.42990487098261,1.63378151123464,FALSE,FALSE,1811,1814,1808,1813,1815,1816,FALSE,,,,TRUE
724855-23153,9.96427353541405,0.661071292507985,2022-10,2.3582346196801,0.686652352880134,FALSE,FALSE,1644,1649,1643,1646,1648,1650,FALSE,,,,FALSE
724860-23154,5.89802863798082,-1.15787520625222,2023-11,-1.91249921073752,1.71240104155229,FALSE,FALSE,1900,1908,1897,1904,1903,1910,FALSE,,,,FALSE
724885-93102,-0.189551128311233,0.671928794267652,2023-09,4.08675571574023,0.465039204639711,FALSE,TRUE,1198,1202,1188,1198,1202,1208,FALSE,,,,FALSE
724950-23254,9.94608807140497,1.54677412907704,2022-07,5.02806524721225,0.615256188226526,FALSE,FALSE,13,4,11,0,14,6,FALSE,,,,FALSE
725025-94741,3.60039999177046,0.201362294980342,2023-01,1.14742654431574,0.491164040728446,FALSE,FALSE,6,-5,5,-5,7,0,FALSE,,,,FALSE
725317-53802,5.14970893641386,0.772671372688854,2023-01,4.75039045520187,0.455238326495792,FALSE,FALSE,214,214,212,211,218,219,FALSE,,,,FALSE
725375-14822,0.581943311650189,0.660722527950577,2023-06,4.84101617234391,0.386035793613441,FALSE,FALSE,190,188,190,188,194,190,FALSE,,,,FALSE
725467-04973,1.61256646492635,0.916586039761571,2023-01,11.4522864344275,0.22400326084211,FALSE,FALSE,282,288,271,287,303,290,FALSE,2,31.5414965413435,-3.7474429923267,TRUE
725636-24017,1.73643724753515,1.35281827032977,2024-04,7.06662720589918,0.468924478463527,FALSE,FALSE,1000,1002,1000,999,1006,1003,FALSE,,,,FALSE
725660-24028,-2.67931896364789,0.876336709938942,2024-06,4.53157411813789,0.417758511983608,FALSE,FALSE,1208,1202,1202,1200,1208,1206,FALSE,,,,TRUE
725690-24089,-4.86854839305261,1.50742831533947,2024-05,4.89187920925897,0.711639929291828,FALSE,FALSE,1613,1616,1603,1616,1623,1622,FALSE,,,,FALSE
725717-03016,8.24740332385809,1.21168481701136,2023-12,1.75928716664917,1.9276413556665,FALSE,FALSE,1679,1686,1679,1685,1684,1690,FALSE,,,,FALSE
725724-24174,0.727947533484844,3.60031218692741,2023-08,6.30460718366932,1.59828944648855,FALSE,FALSE,1364,1373,1362,1369,1369,1373,FALSE,,,,FALSE
725744-24027,-4.45378334755523,1.26377507693607,2024-03,4.15590178376275,0.744869404814754,FALSE,FALSE,2056,2060,2050,2059,2062,2063,FALSE,,,,FALSE
725805-24172,0.0898274670193977,0.588147188517804,2023-09,2.63287961310827,0.631829671613079,FALSE,FALSE,1186,1195,1184,1191,1194,1196,FALSE,,,,FALSE
725810-24193,-3.08461259421061,0.861200672168278,2022-10,1.71125964893301,1.23271895896656,FALSE,FALSE,1279,1291,1277,1287,1282,1292,FALSE,,,,FALSE
725835-24119,5.36636196315105,-1.06807958758969,2023-07,-2.09049951651517,1.44510211701094,FALSE,FALSE,1368,1384,1366,1381,1372,1389,FALSE,,,,FALSE
725845-23225,-1.18725310155479,1.70977109717425,2022-07,6.27270525449649,0.545146321341538,FALSE,FALSE,1599,1611,1597,1607,1609,1612,FALSE,,,,FALSE
725864-94182,4.77578451236748,-6.05705036463431,2024-07,-9.10378406869173,1.33066652700271,FALSE,FALSE,1531,1528,1521,1526,1539,1530,FALSE,,,,FALSE
725895-94236,1.70961924061802,0.553099449183146,2023-05,1.81763497996955,0.860679675507785,FALSE,FALSE,1238,1245,1232,1243,1240,1247,FALSE,,,,FALSE
725957-24215,-2.4524897216961,0.432054478372757,2023-10,1.73930855718735,0.702597938098884,FALSE,FALSE,1090,1081,1082,1077,1091,1084,FALSE,,,,FALSE
725975-24235,-1.44834959969233,1.50579388615438,2022-12,3.27007806533972,1.21830612874745,FALSE,TRUE,1156,1151,673,670,1156,1151,FALSE,,,,FALSE
726593-04946,-1.08315678754008,1.84629720623406,2023-06,8.85744158318831,0.583400261644836,FALSE,FALSE,445,435,440,435,448,438,FALSE,2,30.8663768526888,1.42825091144117,TRUE
726605-00386,1.47250818705229,0.779707212035747,2024-03,5.31536150778225,0.359314190664051,FALSE,TRUE,1186,1183,1165,1161,1205,1200,FALSE,,,,FALSE
726664-94173,7.11263160664335,-1.17390985612781,2022-07,-3.19848342029865,0.73404154523846,FALSE,FALSE,2379,2378,2371,2373,2381,2384,FALSE,,,,FALSE
726665-24062,3.66193829799547,0.87091169841046,2023-02,3.04477174249302,0.80055778940285,FALSE,FALSE,1276,1283,1266,1276,1281,1287,FALSE,,,,FALSE
726776-24036,8.11855607532526,0.488869927031677,2023-02,2.35118127814501,0.588101383309759,FALSE,FALSE,1254,1253,1253,1251,1256,1255,FALSE,,,,FALSE
726798-24150,-2.07305087293385,-1.29391397643099,2022-07,-1.67083131347476,1.54882658230781,FALSE,FALSE,1421,1416,1414,1415,1427,1418,FALSE,,,,FALSE
726816-04110,4.16325914550767,1.0102125040089,2023-09,6.09998959135576,0.468412676006138,FALSE,FALSE,1221,1224,1216,1222,1223,1226,FALSE,,,,FALSE
726817-24154,13.1152567439416,1.45445490922087,2023-07,3.6551072539746,1.12549904315042,FALSE,FALSE,1839,1832,1820,1807,1845,1834,FALSE,,,,FALSE
726830-94185,3.1698793814614,-1.21149358641917,2022-07,-3.50929107930072,0.690449187053803,FALSE,FALSE,1257,1261,1255,1258,1262,1263,FALSE,,,,FALSE
726876-00387,0.819400826068801,1.03876023771804,2024-03,2.70861349231245,0.990199380064807,FALSE,TRUE,1118,1122,1027,1033,1126,1129,FALSE,,,,FALSE
726885-24152,-2.0806017591912,0.614122827614457,2023-09,2.68340051060001,0.640535267262474,FALSE,FALSE,1128,1136,1127,1130,1135,1146,FALSE,,,,FALSE
727440-14858,6.99437338601749,-0.832690004248736,2024-07,-3.64794249682041,0.456525838866439,FALSE,FALSE,315,321,305,320,320,323,FALSE,,,,FALSE
727454-04911,2.37701312393322,-0.593638521862269,2023-12,-4.80954670184259,0.349110509081076,FALSE,FALSE,549,545,544,544,549,547,FALSE,,,,FALSE
727686-94017,-2.15160526375915,0.383095643193741,2024-05,1.95362300555661,0.45286193312463,FALSE,FALSE,601,600,596,599,604,605,FALSE,,,,FALSE
727720-24144,3.82744157864002,2.22559640158274,2024-03,4.56134617478515,1.25981782108658,FALSE,FALSE,1178,1178,1174,1172,1180,1179,FALSE,,,,FALSE
727815-24237,0.0624980450506364,0.498681019944303,2023-09,2.64628298183265,0.486565067196369,FALSE,FALSE,1191,1188,1175,1176,1201,1203,FALSE,,,,FALSE
727925-94227,1.25955760022893,0.581197899394328,2024-02,2.22841879642951,0.638855809049254,FALSE,FALSE,74,79,63,78,80,84,FALSE,,,,FALSE
740035-03145,-1.05824482500407,1.09800852326447,2022-07,4.00608213952991,0.548170748887002,FALSE,TRUE,56,57,48,50,66,63,FALSE,,,,FALSE
747187-03104,7.5919110816007,2.46836891530584,2023-06,5.14192779473825,1.34356102988235,FALSE,FALSE,-41,-36,-42,-38,-38,-33,FALSE,,,,FALSE
749171-00479,-4.79123393980498,1.6214088258159,2022-07,3.82844296320333,0.847033032175166,FALSE,FALSE,1208,1218,1205,1212,1210,1221,FALSE,,,,FALSE
762430-99999,-30.8521357337785,-4.43981728341357,2023-03,-2.32152251413553,5.35260877162921,FALSE,FALSE,261,273,259,271,265,273,FALSE,,,,TRUE
763050-99999,-3.64706101411725,0.367755667028779,2023-11,2.01863487186664,0.509888135070729,FALSE,FALSE,12,4,10,0,13,12,FALSE,,,,FALSE
763230-99999,83.1762424721718,5.65018329688424,2022-08,15.8553447125085,0.755950059103141,FALSE,TRUE,1713,1714,1707,1707,1753,1761,TRUE,,,,TRUE
763900-99999,337.883281205371,-1.40285377848524,2022-07,-2.42194932764642,1.13405899211357,FALSE,FALSE,1420,1428,1417,1418,1425,1429,TRUE,,,,TRUE
764050-99999,-1.33123931667124,0.438715406037553,2024-01,2.57762782801653,0.476360757840094,FALSE,TRUE,6,11,6,0,89,94,FALSE,,,,FALSE
764230-99999,-5.71575917508815,-2.26920042855825,2023-09,-7.82520146982373,0.811616061368559,FALSE,TRUE,1864,1867,1859,1864,1880,1883,FALSE,,,,FALSE
764580-99999,-0.666165105759862,0.43832733534422,2023-09,1.81101291108574,0.677407986558209,FALSE,TRUE,6,7,6,0,48,61,FALSE,,,,FALSE
765930-99999,-1.71177720068839,1.29723515353368,2023-08,8.59340248831479,0.422500142269256,FALSE,TRUE,,0,,0,,0,FALSE,,,,FALSE
766250-99999,-34.1305975736902,-3.06547544472967,2022-07,-4.11651651254003,1.42594802183103,FALSE,FALSE,1910,1912,1907,1910,1916,1913,FALSE,,,,TRUE
766340-99999,10.2237202982131,0.810503978019047,2024-07,1.90953572417865,0.848901612843791,FALSE,TRUE,2161,2159,2149,2147,2219,2213,FALSE,,,,FALSE
766650-99999,-10.1343516542163,1.47725905210868,2024-04,3.29497579542802,1.08283635474803,FALSE,TRUE,1910,1913,1891,1892,1923,1932,FALSE,,,,FALSE
766750-99999,-7.5248528137259,0.407033334758435,2023-10,1.53257978639989,0.743327480164115,FALSE,TRUE,2691,2705,2682,2686,2753,2762,FALSE,,,,FALSE
766830-99999,-32.3365094817556,1.86022444435395,2024-07,4.25723172761144,0.873912703548155,FALSE,TRUE,2260,2260,2224,2227,2304,2306,FALSE,1,21.7705238157927,-64.8262235448437,TRUE
767370-99999,-2.46543291895588,5.688786359056,2024-05,2.77775379822069,4.655122306006,FALSE,TRUE,1229,1238,1204,1210,1268,1274,FALSE,,,,FALSE
767750-99999,-24.6265174320805,0.913613785349005,2024-05,1.85137208175144,1.12169337616107,FALSE,TRUE,1541,1542,1533,1533,1550,1549,FALSE,,,,TRUE
768450-99999,-4.54468102037962,-2.86067877281324,2023-11,-6.50878653792722,1.2169489361254,FALSE,TRUE,2132,2128,2125,2119,2374,2365,FALSE,,,,FALSE
768480-99999,1.43543977193823,-0.877408170410396,2022-12,-2.63955285308694,0.889876861251614,FALSE,TRUE,1629,1631,1562,1560,1669,1667,FALSE,,,,FALSE
780160-13601,-0.622452684009173,0.56829160093296,2022-07,2.40938077395751,0.471732494154104,FALSE,TRUE,9,4,2,-2,28,30,FALSE,,,,FALSE
783880-99999,9.15091339749347,0.57684531818227,2023-09,2.92914849897508,0.557009979282536,FALSE,FALSE,6,-1,6,-4,8,2,FALSE,,,,FALSE
785430-11640,4.38109995789414,0.729073240511499,2023-10,6.59977684584341,0.299152488740998,FALSE,FALSE,5,6,1,4,9,8,FALSE,,,,FALSE
787060-99999,15.3659865595582,1.45643979081624,2022-07,2.36880191742405,1.22968474493641,FALSE,FALSE,11,7,9,5,11,8,FALSE,,,,TRUE
787190-99999,564.637929119855,-1.43342298298595,2023-11,-7.69312793635849,0.527007022351844,FALSE,TRUE,1756,1757,1693,1705,1842,1851,TRUE,,,,TRUE
787200-99999,-11.6397371921071,0.561498452397878,2023-10,2.17836438209522,0.729059594583356,FALSE,FALSE,965,1003,963,988,996,1010,FALSE,,,,FALSE
787670-99999,-0.365257868061106,-0.715070802703977,2024-01,-4.09721687187714,0.493634024687432,FALSE,FALSE,10,1,9,-2,13,5,FALSE,,,,FALSE
789880-00412,-1.5418941142716,0.523322880392642,2022-09,3.49148949312721,0.346145227087211,FALSE,TRUE,,0,5,0,14,12,FALSE,,,,FALSE
800090-99999,1.21737039364493,-0.439006110680883,2023-04,-2.22203012247678,0.558811862548058,FALSE,FALSE,12,5,10,2,13,8,FALSE,,,,FALSE
800220-99999,2.01182243319782,-0.779668515782621,2023-02,-4.5761066008381,0.481902143176972,FALSE,FALSE,14,3,10,3,17,5,FALSE,,,,FALSE
800940-99999,10.5376131144853,-0.97017234424959,2023-03,-5.36457740922426,0.495272261986064,FALSE,FALSE,1195,1187,1182,1184,1206,1189,FALSE,,,,FALSE
801120-99999,-24.2250649053148,-14.2351399596532,2022-08,-38.2722676126279,0.803490853288396,TRUE,FALSE,2134,2122,2125,2116,2137,2127,FALSE,1,19.5527954078646,-9.69756740763414,TRUE
802100-99999,-16.0947560210468,-0.894740246295366,2024-04,-2.15165267213966,1.01859239836156,FALSE,FALSE,1333,1335,1327,1332,1342,1341,FALSE,,,,TRUE
802220-99999,-8.40922605476663,-1.88263443954938,2023-02,-9.1148465006523,0.584200108517651,FALSE,FALSE,2552,2549,2548,2538,2565,2553,FALSE,,,,FALSE
803980-99999,-1.51355565797872,-1.99948763394474,2023-01,-8.72268978408819,0.648355633346081,FALSE,FALSE,79,79,77,77,91,82,FALSE,,,,FALSE
804310-99999,16.1454345719849,-1.52735229381922,2023-02,-4.70358819066867,0.869297704411115,FALSE,FALSE,460,456,452,450,466,457,TRUE,1,48.186521270115,26.7690648090993,TRUE
810020-10502,-27.0826389592325,-0.756654190901337,2022-11,-5.33055550028074,0.366504526597599,FALSE,FALSE,18,31,13,27,30,32,FALSE,,,,TRUE
814050-99999,0.385066890911091,0.570573406679635,2023-12,3.71134462192283,0.434835744053163,FALSE,FALSE,4,5,1,4,5,8,FALSE,,,,FALSE
820220-99999,-2.0186731841033,-1.75283553418122,2023-03,-7.1242093246758,0.695904253251674,FALSE,FALSE,78,82,73,78,83,83,FALSE,,,,TRUE
821930-99999,-0.690794668029977,-1.07324282109372,2022-08,-4.83514361317942,0.479503746347017,FALSE,FALSE,13,7,11,1,18,13,FALSE,,,,FALSE
822810-99999,1.38995139401064,0.577728309231613,2023-05,3.61200426734221,0.45239769934348,FALSE,FALSE,27,43,25,41,46,45,FALSE,,,,FALSE
824440-99999,-6.32920568753992,-4.85397971134816,2022-08,-6.22636358528075,1.55917001789715,FALSE,FALSE,15,29,13,28,21,32,FALSE,,,,FALSE
825790-99999,5.34779242418907,-1.50037685686049,2024-07,-4.51008378636882,0.665343229939627,FALSE,FALSE,79,59,61,58,101,63,FALSE,,,,FALSE
828240-99999,1.70772521084735,-0.562910671494895,2023-11,-1.65273937726872,0.963341125626482,FALSE,FALSE,111,89,102,87,122,89,FALSE,,,,FALSE
828990-99999,2.81890467085488,-0.943670486087444,2024-07,-4.43424780310159,0.425628213843791,FALSE,FALSE,21,14,18,3,26,20,FALSE,,,,FALSE
829170-99999,-1.22782703008025,-0.64867689742998,2024-05,-2.98514635714533,0.501836408056634,FALSE,FALSE,189,189,184,183,191,191,FALSE,,,,FALSE
829930-99999,0.856844398454381,0.415838449379995,2023-08,2.80930343000807,0.41866917513264,FALSE,FALSE,95,116,90,115,97,120,FALSE,,,,FALSE
832080-99999,-24.9938714621188,-15.9774496009709,2023-09,-4.06424385714749,11.1191782343909,FALSE,FALSE,602,613,587,611,610,615,FALSE,,,,TRUE
832480-99999,1.00578794261682,-0.384899929799578,2022-08,-2.75560319672141,0.301741150882961,FALSE,FALSE,12,10,7,7,12,14,FALSE,,,,FALSE
838990-99999,3.43484512664669,-0.905328780605994,2024-02,-5.74613762875862,0.426659103189301,FALSE,FALSE,4,3,4,3,7,4,FALSE,,,,FALSE
842030-99999,6.10729280414825,0.855911134385382,2023-06,5.71693052771447,0.423458402569695,FALSE,FALSE,12,10,9,5,16,22,FALSE,,,,FALSE
843770-99999,3.05965131565302,-2.05590509282515,2023-04,-8.16445792921826,0.712230717686762,FALSE,FALSE,92,92,85,90,98,95,FALSE,,,,FALSE
844010-99999,-3.19862488898985,1.62095554547938,2023-02,5.52961877104974,0.829126712467967,FALSE,FALSE,30,28,23,24,36,37,FALSE,,,,FALSE
845150-99999,2.10221808391569,-1.67823508656912,2024-06,-3.10521354194575,1.16752103949341,FALSE,FALSE,143,153,128,152,162,157,FALSE,,,,FALSE
846280-99999,-13.0224397062836,-0.893832967143712,2023-12,-3.94249324297481,0.641254468543879,FALSE,FALSE,19,22,10,16,21,25,FALSE,,,,FALSE
846860-99999,-25.7638249986719,-0.361016238528908,2024-02,-0.957933732095583,1.02056808602338,FALSE,FALSE,3287,3285,3283,3282,3287,3286,TRUE,,,,TRUE
847520-99999,2.21730709356542,0.835507165240623,2023-07,1.61183852120459,1.46613391974296,FALSE,FALSE,2526,2527,2520,2524,2527,2530,TRUE,,,,FALSE
852010-99999,-53.4826550517999,0.831562872361871,2024-05,2.30017651649773,0.834897747651532,FALSE,FALSE,4032,4037,4025,4034,4032,4042,TRUE,,,,TRUE
852230-99999,10.7577625000154,-2.05953638695282,2024-07,-2.4083754816963,1.71031170397252,FALSE,FALSE,2552,2566,2545,2555,2555,2569,FALSE,,,,FALSE
853640-99999,6.04233713190204,1.84350871012299,2023-05,2.61000732258294,1.99778368255978,FALSE,FALSE,1848,1852,1846,1848,1851,1856,FALSE,,,,FALSE
854320-99999,-3.18838046404704,-1.94494857407145,2022-08,-3.88355331791631,1.08188784415078,FALSE,TRUE,2302,2308,2274,2282,2328,2336,FALSE,,,,FALSE
854420-99999,-2.27967507560676,-0.719744609100387,2024-07,-2.7878982979279,0.51633491052047,FALSE,FALSE,78,67,60,67,103,110,TRUE,,,,FALSE
854690-99999,-22.2798209426066,26.4682595050806,2024-06,34.5155253514111,1.65658714297568,TRUE,FALSE,40,59,37,57,50,63,FALSE,,,,TRUE
854880-99999,-11.5893633118084,7.56132982990701,2024-06,4.01132404656943,4.07205679004934,FALSE,FALSE,146,144,143,138,147,146,FALSE,,,,FALSE
855850-99999,1.55885034430516,1.93462827904831,2023-05,5.18407423101973,1.05553178000789,FALSE,TRUE,63,75,1,0,415,432,FALSE,,,,FALSE
856290-99999,-19.1922163936698,-0.490918118452309,2023-05,-1.25699063203233,1.10464317463915,FALSE,TRUE,216,231,211,218,239,239,FALSE,,,,TRUE
857660-99999,-1.94160618863515,0.486155275324091,2023-08,2.63111429876984,0.522613087621472,FALSE,FALSE,18,20,11,17,18,21,FALSE,,,,FALSE
858740-99999,-5.9527250309513,8.86135695614023,2024-06,6.24995149006568,3.06285879498744,FALSE,FALSE,513,515,510,512,518,515,FALSE,,,,FALSE
859340-99999,0.94345364483019,-3.78406132409415,2022-09,-7.60420541457823,1.14922136106813,FALSE,FALSE,25,38,17,37,36,39,FALSE,,,,FALSE
861340-99999,1.40289219776916,-1.42897556120731,2023-04,-3.90105370517507,1.03606705864019,FALSE,FALSE,68,76,66,73,79,77,FALSE,,,,FALSE
862100-99999,39.9995926619861,2.45242441573881,2023-10,2.10389407785126,3.29698334716064,FALSE,TRUE,305,304,264,266,305,304,FALSE,,,,TRUE
862970-99999,0.228529478341679,-2.23056768387839,2023-04,-10.3135028473022,0.611722150473269,FALSE,FALSE,191,188,186,187,196,194,FALSE,,,,FALSE
868910-99999,27.0093520316163,-1.74455232108988,2023-08,-12.4010293451172,0.39789754287231,FALSE,FALSE,7,5,5,3,8,6,FALSE,,,,TRUE
870470-99999,-17.3532970585058,-0.769958705062147,2023-04,-1.68406816301566,1.29316148488461,FALSE,FALSE,1230,1235,1227,1235,1235,1239,FALSE,,,,TRUE
870780-99999,1.04312838960165,-0.726515454938296,2024-03,-3.76054223091642,0.498825627610378,FALSE,FALSE,92,130,85,129,106,134,FALSE,,,,FALSE
872170-99999,2.20185541932622,-1.60400193489726,2023-02,-6.7540456977968,0.671716299208443,FALSE,FALSE,434,441,407,434,435,445,FALSE,,,,FALSE
872440-99999,0.593117034369354,0.56920076033134,2023-06,1.97853976787754,0.813702557858805,FALSE,TRUE,371,359,342,338,387,390,FALSE,,,,FALSE
873710-99999,3.57421020083397,-1.12393075360192,2023-06,-8.36416298894596,0.380068661266573,FALSE,FALSE,12,19,10,17,17,21,FALSE,1,32.719612348619,1.68712427104374,TRUE
875060-99999,-7.6484468659873,-1.66286256432635,2023-03,-5.56362004495259,0.845364267089475,FALSE,FALSE,1430,1432,1425,1429,1431,1432,FALSE,,,,FALSE
875090-99999,-2.68743138083714,3.66432609716994,2023-10,13.2841604347195,0.780198295412233,FALSE,FALSE,749,749,747,747,754,754,FALSE,,,,FALSE
875530-99999,4.00927091392233,2.99956216200186,2023-11,12.67019205651,0.669606501900598,FALSE,FALSE,8,3,6,1,9,10,FALSE,,,,FALSE
875960-99999,5.61191827127624,-2.11736512345794,2022-10,-8.00536220361008,0.647873765074387,FALSE,TRUE,9,16,6,11,15,18,FALSE,,,,FALSE
877150-99999,-4.13822190295287,-1.38807360847406,2022-11,-6.81629965160129,0.52579710827581,FALSE,FALSE,266,272,262,270,268,273,FALSE,,,,TRUE
877500-99999,2.74889839436146,-1.22767833275714,2022-09,-7.87658991925643,0.359952935552861,FALSE,FALSE,92,76,70,75,100,77,FALSE,,,,FALSE
877650-99999,-8.70447210236235,-1.8382688226206,2022-10,-4.52626671754794,0.994819993269558,FALSE,FALSE,841,844,838,839,845,844,FALSE,,,,FALSE
877840-99999,-17.0770545209494,-0.853581950983931,2023-09,-2.99325954819738,0.806577012277694,FALSE,FALSE,17,16,11,13,18,17,FALSE,,,,TRUE
877910-99999,0.825559247465074,-1.07233397885159,2023-03,-6.88866615145198,0.440291116725342,FALSE,FALSE,7,5,7,3,18,6,FALSE,,,,FALSE
878600-99999,-10.5873766863105,-1.24533908923876,2023-03,-5.01975849819897,0.70169727503293,FALSE,FALSE,37,46,31,45,42,49,FALSE,,,,FALSE
879380-99999,40.6303552101026,-1.47258606369456,2023-07,-5.0955722595821,0.817396389236662,FALSE,FALSE,19,30,17,27,24,30,FALSE,,,,TRUE
888890-99999,-0.495363624645221,-2.04264325034269,2023-09,-12.5438781367098,0.460580652369474,FALSE,FALSE,53,68,46,66,56,71,FALSE,,,,FALSE
889030-99999,8.71971441653155,-3.52980738768443,2023-04,-4.71042997948658,2.11950989695941,FALSE,TRUE,,0,32,0,324,327,FALSE,,,,FALSE
890020-99999,-8.39170091842886,-3.39625911454,2024-01,-7.55990235370239,1.27066077745395,FALSE,TRUE,,,,,,,,,,,FALSE
890040-99999,43.8790062510954,5.87182073038828,2023-01,9.50056546367377,1.74810826671101,FALSE,TRUE,833,,781,,921,,FALSE,,,,TRUE
890130-99999,32.3286946918021,-2.43999063759072,2022-10,-3.59821195214485,1.6377960339174,FALSE,TRUE,2980,,2265,,3947,,TRUE,,,,TRUE
890220-99999,-9.20502641367092,-3.01382294719238,2022-12,-4.63068494967896,1.76247600760528,FALSE,FALSE,,,,,,,,,,,FALSE
890340-99999,-4.90496783527674,-2.59430248977262,2022-09,-4.13775639201926,1.44795497745443,FALSE,TRUE,134,,14,,258,,FALSE,,,,FALSE
890590-99999,2.41215728213557,-2.55816596106403,2022-09,-3.0719590779432,1.92314776177415,FALSE,TRUE,,,,,,,,,,,FALSE
890650-99999,-4.17333978319879,-3.30734947618939,2023-08,-5.91129490869479,1.58249539465705,FALSE,TRUE,35,,32,,514,,FALSE,,,,FALSE
890660-99999,1.2014239312583,-4.34412427701632,2022-07,-5.71694383927374,1.51973655825459,FALSE,TRUE,,,14,,24,,FALSE,,,,FALSE
892570-99999,14.7544085448895,-3.47029286833443,2022-09,-5.75315897413011,1.3930256616993,FALSE,TRUE,,,,,,,,,,,FALSE
892620-99999,-20.2352316122115,-3.27113242114716,2023-12,-3.57767287600504,2.55900303438865,FALSE,TRUE,,,,,,,,,,,TRUE
892720-99999,-4.32292965789251,-2.86199114278021,2022-10,-5.04779003045547,1.36938447796144,FALSE,TRUE,1573,,1526,,1594,,FALSE,,,,FALSE
895040-99999,3.04146452508088,-3.34180379587106,2024-07,-2.75756512100991,2.37270345979278,FALSE,TRUE,1269,,1264,,1511,,FALSE,,,,FALSE
895320-99999,5.8955611960659,0.577782041726316,2023-05,1.4731415907386,1.10933966516456,FALSE,TRUE,,,8,,15,,FALSE,,,,FALSE
895640-99999,0.248649497577103,-1.59451264941621,2022-07,-2.75914692933799,1.15580118801341,FALSE,TRUE,,,11,,53,,FALSE,,,,FALSE
895710-99999,-3.47851087434334,-1.51526378812945,2022-11,-4.91961243011813,0.79526473543711,FALSE,TRUE,,,,,,,,,,,FALSE
895770-99999,6.69832428965951,-2.56672458690264,2024-07,-2.06276329253673,2.48862736329397,FALSE,FALSE,2763,,2755,,2771,,TRUE,,,,FALSE
896110-99999,-0.0724988530295282,-0.774656195716897,2023-12,-1.79063093459296,1.22362378198075,FALSE,TRUE,19,,6,,49,,FALSE,,,,FALSE
896420-99999,2.55060794497255,-0.952285716063998,2024-02,-2.04825924249208,1.2590212490351,FALSE,TRUE,,,1,,40,,FALSE,,,,FALSE
896590-99999,51.7771147762564,-9.08079884095061,2022-07,-3.52850467289668,5.14710886495488,FALSE,TRUE,1992,,1972,,2031,,TRUE,,,,TRUE
896610-99999,-33.2107564933712,-3.67065749718583,2022-12,-4.44373704691835,2.23689822046534,FALSE,TRUE,1958,,1564,,2096,,TRUE,,,,TRUE
896660-99999,-7.49393523736442,-3.66034340765423,2022-12,-5.39492219110268,1.83733081865889,FALSE,TRUE,153,,73,,154,,FALSE,,,,FALSE
897670-99999,0.372028241530935,-2.88544001519611,2022-07,-4.0738067268549,1.41658169307593,FALSE,TRUE,,,,,,,,,,,FALSE
898280-99999,-6.0506566677634,-3.99253513106059,2023-08,-5.23825501638261,2.15579322233766,FALSE,TRUE,3273,,3251,,3273,,FALSE,,,,FALSE
898790-99999,51.6999223533461,,,,,FALSE,TRUE,,,,,,,,,,,TRUE
911905-22524,-3.01068792426461,0.57345697473268,2023-05,2.70718414322072,0.592865727736059,FALSE,FALSE,397,377,395,377,405,398,FALSE,,,,FALSE
911977-21508,-10.8537495699926,-4.78215812891079,2023-02,-7.59285079898933,1.76275668508713,FALSE,FALSE,1877,1870,1877,1866,1884,1875,TRUE,,,,FALSE
912120-41415,-3.66338866839365,-0.483344732552275,2024-02,-2.98384451923394,0.438663514427053,FALSE,TRUE,87,86,36,32,108,105,FALSE,,,,FALSE
912210-41419,20.0485805497558,-3.24520420430672,2024-07,-2.46928965371954,2.6284516273078,FALSE,FALSE,173,179,169,178,180,183,FALSE,,,,TRUE
912320-41418,0.323834766274416,-0.711577716318459,2023-12,-5.06488074669283,0.397372774376624,FALSE,TRUE,57,65,13,22,64,68,FALSE,,,,FALSE
912850-21504,8.5991535779018,0.757418277771542,2022-08,3.40912956280597,0.479949634067476,FALSE,FALSE,11,12,10,9,12,13,FALSE,,,,FALSE
913340-40505,5.46475734106186,-1.44030143578595,2023-09,-8.13448828385261,0.500804415303486,FALSE,TRUE,,3,8,0,168,156,FALSE,,,,FALSE
913560-00493,6.00704099018772,1.48546618700158,2023-05,6.67137430597224,0.629785208191262,FALSE,FALSE,8,8,6,0,11,8,FALSE,,,,FALSE
914130-40308,9.07167402846665,-1.20355353179633,2024-02,-4.8850268250939,0.667189452206721,FALSE,TRUE,13,15,6,0,20,24,FALSE,,,,FALSE
915960-99999,6.89912776417256,-0.414113620862158,2023-07,-3.23665990005974,0.361882383117166,FALSE,FALSE,92,89,88,87,101,91,FALSE,,,,FALSE
916600-99999,36.294652064176,1.95764647101032,2022-12,3.67504872919543,1.06537170811278,FALSE,FALSE,8,3,5,2,12,7,TRUE,,,,TRUE
916910-99999,-1.3804333031597,-1.07907507294794,2024-03,-7.33644344787906,0.379769826849197,FALSE,TRUE,28,50,6,0,130,152,FALSE,,,,FALSE
917530-99999,8.06603040625625,0.482752229085128,2023-06,3.60294555854453,0.378975889890395,FALSE,FALSE,33,17,29,16,39,22,FALSE,,,,FALSE
919250-99999,2.11922551176034,0.759901953392492,2024-02,3.88387674889785,0.529837672704245,FALSE,TRUE,53,63,8,0,263,264,FALSE,,,,FALSE
919290-99999,1.04935523984242,0.859409873551708,2023-04,7.37233216030999,0.329716315647685,FALSE,TRUE,,0,5,0,9,8,FALSE,,,,FALSE
919380-99999,4.4609641989398,0.879279576070882,2023-09,4.10395042412638,0.605996161301979,FALSE,FALSE,5,-1,3,-5,6,2,FALSE,,,,FALSE
919440-99999,3.9898047673741,0.295664872321999,2023-04,1.45015783595166,0.576672775871576,FALSE,FALSE,4,7,3,3,4,7,FALSE,,,,TRUE
919480-99999,0.569421743705879,0.46116469547698,2023-08,2.63693847390574,0.494653457625206,FALSE,TRUE,,24,14,0,301,320,FALSE,,,,FALSE
919540-99999,2.31035497217407,0.556619598647562,2023-03,2.83852296222124,0.554639857395452,FALSE,FALSE,7,5,1,5,9,11,FALSE,,,,FALSE
919580-99999,1.33198446016001,0.70039613513249,2023-03,3.79807242052992,0.521585480036669,FALSE,TRUE,,0,10,0,194,224,FALSE,,,,FALSE
920350-99999,18.1284979032823,2.9036233803992,2023-01,13.5196482676899,0.429541260675912,FALSE,FALSE,53,39,46,38,55,41,FALSE,,,,TRUE
930040-99999,1.03255492348288,-0.96466923622803,2023-09,-4.53143861415979,0.434546950854145,FALSE,TRUE,180,202,9,0,180,202,FALSE,,,,FALSE
931190-99999,3.87729342175535,-0.47203778872724,2023-01,-4.42120391563995,0.301982109628183,FALSE,FALSE,13,10,5,6,18,14,FALSE,,,,FALSE
932450-99999,8.65819952311197,-1.13060815061778,2024-06,-4.70941656783013,0.518618966215616,FALSE,TRUE,367,374,347,356,401,404,FALSE,,,,FALSE
934980-99999,3.90903659213146,-0.737612940256525,2022-12,-1.77996899287738,1.12219105658194,FALSE,TRUE,100,111,20,8,156,152,FALSE,,,,TRUE
936780-99999,13.6616536448993,-1.56448984785449,2024-05,-4.7381576281362,0.762539962317407,FALSE,TRUE,69,73,7,0,71,87,FALSE,,,,FALSE
938050-99999,0.759352637744263,-3.2307291146415,2023-07,-9.89826098403064,0.883878068570764,FALSE,TRUE,,0,,0,,3,TRUE,,,,FALSE
938910-99999,3.20747876206433,-1.75661308978912,2023-08,-10.4681901858318,0.474623790993819,FALSE,TRUE,8,1,7,-1,19,3,FALSE,,,,FALSE
939290-99999,2.4556805551899,-3.82702739945953,2024-01,-16.0723017341913,0.673485869217527,FALSE,TRUE,,0,3,0,35,35,FALSE,,,,FALSE
941220-99999,-0.0116773791802048,-0.4211391912517,2022-10,-3.95019325393219,0.261145737168217,FALSE,TRUE,,0,14,0,21,17,FALSE,,,,FALSE
941820-99999,1.38051480926397,-0.560406558273935,2023-06,-5.53348221260755,0.286450565738915,FALSE,TRUE,4,7,4,0,9,7,FALSE,,,,FALSE
941880-99999,-2.71904978570953,-0.46839113021895,2023-10,-5.10135690841283,0.259697606242177,FALSE,TRUE,31,36,12,0,159,145,FALSE,,,,FALSE
942030-99999,-10.0025460718066,-0.364879750908396,2023-03,-2.54498622162589,0.388253196849666,FALSE,FALSE,8,14,8,13,13,15,FALSE,,,,FALSE
942380-99999,-1.05880570984369,-0.451742038384897,2024-07,-2.42554244858802,0.372487431541649,FALSE,TRUE,368,364,356,363,383,381,FALSE,,,,FALSE
942480-99999,0.410317285790082,-0.226411576830662,2022-08,-3.16722199120338,0.154427099903583,FALSE,TRUE,,0,6,0,9,10,FALSE,,,,FALSE
942680-99999,-1.3763680101569,0.26332019718243,2024-03,2.45384374301469,0.277071361019014,FALSE,TRUE,18,13,13,8,28,18,FALSE,,,,FALSE
942890-99999,0.172137467675508,-0.381654817305716,2023-11,-3.66589241097321,0.294466589997649,FALSE,TRUE,,,,,,,,,,,TRUE
942980-99999,-2.21110135228437,-1.2506149386197,2023-02,-10.0711618596262,0.351227918318456,FALSE,TRUE,,,,,,,,,,,FALSE
943020-99999,-1.25821065269038,,,,,FALSE,FALSE,6,4,6,2,9,7,FALSE,,,,FALSE
943170-99999,-0.616112540363806,-0.332474561923464,2023-05,-2.91603793088393,0.322485540833613,FALSE,TRUE,512,527,505,521,519,528,FALSE,,,,FALSE
943210-99999,0.231729793016563,-0.301431972733178,2023-08,-2.77636292550876,0.307084625036203,FALSE,TRUE,445,452,435,448,455,457,FALSE,,,,FALSE
943260-99999,2.32454795191999,-0.266043735828892,2023-10,-2.40549056106608,0.312819900841248,FALSE,FALSE,528,543,526,541,532,545,FALSE,,,,FALSE
943320-99999,-1.13032106830217,0.341729408562768,2022-07,2.05073062339381,0.333275764904929,FALSE,FALSE,334,340,329,336,340,342,FALSE,,,,FALSE
943430-99999,2.26008090974814,-0.594521354739609,2023-02,-4.80024344349409,0.350307301240196,FALSE,TRUE,309,320,304,316,321,325,FALSE,,,,FALSE
943880-99999,-1.13727038165278,-0.292075169615683,2024-01,-3.59973576459902,0.22949277008888,FALSE,TRUE,,0,8,0,10,5,FALSE,,,,FALSE
943940-99999,2.0878894461898,-0.483441981548621,2023-10,-4.9577656529653,0.275805778160434,FALSE,TRUE,,0,,0,,9,FALSE,,,,FALSE
944030-99999,-6.89809509866531,-0.428981592244862,2022-12,-3.65476918297078,0.317855269448809,FALSE,FALSE,33,37,18,33,41,37,FALSE,,,,FALSE
944290-99999,0.582218105755574,-0.268070733910278,2023-08,-2.88349994239497,0.260197284633209,FALSE,TRUE,404,412,394,403,417,422,FALSE,,,,FALSE
944490-99999,-2.80815533901824,-0.371671439637989,2022-12,-2.79881099981011,0.35961378477387,FALSE,TRUE,467,463,446,459,467,467,FALSE,,,,FALSE
944570-99999,-2.64251716418774,-0.403392725542797,2023-01,-3.77949034635193,0.301883805035204,FALSE,TRUE,449,459,436,455,466,464,FALSE,,,,FALSE
944740-99999,-1.16287701522495,1.15282190115147,2022-09,8.27002986509396,0.3219248519364,FALSE,TRUE,712,705,694,694,778,765,FALSE,,,,FALSE
944760-99999,0.846815929536675,-1.32929987544825,2023-05,-10.4213897977138,0.36077988613998,FALSE,TRUE,117,119,106,109,136,125,FALSE,,,,FALSE
945150-99999,4.1429438219276,-0.170053616887759,2023-12,-1.61721710784192,0.297414775254499,FALSE,TRUE,292,305,287,302,300,311,FALSE,,,,FALSE
945880-99999,-1.99261358364786,-0.357778818940398,2024-01,-4.19594673804249,0.241173537065149,FALSE,TRUE,1045,1039,1028,1031,1061,1063,FALSE,,,,FALSE
945956-99999,-3.24373097070211,0.53363512907896,2022-08,2.42587340335737,0.439952990407841,FALSE,FALSE,286,301,282,295,288,301,FALSE,,,,FALSE
945960-99999,0.776371655651041,-0.389616844348841,2023-06,-4.6814307994972,0.235398727015817,FALSE,TRUE,8,12,6,0,28,29,FALSE,,,,FALSE
946050-99999,-0.96300544062065,-0.338529805266315,2022-12,-5.17329531906378,0.177206787903175,FALSE,TRUE,,0,2,0,13,13,FALSE,,,,FALSE
946380-99999,-1.30983386708381,-0.614408052308414,2023-05,-5.41274811428142,0.321058428014861,FALSE,FALSE,7,11,5,9,10,13,FALSE,,,,FALSE
946470-99999,-8.98113833899453,-0.49941388511796,2023-05,-6.35609393110036,0.222236454409662,FALSE,FALSE,55,69,46,58,76,82,TRUE,,,,FALSE
946510-99999,-2.78270636593936,-0.643958044576457,2022-08,-5.90177279032224,0.235710254970463,FALSE,TRUE,53,63,46,57,58,65,FALSE,,,,FALSE
947290-99999,-2.15926253726355,-0.425082247516619,2022-08,-1.47544944993545,0.622374834500353,FALSE,TRUE,734,735,708,714,756,763,FALSE,,,,TRUE
948300-99999,-0.276382838057921,-0.516039392946808,2022-11,-4.99487805590901,0.266754857342391,FALSE,TRUE,,0,4,0,6,8,FALSE,,,,FALSE
949050-99999,-0.249730227972661,5.40022060836954,2024-02,11.9127305248342,1.22758308921263,FALSE,TRUE,1287,1294,1197,1228,1318,1332,FALSE,,,,FALSE
949950-99999,0.618673798254444,-0.542939098502202,2023-06,-3.5974666709312,0.426873634632274,FALSE,FALSE,6,4,5,1,13,7,FALSE,,,,FALSE
949960-99999,2.78840537007142,-0.699164833782066,2023-06,-6.73328074004792,0.293695875292403,FALSE,FALSE,91,109,89,108,106,113,FALSE,,,,FALSE
949980-99999,1.16567527783227,-0.615499156434871,2023-02,-3.89010262240616,0.447518916157021,FALSE,FALSE,10,5,3,1,10,6,FALSE,,,,FALSE
951010-99999,1.22427847673032,1.07200739113031,2024-07,4.69773838325421,0.456392971967805,FALSE,TRUE,39,47,25,33,52,56,FALSE,,,,FALSE
951460-99999,-0.439049205774046,-0.555974230439595,2023-03,-8.45871245360965,0.185906850795499,FALSE,TRUE,,0,8,0,33,32,FALSE,,,,FALSE
952140-99999,0.478131815341284,0.318948080782081,2022-07,1.82211040194642,0.350086449691933,FALSE,TRUE,6,13,2,0,31,38,FALSE,,,,FALSE
953510-99999,-1.2719383119355,-0.282356342079253,2023-11,-2.79109658356545,0.286132820155181,FALSE,TRUE,268,283,263,280,277,286,FALSE,,,,FALSE
954850-99999,-2.63992820010061,-0.213176066803583,2023-02,-3.5240148607566,0.171098305063478,FALSE,FALSE,166,176,154,173,168,176,FALSE,,,,FALSE
956630-99999,3.25005357978523,-0.213596537085856,2024-04,-1.84564137191383,0.283480059911791,FALSE,TRUE,60,61,37,60,60,68,FALSE,,,,FALSE
956870-99999,1.04930661516636,-0.34652147065341,2023-01,-4.44608736280949,0.220443425179057,FALSE,TRUE,23,36,7,22,39,46,FALSE,,,,FALSE
957730-99999,-2.64296861166685,-0.674347970096388,2023-06,-5.94299212659222,0.320940033153275,FALSE,TRUE,1079,1089,1055,1064,1084,1089,FALSE,,,,FALSE
958050-99999,0.606454519318535,-0.628442732020176,2024-05,-3.58438984198087,0.404901918036458,FALSE,TRUE,128,145,10,0,157,172,FALSE,,,,TRUE
959090-99999,582.770741770862,0.898243730169237,2023-03,1.16767371921237,2.17579353653483,FALSE,TRUE,1862,1859,1439,1446,2099,2096,TRUE,1,32.5856553425727,5.83337502640577,TRUE
959400-99999,0.114888426916649,-0.670025987387631,2023-06,-3.62295369945341,0.523086915876937,FALSE,TRUE,10,16,7,0,68,80,FALSE,,,,FALSE
959590-99999,-0.691939797485464,-0.694694846960624,2022-11,-4.24923355303544,0.422121862589018,FALSE,TRUE,1052,1056,1012,1023,1090,1090,FALSE,,,,FALSE
960750-99999,5.84263471330059,-2.59038269884544,2024-07,-6.20663324969969,0.83471427894367,FALSE,FALSE,7,8,7,6,10,9,FALSE,,,,FALSE
961450-99999,1.42729797647981,-0.687748628544218,2022-11,-3.41536107851332,0.519933114634389,FALSE,TRUE,362,379,10,0,455,453,FALSE,,,,FALSE
961790-99999,3.73050731407904,-0.893595603771089,2022-11,-4.51776191931195,0.510707285814164,FALSE,FALSE,25,29,22,24,31,33,FALSE,,,,FALSE
964710-99999,0.67340151474593,1.97567742904534,2022-08,10.7162721695974,0.398268257179489,FALSE,FALSE,14,8,9,5,17,12,FALSE,,,,FALSE
965250-99999,-43.5575198782664,-0.354268404686939,2023-10,-1.7604386536258,0.569189027515007,FALSE,TRUE,23,6,2,2,45,13,FALSE,,,,TRUE
965650-99999,33.0302093976001,-0.739165578688472,2022-12,-2.17726409417275,0.908843753347511,FALSE,TRUE,27,32,14,29,55,46,FALSE,,,,TRUE
965810-99999,2.86137696957769,-0.75778938544532,2023-07,-5.55971267719463,0.385514895658205,FALSE,FALSE,32,3,19,0,40,4,FALSE,,,,FALSE
966330-99999,4.84370749713476,1.62235060044049,2023-11,6.20457903692328,0.739566764614796,FALSE,FALSE,5,7,5,5,7,8,FALSE,,,,FALSE
966450-99999,2.23123315730625,-0.938556760485628,2023-05,-4.467421131879,0.594221883522076,FALSE,FALSE,16,26,11,25,19,30,FALSE,,,,FALSE
967490-99999,0.250099034169893,-1.17018534715251,2022-11,-4.72025025145483,0.640094362242874,FALSE,FALSE,15,11,10,7,18,12,FALSE,,,,FALSE
969370-99999,1.82225267050037,-1.00577488627517,2023-07,-6.56048070094652,0.433620812163774,FALSE,TRUE,,0,,0,,0,FALSE,,,,FALSE
969950-99999,-20.9993192167724,-1.10186494185175,2023-08,-7.47124745586326,0.417138464192428,FALSE,FALSE,263,260,261,259,285,265,FALSE,,,,TRUE
969960-99999,0.670264877562585,-1.26094447022544,2023-07,-10.7652220512352,0.331297350431812,FALSE,FALSE,20,6,3,5,41,10,FALSE,,,,TRUE
970140-99999,3.17196820732008,-0.653654342802077,2023-04,-3.79738177080589,0.460810633630047,FALSE,FALSE,87,87,79,85,93,89,FALSE,1,31.3444001433353,1.2575822484738,TRUE
970160-99999,2.40610063289343,-1.56311921694946,2022-11,-2.95553221297583,1.36555996441817,FALSE,TRUE,,0,5,0,110,114,FALSE,1,31.3444001433353,3.02929569396801,TRUE
972400-99999,-0.449728147874693,2.00519383028167,2024-07,5.90970322854995,0.678610668838502,FALSE,TRUE,111,97,90,90,122,98,FALSE,,,,FALSE
972840-99999,-37.4852697904303,10.0674075400381,2022-08,24.8308329787268,0.875850034619993,TRUE,TRUE,1475,1482,1258,1265,1950,1939,TRUE,,,,TRUE
973720-99999,-4.239302564989,-0.313632367971037,2023-04,-2.20666603087727,0.40200296934602,FALSE,FALSE,94,102,89,102,96,108,FALSE,,,,FALSE
974600-99999,19.3210193883256,0.285755559695633,2023-05,1.6797871288613,0.481155476312078,FALSE,TRUE,,0,,0,,0,FALSE,,,,TRUE
975600-99999,-0.117440558033537,-0.849014623844376,2023-04,-6.90581868562713,0.347732267628967,FALSE,FALSE,16,13,14,12,19,16,FALSE,,,,FALSE
976000-99999,4.25509813794152,-0.585268505360204,2023-03,-2.86917526351052,0.576956499267682,FALSE,FALSE,7,7,7,6,10,9,FALSE,,,,FALSE
976300-99999,3.36856548747339,-2.68627407543022,2024-06,-1.43410321944955,3.74627717028804,FALSE,TRUE,318,307,248,252,436,429,TRUE,,,,FALSE
976900-99999,3.61305073077758,-0.809742168898673,2024-07,-3.93715105134277,0.411334062797773,FALSE,FALSE,80,83,78,83,85,88,FALSE,,,,FALSE
979000-99999,2.35212736329262,-0.571704165409705,2022-12,-4.35283442803764,0.355672200314823,FALSE,TRUE,30,30,9,0,73,70,FALSE,,,,FALSE
979800-99999,2.57568003212697,-1.28328793074034,2023-04,-7.68445255447387,0.472341571040372,FALSE,FALSE,13,5,13,2,29,8,FALSE,,,,FALSE
983240-99999,3.17117857981707,-0.705672382552533,2022-07,-2.95838418988507,0.477066085578255,FALSE,TRUE,11,11,5,0,23,21,FALSE,,,,FALSE
983280-99999,206.87073678023,-1.41754717600213,2024-04,-5.88334008528846,0.590186393645853,FALSE,FALSE,1286,1288,1282,1286,1289,1291,FALSE,,,,TRUE
984400-99999,1.74967381126482,-0.56767150809597,2022-07,-2.81448450857997,0.40339288162036,FALSE,FALSE,13,1,10,-1,14,4,FALSE,,,,FALSE
985580-99999,51.5395834808892,-0.992510127176271,2023-10,-5.98411430185893,0.469115799545908,FALSE,FALSE,9,6,6,3,13,6,FALSE,,,,TRUE
987410-99999,2.49551596257012,-1.02521448826644,2023-08,-5.11556430726246,0.566847427404809,FALSE,FALSE,,0,,0,,0,FALSE,,,,FALSE
987510-99999,-19.9266255201513,-3.1360213389584,2023-07,-4.11453969254536,2.15577160063939,FALSE,TRUE,604,603,583,585,682,702,FALSE,,,,TRUE
999999-40504,5.19039120661664,-0.920273150726913,2023-11,-5.11606906721853,0.508774511737931,FALSE,TRUE,,0,9,0,49,60,FALSE,,,,FALSE
A00017-04868,0.185808359878199,0.283989810961127,2023-07,2.45372860062079,0.327356694734199,FALSE,FALSE,164,166,159,165,170,168,FALSE,,,,FALSE
A00032-25715,-8.66358521881518,-1.42459925945899,2022-11,-4.45878159940325,0.690207866122979,FALSE,FALSE,8,12,6,11,9,12,FALSE,,,,TRUE
