id,name,lat,lon,elev,tier,land,z_sl,z_land,sdor,lsm,dem,koppen,koppen_main,dz_sl,dz_land,dem_diff,abs_lat,terrain,elev_class,lat_band,climate,trusted,n,bias_sl,sd_sl,mae_sl,rmse_sl,p95_sl,bias_land,sd_land,mae_land,rmse_land,p95_land,consistent,step,step_at,step_t,step_resid_sd,step_flag,minute_coord,dem_aster_centre,dem_srtm_centre,dem_aster_lo,dem_srtm_lo,dem_aster_hi,dem_srtm_hi,dem_refutes,nb_n,nb_km_min,nb_bias_median,nb_tested,reference
010010-99999,JAN MAYEN(NOR-NAVY),70.933,-8.667,9,A,TRUE,42.3276333055886,21.9673161834062,0,0.208576321601868,-5,ET,E,-33.3276333055886,-12.9673161834062,14,70.933,flat (<20 m),<200 m,polar (>66.5),E polar,TRUE,18606,-0.309146373579212,3.73241277202228,2.81678689866689,3.74509383716699,7.64679304829444,0.31085441480263,5.00859149113423,3.80187305627866,5.01809435125729,9.96807942854145,TRUE,-0.591874445303434,2024-07,-1.32432390410535,0.875031452955988,FALSE,TRUE,,,9,,201,,FALSE,,,,FALSE,TRUE
010080-99999,LONGYEAR,78.246,15.466,26.8,A,FALSE,188.87718450299,288.317191013241,86.2108154296875,0.438139319419861,21,ET,E,-162.07718450299,-261.517191013241,5.8,78.246,hilly (50-150 m),<200 m,polar (>66.5),E polar,TRUE,9360,3.78221141659437,3.07766346289265,3.9724391289552,4.87607666300535,9.14696384025632,,,,,,TRUE,0.538196257736473,2023-10,1.49707449385611,0.973526943165082,FALSE,FALSE,,,,,,,,,,,FALSE,TRUE
010550-99999,FRUHOLMEN FYR,71.1,23.983,14.2,A,FALSE,-1.64205180604488,3.20453786461228,0,0.127131938934326,-23,Climate Zone info missing,"",15.8420518060449,10.9954621353877,37.2,71.1,flat (<20 m),<200 m,polar (>66.5),,FALSE,6566,3.4076127139305,7.06513149736397,5.12300560405769,7.84348808104001,16.6181132610966,,,,,,TRUE,11.8672721930114,2024-06,16.1731982421433,1.52744662253815,TRUE,TRUE,,,,,,,,,,,FALSE,FALSE
010620-99999,HOPEN ISLAND,76.5,25.067,10,A,FALSE,0.0309201058720358,0.349332468274079,0,0.0382192134857178,-5,Climate Zone info missing,"",9.96907989412796,9.65066753172592,15,76.5,flat (<20 m),<200 m,polar (>66.5),,TRUE,12359,-0.429816600906968,2.64422274075198,2.03890011190363,2.6788225918352,5.41309372935012,,,,,,TRUE,-0.380257306835484,2024-06,-1.16700849775685,0.67828872558297,FALSE,TRUE,,,,,,,,,,,FALSE,TRUE
010980-99999,VARDO,70.367,31.1,15,A,FALSE,19.5230345129326,27.0658972482958,0,0.0835705995559692,8,Climate Zone info missing,"",-4.52303451293255,-12.0658972482958,7,70.367,flat (<20 m),<200 m,polar (>66.5),,TRUE,9004,3.44924113590575,3.54501927445411,3.77548172403091,4.94601155871125,9.80087998954262,,,,,,TRUE,0.56035109671554,2024-07,1.57019055311058,0.698708712900831,FALSE,TRUE,,,,,,,,,,,FALSE,TRUE
011410-99999,LEKNES,68.15,13.617,26,A,FALSE,27.5604695697562,31.9605350705899,0,0.208610653877258,16,Dfc,D,-1.56046956975624,-5.96053507058986,10,68.15,flat (<20 m),<200 m,polar (>66.5),D continental,TRUE,19952,-3.60436591704933,3.09099703166425,3.88740758952998,4.74818254191452,8.9091688505014,,,,,,TRUE,-0.633392044549776,2024-07,-1.54327126423568,0.803560587164521,FALSE,TRUE,23,,6,,55,,FALSE,1,42.7494830321183,1.2133636954222,TRUE,TRUE
013000-99999,GULLFAKS C,61.2,2.267,78,A,FALSE,0.820005190992847,-0.262497259512678,0,0,-181,Climate Zone info missing,"",77.1799948090072,78.2624972595127,259,61.2,flat (<20 m),<200 m,mid-latitude (45-66.5),,FALSE,20676,-1.77400328757746,4.67941175159495,3.65679642304625,5.00429045484323,10.0878914268979,,,,,,TRUE,-1.11287466803258,2022-12,-3.03092550453742,0.734346434029187,FALSE,TRUE,,,,,,,,,,,FALSE,TRUE
014030-99999,UTSIRA FYR,59.3,4.867,56.3,A,TRUE,1.0410764793533,2.79665137942111,0,0.0171431303024292,15,Climate Zone info missing,"",55.2589235206467,53.5033486205789,41.3,59.3,flat (<20 m),<200 m,mid-latitude (45-66.5),,FALSE,9910,-0.572654705993177,2.07594753028577,1.6687681376763,2.15338261606109,4.30198774395707,,,,,,TRUE,0.690353547845102,2023-03,4.6422862507762,0.321249925297185,FALSE,TRUE,8,15,7,0,34,48,FALSE,,,,FALSE,TRUE
014410-99999,HOVDEN-LUNDANE,59.583,7.383,836,A,FALSE,992.162216216165,1105.31382085116,153.743103027344,0.947374105453491,866,Dfc,D,-156.162216216165,-269.313820851157,-30,59.583,rough (150-300 m),500-1000 m,mid-latitude (45-66.5),D continental,FALSE,17863,0.547773755986692,4.27456401962323,3.32471135114246,4.3094002778635,8.49751047560744,,,,,,TRUE,1.7834794105989,2022-11,3.38161221781144,1.13932515582969,FALSE,TRUE,868,866,837,835,922,924,FALSE,,,,FALSE,TRUE
028350-99999,INARI NELLIM,68.85,28.3,123,A,FALSE,189.219745418288,191.444150780338,35.7425537109375,0.925514936447144,120,Dfc,D,-66.2197454182876,-68.4441507803379,3,68.85,gentle (20-50 m),<200 m,polar (>66.5),D continental,TRUE,25307,2.33401419176228,2.44142122759826,2.7460127208086,3.37756189117378,6.40896231364962,,,,,,TRUE,0.230719086875578,2024-06,0.96358041085971,0.517248157449225,FALSE,TRUE,113,,107,,145,,FALSE,,,,FALSE,TRUE
029130-99999,KAUHAVA,63.127,23.051,46,A,FALSE,54.0611413078115,59.6968160635895,10.2718505859375,0.982696771621704,43,Dfc,D,-8.06114130781154,-13.6968160635895,3,63.127,flat (<20 m),<200 m,mid-latitude (45-66.5),D continental,TRUE,25306,-4.31718414230616,2.25788030033645,4.38807608350305,4.87195042196654,7.94025768919391,,,,,,TRUE,-0.90188487121088,2024-07,-3.33677033840676,0.540573536530244,FALSE,FALSE,24,,16,,27,,TRUE,,,,FALSE,TRUE
029920-99999,LOVIISA ORRENGRUND,60.283,26.45,3.5,A,FALSE,0.632393340870736,-0.466440502108263,0,0.065392017364502,-7,Dfb,D,2.86760665912926,3.96644050210826,10.5,60.283,flat (<20 m),<200 m,mid-latitude (45-66.5),D continental,TRUE,25412,0.0404071467103561,1.73271274827153,1.30000825702391,1.73314975141045,3.43071171819043,,,,,,TRUE,0.278163109163889,2024-07,2.30669061579567,0.241179382496373,FALSE,TRUE,,,6,,8,,FALSE,2,30.549466953838,0.281921080849132,TRUE,TRUE
030020-99999,BALTASOUND NO.2,60.75,-0.85,15,A,FALSE,2.27190581454931,12.178040538818,0,0.0493522882461548,6,Cfb,C,12.7280941854507,2.82195946118195,9,60.75,flat (<20 m),<200 m,mid-latitude (45-66.5),C temperate,TRUE,25522,-0.69342297515687,2.25984808792157,1.80199980853752,2.36379963289599,4.70526533131556,,,,,,TRUE,0.868372274181351,2023-09,5.61349544512489,0.437539803618283,FALSE,TRUE,8,,3,,66,,FALSE,,,,FALSE,TRUE
030230-99999,SOUTH UIST RANGE,57.333,-7.367,4,A,FALSE,7.86959016649417,24.6185783371488,0,0.140439629554749,10,Cfb,C,-3.86959016649417,-20.6185783371488,-6,57.333,flat (<20 m),<200 m,mid-latitude (45-66.5),C temperate,TRUE,25609,3.26348127351917,2.91433817957289,3.53922179274218,4.3753108908939,8.33169275370923,,,,,,TRUE,1.26054551757208,2024-06,4.08524505918206,0.666567000639174,FALSE,TRUE,10,10,4,3,55,62,FALSE,,,,FALSE,TRUE
030620-99999,TAIN RANGE (SAWS),57.817,-3.967,4,A,FALSE,62.7295257714153,48.6838809634279,75.190673828125,0.507630705833435,4,Cfb,C,-58.7295257714153,-44.6838809634279,0,57.817,hilly (50-150 m),<200 m,mid-latitude (45-66.5),C temperate,TRUE,21607,1.07126591027232,2.20904535625443,1.93936777905611,2.45504912155694,4.72671734913666,,,,,,TRUE,0.914860834606892,2023-07,7.42869962744446,0.348327073342745,FALSE,TRUE,14,4,6,0,17,6,FALSE,,,,FALSE,TRUE
034100-99999,LAKE VYRNWY NO2,52.75,-3.467,359,A,TRUE,297.258678183299,297.290693687447,87.9563598632813,0.993538856506348,265,Cfb,C,61.7413218167009,61.7093063125532,94,52.75,hilly (50-150 m),200-500 m,mid-latitude (45-66.5),C temperate,FALSE,25515,3.82080647626226,2.60952360869069,3.97129489138265,4.62686813154307,8.06259047446027,28.6014973229482,3.69405735206063,28.6014973229482,28.8390563994374,34.6769121209926,TRUE,1.23415677890528,2023-07,9.01683337018471,0.387133971133102,FALSE,TRUE,255,265,200,202,379,384,FALSE,,,,FALSE,TRUE
039110-99999,LOUGH FEA,54.717,-6.817,227,A,FALSE,105.080809721592,153.306764414963,63.3720703125,0.794707536697388,237,Cfb,C,121.919190278408,73.6932355850367,-10,54.717,hilly (50-150 m),200-500 m,mid-latitude (45-66.5),C temperate,TRUE,25504,-2.92896572975948,2.06999404010294,3.09440568518579,3.58657881053725,6.26430096044513,,,,,,TRUE,1.1279343054323,2023-08,12.922892157162,0.246870433152102,FALSE,TRUE,239,237,143,155,323,328,FALSE,,,,FALSE,TRUE
039530-99999,VALENTIA OBSERVATORY,51.933,-10.25,30,A,TRUE,65.9798712002825,87.8409835417803,74.489013671875,0.459566354751587,20,Cfb,C,-35.9798712002825,-57.8409835417803,10,51.933,hilly (50-150 m),<200 m,mid-latitude (45-66.5),C temperate,TRUE,25717,-5.27102785133441,2.55584701053819,5.3516305939958,5.85797187955401,9.25586879798944,0.982505042462942,3.44405742382812,2.58865577293367,3.58139448595018,7.13071623607792,TRUE,0.9978066867042,2022-12,4.86644793719757,0.555245492386493,FALSE,TRUE,18,20,5,0,61,69,FALSE,,,,FALSE,TRUE
042021-99999,AASIAAT MITTARFIA,68.717,-52.8,27,A,FALSE,33.4648654388859,24.8225215797444,14.9807739257813,0.417152762413025,2,ET,E,-6.46486543888586,2.17747842025564,25,68.717,flat (<20 m),<200 m,polar (>66.5),E polar,FALSE,15083,2.42973785521315,2.28833762737855,2.71797349885479,3.33762909319056,6.22414228738416,,,,,,TRUE,-0.449676432823405,2022-07,-2.25037559384201,0.399645671641581,FALSE,TRUE,25,,5,,58,,FALSE,,,,FALSE,TRUE
042030-99999,KITSISSUT (CAREY OEER),76.633,-73,11,A,FALSE,5.99586162514722,11.3622675684357,0,0,-409,Climate Zone info missing,"",5.00413837485278,-0.362267568435705,420,76.633,flat (<20 m),<200 m,polar (>66.5),,FALSE,16049,5.114216063896,3.19366146173139,5.20390776511079,6.02943147896606,10.5706772491782,,,,,,TRUE,0.477776320974858,2024-03,1.6776724661808,0.73531227405801,FALSE,TRUE,,,,,,,,,,,FALSE,TRUE
042050-99999,MITTARFIK QAANAAQ,77.483,-69.383,16,A,TRUE,152.515936650768,299.941955841189,70.29736328125,0.391688346862793,15,ET,E,-136.515936650768,-283.941955841189,1,77.483,hilly (50-150 m),<200 m,polar (>66.5),E polar,TRUE,15916,8.29162773768037,3.35145004428442,8.32470997489754,8.94329929170406,13.0805074904945,-224.537573665287,9.93954852572682,224.537573665287,224.757447941414,240.671699376554,TRUE,-0.884222985453194,2022-10,-2.80031266836435,0.773447607358005,FALSE,TRUE,,,7,,196,,FALSE,,,,FALSE,TRUE
042080-99999,KITSISSORSUIT (EDDERFUGLE OEE,74.033,-57.817,40,A,FALSE,-1.04057857104618,-6.17685129478466,0,0.0257240533828735,-47,Climate Zone info missing,"",41.0405785710462,46.1768512947847,87,74.033,flat (<20 m),<200 m,polar (>66.5),,FALSE,16054,0.314159958930963,3.51962569552745,2.43095339654514,3.53350957057606,6.81867589469167,,,,,,TRUE,-1.081821012971,2023-01,-6.19237351059423,0.494132321309855,FALSE,TRUE,,,,,,,,,,,FALSE,TRUE
042140-99999,NUUSSUAATAA (NUUSSUAQ),70.683,-54.617,27,A,FALSE,177.986535683057,126.998086120133,101.420593261719,0.395956993103027,-30,ET,E,-150.986535683057,-99.9980861201328,57,70.683,hilly (50-150 m),<200 m,polar (>66.5),E polar,FALSE,15316,4.27927711807314,4.70144348369735,4.764903619709,6.35722740784287,12.9486002998595,,,,,,TRUE,-0.985701039149095,2023-02,-5.65679229240891,0.477205690248469,FALSE,TRUE,,,,,,,,,,,FALSE,TRUE
042530-99999,UKIIVIK (FREDERIKSHAAB ISBLIN,62.567,-50.417,22,A,FALSE,23.7672049228075,18.09239457409,7.09454345703125,0.122620701789856,-50,ET,E,-1.76720492280748,3.90760542590997,72,62.567,flat (<20 m),<200 m,mid-latitude (45-66.5),E polar,FALSE,15904,1.404892421466,3.58815606611804,2.64397463535692,3.85328134639788,7.85499785553582,,,,,,TRUE,-1.50076362796903,2022-12,-5.39173175364566,0.753762854371558,FALSE,TRUE,,,,,,,,,,,FALSE,TRUE
042700-99999,NARSARSUAQ,61.161,-45.426,34.1,A,FALSE,543.726875146584,409.663420357615,218.021911621094,0.882596254348755,110,ET,E,-509.626875146584,-375.563420357614,-75.9,61.161,rough (150-300 m),<200 m,mid-latitude (45-66.5),E polar,FALSE,25509,5.55022294601374,5.78555564510367,6.44820752511063,8.01725119246439,15.1546195047677,,,,,,TRUE,1.2399385464716,2024-01,2.10068946201672,1.6694879853835,FALSE,FALSE,32,,19,,39,,FALSE,,,,FALSE,TRUE
042850-99999,ANGISOQ,59.983,-45.2,16,A,TRUE,33.5509039943559,-21.268651246858,0,0.0956687927246094,28,Climate Zone info missing,"",-17.5509039943559,37.268651246858,-12,59.983,flat (<20 m),<200 m,mid-latitude (45-66.5),,TRUE,16055,2.15973734586524,3.33082798434277,2.95227223677202,3.96965860482547,7.98811128000943,,,,,,TRUE,-0.926316229215884,2022-12,-4.83396986233542,0.518926736912648,FALSE,TRUE,14,28,1,0,70,76,FALSE,,,,FALSE,TRUE
043010-99999,KAP MORRIS JESUP,83.65,-33.367,4,A,FALSE,147.375929614726,351.335652975277,0,0.21171236038208,12,ET,E,-143.375929614726,-347.335652975277,-8,83.65,flat (<20 m),<200 m,polar (>66.5),E polar,TRUE,16044,4.47956745315259,3.78335944591776,4.77236228948378,5.86339842623323,10.5980570614535,,,,,,TRUE,-0.910982863416787,2023-04,-3.06191227106389,0.841516154926187,FALSE,TRUE,,,,,,,,,,,FALSE,TRUE
043120-99999,STATION NORD AWS,81.6,-16.65,36,A,FALSE,185.38107153373,1.98087840903876,75.3579711914063,0.918346643447876,11,ET,E,-149.38107153373,34.0191215909612,25,81.6,hilly (50-150 m),<200 m,polar (>66.5),E polar,FALSE,18431,5.0152897158405,3.54225582778117,5.2921835968391,6.14003473090708,10.6601104658277,,,,,,TRUE,-0.922215644265317,2022-09,-2.78853948684588,0.751728313909079,FALSE,TRUE,,,,,,,,,,,FALSE,TRUE
043130-99999,HENRIK KROEYER HOLME,80.65,-13.717,10,A,FALSE,13.5079038362999,5.65185677575931,11.8619995117188,0.132277131080627,-15,ET,E,-3.50790383629986,4.34814322424069,25,80.65,flat (<20 m),<200 m,polar (>66.5),E polar,FALSE,16049,2.72840130940022,4.03088407302667,3.40495663253859,4.86735941904282,8.46357703717423,,,,,,TRUE,-0.443558199975594,2023-08,-1.74674455447989,0.718234409832252,FALSE,TRUE,,,,,,,,,,,FALSE,TRUE
043200-99999,DANMARKSHAVN (PORT),76.767,-18.667,12,A,TRUE,74.969306940316,64.387510643288,51.6767578125,0.378178596496582,7,ET,E,-62.969306940316,-52.387510643288,5,76.767,hilly (50-150 m),<200 m,polar (>66.5),E polar,TRUE,23297,1.76804193742172,3.36683736109946,2.73783114495419,3.80277261215502,7.22224318731869,,,,,,TRUE,-0.975518429183635,2022-12,-5.20459923755526,0.507573450672361,FALSE,TRUE,,,9,,91,,FALSE,,,,FALSE,TRUE
043410-99999,CONSTABLE POINT,70.75,-22.65,10,A,FALSE,327.402445422876,199.805823726757,145.475341796875,0.928762435913086,76,ET,E,-317.402445422876,-189.805823726757,-66,70.75,hilly (50-150 m),<200 m,polar (>66.5),E polar,FALSE,17962,6.52979476385142,4.14927995979954,6.76149838863729,7.73652282008888,13.2887355384465,,,,,,TRUE,0.414909306047199,2022-12,1.04351809778162,1.0767227848225,FALSE,TRUE,,,44,,150,,TRUE,,,,FALSE,TRUE
043510-99999,APUTITEEQ,67.783,-32.283,23,A,FALSE,77.5775498163236,-7.40051075035818,52.5691528320313,0.432896971702576,-6,ET,E,-54.5775498163236,30.4005107503582,29,67.783,hilly (50-150 m),<200 m,polar (>66.5),E polar,FALSE,16057,-3.95150081966232,3.5104302352261,4.44794906156178,5.28551905712522,9.43869859237006,,,,,,TRUE,-0.840282663457009,2022-12,-3.69694613586521,0.615506995756009,FALSE,TRUE,,,9,,58,,FALSE,,,,FALSE,TRUE
043610-99999,KULUSUK LUFTHAVN,65.583,-37.15,37,A,TRUE,65.1573266769233,58.6770998506116,21.8414916992188,0.243064522743225,11,ET,E,-28.1573266769233,-21.6770998506116,26,65.583,gentle (20-50 m),<200 m,mid-latitude (45-66.5),E polar,FALSE,18727,2.62489859959451,2.83352461898225,3.03849184128194,3.86245073659973,7.37142652156055,,,,,,TRUE,1.1301558306476,2024-07,3.64091538983028,0.620808620713528,FALSE,TRUE,,,2,,34,,FALSE,,,,FALSE,TRUE
043730-99999,IKERMIIT,64.783,-40.3,80,A,FALSE,75.2967314430769,18.5002810592812,67.2055053710938,0.330306887626648,-5,Climate Zone info missing,"",4.70326855692311,61.4997189407188,85,64.783,hilly (50-150 m),<200 m,mid-latitude (45-66.5),,FALSE,16029,3.88726460722632,5.87583041942794,4.65119795382872,7.04514409448286,14.9702476161701,,,,,,TRUE,-1.4912155082443,2022-12,-3.05516316819143,1.32177250898811,FALSE,TRUE,5,,5,,5,,TRUE,,,,TRUE,TRUE
063440-99999,ROTTERDAM,51.957,4.437,-4.6,A,FALSE,0.638368240556153,-2.50587292806412,2.17669677734375,0.842518925666809,-5,Cfb,C,-5.23836824055615,-2.09412707193588,0.4,51.957,flat (<20 m),<200 m,mid-latitude (45-66.5),C temperate,TRUE,25347,-0.376323214326628,1.94136937426788,1.46282462498463,1.97746947289707,3.95181561662015,,,,,,TRUE,0.966348975939637,2022-12,7.74690804107072,0.337797400424939,FALSE,FALSE,8,-5,7,-9,10,-2,FALSE,,,,FALSE,TRUE
064940-99999,MONT-RIGI,50.517,6.067,673,A,FALSE,411.083305477023,529.785990246415,57.3318481445313,0.996066451072693,673,Cfb,C,261.916694522977,143.214009753586,0,50.517,hilly (50-150 m),500-1000 m,mid-latitude (45-66.5),C temperate,TRUE,24586,-1.69846784224046,2.69366039329828,2.42189818549441,3.18438443127057,6.52736107317185,,,,,,TRUE,1.17518137310444,2022-12,9.0543000212949,0.351480091781771,FALSE,TRUE,670,673,631,642,685,679,FALSE,,,,FALSE,TRUE
066550-99999,ENGELBERG,46.817,8.417,1018,A,FALSE,1831.88776278405,1886.00855350706,399.904541015625,0.995674848556519,1011,Dfc,D,-813.887762784055,-868.008553507059,7,46.817,mountain (>300 m),1000-2000 m,mid-latitude (45-66.5),D continental,TRUE,24305,21.8636680958438,12.9270737110616,21.8966297654378,25.399258686582,45.6055681826044,,,,,,TRUE,2.12146217186816,2024-05,1.84608396239157,2.65389176430946,FALSE,TRUE,1016,1011,1004,1003,1319,1320,FALSE,1,17.3439390445346,-2.7458667217698,TRUE,TRUE
067240-99999,MONTANA,46.3,7.467,1508,A,FALSE,1820.0232053154,1593.75788686758,550.927612304688,0.998866319656372,1450,ET,E,-312.023205315398,-85.7578868675848,58,46.3,mountain (>300 m),1000-2000 m,mid-latitude (45-66.5),E polar,FALSE,24731,-82.4173182901775,6.98882392870975,82.4173182901775,82.7130947254035,92.3764137900798,,,,,,FALSE,-2.83023409267487,2022-08,-3.22652356947171,1.89492011814878,FALSE,TRUE,1452,1450,1206,1209,1520,1516,FALSE,2,13.9633130405598,4.88260912821178,TRUE,FALSE
067480-99999,ZERMATT,46.033,7.75,1624,A,FALSE,2374.52337229393,2981.38770948795,493.335083007813,0.998695373535156,1890,ET,E,-750.523372293928,-1357.38770948795,-266,46.033,mountain (>300 m),1000-2000 m,mid-latitude (45-66.5),E polar,FALSE,23481,26.1084604235347,8.52343622617943,26.112704390335,27.4644784556745,41.9839311992564,,,,,,TRUE,2.65028596113263,2024-07,1.84756599557535,2.86894862481738,FALSE,TRUE,1908,1890,1558,1552,2673,2666,FALSE,2,11.7715024912918,-4.55481507993533,TRUE,TRUE
070240-99999,MAUPERTUS / CHERBOURG MANCHE,49.65,-1.47,139.9,A,FALSE,25.0645548078345,77.6438214120011,20.0868530273438,0.368702173233032,135,Cfb,C,114.835445192166,62.256178587999,4.90000000000001,49.65,gentle (20-50 m),<200 m,mid-latitude (45-66.5),C temperate,TRUE,25583,-6.01363024029203,2.22338506500548,6.03700065747319,6.41147382297991,9.54777737566515,,,,,,TRUE,0.620937928657463,2022-12,3.51966221170984,0.477746942355749,FALSE,FALSE,131,135,129,134,138,137,FALSE,,,,FALSE,TRUE
071000-99999,OUESSANT,48.483,-5.05,68,A,FALSE,11.111172409156,-1.69009995768178,0,0.195905447006226,-19,Climate Zone info missing,"",56.888827590844,69.6900999576818,87,48.483,flat (<20 m),<200 m,mid-latitude (45-66.5),,FALSE,25431,2.30220862948685,2.35740815890163,2.60436574173863,3.29504465429908,6.18723487540906,,,,,,TRUE,1.13009994680963,2023-01,10.8654746240561,0.294180001686605,FALSE,TRUE,,0,24,0,73,61,FALSE,,,,FALSE,TRUE
073850-99999,MACON CHARNAY,46.295,4.796,221.9,A,FALSE,327.621126751363,257.317818138712,84.1231689453125,0.992066383361816,216,Cfb,C,-105.721126751363,-35.417818138712,5.90000000000001,46.295,hilly (50-150 m),200-500 m,mid-latitude (45-66.5),C temperate,TRUE,25677,-4.98284158119487,3.16693937406777,5.12371411914386,5.90405154276502,10.270194120453,,,,,,TRUE,1.15735813032454,2023-02,9.88848618682227,0.33104188720189,FALSE,FALSE,223,216,212,215,229,219,FALSE,,,,TRUE,TRUE
075600-99999,MONT AIGOUAL,44.117,3.583,1565,A,FALSE,651.9088071774,873.634297262572,146.31494140625,1,1320,Cfb,C,913.0911928226,691.365702737428,245,44.117,hilly (50-150 m),1000-2000 m,subtropics (23.5-45),C temperate,FALSE,24816,-4.09979411351017,12.8818684403882,10.4963162999183,13.5182898094231,27.8232094677257,,,,,,TRUE,2.49199860808497,2023-10,2.14424167699878,3.28714646933022,FALSE,TRUE,1309,1320,852,860,1555,1558,FALSE,,,,FALSE,TRUE
076670-99999,HYERES LE PALYVESTRE,43.097,6.146,2.1,A,FALSE,39.0800761632413,22.7830891537885,59.2890625,0.267874121665955,3,Csa,C,-36.9800761632413,-20.6830891537885,-0.9,43.097,hilly (50-150 m),<200 m,subtropics (23.5-45),C temperate,TRUE,25437,-0.354088958403444,3.02461876810792,2.28631369456089,3.04521559774026,5.96805010866866,,,,,,TRUE,0.552986940696633,2023-02,2.92145601381997,0.535377994841567,FALSE,FALSE,5,3,5,-1,9,3,FALSE,,,,FALSE,TRUE
080440-99999,PONTEVEDRA,42.433,-8.617,108,A,FALSE,327.592447232873,208.167496673176,112.33984375,0.990530967712402,114,Csb,C,-219.592447232873,-100.167496673176,-6,42.433,hilly (50-150 m),<200 m,subtropics (23.5-45),C temperate,TRUE,24550,6.03199120485519,3.96844261479503,6.23214276655307,7.22030561639266,12.9045768930162,,,,,,TRUE,0.883566292567396,2024-03,2.92038050109997,0.781185313602077,FALSE,TRUE,108,114,32,34,185,188,FALSE,,,,FALSE,TRUE
081480-99999,SORIA,41.783,-2.483,1082,A,FALSE,1124.17722643882,1046.57816698363,80.2479248046875,0.999527931213379,1090,Cfb,C,-42.1772264388196,35.4218330163715,-8,41.783,hilly (50-150 m),1000-2000 m,subtropics (23.5-45),C temperate,TRUE,24456,-2.82367371080671,3.15285137738729,3.33676425850841,4.23239867799284,8.21064376836392,,,,,,TRUE,1.2845998401976,2024-07,4.76154166722369,0.539573075266863,FALSE,TRUE,1082,1090,1061,1065,1098,1097,FALSE,,,,FALSE,TRUE
081810-99999,BARCELONA,41.297,2.078,3.7,A,FALSE,76.6367022791932,42.1576972003691,29.7957763671875,0.326096653938293,5,Csa,C,-72.9367022791932,-38.4576972003691,-1.3,41.297,gentle (20-50 m),<200 m,subtropics (23.5-45),C temperate,TRUE,25407,1.15990675482253,2.8305843699333,2.38413190567114,3.05896652496352,5.81152490739864,,,,,,TRUE,0.832128144881566,2023-02,6.41857522629992,0.366687891512728,FALSE,FALSE,7,5,5,2,7,9,FALSE,,,,FALSE,TRUE
082150-99999,NAVACERRADA PUERTO,40.8,-4.017,1888,A,FALSE,1170.3771424397,1521.76592223134,226.63525390625,0.993240594863892,1707,Csb,C,717.622857560303,366.234077768657,181,40.8,rough (150-300 m),1000-2000 m,subtropics (23.5-45),C temperate,FALSE,24558,-8.96006813215175,7.97816887858595,9.66709878236493,11.9971416477679,22.3959688877357,,,,,,TRUE,-1.00274826396927,2023-11,-1.98597407366745,1.42811551606276,FALSE,TRUE,1699,1707,1457,1454,1882,1878,FALSE,,,,FALSE,TRUE
084330-99999,MURCIA SAN JAVIER,37.775,-0.812,3.4,A,FALSE,34.9562004003661,5.24397029056814,5.45281982421875,0.205818891525269,-1,BSk,B,-31.5562004003661,-1.84397029056814,4.4,37.775,flat (<20 m),<200 m,subtropics (23.5-45),B arid,TRUE,24752,-4.00516780189116,2.65021991331069,4.19582167467612,4.80257753177146,8.18304305265573,,,,,,TRUE,-0.256619775041494,2024-03,-1.92296333572508,0.344566845201426,FALSE,FALSE,8,-1,5,-4,8,4,FALSE,,,,FALSE,TRUE
085240-99999,PORTO SANTO,33.073,-16.35,103.9,A,FALSE,-8.57054548125507,11.7701540536269,0,0.0410323143005371,90,Csb,C,112.470545481255,92.1298459463731,13.9,33.073,flat (<20 m),<200 m,subtropics (23.5-45),C temperate,TRUE,8570,-24.4569062743088,2.21189891012049,24.4569062743088,24.5567137543376,27.9310272374517,,,,,,TRUE,0.432378420634447,2024-01,2.38180342495797,0.513455829420083,FALSE,FALSE,86,90,84,88,91,92,FALSE,,,,TRUE,TRUE
111380-99999,ALPINZENTRUM RUDOLFSHUETTE,47.133,12.633,2310,A,FALSE,1685.58915737344,2299.19756300572,349.931884765625,0.99445366859436,2066,ET,E,624.41084262656,10.8024369942846,244,47.133,mountain (>300 m),>2000 m,mid-latitude (45-66.5),E polar,FALSE,24990,6.18419072544124,8.14340248665815,8.77545731459761,10.225290476398,17.4609296960647,,,,,,TRUE,1.62199979468428,2022-07,2.53580017836692,1.27928044845305,FALSE,TRUE,2062,2066,2011,2008,2499,2514,FALSE,,,,FALSE,TRUE
111550-99999,FEUERKOGEL,47.817,13.717,1620.1,A,TRUE,984.62348611975,833.661421713837,247.04296875,0.958322763442993,1571,Cfb,C,635.47651388025,786.438578286163,49.0999999999999,47.817,rough (150-300 m),1000-2000 m,mid-latitude (45-66.5),C temperate,FALSE,25278,-2.77525478381223,7.84801154030054,6.02269380904259,8.32411482951016,18.2351818923928,-17.9910461851034,10.7490487451828,18.1162541579679,20.9574621771526,38.3691406348216,TRUE,1.00084065268385,2023-10,2.07739489551835,1.36267055228965,FALSE,TRUE,1573,1571,925,918,1668,1687,FALSE,,,,FALSE,TRUE
111800-99999,RAX/SEILBAHN-BERGSTATION,47.717,15.783,1554,A,TRUE,906.776916445091,1032.30214000194,155.214294433594,0.999990701675415,1349,Dfb,D,647.223083554909,521.697859998063,205,47.717,rough (150-300 m),1000-2000 m,mid-latitude (45-66.5),D continental,FALSE,23446,-1.65214163341556,8.21269107325923,6.43118569807582,8.37705138405231,17.2865082567491,47.0310158618901,8.92697039757238,47.0310158618901,47.8706993323925,61.1108673861739,TRUE,0.701538387894297,2023-02,1.11839270754706,1.77419808979526,FALSE,TRUE,1342,1349,783,755,1626,1616,FALSE,,,,FALSE,TRUE
112410-99999,SCHOECKL,47.2,15.467,1442,A,TRUE,701.338753948214,646.441525011089,160.866333007813,0.999860286712646,1404,Dfb,D,740.661246051786,795.558474988911,38,47.2,rough (150-300 m),1000-2000 m,mid-latitude (45-66.5),D continental,FALSE,24905,-7.55124234769198,9.24657652443996,9.2895472537106,11.9380486430302,23.6815899804402,-33.9133111926528,11.185045679387,33.9212601978663,35.7101232089904,54.6340657294418,TRUE,-0.718977919272154,2023-07,-1.36424050255421,1.49062914138347,FALSE,TRUE,1397,1404,952,938,1410,1413,TRUE,,,,FALSE,TRUE
113080-99999,WARTH,47.25,10.183,1471,A,TRUE,1632.23648979583,1920.67890474831,256.485595703125,0.999155879020691,1335,Dfc,D,-161.236489795827,-449.678904748309,136,47.25,rough (150-300 m),1000-2000 m,mid-latitude (45-66.5),D continental,FALSE,23640,-0.59489437532991,3.4772390807562,2.64401319756709,3.52768755288936,7.20307456170861,113.812173537603,6.11642770004903,113.812173537603,113.97640084968,124.595492653009,TRUE,0.600305621993962,2022-12,2.54324248482173,0.639197921118884,FALSE,TRUE,1342,1335,1342,1335,2271,2300,FALSE,,,,FALSE,TRUE
114640-99999,MILESOVKA,50.55,13.933,842.6,A,FALSE,311.916302091565,260.17302353505,88.2444458007813,0.991283655166626,547,Cfb,C,530.683697908435,582.42697646495,295.6,50.55,hilly (50-150 m),500-1000 m,mid-latitude (45-66.5),C temperate,FALSE,25750,-1.74858290445691,5.32758614011208,4.298897949632,5.6071038865787,11.6614000588328,,,,,,TRUE,1.42189320021319,2023-05,3.67217427063286,1.09518802746855,FALSE,TRUE,547,547,369,370,775,761,TRUE,,,,FALSE,TRUE
119160-99999,CHOPOK,48.983,19.6,2007,A,TRUE,888.851022408901,1024.55229678331,297.963256835938,0.979100584983826,989,Dfb,D,1118.1489775911,982.447703216695,1018,48.983,rough (150-300 m),>2000 m,mid-latitude (45-66.5),D continental,FALSE,25638,-15.5199389699039,15.2126950760289,17.2522688560661,21.7321322106934,42.1013134277057,1.82838440609074,12.6693689846704,10.1714391997551,12.8003765282077,25.2902133439353,TRUE,-3.26736240560567,2024-04,-2.39994088171635,3.33481993638224,FALSE,TRUE,998,989,910,902,1384,1362,TRUE,2,38.22333974486,-21.0811324637479,TRUE,TRUE
119300-99999,LOMNICKY STIT,49.2,20.217,2635,A,FALSE,843.011193695732,1274.79065544809,265.613464355469,0.997410297393799,2340,Dfc,D,1791.98880630427,1360.20934455191,295,49.2,rough (150-300 m),>2000 m,mid-latitude (45-66.5),D continental,FALSE,25650,-12.5111774025371,25.849170025744,22.1386209642289,28.7172962016097,59.1739753861421,,,,,,TRUE,-5.26119346420866,2024-06,-2.1920563185149,5.18484711025347,FALSE,TRUE,2368,2340,1571,1567,2489,2495,TRUE,,,,FALSE,TRUE
119330-99999,STRBSKE PLESO,49.117,20.083,1356,A,FALSE,972.251062177834,1137.74079642386,247.880249023438,0.999242663383484,1217,Dfc,D,383.748937822167,218.259203576145,139,49.117,rough (150-300 m),1000-2000 m,mid-latitude (45-66.5),D continental,FALSE,25638,-34.1543001784821,5.26844252603454,34.1543001784821,34.5582352660153,42.9833231202541,,,,,,TRUE,-1.33126933910547,2022-11,-2.93505023326779,1.17112907103048,FALSE,TRUE,1204,1217,1098,1112,1394,1399,FALSE,2,12.4581199478982,-16.3015469219659,TRUE,TRUE
122150-99999,SZCZECINEK,53.717,16.747,144,A,FALSE,147.265593133868,146.168750924118,20.05029296875,0.954401850700378,136,Cfb,C,-3.26559313386835,-2.16875092411783,8,53.717,gentle (20-50 m),<200 m,mid-latitude (45-66.5),C temperate,TRUE,25379,-4.19425978983245,4.11019602743111,4.26168332808512,5.87238119602449,7.26960424239765,,,,,,TRUE,1.03219893555723,2023-06,8.56957648601971,0.340681884598035,FALSE,FALSE,136,136,131,135,141,138,FALSE,,,,FALSE,TRUE
122800-99999,MIKOLAJKI,53.783,21.583,132,A,FALSE,138.941362892145,126.18231314975,11.8009643554688,0.861483216285706,130,Dfb,D,-6.94136289214461,5.81768685024957,2,53.783,flat (<20 m),<200 m,mid-latitude (45-66.5),D continental,TRUE,25676,-5.58141466468631,2.46743565165619,5.60986242607706,6.10247418973313,9.00421626803828,,,,,,TRUE,0.837080577381603,2023-06,5.26361345714285,0.449809133961273,FALSE,TRUE,128,130,114,112,143,147,FALSE,,,,FALSE,TRUE
125100-99999,SNIEZKA,50.733,15.733,1613,A,TRUE,682.581950529105,864.45685134577,186.887329101563,0.996678113937378,1238,Dfb,D,930.418049470895,748.54314865423,375,50.733,rough (150-300 m),1000-2000 m,mid-latitude (45-66.5),D continental,FALSE,8237,0.387691592979591,14.1747594043384,10.7463743657214,14.1792001221664,29.2355199749091,43.4198507385477,14.2776410829814,43.4264471677185,45.70677985637,66.5561487874023,TRUE,-2.51298405480585,2022-08,-1.29664272874896,3.87613950873029,FALSE,TRUE,1247,1238,957,966,1549,1553,TRUE,,,,FALSE,TRUE
126500-99999,KASPROWY WIERCH,49.233,19.983,1989,A,FALSE,962.165033182203,1486.27979801971,342.079406738281,0.99890673160553,1939,Dfb,D,1026.8349668178,502.720201980289,50,49.233,mountain (>300 m),1000-2000 m,mid-latitude (45-66.5),D continental,FALSE,25694,-8.75405693096905,13.0777149273169,11.8324429785184,15.7370100141107,32.7526761428076,,,,,,TRUE,0.865762535319049,2023-10,1.14750885321283,2.13396718607386,FALSE,TRUE,1954,1939,1445,1463,2006,1980,FALSE,,,,FALSE,TRUE
133670-99999,ZLATIBOR,43.733,19.717,1029,A,FALSE,814.435240133608,979.684783412276,149.583068847656,0.99817681312561,1010,Cfb,C,214.564759866392,49.3152165877236,19,43.733,hilly (50-150 m),1000-2000 m,subtropics (23.5-45),C temperate,TRUE,8908,-5.79591740544286,3.68466650397019,6.012980971799,6.86788917402689,11.5013627334831,,,,,,TRUE,0.604061753557346,2023-11,2.13977901853987,0.798467801571966,FALSE,TRUE,1009,1010,880,877,1032,1030,FALSE,,,,FALSE,TRUE
133690-99999,SJENICA,43.283,20,1039,A,FALSE,1066.91338952713,1182.81225303748,205.461669921875,0.999246597290039,1011,Cfb,C,-27.9133895271323,-143.81225303748,28,43.283,rough (150-300 m),1000-2000 m,subtropics (23.5-45),C temperate,FALSE,9059,-5.54182864613714,4.84850789151358,5.9134423194585,7.3632396759599,10.6110400088659,,,,,,TRUE,0.616663973979186,2023-12,3.25249944609359,0.536261155386625,FALSE,TRUE,1001,1011,987,996,1037,1039,FALSE,,,,FALSE,TRUE
136220-99999,VLORE,40.467,19.483,5,A,FALSE,198.866818450363,54.3942917561043,137.915222167969,0.68735945224762,-1,Csa,C,-193.866818450363,-49.3942917561043,6,40.467,hilly (50-150 m),<200 m,subtropics (23.5-45),C temperate,TRUE,7610,7.16696955343667,7.76642544300148,8.54337142653282,10.5676341096453,18.8268172868219,,,,,,TRUE,1.38286138464199,2024-06,3.49316749142988,0.855190031940279,FALSE,TRUE,10,-1,6,-3,72,70,FALSE,,,,FALSE,TRUE
143240-99999,ZAVIZAN,44.817,14.983,1597,A,FALSE,589.030954521294,950.724842963703,411.732055664063,0.77474319934845,1516,Cfb,C,1007.96904547871,646.275157036297,81,44.817,mountain (>300 m),1000-2000 m,subtropics (23.5-45),C temperate,FALSE,19438,-6.61752804304312,10.3664278144943,9.46679504501274,12.2983321853688,24.6413421966165,,,,,,TRUE,-2.91758796587967,2024-01,-4.39206908021835,1.87888323038782,FALSE,TRUE,1501,1516,1421,1433,1613,1618,FALSE,2,18.6042338359849,6.26223162632686,TRUE,TRUE
150330-99999,IEZER,47.6,24.65,1786,A,FALSE,1023.41691647058,1167.924396328,228.987365722656,1,1847,Dfc,D,762.583083529416,618.075603671998,-61,47.6,rough (150-300 m),1000-2000 m,mid-latitude (45-66.5),D continental,FALSE,25689,-8.12363909621419,8.77221460583503,9.27197482670706,11.9558465088323,24.116259596237,,,,,,TRUE,-1.03071587161431,2024-07,-1.2989074044277,1.58705057512309,FALSE,TRUE,1856,1847,1488,1483,2198,2198,FALSE,,,,FALSE,TRUE
151190-99999,VLADEASA 1800,46.767,22.8,1837,A,FALSE,833.059799106346,1039.84803997797,220.873596191406,0.99749493598938,1704,Dfb,D,1003.94020089365,797.151960022026,133,46.767,rough (150-300 m),1000-2000 m,mid-latitude (45-66.5),D continental,FALSE,25073,-6.59195381887147,14.6100382373897,12.273741537522,16.0280553773119,33.0367219066282,,,,,,TRUE,-1.95275295452234,2024-07,-1.48351661821937,2.63260004039077,FALSE,TRUE,1713,1704,1350,1333,1835,1827,FALSE,2,16.7874287203788,-6.4406725737134,TRUE,TRUE
152800-99999,VARFU OMU,45.45,25.45,2509,A,FALSE,1028.35576855055,1445.287206258,234.884460449219,0.997723937034607,2334,Dfb,D,1480.64423144945,1063.712793742,175,45.45,rough (150-300 m),>2000 m,mid-latitude (45-66.5),D continental,FALSE,25736,-13.881592328511,19.0810218113002,18.2793516710206,23.5959710969517,46.3801030383352,,,,,,TRUE,0.898674578481618,2024-05,0.7618579747763,2.7241298351052,FALSE,TRUE,2341,2334,1875,1870,2499,2494,FALSE,,,,FALSE,TRUE
153010-99999,FUNDATA,45.433,25.267,1383,A,FALSE,1036.78276706686,1347.19050656952,271.708801269531,0.996977090835571,1262,Dfb,D,346.217232933137,35.8094934304781,121,45.433,rough (150-300 m),1000-2000 m,mid-latitude (45-66.5),D continental,FALSE,25706,-15.2412384124135,4.13094608206181,15.2419351046197,15.7911177576257,22.234618818842,,,,,,TRUE,0.759419221980125,2024-03,3.08706209240293,0.635170897438264,FALSE,TRUE,1261,1262,1129,1126,1359,1356,TRUE,2,14.4019748000137,-4.20256262372079,TRUE,TRUE
153150-99999,SEMENIC,45.183,22.05,1433,A,FALSE,497.532137392101,913.199286326116,151.622802734375,0.999225854873657,1383,Dfb,D,935.467862607899,519.800713673885,50,45.183,rough (150-300 m),1000-2000 m,mid-latitude (45-66.5),D continental,FALSE,25705,-19.2112977875343,11.5369426966921,19.2520720623341,22.4091461561215,40.3047789722955,,,,,,TRUE,1.17380137882674,2024-07,1.53607496347963,1.52831262371175,FALSE,TRUE,1378,1383,1094,1099,1428,1426,FALSE,2,16.6640086960009,-3.14319673288905,TRUE,TRUE
156000-99999,MOURGASH,42.833,23.667,1692,A,TRUE,811.415924159244,889.133983699836,207.978088378906,0.992288112640381,1654,Cfb,C,880.584075840756,802.866016300164,38,42.833,rough (150-300 m),1000-2000 m,subtropics (23.5-45),C temperate,FALSE,8177,-18.705272588805,13.2190294936582,19.2915688508211,22.9043356887956,42.4772683350815,-42.4646433559296,11.914634531719,42.5001730570758,44.1042751971043,63.9692643608913,TRUE,-4.0896664170342,2022-08,-4.4256945726217,1.99622659275113,FALSE,TRUE,1649,1654,1235,1236,1673,1668,TRUE,1,26.2571155120331,65.5374701295871,TRUE,TRUE
156150-99999,MUSSALA (TOP/SOMMET),42.183,23.583,2927,A,FALSE,1278.62758665357,1973.90809106576,448.220947265625,0.998810648918152,2728,Dfb,D,1648.37241334643,953.091908934243,199,42.183,mountain (>300 m),>2000 m,subtropics (23.5-45),D continental,FALSE,8528,-13.2044731881563,23.3057990572972,20.6233571957179,26.7853446958336,54.7969240466263,,,,,,TRUE,-1.29914411873462,2023-03,-1.12239962061626,3.27382012332289,FALSE,TRUE,2739,2728,2209,2219,2845,2840,TRUE,,,,FALSE,TRUE
160330-99999,DOBBIACO,46.733,12.217,1226,A,FALSE,1798.47652206985,1833.3911969174,307.185791015625,0.999588131904602,1223,ET,E,-572.476522069846,-607.391196917398,3,46.733,mountain (>300 m),1000-2000 m,mid-latitude (45-66.5),E polar,TRUE,20891,-10.8049893607596,7.07984355502952,11.4974264741303,12.9178009169622,20.9200306141323,,,,,,TRUE,1.89066447403948,2024-05,2.16806751035426,2.01391448895535,FALSE,TRUE,1220,1223,1195,1197,1324,1320,FALSE,,,,FALSE,TRUE
161340-99999,CIMONE MOUNTAIN,44.2,10.7,2173,A,TRUE,812.402977587275,1195.45673407841,277.332824707031,0.999991178512573,1831,Cfb,C,1360.59702241273,977.543265921594,342,44.2,rough (150-300 m),>2000 m,subtropics (23.5-45),C temperate,FALSE,22346,-14.7917397149098,15.5616684770538,17.2654402310882,21.4697520362318,40.8656547064975,146.636416367468,16.6401607739633,146.636416367468,147.577509006025,174.971556679914,TRUE,-3.35892590310611,2023-12,-2.36455119971012,3.97580435479954,FALSE,TRUE,1838,1831,1541,1532,2066,2059,TRUE,,,,FALSE,TRUE
162190-99999,TERMINILLO MOUNTAIN,42.467,12.983,1875,A,TRUE,1016.91264067304,1088.38653171572,249.471618652344,0.995828866958618,1889,Cfa,C,858.087359326962,786.613468284276,-14,42.467,rough (150-300 m),1000-2000 m,subtropics (23.5-45),C temperate,TRUE,19614,-12.9881642214999,51.364980976882,36.8018409255736,52.9803658576718,118.900025119355,45.0763193471985,51.4791807154211,56.5126153123525,68.4240125982003,134.888518831561,TRUE,6.43557308148283,2024-04,1.9060682139965,8.03734518708589,FALSE,TRUE,1881,1889,1368,1392,2057,2069,FALSE,,,,FALSE,TRUE
162630-99999,TREVICO,41.05,15.233,1093,A,FALSE,642.871572239883,590.765019782495,191.916137695313,0.9974125623703,1020,Cfa,C,450.128427760117,502.234980217505,73,41.05,rough (150-300 m),1000-2000 m,subtropics (23.5-45),C temperate,FALSE,14183,-0.265887783169976,6.48603776226953,4.25131890198615,6.49125689156641,10.1940584549977,,,,,,TRUE,-2.71070106219733,2024-02,-3.77305782147125,1.94553423905136,FALSE,TRUE,1023,1020,766,762,1051,1038,TRUE,,,,FALSE,TRUE
163440-99999,MONTE SCURO,39.333,16.4,1677,A,TRUE,1088.22227176521,1054.93983993005,325.486328125,0.98939061164856,1581,Csa,C,588.777728234795,622.060160069952,96,39.333,mountain (>300 m),1000-2000 m,subtropics (23.5-45),C temperate,FALSE,24766,-1.31237741569912,7.29701272274797,5.91774739627955,7.41394491330944,14.4150335348586,225.031140686265,22.7924525527441,225.031140686265,226.182424595188,272.138643691648,TRUE,0.689764799377637,2023-04,1.94689389772425,1.00208309786954,FALSE,TRUE,1596,1581,1359,1350,1680,1677,FALSE,,,,FALSE,TRUE
164340-99999,PRIZZI,37.717,13.433,1035,A,FALSE,547.483892068775,777.780973242647,196.669738769531,0.998999953269958,882,Csa,C,487.516107931225,257.219026757353,153,37.717,rough (150-300 m),1000-2000 m,subtropics (23.5-45),C temperate,FALSE,10644,7.76471171031901,5.23348953113614,8.17990313175148,9.3636311007715,15.6784249998214,,,,,,TRUE,1.83872952925456,2022-07,1.91898811463094,1.91635322307161,FALSE,TRUE,870,882,650,658,981,980,TRUE,,,,FALSE,TRUE
165600-99999,ELMAS,39.251,9.054,4,A,FALSE,167.661112373364,9.32283514247985,91.6895141601563,0.762870669364929,-1,Csa,C,-163.661112373364,-5.32283514247985,5,39.251,hilly (50-150 m),<200 m,subtropics (23.5-45),C temperate,TRUE,8487,-2.62225496641115,3.11063355512852,3.18581386227861,4.06830703385287,7.79023262389238,,,,,,TRUE,0.825088425576635,2022-08,3.71454002162782,0.47984264613168,FALSE,FALSE,9,-1,8,-2,10,4,FALSE,,,,FALSE,TRUE
166820-99999,ANDRAVIDA,37.921,21.293,16.8,A,FALSE,32.7267661644139,27.473783733487,27.489013671875,0.44771420955658,7,Csa,C,-15.9267661644139,-10.673783733487,9.8,37.921,gentle (20-50 m),<200 m,subtropics (23.5-45),C temperate,TRUE,8520,-8.46062773739395,2.70617299061033,8.4814280729043,8.88283369286708,12.6535784496145,,,,,,TRUE,0.673010013400281,2024-07,2.2130687779245,0.608214277037927,FALSE,FALSE,12,7,11,6,16,9,FALSE,,,,FALSE,TRUE
170740-99999,KASTAMONU,41.314,33.796,1100,A,FALSE,1261.83971184413,968.060018584328,256.272583007813,0.999799013137817,1067,Cfb,C,-161.839711844131,131.939981415672,33,41.314,rough (150-300 m),1000-2000 m,subtropics (23.5-45),C temperate,FALSE,11865,-301.210876974488,5.81726657738642,301.210876974488,301.267041254162,310.930848748202,,,,,,FALSE,1.48004006174104,2024-07,2.32917530833098,1.27087047200547,FALSE,FALSE,1075,1067,1060,1065,1085,1070,FALSE,,,,TRUE,FALSE
170880-99999,GUMUSHANE,40.467,39.467,1219,A,FALSE,1907.51445806226,1756.91248094405,314.02734375,1,1228,Dfb,D,-688.514458062259,-537.912480944053,-9,40.467,mountain (>300 m),1000-2000 m,subtropics (23.5-45),D continental,TRUE,8880,-16.4879379310562,6.95795931129149,16.5283348559409,17.8958051805238,27.2641484381985,,,,,,TRUE,1.87231572612762,2024-04,3.18543923995039,1.4397443557808,FALSE,TRUE,1227,1228,1125,1129,1616,1620,FALSE,,,,TRUE,TRUE
170900-99999,SIVAS,39.75,37.017,1285,A,FALSE,1466.12392204843,1425.30076848363,96.8225708007813,0.999743938446045,1286,Dsb,D,-181.123922048432,-140.300768483631,-1,39.75,hilly (50-150 m),1000-2000 m,subtropics (23.5-45),D continental,TRUE,8557,306.179798824818,3.3336386127206,306.179798824818,306.197944238831,311.354037407521,,,,,,FALSE,-0.726713079400404,2023-02,-7.47495510415402,0.274978907169846,FALSE,TRUE,1287,1286,1262,1266,1332,1328,FALSE,,,,TRUE,FALSE
170920-99999,ERZINCAN,39.71,39.527,1153.1,A,FALSE,1912.86239160735,1321.28971475988,483.663208007813,1,1146,Dsb,D,-759.762391607353,-168.189714759882,7.09999999999991,39.71,mountain (>300 m),1000-2000 m,subtropics (23.5-45),D continental,TRUE,8577,-1.32712650532125,9.69503221787673,7.91024702289925,9.78488403938529,18.8223253656812,,,,,,TRUE,1.29773921450306,2023-09,1.83488468319325,2.00043132343303,FALSE,FALSE,1138,1146,1136,1144,1146,1147,FALSE,,,,FALSE,TRUE
170960-99999,ERZURUM,39.957,41.17,1756.6,A,FALSE,2190.5123950489,1808.71406456333,276.807861328125,0.999945521354675,1759,Dfb,D,-433.912395048896,-52.1140645633323,-2.40000000000009,39.957,rough (150-300 m),1000-2000 m,subtropics (23.5-45),D continental,TRUE,8571,-5.62960773400015,6.39906261134655,6.79665387453198,8.52265850758064,16.5632544435027,,,,,,TRUE,1.21719066726578,2023-12,3.14187999237511,1.09575639669162,FALSE,FALSE,1757,1759,1754,1755,1760,1759,FALSE,,,,FALSE,TRUE
171200-99999,BILECIK,40.15,29.967,539,A,FALSE,524.418389323189,618.501300775494,171.305786132813,0.999306917190552,569,Csb,C,14.5816106768111,-79.5013007754942,-30,40.15,rough (150-300 m),500-1000 m,subtropics (23.5-45),C temperate,FALSE,14696,3.46961984801313,3.01029212067252,3.8732597567222,4.59341963255614,8.10753642123527,,,,,,TRUE,-0.718063233079347,2022-10,-2.29862208175947,0.76519256386472,FALSE,TRUE,566,569,506,505,617,613,FALSE,,,,FALSE,TRUE
171550-99999,KUTAHYA,39.417,29.967,969,A,FALSE,1176.96984675259,1133.45798832935,151.326538085938,0.997046828269958,1006,Csb,C,-207.969846752586,-164.457988329348,-37,39.417,rough (150-300 m),500-1000 m,subtropics (23.5-45),C temperate,FALSE,18149,0.641519853427916,4.1649304474139,3.32931974807591,4.21393373980009,8.02510067577218,,,,,,TRUE,-4.14537167244319,2023-10,-11.1721047053141,1.04947832031289,FALSE,TRUE,1008,1006,950,943,1265,1265,FALSE,,,,FALSE,TRUE
171600-99999,KIRSEHIR,39.15,34.167,1007,A,TRUE,1167.23195524529,1098.37975060291,130.263122558594,0.988312840461731,1009,Csb,C,-160.231955245293,-91.3797506029073,-2,39.15,hilly (50-150 m),1000-2000 m,subtropics (23.5-45),C temperate,TRUE,21192,-1.8837836425544,4.38046020102381,3.8382779088933,4.76824568665776,8.9409539982383,-34.7151986163162,3.92350355671453,34.7151986163162,34.936201406697,41.0978952023487,TRUE,-6.67874296242243,2022-09,-18.7441304097739,0.822865390478134,FALSE,TRUE,1024,1009,968,975,1086,1080,FALSE,,,,FALSE,TRUE
171900-99999,AFYON,38.726,30.601,1008.9,A,FALSE,1199.93337787687,1193.00941516726,138.7763671875,0.999587178230286,999,Csb,C,-191.033377876874,-184.109415167259,9.89999999999998,38.726,hilly (50-150 m),1000-2000 m,subtropics (23.5-45),C temperate,TRUE,25577,23.4349127040454,3.58538230739094,23.4358314188306,23.7075852236727,29.0604628551953,,,,,,TRUE,-0.596277644921462,2023-04,-1.9877131080923,0.848476501920481,FALSE,FALSE,991,999,988,996,993,1000,FALSE,,,,TRUE,TRUE
172440-99999,KONYA,37.979,32.562,1030.5,A,TRUE,1235.61508047154,1040.05198322057,118.928588867188,1,1027,Csa,C,-205.115080471542,-9.55198322056981,3.5,37.979,hilly (50-150 m),1000-2000 m,subtropics (23.5-45),C temperate,TRUE,8573,-3.95425449122321,4.27391923963653,4.6260036884001,5.82240358963485,11.3585250721032,-21.7883198863341,4.45503836837224,21.7883198863341,22.2390632723411,28.7627333238013,TRUE,-1.04108374405484,2022-11,-2.79017991800638,0.963402629034919,FALSE,FALSE,1000,1027,991,1025,1023,1029,FALSE,,,,FALSE,TRUE
172750-99999,MARDIN,37.3,40.733,1050,A,FALSE,752.350854155726,780.432235396389,138.404663085938,1,727,Csa,C,297.649145844274,269.567764603611,323,37.3,hilly (50-150 m),1000-2000 m,subtropics (23.5-45),C temperate,FALSE,8627,-19.114766355382,5.04099579699057,19.2095101452143,19.7682317330664,25.6564560170879,,,,,,TRUE,0.756846314965834,2024-05,2.48016409622955,0.704736310544926,FALSE,TRUE,727,727,675,677,1010,1012,TRUE,,,,TRUE,TRUE
173700-99999,ISKENDERUN,36.573,36.154,7.6,A,FALSE,319.539875763513,475.94497420118,220.332824707031,0.742569446563721,9,Csa,C,-311.939875763513,-468.34497420118,-1.4,36.573,rough (150-300 m),<200 m,subtropics (23.5-45),C temperate,TRUE,17093,-9.47621335151704,9.40583232582026,11.1351757583731,13.3515214653827,24.0064868122846,,,,,,TRUE,1.44301267135668,2022-07,2.32257846924967,1.24259540890591,FALSE,FALSE,9,9,6,7,11,10,FALSE,,,,FALSE,TRUE
200460-99999,POLARGMO IM. E.T. KRENKELJA,80.617,58.05,22,A,TRUE,64.5307588632459,-23.9199134006006,78.4282836914063,0.563926219940186,17,ET,E,-42.5307588632459,45.9199134006006,5,80.617,hilly (50-150 m),<200 m,polar (>66.5),E polar,TRUE,5555,2.44829188180564,5.74175588265489,3.9843617413103,6.24147089748304,9.84219405400204,,,,,,TRUE,-1.4599276357869,2022-10,-3.12276331457963,0.991741570505987,FALSE,TRUE,,,,,,,,,,,FALSE,TRUE
200870-99999,MGMS IM. G.F. USHAKOVA,79.55,90.567,8,A,FALSE,5.43541603465506,-1.69009995768178,0,0.0129321813583374,1,Climate Zone info missing,"",2.56458396534494,9.69009995768178,7,79.55,flat (<20 m),<200 m,polar (>66.5),,TRUE,8037,-1.00411693826014,4.2685762628964,3.03697958029368,4.38482919055256,7.78979398364801,,,,,,TRUE,-2.00324953056922,2022-09,-6.35692091595791,0.727759033669745,FALSE,TRUE,,,,,,,,,,,FALSE,TRUE
201070-99999,BARENTSBURG,78.067,14.25,75,A,FALSE,134.231150306807,86.0054943584201,112.341003417969,0.660031795501709,171,ET,E,-59.2311503068071,-11.0054943584201,-96,78.067,hilly (50-150 m),<200 m,polar (>66.5),E polar,FALSE,8561,1.41246359666788,2.83529038428179,2.45140140257135,3.16748890515823,5.9914040494312,,,,,,TRUE,-0.948437310917238,2022-10,-3.50580666754995,0.662668448396844,FALSE,TRUE,163,,13,,337,,FALSE,,,,FALSE,TRUE
202920-99999,GMO IM.E.K. FEDOROVA,77.717,104.3,15,A,FALSE,24.6710080818883,24.4146350945532,0,0.163309454917908,3,ET,E,-9.67100808188831,-9.41463509455319,12,77.717,flat (<20 m),<200 m,polar (>66.5),E polar,TRUE,8558,-0.71312392507467,4.1096851918909,3.11718632488655,4.17086137074576,8.28867534150579,,,,,,TRUE,-2.96387062659617,2022-08,-6.43130115258893,0.995551627831184,FALSE,TRUE,10,,7,,26,,FALSE,,,,FALSE,TRUE
204710-99999,IZVESTIJ TSIK,75.95,82.95,11.9,A,FALSE,0.407338786053341,1.98087840903876,0,0.0858403444290161,16,Climate Zone info missing,"",11.4926612139467,9.91912159096124,-4.1,75.95,flat (<20 m),<200 m,polar (>66.5),,TRUE,8544,0.685922166014923,3.53541840922015,2.68788604185551,3.60114004541428,6.96775402084952,,,,,,TRUE,-2.60589560200088,2022-09,-8.81241267012852,0.682906978423799,FALSE,TRUE,,,,,,,,,,,FALSE,TRUE
204760-99999,MYS STERLEGOVA,75.417,88.9,11,A,FALSE,7.30794959606492,5.85580001835489,0,0.295275211334229,-1,ET,E,3.69205040393508,5.14419998164511,12,75.417,flat (<20 m),<200 m,polar (>66.5),E polar,TRUE,8473,-0.80708783210657,3.85427446484366,3.07436748645493,3.93764766733108,7.62701016241994,,,,,,TRUE,-2.41425146361546,2022-10,-7.44700626122319,0.79410221895718,FALSE,TRUE,,,3,,28,,FALSE,,,,FALSE,TRUE
207440-99999,MALYE KARMAKULY,72.367,52.7,19,A,FALSE,148.884392621971,51.5390863597661,37.7478637695313,0.72453761100769,10,Dfc,D,-129.884392621971,-32.5390863597661,9,72.367,gentle (20-50 m),<200 m,polar (>66.5),D continental,TRUE,8467,-0.218883062476213,4.75196978050023,3.42983080128545,4.75672782719123,9.02026893851297,,,,,,TRUE,-1.2748704140173,2022-09,-3.91895514499509,0.751268386069471,FALSE,TRUE,,,5,,10,,FALSE,,,,FALSE,TRUE
208710-99999,SOPOCHNAYA KARGA,71.883,82.7,5.9,A,FALSE,26.3328268477258,13.197756751796,10.630859375,0.618266820907593,3,ET,E,-20.4328268477258,-7.29775675179598,2.9,71.883,flat (<20 m),<200 m,polar (>66.5),E polar,TRUE,7470,-1.79272389445567,4.26745027189416,3.37980145332828,4.62845037591654,8.09780908192026,,,,,,TRUE,-1.31676675695173,2022-10,-3.96478382107181,0.813513878776672,FALSE,TRUE,6,,5,,22,,FALSE,,,,FALSE,TRUE
208910-99999,HATANGA,71.983,102.467,33,A,TRUE,20.1045914156465,28.0856134612737,11.2476196289062,0.921411275863647,22,Dfc,D,12.8954085843535,4.91438653872627,11,71.983,flat (<20 m),<200 m,polar (>66.5),D continental,TRUE,7356,-1.19591004410791,3.96407486338775,2.98290992259295,4.14028430857411,7.40263833005104,-6.75009693472074,5.12241426258644,7.2520611664515,8.4734508594888,14.2087756805957,TRUE,0.729508075130708,2024-05,2.71398790432671,0.620756905926163,FALSE,TRUE,13,,5,,24,,FALSE,,,,FALSE,TRUE
209670-99999,SEYAHA,70.167,72.517,17.8,A,FALSE,3.3744739698317,0.757218953465251,1.3990478515625,0.431815505027771,8,ET,E,14.4255260301683,17.0427810465348,9.8,70.167,flat (<20 m),<200 m,polar (>66.5),E polar,TRUE,8303,0.494836332304892,2.74586008426601,2.12800971837464,2.78992876665851,5.63693355626258,,,,,,TRUE,-1.43495294104057,2022-10,-6.2331805092313,0.56390192859807,FALSE,TRUE,11,,4,,19,,FALSE,,,,FALSE,TRUE
214320-99999,OSTROV KOTEL'NYJ,76,137.867,8,A,FALSE,29.0896455625774,26.8619540057002,0.64080810546875,0.477900147438049,-2,Climate Zone info missing,"",-21.0896455625774,-18.8619540057002,10,76,flat (<20 m),<200 m,polar (>66.5),,TRUE,8396,5.15041838343093,3.66074248783829,5.38166845073292,6.31872209906508,11.5435403147361,,,,,,TRUE,-1.53345570407588,2022-07,-3.70490495219314,0.827797594736212,FALSE,TRUE,,,4,,23,,FALSE,,,,FALSE,TRUE
218130-99999,TYUMYATI,71.917,123.567,26.6,A,FALSE,89.5038479150628,44.197129626325,38.283447265625,0.98486864566803,27,Dfd,D,-62.9038479150628,-17.597129626325,-0.399999999999999,71.917,gentle (20-50 m),<200 m,polar (>66.5),D continental,TRUE,8528,2.24725173327486,3.77310732453436,3.45284505900627,4.39144735489864,8.24478191886859,,,,,,TRUE,-0.59398023848213,2023-03,-1.59883405080998,1.05078436203867,FALSE,TRUE,9,,7,,41,,FALSE,,,,TRUE,TRUE
218240-99999,TIKSI,71.698,128.903,9.1,A,TRUE,59.6416976139915,23.5988621241708,15.2559204101563,0.333622932434082,12,Dfd,D,-50.5416976139915,-14.4988621241708,-2.9,71.698,flat (<20 m),<200 m,polar (>66.5),D continental,TRUE,8551,-0.825304461531989,3.84375905758733,2.93317261085152,3.93114275234358,7.5601412839317,-10.1758730783409,4.81122518050852,10.3392652530995,11.2558239860698,17.4335957718968,TRUE,-1.3244708078672,2022-10,-4.91096263922221,0.660619494959198,FALSE,FALSE,11,,8,,14,,FALSE,,,,FALSE,TRUE
219080-99999,DZALINDA,70.133,113.967,62,A,FALSE,122.502820550978,111.702342925464,29.6856079101563,1,69,Dfd,D,-60.5028205509782,-49.7023429254639,-7,70.133,gentle (20-50 m),<200 m,polar (>66.5),D continental,TRUE,8330,-0.288666714320569,3.55407129689657,2.55989576918214,3.56556235089162,6.7026671697312,,,,,,TRUE,-0.957643601475793,2023-03,-4.43981985918608,0.610075458951236,FALSE,TRUE,67,,17,,115,,FALSE,,,,FALSE,TRUE
219310-99999,JUBILEJNAJA,70.767,136.217,24,A,FALSE,20.4750351961424,21.9673161834062,13.6685791015625,0.883407950401306,12,Dfd,D,3.52496480385759,2.03268381659384,12,70.767,flat (<20 m),<200 m,polar (>66.5),D continental,TRUE,8292,0.940192171203854,8.81256625749826,5.93007502838224,8.8620493988846,17.4821098211222,,,,,,TRUE,-1.6752138057555,2022-10,-3.2043054527869,1.28059546589043,FALSE,TRUE,2,,2,,12,,FALSE,,,,FALSE,TRUE
219460-99999,CHOKURDAH,70.617,147.883,61,A,FALSE,22.014169355106,14.0135297221783,10.7014770507813,0.911605000495911,8,Dfc,D,38.985830644894,46.9864702778217,53,70.617,flat (<20 m),<200 m,polar (>66.5),D continental,FALSE,8563,-2.40276349595361,3.18265569896391,3.13440557536887,3.98765429809104,7.78270941155066,,,,,,TRUE,-1.04055853242618,2023-08,-3.69334088942874,0.796878508134549,FALSE,TRUE,7,,1,,58,,FALSE,,,,FALSE,TRUE
219780-99999,VAL' KARKAY,70.083,170.933,5.8,A,TRUE,124.013275191452,86.8212673288024,73.6357421875,0.63191568851471,5,ET,E,-118.213275191452,-81.0212673288024,0.8,70.083,hilly (50-150 m),<200 m,polar (>66.5),E polar,TRUE,7296,0.679911738426749,3.99607993389157,3.03454495870027,4.05323896703081,8.14044932486141,,,,,,TRUE,-1.43512686723951,2023-08,-4.12351028224118,0.953133743177634,FALSE,TRUE,,,2,,13,,FALSE,1,35.7367682486122,2.08379241988659,TRUE,TRUE
222130-99999,APATITY,67.55,33.35,134,A,FALSE,237.847063998027,124.142880723795,110.277404785156,0.813409209251404,139,Dfc,D,-103.847063998027,9.85711927620542,-5,67.55,hilly (50-150 m),<200 m,polar (>66.5),D continental,TRUE,8569,0.0763026687660611,2.91405507837009,2.25576094655294,2.91488389407549,5.80882749243673,,,,,,TRUE,0.963728677976543,2023-02,3.66200885035331,0.74435547402395,FALSE,TRUE,125,,118,,138,,FALSE,,,,TRUE,TRUE
222710-99999,SHOJNA,67.883,44.15,18,A,FALSE,38.7084374028083,5.44791353316372,22.645751953125,0.524556517601013,-1,Dfc,D,-20.7084374028083,12.5520864668363,19,67.883,gentle (20-50 m),<200 m,polar (>66.5),D continental,TRUE,8495,-11.6093287516169,2.5435121322034,11.6175058493203,11.8846626569531,15.2862170721355,,,,,,TRUE,-0.624041921095057,2023-02,-3.55787607419769,0.496098531762944,FALSE,TRUE,,,1,,10,,FALSE,,,,FALSE,TRUE
224290-99999,SOLOVKI,65.033,35.7,7.4,A,FALSE,5.03788604225194,4.63214056278138,0,0.199581861495972,24,Dfc,D,2.36211395774806,2.76785943721862,-16.6,65.033,flat (<20 m),<200 m,mid-latitude (45-66.5),D continental,TRUE,8522,-0.498111452715248,3.94029411747134,1.88551750823278,3.97142428964209,4.54448734096019,,,,,,TRUE,-0.392769956284338,2023-02,-2.82078381568912,0.393834221524204,FALSE,TRUE,5,,1,,28,,FALSE,1,42.6446406654223,0.0431496594201354,TRUE,TRUE
224810-99999,MOSEEVO,65.767,46.2,42.2,A,FALSE,64.9808679728807,40.9340377447956,18.2933959960938,0.990454077720642,39,Dfc,D,-22.7808679728806,1.26596225520438,3.2,65.767,flat (<20 m),<200 m,mid-latitude (45-66.5),D continental,TRUE,8481,-1.48711877917164,3.20997115991585,2.26880331569406,3.53754465269764,5.33196987246532,,,,,,TRUE,-0.440837210377117,2023-02,-4.6360885784177,0.268949978486744,FALSE,TRUE,35,,15,,38,,FALSE,,,,FALSE,TRUE
225200-99999,KEM' PORT,64.983,34.8,8,A,TRUE,13.5509231140349,5.04002704797255,4.648681640625,0.480575442314148,-1,Dfc,D,-5.55092311403486,2.95997295202745,9,64.983,flat (<20 m),<200 m,mid-latitude (45-66.5),D continental,TRUE,8475,-0.0418596834022759,2.38284877259188,1.61508194430044,2.38307585682439,4.19886014204841,,,,,,TRUE,-0.441360719690172,2024-06,-3.50649064290698,0.271909502506983,FALSE,TRUE,,,2,,9,,FALSE,,,,FALSE,TRUE
225460-99999,SEVERODVINSK,64.55,39.767,7.9,A,FALSE,27.6672211108024,10.5464945980534,11.7442626953125,0.892593264579773,7,Dfc,D,-19.7672211108024,-2.64649459805336,0.9,64.55,flat (<20 m),<200 m,mid-latitude (45-66.5),D continental,TRUE,8531,-4.13463032465839,2.32623771610989,4.22053956605459,4.74403999916446,7.7313477233889,,,,,,TRUE,0.959615023980164,2023-07,3.73710210126091,0.726284990239812,FALSE,TRUE,6,,3,,25,,FALSE,,,,FALSE,TRUE
228540-99999,NJANDOMA,61.667,40.183,233,A,TRUE,161.132936977077,214.693680436235,25.9234008789063,0.984771251678467,227,Dfc,D,71.8670630229232,18.3063195637654,6,61.667,gentle (20-50 m),200-500 m,mid-latitude (45-66.5),D continental,TRUE,8393,-2.28163886339005,2.62730489773222,2.76690721998672,3.47962418797206,6.25467265457939,10.1816322124499,3.6792791196416,10.2262593314488,10.825946445777,16.214222690872,TRUE,-0.993783032684175,2024-04,-4.63606859536859,0.525070174229878,FALSE,TRUE,220,,192,,228,,FALSE,,,,FALSE,TRUE
228870-99999,KOTLAS,61.233,46.717,56,A,TRUE,96.5562211770839,78.663537624979,18.4407348632813,0.989066600799561,79,Dfc,D,-40.5562211770839,-22.663537624979,-23,61.233,flat (<20 m),<200 m,mid-latitude (45-66.5),D continental,FALSE,8329,0.781972426749656,3.15838295568784,2.43589640629825,3.25356206368361,6.04901116711866,-6.12812111983388,4.23886231924013,6.41858521708431,7.45115192064911,12.8778234142945,TRUE,-0.302334497263299,2024-07,-1.26307514762363,0.478727647887168,FALSE,TRUE,50,,38,,77,,FALSE,,,,FALSE,TRUE
231140-99999,MYS KONSTANTINOVSKIJ,68.533,55.5,6.7,A,TRUE,39.0147505933474,26.0461810353179,13.0516967773438,0.693037867546082,21,Dfc,D,-32.3147505933474,-19.3461810353179,-14.3,68.533,flat (<20 m),<200 m,polar (>66.5),D continental,TRUE,8422,-1.12060345077248,3.11938921129614,2.51993475431057,3.3143907084054,6.07614776278163,2.84085035773742,4.06282354913636,3.74142428670404,4.957318429949,9.81206382402405,TRUE,-0.23041174768013,2023-05,-1.39716031288121,0.466448145563711,FALSE,TRUE,4,,4,,21,,FALSE,,,,FALSE,TRUE
232050-99999,NAR'JAN-MAR,67.633,53.033,12,A,FALSE,16.472649060204,27.8816702186781,9.91693115234375,0.839432954788208,10,Dfc,D,-4.47264906020405,-15.8816702186781,2,67.633,flat (<20 m),<200 m,polar (>66.5),D continental,TRUE,6408,-0.266871345740167,3.17496755818224,2.4353318129928,3.185916855725,6.22857829962309,,,,,,TRUE,0.808262862470083,2023-10,2.37803298792876,0.784935757564117,FALSE,TRUE,9,,1,,16,,FALSE,,,,FALSE,TRUE
232740-99999,IGARKA,67.467,86.567,28,A,FALSE,54.1304501441624,47.2562782652588,16.7597045898438,0.851229906082153,40,Dfc,D,-26.1304501441624,-19.2562782652588,-12,67.467,flat (<20 m),<200 m,polar (>66.5),D continental,TRUE,8463,-1.57042171494975,3.46464666585144,2.88816618679883,3.80375899589348,7.3528580898572,,,,,,TRUE,-0.828065132953767,2022-09,-1.99973750450614,0.956292766105759,FALSE,TRUE,44,,1,,50,,FALSE,,,,FALSE,TRUE
233240-99999,PETRUN',66.433,60.767,62,A,FALSE,78.1782263980309,59.6968160635895,14.33349609375,0.957505702972412,50,Dfc,D,-16.1782263980309,2.30318393641049,12,66.433,flat (<20 m),<200 m,mid-latitude (45-66.5),D continental,TRUE,8526,-2.04221900587969,3.39010278179224,3.1587436215991,3.95753804385329,7.50960967510511,,,,,,TRUE,-0.6684934273696,2022-08,-1.70920982377916,0.844899692068094,FALSE,TRUE,48,,43,,70,,FALSE,,,,FALSE,TRUE
234450-99999,NADYM,65.467,72.667,19,A,TRUE,24.5120757502562,14.6253594499651,9.623291015625,0.973599195480347,7,Dfc,D,-5.51207575025621,4.37464055003492,12,65.467,flat (<20 m),<200 m,mid-latitude (45-66.5),D continental,TRUE,8509,1.42956122045403,2.62974453583178,2.26036359624773,2.9930567773505,5.90754563423302,-2.89269962829433,3.64940961606616,3.68869454926031,4.65664433865013,8.74112035686844,TRUE,-1.14270002096474,2022-08,-6.70284866544744,0.368278369469616,FALSE,TRUE,9,,7,,51,,FALSE,,,,FALSE,TRUE
234530-99999,URENGOJ,65.95,78.4,23.7,A,FALSE,32.1025883106107,23.5988621241708,6.06524658203125,0.983839750289917,14,Dfc,D,-8.40258831061066,0.101137875829156,9.7,65.95,flat (<20 m),<200 m,mid-latitude (45-66.5),D continental,TRUE,7103,-1.67007727185889,2.43071734757547,2.31836110005684,2.94901900673717,5.65773783874767,,,,,,TRUE,-1.04173345263214,2022-07,-5.21945986316398,0.399172895258418,FALSE,TRUE,4,,4,,17,,FALSE,,,,FALSE,TRUE
234650-99999,KRASNOSEL' KUPSK,65.7,82.45,24.7,A,FALSE,27.1051822137274,22.5791459111929,7.55438232421875,0.965367317199707,11,Dfc,D,-2.40518221372742,2.12085408880708,13.7,65.7,flat (<20 m),<200 m,mid-latitude (45-66.5),D continental,TRUE,8138,-1.30401220964132,3.38868715506461,2.60372036723116,3.63073510717694,6.73109287550179,,,,,,TRUE,-0.706284816153685,2024-03,-3.15235253982121,0.578494800541891,FALSE,TRUE,9,,9,,20,,FALSE,,,,FALSE,TRUE
234710-99999,NIZHNEVARTOVSK,60.949,76.484,53.9,A,FALSE,40.530383480215,34.4078539817369,7.7452392578125,0.896905899047852,50,Dfc,D,13.369616519785,19.4921460182631,3.9,60.949,flat (<20 m),<200 m,mid-latitude (45-66.5),D continental,TRUE,8479,1.48321807406367,2.41014010559425,2.09305330081029,2.82984559754501,5.24449081983175,,,,,,TRUE,-0.515934977204034,2022-11,-5.56030152996754,0.239580241427278,FALSE,FALSE,42,,28,,45,,FALSE,,,,FALSE,TRUE
235780-99999,VERESHCHAGINO,64.233,87.567,30,A,FALSE,43.8918620432309,44.4010728689206,10.3870239257812,0.917727589607239,13,Dfc,D,-13.8918620432309,-14.4010728689206,17,64.233,flat (<20 m),<200 m,mid-latitude (45-66.5),D continental,TRUE,8531,5.58863610325724,3.94462214975144,5.84957486145256,6.8404000948454,11.8101465027747,,,,,,TRUE,-0.662422808728538,2024-07,-2.51431958145843,0.526920136655261,FALSE,TRUE,12,,12,,38,,FALSE,,,,FALSE,TRUE
236620-99999,TOL'KA,63.983,82.083,33,A,TRUE,52.9394534735358,46.2365620522809,12.2772216796875,0.993349671363831,19,Dfc,D,-19.9394534735358,-13.2365620522809,14,63.983,flat (<20 m),<200 m,mid-latitude (45-66.5),D continental,TRUE,8391,-0.526005241153552,3.92380480310555,2.29573080473555,3.95867285772339,6.09187082329158,-4.33424112579453,4.5403474517734,4.92229646636785,6.27677818228449,10.3981528903133,TRUE,-0.359317000892075,2023-07,-2.40570494881148,0.422454944945635,FALSE,TRUE,17,,16,,41,,FALSE,,,,FALSE,TRUE
238030-99999,UST'-KULOM,61.683,53.683,144,A,FALSE,159.670281534087,117.820640203331,21.9894409179688,0.997899889945984,113,Dfc,D,-15.6702815340866,26.1793597966686,31,61.683,gentle (20-50 m),<200 m,mid-latitude (45-66.5),D continental,FALSE,8443,-5.14000547684629,3.35938779145118,5.4133780281168,6.14034249594837,10.1957799502028,,,,,,TRUE,-1.47348086806867,2023-11,-2.70847785936574,1.53873632033896,FALSE,TRUE,89,,84,,135,,FALSE,,,,FALSE,TRUE
238120-99999,JAKSHA,61.833,56.867,131,A,FALSE,161.275537916235,165.95124545589,13.2724609375,0.999999761581421,143,Dfc,D,-30.2755379162354,-34.9512454558897,-12,61.833,flat (<20 m),<200 m,mid-latitude (45-66.5),D continental,TRUE,7776,-1.76772491151827,2.99110434923181,2.63517921804313,3.47424898893845,6.43983035672936,,,,,,TRUE,0.310047133849571,2023-10,1.91024510661494,0.459074974354436,FALSE,TRUE,143,,121,,147,,FALSE,,,,FALSE,TRUE
238470-99999,SYTOMINO,61.3,71.3,33.4,A,TRUE,42.7255616246374,37.8748891058618,7.54510498046875,0.968421339988708,26,Dfc,D,-9.32556162463737,-4.47488910586184,7.4,61.3,flat (<20 m),<200 m,mid-latitude (45-66.5),D continental,TRUE,8525,-0.535067041444148,2.27888769287313,1.71979180806909,2.3407299432874,4.49275977887653,-4.42506162475335,3.40042022465151,4.80256062718943,5.58056195558646,9.63598857917104,TRUE,-0.871882914942533,2022-09,-5.94130506429863,0.338903207424062,FALSE,TRUE,26,,17,,38,,FALSE,,,,FALSE,TRUE
238910-99999,BAJKIT,61.667,96.367,262,A,FALSE,478.66738745201,422.103958155945,99.9854125976563,0.99435019493103,195,Dfc,D,-216.66738745201,-160.103958155945,67,61.667,hilly (50-150 m),200-500 m,mid-latitude (45-66.5),D continental,FALSE,8009,-13.6639852804743,4.58076476507318,13.6939709010731,14.4112900047047,20.7310734608227,,,,,,TRUE,-1.22223381011134,2022-09,-2.84156669382939,0.993335149673331,FALSE,TRUE,183,,143,,271,,FALSE,,,,FALSE,TRUE
239210-99999,IVDEL',60.683,60.45,95,A,FALSE,128.860113816262,101.70912403828,42.4871215820313,0.999859094619751,81,Dfc,D,-33.8601138162624,-6.70912403828015,14,60.683,gentle (20-50 m),<200 m,mid-latitude (45-66.5),D continental,TRUE,6570,-1.59472818102371,3.24333392263998,2.76255081161639,3.61396898256405,7.09361260412907,,,,,,TRUE,1.09223289991753,2023-08,4.89822740578852,0.589963753730519,FALSE,TRUE,100,,87,,111,,FALSE,,,,TRUE,TRUE
239330-99999,KHANTY MANSIYSK,61.028,69.086,23.2,A,FALSE,38.1695014511836,31.7565918279943,12.176025390625,0.949699759483337,39,Dfc,D,-14.9695014511836,-8.55659182799427,-15.8,61.028,flat (<20 m),<200 m,mid-latitude (45-66.5),D continental,TRUE,8523,21.4886271504683,2.30103087288326,21.4886271504683,21.611460354632,25.1676950729562,,,,,,TRUE,1.39317331093235,2022-07,4.65134124847034,0.599041539422854,FALSE,FALSE,32,,32,,39,,FALSE,,,,TRUE,TRUE
239860-99999,SEVERO-ENISEJSK,60.367,93.033,511,A,FALSE,481.006361515528,463.708379645445,62.7171630859375,0.997778177261353,477,Dfc,D,29.9936384844722,47.2916203545553,34,60.367,hilly (50-150 m),500-1000 m,mid-latitude (45-66.5),D continental,FALSE,8544,0.547155712058433,3.22163704688766,2.38856858654528,3.26758471518712,6.10670116613687,,,,,,TRUE,0.85625047308028,2022-07,2.53535089196058,0.67544928459046,FALSE,TRUE,468,,409,,531,,FALSE,,,,TRUE,TRUE
241360-99999,SUHANA,68.617,118.333,77,A,FALSE,233.963777529151,192.055980508125,47.7073974609375,0.985176920890808,277,Dfd,D,-156.963777529151,-115.055980508125,-200,68.617,gentle (20-50 m),<200 m,polar (>66.5),D continental,FALSE,8119,-0.12186805001603,4.74786100941566,3.54241923839459,4.74913250113737,8.9801896937871,,,,,,TRUE,2.42751552786901,2022-07,4.48225437873519,1.08316722914509,FALSE,TRUE,278,,216,,306,,TRUE,,,,FALSE,TRUE
242190-99999,YAROL'IN,67.133,108.533,235.8,A,FALSE,336.552008474479,281.791007250182,59.541748046875,1,257,Dfc,D,-100.752008474479,-45.9910072501823,-21.2,67.133,hilly (50-150 m),200-500 m,polar (>66.5),D continental,FALSE,7333,-0.217092614805969,6.60197592055449,3.76743994990328,6.60509435448286,9.58848543981083,,,,,,TRUE,1.29807986097992,2024-05,3.38869549050871,0.884643378864218,FALSE,TRUE,228,,203,,276,,FALSE,,,,FALSE,TRUE
242660-99999,VERHOJANSK,67.567,133.4,138,A,FALSE,278.340552472684,276.692426185293,85.6854248046875,0.999582648277283,116,Dfd,D,-140.340552472684,-138.692426185293,22,67.567,hilly (50-150 m),<200 m,polar (>66.5),D continental,FALSE,8488,-2.20355608130736,3.84702323656245,3.47292599856919,4.43322722140491,8.38338237905522,,,,,,TRUE,1.08562177493011,2023-01,2.8990800958562,1.0591642775984,FALSE,TRUE,125,,111,,211,,FALSE,,,,FALSE,TRUE
243220-99999,POLIARNY,66.4,112.03,506,A,FALSE,420.091064242759,390.492755553629,40.623291015625,0.993979334831238,516,Dfc,D,85.9089357572412,115.507244446371,-10,66.4,gentle (20-50 m),500-1000 m,mid-latitude (45-66.5),D continental,TRUE,7315,-6.21167278747301,3.94118140085013,6.41650571893687,7.35633510793608,12.4889723206573,,,,,,TRUE,-4.73989490624525,2024-01,-10.8768364540061,1.06743573867397,FALSE,FALSE,469,,452,,480,,TRUE,,,,FALSE,TRUE
243430-99999,ZHIGANSK,66.767,123.4,92,A,FALSE,63.5954878991552,51.1311998745749,17.6909790039063,0.88256311416626,21,Dfd,D,28.4045121008448,40.8688001254251,71,66.767,flat (<20 m),<200 m,polar (>66.5),D continental,FALSE,8116,-0.481112434695817,3.62489334887377,2.59688214423777,3.65646030467169,6.51519042018352,,,,,,TRUE,1.31002798496512,2023-07,8.29344538128871,0.446776763636947,FALSE,TRUE,17,,17,,75,,TRUE,,,,FALSE,TRUE
244490-99999,BESTYAHSKAYA ZVEROFERMA,65.3,127.117,73.3,A,TRUE,495.026264464037,498.378730886694,129.534362792969,0.989587426185608,602,Dfd,D,-421.726264464037,-425.078730886694,-528.7,65.3,hilly (50-150 m),<200 m,mid-latitude (45-66.5),D continental,FALSE,8393,6.15662499893697,15.6417253989284,13.6611140967885,16.8088802103146,31.619385183366,-0.815378328853863,16.4534643101401,13.0246482472944,16.4726766067848,32.2110304579029,TRUE,1.03797306178124,2023-02,0.940249159675949,3.12239700773539,FALSE,TRUE,574,,465,,729,,TRUE,,,,FALSE,TRUE
244770-99999,IEMA,65.3,135.8,674.9,A,FALSE,760.023820331739,756.774819255301,66.9574584960938,0.993147730827332,636,Dwd,D,-85.1238203317393,-81.8748192553013,38.9,65.3,hilly (50-150 m),500-1000 m,mid-latitude (45-66.5),D continental,FALSE,7813,-0.282507793834372,4.02052603377178,3.08304942251679,4.03018253949354,7.80205422496092,,,,,,TRUE,-1.43593510535037,2023-04,-3.17919626595219,1.27750458342082,FALSE,TRUE,669,,661,,682,,FALSE,,,,FALSE,TRUE
245380-99999,CHUMPURUK,64.233,116.917,139.1,A,FALSE,185.502162834021,187.365285928426,20.2474975585938,0.994293451309204,189,Dfc,D,-46.4021628340208,-48.2652859284261,-49.9,64.233,gentle (20-50 m),<200 m,mid-latitude (45-66.5),D continental,FALSE,7866,0.499228068335193,6.97609373308688,3.55860367089178,6.99349165807463,8.67135771735486,,,,,,TRUE,-0.576721283755061,2023-08,-2.24435363477004,0.726807975855548,FALSE,TRUE,160,,151,,190,,FALSE,,,,FALSE,TRUE
246560-99999,BATAMAJ,63.517,129.483,79,A,FALSE,106.470969715066,68.4663754951997,28.2800903320313,0.889971256256104,86,Dfd,D,-27.4709697150658,10.5336245048003,-7,63.517,gentle (20-50 m),<200 m,mid-latitude (45-66.5),D continental,TRUE,8553,-0.6395381071857,2.90308115045709,2.24762737015889,2.97252481662436,5.97236483588184,,,,,,TRUE,0.897958696792594,2022-07,2.26258318983499,0.79374645831969,FALSE,TRUE,72,,54,,81,,FALSE,,,,FALSE,TRUE
246610-99999,SEGEN-KYUEL',64,130.3,208,A,FALSE,381.147863073144,268.330753238874,100.064880371094,0.999291658401489,198,Dwd,D,-173.147863073144,-60.3307532388736,10,64,hilly (50-150 m),200-500 m,mid-latitude (45-66.5),D continental,TRUE,8560,4.91535928271262,4.77953234912235,5.56404880518183,6.85580175261114,13.0235421954146,,,,,,TRUE,0.969146835193574,2024-07,1.904454142339,1.0177686231954,FALSE,TRUE,202,,174,,217,,FALSE,,,,FALSE,TRUE
246790-99999,VOSTOCHNAYA,63.217,139.6,1287.9,A,FALSE,1541.54508077746,1616.1916435531,180.615661621094,0.987293362617493,1259,ET,E,-253.645080777457,-328.291643553099,28.9000000000001,63.217,rough (150-300 m),1000-2000 m,mid-latitude (45-66.5),E polar,FALSE,8103,2.42948247002131,6.54878570251673,5.40269669191923,6.98453195057653,13.7420256819679,,,,,,TRUE,-1.79852823171632,2023-03,-3.27032094176622,1.55550666915917,FALSE,TRUE,1258,,1247,,1352,,FALSE,,,,FALSE,TRUE
246880-99999,OJMJAKON,63.25,143.15,741,A,FALSE,884.508863644185,819.385394732146,81.277099609375,0.999800324440002,745,Dfd,D,-143.508863644185,-78.3853947321461,-4,63.25,hilly (50-150 m),500-1000 m,mid-latitude (45-66.5),D continental,TRUE,8556,-1.64026960137545,5.11875805075939,4.2227841063714,5.37485869321264,10.7580313688382,,,,,,TRUE,3.39819895617474,2023-03,6.80273413095242,1.41289633225504,FALSE,TRUE,729,,701,,740,,FALSE,,,,FALSE,TRUE
246910-99999,DELYANKIR,63.833,145.6,800.9,A,TRUE,1030.46172152634,900.146918799998,82.9537963867188,0.999640703201294,821,Dfd,D,-229.561721526337,-99.2469187999981,-20.1,63.833,hilly (50-150 m),500-1000 m,mid-latitude (45-66.5),D continental,FALSE,8391,0.500512376356919,7.18461674136248,5.51559078117038,7.20160250795805,13.799425145327,-98.369753724375,9.79389745165258,98.369753724375,98.8560440425436,115.220928163805,TRUE,3.18739341288222,2022-08,2.96957289697552,2.31870271464982,FALSE,TRUE,787,,780,,872,,FALSE,,,,FALSE,TRUE
247710-99999,TEPLY KLJUCH,62.783,136.85,288.6,A,FALSE,327.497645491197,330.533442230527,36.5354614257813,0.999269604682922,275,Dfd,D,-38.8976454911973,-41.9334422305273,13.6,62.783,gentle (20-50 m),200-500 m,mid-latitude (45-66.5),D continental,TRUE,8532,-0.221658279346686,5.5663264168931,4.37513178097162,5.57041207348974,9.74591958453385,,,,,,TRUE,7.36001541696194,2023-09,19.3306764941809,1.0769031932303,FALSE,TRUE,272,,263,,294,,FALSE,,,,FALSE,TRUE
249080-99999,VANAVARA,60.333,102.267,260,A,FALSE,309.46977983371,293.415772078131,22.582763671875,1,257,Dfc,D,-49.4697798337098,-33.4157720781307,3,60.333,gentle (20-50 m),200-500 m,mid-latitude (45-66.5),D continental,TRUE,8279,0.230703147652946,3.49088142212939,2.52435318674209,3.49828602293111,6.69189478853848,,,,,,TRUE,0.594206977551383,2024-04,2.97135932190894,0.482993149152332,FALSE,TRUE,240,,237,,294,,FALSE,,,,FALSE,TRUE
249180-99999,PREOBRAZHENKA,60.05,108.083,295.2,A,FALSE,363.661323327156,350.72382324749,24.0181884765625,0.997373938560486,310,Dfc,D,-68.4613233271556,-55.5238232474903,-14.8,60.05,gentle (20-50 m),200-500 m,mid-latitude (45-66.5),D continental,TRUE,8463,-1.3194105106794,4.0574767813843,3.19730684546974,4.26638214673427,8.34694659282656,,,,,,TRUE,-1.00029202662458,2024-05,-4.82057416618317,0.479211688011186,FALSE,TRUE,282,,265,,382,,FALSE,,,,FALSE,TRUE
249230-99999,LENSK,60.717,114.883,234,A,FALSE,345.36498551047,334.612307082439,77.9427490234375,0.989258170127869,189,Dfc,D,-111.36498551047,-100.612307082439,45,60.717,hilly (50-150 m),200-500 m,mid-latitude (45-66.5),D continental,FALSE,8556,8.72154070360821,3.69771964213869,8.79192241444501,9.47295121498329,14.7316211383764,,,,,,TRUE,-0.315350310361762,2023-02,-1.28787357127153,0.692572152671563,FALSE,TRUE,167,,137,,201,,TRUE,,,,FALSE,TRUE
249440-99999,OLEKMINSK,60.4,120.417,229.6,A,FALSE,269.68332115516,207.759610187985,46.626953125,0.977774858474731,280,Dfc,D,-40.0833211551601,21.8403898120153,-50.4,60.4,gentle (20-50 m),200-500 m,mid-latitude (45-66.5),D continental,FALSE,8519,0.636446496978076,5.7037012940414,4.18667059602509,5.73876762141716,11.4632761687041,,,,,,TRUE,-9.64849725553185,2022-08,-18.2041218636338,1.14496796038477,FALSE,TRUE,241,,173,,297,,FALSE,,,,FALSE,TRUE
250510-99999,PEVEK,69.783,170.597,3.4,A,FALSE,86.8063798704196,21.559429698215,59.1748046875,0.441506028175354,0,ET,E,-83.4063798704196,-18.159429698215,3.4,69.783,hilly (50-150 m),<200 m,polar (>66.5),E polar,TRUE,8553,2.16324559956457,5.80920024018645,4.10527602620193,6.19858801212191,12.5430813199799,,,,,,TRUE,-1.5155658897138,2022-09,-3.27937679185411,1.06729104941449,FALSE,FALSE,8,,6,,9,,FALSE,,,,FALSE,TRUE
251210-99999,KOLYMSKAYA,68.733,158.717,12,A,FALSE,22.1284891024203,19.3160540296635,8.37652587890625,0.853783845901489,16,Dfc,D,-10.1284891024203,-7.31605402966355,-4,68.733,flat (<20 m),<200 m,polar (>66.5),D continental,TRUE,8153,-3.79724047663318,3.16784625340769,4.05054557329605,4.94500295820799,8.54773580655409,,,,,,TRUE,-0.976473756960862,2023-11,-4.12641530341931,0.669318199382965,FALSE,TRUE,10,,2,,19,,FALSE,,,,FALSE,TRUE
251230-99999,CHERSKIJ,68.75,161.283,28,A,TRUE,16.5933420338495,18.09239457409,27.9791870117188,0.815463066101074,1,Dfc,D,11.4066579661505,9.90760542590997,27,68.75,gentle (20-50 m),<200 m,polar (>66.5),D continental,FALSE,8499,-3.30054319507999,3.35633683190602,3.77776944591695,4.70714954745504,8.76331297973653,,,,,,TRUE,0.355036115570875,2022-12,1.21735622740563,0.789778968828072,FALSE,TRUE,,,,,,,,,,,FALSE,TRUE
252480-99999,ILIRNEJ,67.25,167.967,353,A,TRUE,542.66334300258,489.609171455084,102.684448242188,0.998238086700439,349,ET,E,-189.66334300258,-136.609171455084,4,67.25,hilly (50-150 m),200-500 m,polar (>66.5),E polar,TRUE,7095,0.899990380849603,5.28407146450477,3.96699393120774,5.35980023537251,9.96948864139558,-33.0593636024101,7.05571088588603,33.077041754767,33.8038098631239,45.1345120634981,TRUE,-1.43354998682946,2023-05,-1.98101118631458,2.0467787842083,FALSE,TRUE,336,,327,,417,,FALSE,,,,FALSE,TRUE
253780-99999,EGVEKINOT,66.35,-179.117,26,A,TRUE,135.437681716616,221.015920956698,31.9893798828125,0.5726078748703,15,ET,E,-109.437681716616,-195.015920956698,11,66.35,gentle (20-50 m),<200 m,mid-latitude (45-66.5),E polar,TRUE,6938,-3.17144752058662,4.44895218681452,4.32067037386471,5.46336911362004,10.6011654485895,-18.4428554618553,5.26703769382841,18.451553934182,19.1801096227754,26.8504324523531,TRUE,-2.0944016588326,2023-03,-6.51356047609178,0.870747500466828,FALSE,TRUE,6,,3,,380,,FALSE,,,,FALSE,TRUE
254000-99999,ZYRYANKA,65.733,150.9,43,A,FALSE,76.996789566901,41.9537539577736,12.4695434570313,0.937289357185364,46,Dfc,D,-33.996789566901,1.04624604222644,-3,65.733,flat (<20 m),<200 m,mid-latitude (45-66.5),D continental,TRUE,8525,-1.81094324225511,4.24355371427313,3.53137961688284,4.6135833369269,9.11562589230857,,,,,,TRUE,-0.45320325265867,2023-11,-1.21613957078518,1.05403393133189,FALSE,TRUE,60,,9,,60,,FALSE,,,,FALSE,TRUE
254690-99999,KANCHALAN,65.183,176.767,18.5,A,FALSE,34.3443706725793,15.4411324203474,18.4043579101563,0.906985640525818,2,Dsc,D,-15.8443706725793,3.05886757965258,16.5,65.183,flat (<20 m),<200 m,mid-latitude (45-66.5),D continental,TRUE,8459,-3.97706574430129,3.39439105465775,4.29214017457153,5.22853521359717,9.97051456678227,,,,,,TRUE,-1.36744358433313,2023-05,-7.73724780679064,0.499882467522036,FALSE,TRUE,8,,7,,38,,FALSE,,,,FALSE,TRUE
255510-99999,MARKOVO,64.683,170.417,26,A,FALSE,-9.28912675008795,15.2371891777518,18.377197265625,0.998248219490051,21,Dfc,D,35.289126750088,10.7628108222482,5,64.683,flat (<20 m),<200 m,mid-latitude (45-66.5),D continental,TRUE,8498,-0.363694007153699,3.7057748297805,2.82923136217873,3.72336197810277,7.42719039774171,,,,,,TRUE,-2.61332131436506,2022-07,-5.73421546160235,0.911483473847283,FALSE,TRUE,23,,12,,34,,FALSE,,,,FALSE,TRUE
255630-99999,UGOLNY,64.735,177.741,59.1,A,FALSE,71.1911787059037,45.2168458393029,41.2537841796875,0.54987895488739,41,Dsc,D,-12.0911787059037,13.8831541606971,18.1,64.735,gentle (20-50 m),<200 m,mid-latitude (45-66.5),D continental,TRUE,8512,1.3850091305162,4.08223167062648,3.03558965687982,4.31055772785991,8.53951936262652,,,,,,TRUE,-2.3203568347522,2023-01,-9.80540814934946,0.669320451585563,FALSE,FALSE,18,,12,,40,,TRUE,,,,FALSE,TRUE
256480-99999,SLAUTNOE,63.2,167.85,44,A,FALSE,101.23974587716,45.6247323244941,44.1001586914063,0.990040421485901,40,Dfc,D,-57.2397458771599,-1.6247323244941,4,63.2,gentle (20-50 m),<200 m,mid-latitude (45-66.5),D continental,TRUE,6396,0.518477848260035,4.89770110072811,3.49308679354033,4.92468729607082,9.72433547945587,,,,,,TRUE,-2.54929018288401,2022-08,-4.26223334019354,1.19622272147505,FALSE,TRUE,38,,21,,108,,FALSE,,,,FALSE,TRUE
259040-99999,MADAUN,60.6,150.7,521.9,A,TRUE,857.536573157628,745.965827397735,136.257019042969,0.991580128669739,615,ET,E,-335.636573157628,-224.065827397735,-93.1,60.6,hilly (50-150 m),500-1000 m,mid-latitude (45-66.5),E polar,FALSE,8528,-3.80494699729776,7.8976569830494,6.20413526099187,8.76603066208914,19.8830964810871,-2.17371910712519,8.03114611012594,6.56845283994246,8.31966341622119,16.1082862355542,TRUE,-1.10354446998884,2023-01,-1.22677050257941,2.54431868529383,FALSE,TRUE,591,,504,,770,,FALSE,,,,FALSE,TRUE
259220-99999,SHELIHOVA,60.717,155.883,33.3,A,FALSE,88.949377224256,4.42819732018579,23.2754516601563,0.247465014457703,60,Dfc,D,-55.649377224256,28.8718026798142,-26.7,60.717,gentle (20-50 m),<200 m,mid-latitude (45-66.5),D continental,FALSE,8518,0.899869575378627,3.70967911448051,2.84412509455545,3.81704974824862,7.93740048324136,,,,,,TRUE,-0.69105235213268,2023-04,-2.81568126345954,0.694180567508618,FALSE,TRUE,69,,5,,104,,FALSE,,,,FALSE,TRUE
259270-99999,BROHOVO,59.65,154.267,5,A,FALSE,12.5933458577853,15.2371891777518,33.48974609375,0.557238578796387,-1,Dfc,D,-7.59334585778528,-10.2371891777518,6,59.65,gentle (20-50 m),<200 m,mid-latitude (45-66.5),D continental,TRUE,8529,2.02425317775575,3.77896733283557,3.21011813343039,4.28678442109137,8.78562473989079,,,,,,TRUE,0.412725756685692,2024-04,1.89475894328232,0.533559960842677,FALSE,TRUE,,0,7,0,7,5,FALSE,,,,TRUE,TRUE
259410-99999,CHEMURNAUT,60.733,163.017,14,A,TRUE,40.8625879027242,92.7356213640744,21.3595581054688,0.451592683792114,198,Dfc,D,-26.8625879027242,-78.7356213640744,-184,60.733,gentle (20-50 m),<200 m,mid-latitude (45-66.5),D continental,FALSE,6248,-2.21940989362038,3.91147029659904,3.4374310697518,4.49699137618757,8.68952605638377,-17.5041855558129,5.51592749098934,17.5306418986139,18.3525774328002,26.8272763695594,TRUE,-1.4072994683678,2023-04,-3.71985770055289,0.873694417688936,FALSE,TRUE,176,,152,,263,,TRUE,,,,TRUE,TRUE
260940-99999,TIHVIN,59.65,33.55,61,A,FALSE,62.7725450491503,62.3480782173321,7.50909423828125,0.993220686912537,55,Dfb,D,-1.77254504915032,-1.34807821733212,6,59.65,flat (<20 m),<200 m,mid-latitude (45-66.5),D continental,TRUE,8542,-2.06423085541176,2.42030864648661,2.55968598488441,3.18092080901678,6.04416843046428,,,,,,TRUE,0.36595018131933,2023-10,1.76777943684114,0.585516155227454,FALSE,TRUE,43,55,25,40,77,65,FALSE,,,,FALSE,TRUE
265180-99999,LAUKUVA,55.617,22.233,166,A,FALSE,106.73984020091,136.175532036934,12.7632446289063,0.996987819671631,149,Dfb,D,59.2601597990904,29.8244679630659,17,55.617,flat (<20 m),<200 m,mid-latitude (45-66.5),D continental,TRUE,20465,0.0965452515434374,2.11853093397453,1.63621519364512,2.12067795624124,4.15351659315542,,,,,,TRUE,0.168553715267395,2023-07,1.1391428273632,0.41850932893338,FALSE,TRUE,146,149,131,139,165,170,FALSE,,,,FALSE,TRUE
266330-99999,UTENA,55.517,25.583,105.7,A,TRUE,142.558965488342,158.609288722449,17.9129638671875,0.971807718276978,104,Dfb,D,-36.8589654883421,-52.9092887224486,1.7,55.517,flat (<20 m),<200 m,mid-latitude (45-66.5),D continental,TRUE,20414,-0.253928676763185,1.70525141442539,1.28844861736605,1.72401267796527,3.38197465443418,1.53473678165837,2.9465632495936,2.61168833704222,3.32223218107261,6.37986084789219,TRUE,0.181353294974704,2023-06,2.04214127834982,0.251179771011259,FALSE,TRUE,103,104,86,93,129,127,FALSE,,,,FALSE,TRUE
267740-99999,GORKI,54.3,30.933,205,A,FALSE,197.123741048804,187.365285928426,10.9132690429688,0.999162912368774,190,Dfb,D,7.87625895119638,17.6347140715739,15,54.3,flat (<20 m),200-500 m,mid-latitude (45-66.5),D continental,TRUE,5953,-5.19763761769195,1.97498315538019,5.21795279243982,5.56015647650347,8.27780543089001,,,,,,TRUE,0.539149347753936,2023-07,4.6777479730388,0.325999743523121,FALSE,TRUE,189,190,166,174,203,201,FALSE,,,,FALSE,TRUE
270830-99999,OPARINO,59.85,48.283,180,A,FALSE,186.599552742909,184.714023774684,15.1007690429688,1,179,Dfb,D,-6.59955274290917,-4.71402377468351,1,59.85,flat (<20 m),<200 m,mid-latitude (45-66.5),D continental,TRUE,8557,2.03241581310916,2.84557430434612,2.67031208350917,3.4967214475611,6.41478738326573,,,,,,TRUE,2.26370058760216,2022-07,9.39517964137877,0.481885535776719,FALSE,TRUE,152,179,140,166,170,186,FALSE,,,,FALSE,TRUE
273290-99999,ROSTOV,57.2,39.417,101,A,FALSE,124.83502306152,105.176159162405,24.875,0.923042893409729,99,Dfb,D,-23.8350230615195,-4.17615916240511,2,57.2,gentle (20-50 m),<200 m,mid-latitude (45-66.5),D continental,TRUE,3686,-2.03634805580472,2.53790367233264,2.49049123019775,3.25360124230575,5.58286522549615,,,,,,TRUE,,"",,,FALSE,TRUE,100,99,87,97,116,102,FALSE,,,,FALSE,TRUE
274590-99999,STRIGINO,56.23,43.784,78,A,FALSE,96.9653026422122,101.097294310493,16.5608520507813,0.966350317001343,74,Dfb,D,-18.9653026422122,-23.0972943104934,4,56.23,flat (<20 m),<200 m,mid-latitude (45-66.5),D continental,TRUE,8550,79.9138218560242,2.65021892364033,79.9138218560242,79.9577498589026,84.0960176658496,,,,,,FALSE,1.19492651693323,2023-12,5.07936950312268,0.665390176968745,FALSE,FALSE,64,74,53,73,74,74,FALSE,,,,TRUE,FALSE
277600-99999,SARANSK AIRPORT,54.118,45.203,216,A,TRUE,207.300190193007,182.470648106132,27.412841796875,0.997487902641296,207,Dfb,D,8.69980980699322,33.5293518938679,9,54.118,gentle (20-50 m),200-500 m,mid-latitude (45-66.5),D continental,TRUE,8511,-20.2970731077549,2.57162525211228,20.3050283667296,20.459317098922,24.1665943416178,-21.7176600112332,3.53630801618124,21.7280527233177,22.0036533652489,27.2234336914428,TRUE,0.668325394490694,2023-07,3.28896619988915,0.574742809457236,FALSE,FALSE,216,207,203,203,218,211,FALSE,,,,TRUE,TRUE
280970-99999,TAUROVO,59.583,73.283,60.3,A,FALSE,79.3951143006276,67.2427160396262,7.1658935546875,0.998815059661865,52,Dfc,D,-19.0951143006276,-6.94271603962618,8.3,59.583,flat (<20 m),<200 m,mid-latitude (45-66.5),D continental,TRUE,8523,-3.39567597437039,3.11796850729453,3.69039559426602,4.60990263337426,7.53894891972403,,,,,,TRUE,-0.385647726496366,2022-09,-2.58825577263187,0.34409863361941,FALSE,TRUE,61,52,34,50,68,65,FALSE,,,,FALSE,TRUE
281160-99999,KUDYMKAR,58.983,54.65,186,A,FALSE,186.445798657671,165.339415728103,20.982666015625,0.999894022941589,134,Dfb,D,-0.445798657671077,20.6605842718971,52,58.983,gentle (20-50 m),<200 m,mid-latitude (45-66.5),D continental,FALSE,6439,-0.549060999297923,2.6063852959468,2.01014237077716,2.66339206209946,5.19854759496414,,,,,,TRUE,,"",,,FALSE,TRUE,126,134,124,131,184,185,FALSE,,,,FALSE,TRUE
282750-99999,TOBOL'SK,58.15,68.25,50,A,FALSE,60.4901333693208,48.8878242060235,12.1935424804688,0.957130551338196,35,Dfc,D,-10.4901333693208,1.11217579397653,15,58.15,flat (<20 m),<200 m,mid-latitude (45-66.5),D continental,TRUE,8395,-3.27395090916899,4.50562225284709,3.80488562012561,5.56928794907524,8.02876671080925,,,,,,TRUE,-1.89489538872505,2022-07,-4.0536089304738,0.934917709737516,FALSE,TRUE,32,35,32,32,65,46,FALSE,,,,FALSE,TRUE
283340-99999,SAMARY,57.35,58.217,244,A,FALSE,300.26723933823,290.152680196601,25.2193603515625,0.999853610992432,220,Dfb,D,-56.2672393382297,-46.1526801966013,24,57.35,gentle (20-50 m),200-500 m,mid-latitude (45-66.5),D continental,FALSE,8530,2.42290632267881,2.75351475738371,2.95118132701622,3.66761908097263,6.78131950743967,,,,,,TRUE,0.531033695615179,2024-04,2.18842235420466,0.594383249642119,FALSE,TRUE,218,220,202,210,275,272,FALSE,,,,TRUE,TRUE
286450-99999,CHELYABINSK-GOROD,55.15,61.3,237,A,TRUE,241.283826297079,243.041791157021,11.55078125,0.935949802398682,235,Dfb,D,-4.28382629707903,-6.04179115702101,2,55.15,flat (<20 m),200-500 m,mid-latitude (45-66.5),D continental,TRUE,6479,-3.87826483504431,2.8132590502633,4.11230249024388,4.79104822184113,8.22556257509444,7.20557400499915,4.26293569820526,7.40267612107989,8.37198379471198,14.3134405748618,TRUE,1.23303565065794,2024-03,6.2574190759031,0.482676346611275,FALSE,TRUE,236,235,205,211,243,240,FALSE,,,,FALSE,TRUE
287110-99999,BUGUL'MA,54.617,52.8,303,A,FALSE,261.26349251847,272.20567484819,44.9798583984375,0.997970938682556,289,Dfb,D,41.7365074815304,30.7943251518103,14,54.617,gentle (20-50 m),200-500 m,mid-latitude (45-66.5),D continental,TRUE,5192,1.51166663362649,2.91635015208014,2.50719408947584,3.28459983936698,6.67241401695509,,,,,,TRUE,,"",,,FALSE,TRUE,285,289,266,263,322,310,FALSE,,,,FALSE,TRUE
287480-99999,TROIZK,54.083,61.617,192,A,TRUE,213.568258289656,198.582164271183,9.40167236328125,0.972079277038574,209,Dfb,D,-21.5682582896555,-6.58216427118333,-17,54.083,flat (<20 m),<200 m,mid-latitude (45-66.5),D continental,TRUE,8532,-0.651321246704222,2.84280668937462,2.17987667052072,2.9163028023398,5.74337832186019,-1.56237163050383,3.99738570455162,3.31376200029218,4.29164592437754,8.44052032062226,TRUE,-0.926120537220068,2023-04,-3.4393446907282,0.761617309052889,FALSE,TRUE,212,209,160,163,214,210,FALSE,,,,FALSE,TRUE
289840-99999,SUCINSK,52.95,70.217,395,A,FALSE,376.112217618274,426.590709493048,36.3272705078125,0.935355544090271,410,Dfb,D,18.8877823817256,-31.5907094930481,-15,52.95,gentle (20-50 m),200-500 m,mid-latitude (45-66.5),D continental,TRUE,7667,-3.6710695040579,3.27400567938158,4.0043319211425,4.91878708706064,8.74531875541455,,,,,,TRUE,1.18795759660801,2024-03,4.48255838213711,0.684272922653283,FALSE,TRUE,414,410,378,388,490,496,FALSE,,,,FALSE,TRUE
291490-99999,STEPANOVKA,58.633,86.733,105,A,FALSE,115.662357064466,105.380102405001,10.736572265625,0.992901682853699,100,Dfc,D,-10.6623570644665,-0.380102405000699,5,58.633,flat (<20 m),<200 m,mid-latitude (45-66.5),D continental,TRUE,8535,-8.48539263707456,3.82316761022206,8.54710370096619,9.30681396781953,14.2926207806585,,,,,,TRUE,-0.807904474953661,2022-08,-3.68359406092403,0.473796272938991,FALSE,TRUE,115,100,78,90,115,102,FALSE,,,,FALSE,TRUE
294710-99999,BOL'SHAJA MURTA,56.9,93.133,180,A,FALSE,223.919572831319,175.332634615287,31.4400024414063,0.984020352363586,195,Dfc,D,-43.9195728313186,4.66736538471344,-15,56.9,gentle (20-50 m),<200 m,mid-latitude (45-66.5),D continental,TRUE,8544,-1.7333088305071,2.6953594847545,2.41250291291484,3.20444565471507,5.9088540880061,,,,,,TRUE,-0.575052851524795,2023-03,-4.33911127878755,0.374845211130389,FALSE,TRUE,173,195,140,150,208,207,FALSE,,,,FALSE,TRUE
295870-99999,IRBEJSKOE,55.633,95.467,252,A,TRUE,346.990556551549,307.283912574631,36.2655639648438,0.993769884109497,258,Dfc,D,-94.9905565515492,-55.2839125746305,-6,55.633,gentle (20-50 m),200-500 m,mid-latitude (45-66.5),D continental,TRUE,8542,-2.23287191180473,3.07740899827759,2.89286755593272,3.80198032942232,7.01834320793323,4.59398859512625,4.63097963608173,5.42019033909098,6.52289758864441,11.7307912060982,TRUE,-1.10522362385089,2024-07,-4.06747165347105,0.54344502826847,FALSE,TRUE,254,258,242,245,322,321,FALSE,,,,FALSE,TRUE
296050-99999,TATARSK,55.2,76.019,112,A,FALSE,106.830658676128,108.031364558743,1.5843505859375,0.993858933448792,108,Dfb,D,5.16934132387206,3.96863544125669,4,55.2,flat (<20 m),<200 m,mid-latitude (45-66.5),D continental,TRUE,8559,-2.18515859849551,2.73325948572447,2.79554463646998,3.49925030095304,6.55142620779577,,,,,,TRUE,-2.20142950890882,2022-11,-14.1240864252166,0.402437820008014,FALSE,FALSE,114,108,107,106,116,111,FALSE,1,47.6467351839528,-0.942608862909869,TRUE,TRUE
296360-99999,TOGUCHIN,55.233,84.4,173,A,FALSE,182.889538364911,172.069542733757,27.0504760742188,0.999629616737366,126,Dfb,D,-9.88953836491055,0.930457266242797,47,55.233,gentle (20-50 m),<200 m,mid-latitude (45-66.5),D continental,FALSE,8557,-3.23483679259182,2.42733201608349,3.39977063671726,4.04418363070513,7.08471268717756,,,,,,TRUE,-1.68068832919898,2022-12,-12.7587007214562,0.356723275374328,FALSE,TRUE,122,126,110,123,165,170,FALSE,,,,FALSE,TRUE
296980-99999,NIZNE-UDINSK,54.883,99.033,410,A,FALSE,567.890962780996,462.07683370468,84.6654052734375,0.989168047904968,437,Dwc,D,-157.890962780996,-52.07683370468,-27,54.883,hilly (50-150 m),200-500 m,mid-latitude (45-66.5),D continental,FALSE,8558,-0.268271920253564,3.66349452521951,2.7897203068835,3.6730904830695,7.17534839918478,,,,,,TRUE,-0.491271854608855,2023-04,-2.62209074192169,0.529930797963799,FALSE,TRUE,434,437,402,408,478,478,FALSE,,,,FALSE,TRUE
297520-99999,NENASTNAYA,54.75,88.817,1183,A,FALSE,887.554469177166,1015.7827373517,115.301330566406,0.999347925186157,872,Dfc,D,295.445530822835,167.217262648305,311,54.75,hilly (50-150 m),1000-2000 m,mid-latitude (45-66.5),D continental,FALSE,8547,4.93883511181387,6.04782610947461,6.5118484656645,7.80794553595074,14.2411913197348,,,,,,TRUE,-0.762241524578187,2023-09,-1.8217461457899,1.18344952105828,FALSE,TRUE,863,872,778,772,1141,1144,TRUE,,,,FALSE,TRUE
299560-99999,TASTYP,52.8,89.917,455,A,TRUE,627.622433262761,602.389784610443,130.621032714844,0.995840907096863,441,Dfb,D,-172.622433262761,-147.389784610443,14,52.8,hilly (50-150 m),200-500 m,mid-latitude (45-66.5),D continental,TRUE,8566,-10.3721072537723,7.22249411553689,10.8711307343374,12.6387871422365,20.8180204652957,-55.3237847894189,9.21778396737598,55.3304354027211,56.0863511518907,70.8119889227306,TRUE,-1.42437017049546,2022-10,-5.35723661472267,0.65126489148652,FALSE,TRUE,440,441,433,438,489,481,FALSE,,,,FALSE,TRUE
302300-99999,KIRENSK,57.767,108.067,258,A,TRUE,372.635622654653,324.007258467469,53.5431518554688,0.947495102882385,252,Dfc,D,-114.635622654653,-66.0072584674686,6,57.767,hilly (50-150 m),200-500 m,mid-latitude (45-66.5),D continental,TRUE,8514,-0.163594035771245,3.9956802489006,2.91026540743418,3.99879337539115,7.49232039936686,-13.3532608211573,5.1338758044941,13.3786081297506,14.3060532519151,21.594769225307,TRUE,-0.440861404893441,2023-08,-2.1604813308728,0.577160440146258,FALSE,TRUE,252,252,235,244,268,270,FALSE,,,,FALSE,TRUE
303720-99999,CHARA,56.9,118.267,711,A,FALSE,1241.28048035326,638.691681792457,300.654235839844,0.992671608924866,706,Dwc,D,-530.280480353255,72.3083182075428,5,56.9,mountain (>300 m),500-1000 m,mid-latitude (45-66.5),D continental,TRUE,8481,5.78317369051105,10.2959182883568,9.24954340651936,11.8084093810052,23.0635921780413,,,,,,TRUE,6.49697813089819,2023-11,8.713201402309,2.10901003268966,FALSE,TRUE,701,706,680,700,712,709,FALSE,,,,FALSE,TRUE
303850-99999,UST'-NJUKZHA,56.583,121.483,426,A,FALSE,746.544048314792,708.236327517552,201.662475585937,0.979693412780762,419,Dwc,D,-320.544048314792,-282.236327517552,7,56.583,rough (150-300 m),200-500 m,mid-latitude (45-66.5),D continental,TRUE,8556,13.147522423611,6.57637818383087,13.2502687470278,14.7003755431623,24.1295875556154,,,,,,TRUE,-1.22101389034616,2023-02,-2.58576474978527,1.33560054426209,FALSE,TRUE,421,419,384,390,749,754,FALSE,,,,FALSE,TRUE
304050-99999,TANGUJ,55.383,101.033,423,A,FALSE,464.372240791325,430.873517587555,29.4402465820313,0.952476143836975,419,Dfc,D,-41.3722407913253,-7.8735175875554,4,55.383,gentle (20-50 m),200-500 m,mid-latitude (45-66.5),D continental,TRUE,8567,-3.50019355736488,3.20600204060171,3.8423846001767,4.74643068537669,8.70037518115114,,,,,,TRUE,-0.831507009995531,2022-07,-3.65250557907767,0.455307728896339,FALSE,TRUE,417,419,392,391,436,426,FALSE,,,,FALSE,TRUE
304550-99999,UAKIT,55.467,113.617,1097,A,FALSE,1352.38493498353,1112.451834342,178.228088378906,0.986426115036011,1085,Dwc,D,-255.384934983532,-15.4518343420027,12,55.467,rough (150-300 m),1000-2000 m,mid-latitude (45-66.5),D continental,TRUE,6407,1.74311905887296,7.04954305371454,5.82022980443151,7.26131976945876,14.1135506498693,,,,,,TRUE,,"",,,FALSE,TRUE,1088,1085,1048,1053,1190,1181,FALSE,,,,FALSE,TRUE
305040-99999,TULUN,54.6,100.633,522,A,FALSE,511.793426287902,512.858701110981,25.12109375,0.988338470458984,509,Dwc,D,10.2065737120984,9.14129888901914,13,54.6,gentle (20-50 m),500-1000 m,mid-latitude (45-66.5),D continental,TRUE,8515,-0.903567815660687,3.32516987934126,2.53533040646645,3.4455610603759,6.83314032603613,,,,,,TRUE,-0.301126402314227,2023-04,-1.43892521725435,0.591909901966949,FALSE,TRUE,515,509,446,447,557,556,FALSE,,,,FALSE,TRUE
306270-99999,BAJANDAJ,53.1,105.533,762,A,FALSE,744.557991659359,739.031757149485,59.7462768554688,0.999954223632812,681,Dwc,D,17.4420083406412,22.9682428505147,81,53.1,hilly (50-150 m),500-1000 m,mid-latitude (45-66.5),D continental,FALSE,8556,-0.246276809405875,3.14434342231304,2.28945831214465,3.15379014412088,5.92054706849748,,,,,,TRUE,0.870722486858785,2022-07,2.9600577912748,0.588314518334991,FALSE,TRUE,666,681,660,666,731,719,TRUE,,,,FALSE,TRUE
306640-99999,TUNGOKOCEN,53.533,115.617,811,A,FALSE,980.075392479211,906.265216077866,76.96337890625,1,810,Dwc,D,-169.075392479211,-95.2652160778656,1,53.533,hilly (50-150 m),500-1000 m,mid-latitude (45-66.5),D continental,TRUE,8482,0.493176385243852,4.05301866968529,3.19172967613568,4.08267640145479,7.99737130764158,,,,,,TRUE,0.613625621701313,2024-05,1.8640063861141,0.760248292087599,FALSE,TRUE,799,810,792,805,850,851,FALSE,,,,FALSE,TRUE
306830-99999,EROFEJ PAVLOVIC,53.967,121.933,522,A,FALSE,649.112155797979,611.975117012436,73.9852905273438,1,473,Dwc,D,-127.112155797979,-89.9751170124355,49,53.967,hilly (50-150 m),500-1000 m,mid-latitude (45-66.5),D continental,FALSE,8514,1.81474410449915,4.36800512225241,3.6795438078009,4.72974882635812,8.94522791902594,,,,,,TRUE,0.953999428899222,2022-11,2.55734933146343,0.963191028815171,FALSE,TRUE,483,473,469,470,582,581,FALSE,,,,FALSE,TRUE
307410-99999,ZAMAKTA,52.767,109.967,1286,A,FALSE,1143.0061269808,1251.54112579219,130.9208984375,1,1265,Dwc,D,142.993873019201,34.4588742078079,21,52.767,hilly (50-150 m),1000-2000 m,mid-latitude (45-66.5),D continental,FALSE,7770,-2.79067280032141,3.53810837182941,3.65793843605478,4.50604643051039,8.40746761305934,,,,,,TRUE,-1.14111810985158,2023-01,-4.6026865126319,0.701235985893318,FALSE,TRUE,1268,1265,1195,1197,1322,1329,FALSE,,,,FALSE,TRUE
308150-99999,HAMAR-DABAN,51.533,103.6,1442,A,TRUE,1345.2226235673,1396.13688479246,228.078369140625,0.937696099281311,1477,Dfc,D,96.7773764327012,45.8631152075377,-35,51.533,rough (150-300 m),1000-2000 m,mid-latitude (45-66.5),D continental,FALSE,8524,1.75302136560913,4.95169484069817,3.38137865306624,5.25256977147112,8.6251153343838,55.4958559050207,6.19858918816957,55.5066416530349,55.8409171037396,63.9315834805967,TRUE,1.97123823213443,2024-05,8.89797699539819,0.511619629742037,FALSE,TRUE,1472,1477,1243,1253,1646,1653,FALSE,,,,FALSE,TRUE
308590-99999,AGINSKOE,51.1,114.517,681,A,FALSE,803.253016209027,759.426081409044,64.1216430664063,0.999166369438171,676,Dwc,D,-122.253016209027,-78.426081409044,5,51.1,hilly (50-150 m),500-1000 m,mid-latitude (45-66.5),D continental,TRUE,8488,0.224325538130033,3.32317967795375,2.4729159734659,3.33054710883818,6.33757617201719,,,,,,TRUE,-1.3436362957142,2024-01,-7.33089162024833,0.518405883139055,FALSE,TRUE,687,676,669,674,774,778,FALSE,,,,FALSE,TRUE
310040-99999,ALDAN,58.617,125.367,679,A,FALSE,764.492646969786,674.177806004089,94.7977905273438,0.999912619590759,708,Dfc,D,-85.4926469697858,4.82219399591088,-29,58.617,hilly (50-150 m),500-1000 m,mid-latitude (45-66.5),D continental,FALSE,8088,3.87815426633731,4.61503769307773,4.77532937800378,6.02793663431585,12.1213709637429,,,,,,TRUE,-2.39090288101498,2023-10,-6.2979463082443,1.07376186304481,FALSE,TRUE,709,708,612,616,760,753,FALSE,,,,FALSE,TRUE
310410-99999,UST'-MIL',59.633,133.033,179.4,A,FALSE,249.343567646062,214.285793951043,35.2840576171875,0.983666658401489,197,Dfd,D,-69.9435676460616,-34.8857939510434,-17.6,59.633,gentle (20-50 m),<200 m,mid-latitude (45-66.5),D continental,TRUE,8533,1.53876346174285,4.3891378822272,3.42840750999485,4.65081355140578,8.64622684535402,,,,,,TRUE,1.05954363796698,2024-04,3.22512519346134,0.804725744753453,FALSE,TRUE,189,197,155,163,223,233,FALSE,,,,FALSE,TRUE
310880-99999,OHOTSK,59.367,143.2,6,A,FALSE,18.1217213733793,46.2365620522809,25.6646118164063,0.272102355957031,-1,Dfc,D,-12.1217213733793,-40.2365620522809,7,59.367,gentle (20-50 m),<200 m,mid-latitude (45-66.5),D continental,TRUE,8528,-1.06085882080797,3.87167273595267,3.05472002733797,4.01416410855471,7.75947381531527,,,,,,TRUE,-0.75023005127953,2023-07,-2.92236809008387,0.726113535813296,FALSE,TRUE,,0,1,0,9,9,FALSE,,,,FALSE,TRUE
310960-99999,SPAFAR' EVA (OSTROV),59.15,149.033,52,A,FALSE,33.7233794319416,-1.69009995768178,30.4050903320313,0.161063313484192,3,Dfc,D,18.2766205680584,53.6900999576818,49,59.15,gentle (20-50 m),<200 m,mid-latitude (45-66.5),D continental,FALSE,8512,-0.539522784782287,4.6491758853462,3.6750741679525,4.68010490386693,9.01234689103758,,,,,,TRUE,-1.32136121000253,2024-01,-4.51307694951059,0.828121020263989,FALSE,TRUE,,0,7,0,22,17,TRUE,,,,FALSE,TRUE
311680-99999,AYAN,56.45,138.15,8,A,FALSE,63.765175050221,-5.15713508180673,2.1923828125,0.232832193374634,72,Dfc,D,-55.765175050221,13.1571350818067,-64,56.45,flat (<20 m),<200 m,mid-latitude (45-66.5),D continental,FALSE,8366,0.133835700663066,5.97298634379595,4.42522144010519,5.97412867176197,12.5135353473882,,,,,,TRUE,-4.91047006340401,2023-03,-4.06566116884969,3.41614958693562,FALSE,TRUE,65,72,3,-3,212,192,FALSE,,,,FALSE,TRUE
311740-99999,BOL'SHOJ SHANTAR,54.833,137.533,21,A,FALSE,61.6592220744342,98.0381456715596,0,0.225706577301025,32,Dfc,D,-40.6592220744342,-77.0381456715596,-11,54.833,flat (<20 m),<200 m,mid-latitude (45-66.5),D continental,TRUE,8531,-12.6306023363105,4.30126505173119,12.6449822196683,13.3428193331944,19.6050198595052,,,,,,TRUE,-3.62580367833719,2023-07,-9.26942628597236,1.10635989288064,FALSE,TRUE,35,32,8,0,148,155,FALSE,,,,FALSE,TRUE
313880-99999,NORSK,52.35,129.917,208,A,TRUE,245.555879572153,221.219864199293,14.9049682617188,0.989989876747131,214,Dwb,D,-37.5558795721526,-13.2198641992933,-6,52.35,flat (<20 m),200-500 m,mid-latitude (45-66.5),D continental,TRUE,8181,-0.989750105965295,2.8440016936698,2.25554794157691,3.01113968978693,5.95440037435259,-10.9526578862858,3.88140573453781,10.9655777980582,11.6199906949294,17.3765266923419,TRUE,-0.900330113281884,2023-03,-3.32570911530184,0.765706808787206,FALSE,TRUE,221,214,197,199,229,214,FALSE,,,,FALSE,TRUE
314390-99999,BOGORODSKOE,52.383,140.467,35,A,TRUE,266.34813215076,190.220491324764,129.217163085938,0.936891794204712,64,Dfb,D,-231.34813215076,-155.220491324764,-29,52.383,hilly (50-150 m),<200 m,mid-latitude (45-66.5),D continental,FALSE,8560,-2.04034774012353,4.97700215220194,4.16355379280583,5.37872434390903,10.7425194908184,2.55078161309919,5.31533559307617,4.63216838632945,5.89542014998759,11.2075996276591,TRUE,0.795377527871316,2022-07,1.6467879251297,0.965974447266698,FALSE,TRUE,56,64,33,41,196,196,FALSE,,,,FALSE,TRUE
314780-99999,SOFIJSKIJ PRIISK,52.267,133.983,902,A,FALSE,1185.50399513659,1029.85482109079,139.02587890625,1,890,Dwc,D,-283.503995136591,-127.85482109079,12,52.267,hilly (50-150 m),500-1000 m,mid-latitude (45-66.5),D continental,TRUE,8514,3.51532601743441,5.14807767940944,4.9347331404521,6.23354698097001,12.2463532448614,,,,,,TRUE,-1.47889127619305,2022-07,-2.41581070249145,1.22434367450053,FALSE,TRUE,888,890,877,883,943,949,FALSE,,,,FALSE,TRUE
316320-99999,KUR,49.933,134.633,283,A,FALSE,518.18457731807,486.142136330959,144.741577148438,1,279,Dwb,D,-235.18457731807,-203.142136330959,4,49.933,hilly (50-150 m),200-500 m,mid-latitude (45-66.5),D continental,TRUE,8500,-0.494263680364083,4.25455362494837,3.26264514335421,4.28291881515678,8.0418761733232,,,,,,TRUE,0.997013583193567,2023-07,3.42075809971768,0.824372896369906,FALSE,TRUE,291,279,272,265,362,357,FALSE,,,,FALSE,TRUE
316830-99999,TUMNIN,49.65,140.083,58,A,TRUE,379.064216389516,274.04116403155,158.223083496094,0.999118804931641,62,Dfb,D,-321.064216389516,-216.04116403155,-4,49.65,rough (150-300 m),<200 m,mid-latitude (45-66.5),D continental,TRUE,8545,0.550065833017647,5.22547265028265,4.05561909629219,5.25404047733984,10.8745288008619,-9.81626029227389,5.95714869175859,10.0986700322877,11.4822660496014,19.325538934779,TRUE,1.0644236327203,2023-08,2.85785358423028,1.05346358246615,FALSE,TRUE,61,62,40,48,142,142,FALSE,,,,FALSE,TRUE
318660-99999,SOSUNOVO,46.533,138.333,4,A,FALSE,191.632409911259,84.7818349028466,31.1946411132813,0.447985887527466,7,Dfc,D,-187.632409911259,-80.7818349028466,-3,46.533,gentle (20-50 m),<200 m,mid-latitude (45-66.5),D continental,TRUE,8561,2.17250188227224,3.9561039611762,3.52242503324685,4.51316904558593,8.96277782438932,,,,,,TRUE,0.636241025441114,2023-11,2.52040929837824,0.713995689268368,FALSE,TRUE,5,7,2,0,122,122,FALSE,,,,TRUE,TRUE
321650-99999,JUZHNO-KURIL'SK,44.017,145.867,49,A,FALSE,35.2577336711568,22.7830891537885,0,0.234913468360901,-2,Dfc,D,13.7422663288432,26.2169108462115,51,44.017,flat (<20 m),<200 m,subtropics (23.5-45),D continental,FALSE,8545,-2.45636504613338,5.62195621018435,4.62296296278121,6.13485305871735,11.9889101436939,,,,,,TRUE,0.676699035279672,2022-10,1.86855263069945,0.887086249879063,FALSE,TRUE,,0,1,0,34,42,FALSE,,,,FALSE,TRUE
322150-99999,SEVERO-KURIL'SK,50.683,156.133,23,A,FALSE,62.8996112491269,256.298101925734,163.657775878906,0.481370329856873,1,Dfc,D,-39.8996112491269,-233.298101925734,22,50.683,rough (150-300 m),<200 m,mid-latitude (45-66.5),D continental,FALSE,8556,-4.99993176848673,5.60709838593683,5.93521130698812,7.51233621699117,14.8744404389398,,,,,,TRUE,0.873494986163211,2022-09,2.66259849664662,0.757624652807802,FALSE,TRUE,,0,6,0,49,55,FALSE,,,,FALSE,TRUE
323330-99999,OZERNOY (MYS),57.65,163.233,9.1,A,FALSE,76.5490704171404,102.932783493854,57.9371337890625,0.441879749298096,-3,Dfc,D,-67.4490704171404,-93.8327834938537,12.1,57.65,hilly (50-150 m),<200 m,mid-latitude (45-66.5),D continental,TRUE,8522,-3.32343576136801,3.88936914668374,3.98488091431932,5.11572502620485,9.66270407284412,,,,,,TRUE,-0.390833961602207,2024-03,-1.26895436497359,0.795244476449511,FALSE,TRUE,,0,5,0,54,55,FALSE,,,,FALSE,TRUE
324110-99999,ICA,55.583,155.583,6,A,FALSE,4.21295155901863,12.5859270240092,0,0.320356130599976,-9,Dfc,D,1.78704844098137,-6.58592702400922,15,55.583,flat (<20 m),<200 m,mid-latitude (45-66.5),D continental,TRUE,8208,-2.61074597101413,3.70685759578193,3.54679890908639,4.53377477245206,8.44425110392334,,,,,,TRUE,3.50884275027584,2022-10,12.6277765657888,0.680632436047774,FALSE,TRUE,,0,,0,,0,FALSE,,,,FALSE,TRUE
333170-99999,SHEPETIVKA,50.167,27.033,278,A,FALSE,246.778742374435,257.317818138712,12.8318481445313,0.996275544166565,270,Dfb,D,31.2212576255653,20.682181861288,8,50.167,flat (<20 m),200-500 m,mid-latitude (45-66.5),D continental,TRUE,7427,-2.13357358990879,2.44663710508522,2.59608113450902,3.24613052801153,6.04073946587602,,,,,,TRUE,0.788592015527143,2023-07,5.24504413049083,0.388201848844178,FALSE,TRUE,263,270,241,241,269,279,FALSE,,,,FALSE,TRUE
339240-99999,CHORNOMORS'KE,45.517,32.7,10,A,FALSE,25.2896093626519,53.1706323005308,23.0780639648438,0.488940834999085,-1,Cfa,C,-15.2896093626519,-43.1706323005308,11,45.517,gentle (20-50 m),<200 m,mid-latitude (45-66.5),C temperate,TRUE,8523,-1.92539084938547,3.22073145832502,2.95078560248454,3.75220255007409,7.18294426777725,,,,,,TRUE,0.706774395767191,2022-09,3.19041679240211,0.511602607689752,FALSE,TRUE,,0,4,0,12,14,FALSE,,,,FALSE,TRUE
340030-99999,PONYRI,52.317,36.3,251,A,FALSE,225.970955056645,236.107720908771,11.4284057617188,0.998453855514526,242,Dfb,D,25.0290449433548,14.8922790912289,9,52.317,flat (<20 m),200-500 m,mid-latitude (45-66.5),D continental,TRUE,8505,-1.79186940655373,2.64110036391388,2.45999524059337,3.19145530256167,5.85554716378644,,,,,,TRUE,0.418028781129186,2023-07,1.22672792575225,0.96383551613153,FALSE,TRUE,238,242,216,229,248,254,FALSE,,,,FALSE,TRUE
347980-99999,GANJUSHKINO,46.6,49.267,-23,A,FALSE,-28.8899843314231,-28.2027214951079,0.618408203125,0.892547965049744,-24,BSk,B,5.88998433142307,5.20272149510791,1,46.6,flat (<20 m),<200 m,mid-latitude (45-66.5),B arid,TRUE,8206,-1.80550874242327,4.65625542942476,3.50354589068279,4.99378958173431,10.1046176541508,,,,,,TRUE,1.30021124369706,2023-09,1.34074109105654,2.7429253672495,FALSE,TRUE,-13,-24,-29,-31,-13,-24,FALSE,,,,FALSE,TRUE
348380-99999,TIHORECK,45.85,40.083,78,A,FALSE,64.3132725146967,72.3412971045158,9.27716064453125,0.991243720054626,75,Cfa,C,13.6867274853033,5.65870289548418,3,45.85,flat (<20 m),<200 m,mid-latitude (45-66.5),C temperate,TRUE,8570,-2.66336542362371,2.83095780271218,3.10428753953132,3.88675987171687,7.50837048038292,,,,,,TRUE,-0.50294976217966,2024-03,-2.01969271447435,0.64297439537571,FALSE,TRUE,71,75,60,66,83,79,FALSE,,,,FALSE,TRUE
350370-99999,AK'JAR,51.867,58.183,341,A,FALSE,360.343660695166,328.08612331938,30.1713256835938,0.998913884162903,308,Dfb,D,-19.3436606951661,12.9138766806198,33,51.867,gentle (20-50 m),200-500 m,mid-latitude (45-66.5),D continental,FALSE,6003,-1.5372192660186,3.56469637856089,2.9059474218335,3.88175045026825,7.61628734397678,,,,,,TRUE,2.2939599552461,2023-10,6.59345853328784,0.764884617304842,FALSE,TRUE,302,308,297,306,323,328,FALSE,,,,FALSE,TRUE
353580-99999,TORGAI,49.635,63.482,132.8,A,FALSE,117.088764782699,107.215591588361,17.1084594726563,0.969687700271606,131,BSk,B,15.7112352173015,25.5844084116391,1.80000000000001,49.635,flat (<20 m),<200 m,mid-latitude (45-66.5),B arid,TRUE,8218,0.97962949183202,9.38035010076812,5.6907905071404,9.43079714826843,19.0387848897025,,,,,,TRUE,3.49809729811493,2022-07,5.11672333945625,1.3673193041884,FALSE,FALSE,131,131,124,129,133,134,FALSE,,,,FALSE,TRUE
353610-99999,AMANGELDY,50.133,65.233,142,A,TRUE,159.203841031978,130.465121244258,19.5936279296875,0.992208003997803,134,Dfa,D,-17.2038410319783,11.5348787557423,8,50.133,flat (<20 m),<200 m,mid-latitude (45-66.5),D continental,TRUE,7995,-4.40784514548135,8.16908329959658,6.04624597318487,9.28195420292508,17.4607300605359,-15.7350618635597,8.82575755752227,16.4029534097435,18.040965203541,27.5683021489215,TRUE,1.52358640956816,2023-12,6.93796952741247,0.621125980834977,FALSE,TRUE,132,134,122,133,135,136,FALSE,,,,FALSE,TRUE
354970-99999,ZHARYK,48.85,72.867,656,A,TRUE,656.488766949596,671.118657365155,23.6828002929688,0.998151779174805,706,Dfb,D,-0.488766949595515,-15.1186573651553,-50,48.85,gentle (20-50 m),500-1000 m,mid-latitude (45-66.5),D continental,FALSE,7693,-5.44567704598662,10.0651580257426,5.71871632797383,11.4433227602282,9.94437642174861,2.7950631496696,10.4652189574073,5.96387385233643,10.831387234024,12.0646539069374,TRUE,-11.0261753128168,2024-06,-2.21315255992352,9.96422525268465,FALSE,TRUE,706,706,657,666,716,723,FALSE,,,,FALSE,TRUE
357000-99999,ATYRAU,47.117,51.917,-22,A,FALSE,-27.0931328326952,-26.1632890691521,0.56787109375,0.768056988716126,-22,BSk,B,5.09313283269516,4.16328906915206,0,47.117,flat (<20 m),<200 m,mid-latitude (45-66.5),B arid,TRUE,8043,0.800853751352415,3.75455298044946,2.66956177087954,3.83878654669807,7.60065955860431,,,,,,TRUE,1.56040460228387,2023-07,10.6115830520792,0.415912562811611,FALSE,TRUE,-24,-22,-34,-29,-17,-20,FALSE,,,,FALSE,TRUE
359250-99999,SAM,45.4,56.117,88,A,FALSE,92.8298754066119,81.9266295065084,12.828369140625,0.995124220848083,84,BWk,B,-4.82987540661185,6.07337049349165,4,45.4,flat (<20 m),<200 m,mid-latitude (45-66.5),B arid,TRUE,8188,-1.68421806713614,4.17243815238058,2.93797445705592,4.49930043935128,6.93647705098614,,,,,,TRUE,1.17749986762956,2024-01,5.27808236081542,0.631000491715323,FALSE,TRUE,87,84,79,79,95,84,FALSE,,,,FALSE,TRUE
359690-99999,ZLIKHA,45.25,67.067,138,A,FALSE,134.965664641468,128.425688818302,2.484619140625,0.980717062950134,131,BWk,B,3.03433535853222,9.57431118169814,7,45.25,flat (<20 m),<200 m,mid-latitude (45-66.5),B arid,TRUE,8302,-10.9019626014592,3.32210173809195,10.9359143547388,11.3968337339918,15.5868859796723,,,,,,TRUE,-1.99857905263769,2022-10,-6.86258300202263,0.713360973285786,FALSE,TRUE,129,131,121,131,134,135,FALSE,,,,FALSE,TRUE
360900-99999,HOVU-AKSY,51.133,93.683,1043,A,FALSE,1160.92803775053,1231.55468801782,193.86962890625,0.996336340904236,1013,Dfc,D,-117.928037750532,-188.554688017825,30,51.133,rough (150-300 m),1000-2000 m,mid-latitude (45-66.5),D continental,FALSE,8149,-45.9707390387474,5.29809431915829,45.9789546092479,46.2749954793407,53.9354214895326,,,,,,FALSE,-1.28926128728102,2023-03,-3.51906118439795,1.03623705435934,FALSE,TRUE,999,1013,983,986,1146,1143,FALSE,,,,TRUE,FALSE
361260-99999,BAJANAUL,50.8,75.7,504,A,FALSE,429.014377759607,484.510590390195,48.9235229492188,0.986887097358704,539,Dfb,D,74.985622240393,19.4894096098055,-35,50.8,gentle (20-50 m),500-1000 m,mid-latitude (45-66.5),D continental,FALSE,7804,-43.9789106664626,3.00015240610953,43.9789106664626,44.0811109716698,48.4066913253809,,,,,,FALSE,-0.730039200605306,2023-02,-3.27392754662322,0.630698953386981,FALSE,TRUE,537,539,463,459,641,646,FALSE,,,,TRUE,FALSE
362080-99999,LENINOGORSK,50.333,83.55,811,A,TRUE,1195.59838899178,1117.1425289217,235.932312011719,0.998124718666077,838,Dfc,D,-384.598388991781,-306.142528921701,-27,50.333,rough (150-300 m),500-1000 m,mid-latitude (45-66.5),D continental,FALSE,7939,4.30309943668752,7.95053438917284,6.87507605665917,9.03989489706068,18.7809364693508,72.8659480311715,8.73803056611683,72.866500097007,73.3879414016718,88.2647628007219,TRUE,3.21640933912449,2024-01,6.06774238731139,1.49930218495939,FALSE,TRUE,837,838,740,748,924,925,FALSE,,,,FALSE,TRUE
362780-99999,MUGUR-AKSY,50.383,90.433,1850,A,FALSE,2427.65895184964,2188.45638227631,323.832702636719,0.999756217002869,1825,ET,E,-577.658951849638,-338.456382276313,25,50.383,mountain (>300 m),1000-2000 m,mid-latitude (45-66.5),E polar,FALSE,8092,-21.459114447195,9.24341218005586,21.7050458855279,23.3650102274578,35.1949212894579,,,,,,TRUE,-2.12185562789718,2022-11,-4.03249058985162,1.35861635661492,FALSE,TRUE,1817,1825,1792,1812,1975,1981,FALSE,,,,TRUE,TRUE
363070-99999,ERZIN,50.25,95.167,1100,A,FALSE,1345.20629217483,1148.54978828142,116.334045410156,0.975594162940979,1116,Dwc,D,-245.206292174825,-48.5497882814213,-16,50.25,hilly (50-150 m),1000-2000 m,mid-latitude (45-66.5),D continental,TRUE,8538,-9.97399933880216,10.7977708204717,10.7485513695335,14.6989408414964,31.8671994116179,,,,,,TRUE,-2.43123117309815,2023-04,-2.90469987084522,2.36739095337871,FALSE,TRUE,1105,1116,1088,1094,1136,1123,FALSE,,,,FALSE,TRUE
364280-99999,ULKEN NARYN,49.2,84.517,401,A,FALSE,864.812009341238,518.773055146253,333.454528808594,0.954364538192749,393,Dfb,D,-463.812009341238,-117.773055146253,8,49.2,mountain (>300 m),200-500 m,mid-latitude (45-66.5),D continental,TRUE,8086,0.454390079281956,8.1073155106754,6.56024103022658,8.11953856118538,15.3450761923026,,,,,,TRUE,-3.86943793462273,2022-11,-8.09821873286433,1.23370905580833,FALSE,TRUE,387,393,382,393,395,403,FALSE,,,,FALSE,TRUE
364390-99999,KATON-KARAGAJ,49.183,85.617,1081,A,FALSE,1461.24920055842,1275.40248517588,365.202270507813,0.999630331993103,1039,Dfc,D,-380.249200558422,-194.402485175876,42,49.183,mountain (>300 m),1000-2000 m,mid-latitude (45-66.5),D continental,FALSE,7907,-4.52084145668842,9.39110457649064,8.61702671031824,10.4220774740401,19.0495635941895,,,,,,TRUE,-2.59760267279147,2022-11,-3.01041993472026,2.22792215259941,FALSE,TRUE,1040,1039,1008,1010,1085,1079,FALSE,,,,FALSE,TRUE
364980-99999,BARSHATAS,48.167,78.417,643,A,FALSE,714.260470334544,684.374968133868,25.6256713867188,1,680,Dfb,D,-71.2604703345435,-41.3749681338684,-37,48.167,gentle (20-50 m),500-1000 m,mid-latitude (45-66.5),D continental,FALSE,8121,-2.43192981551724,4.02584190709321,3.67746535011824,4.7031574445995,8.82993407313529,,,,,,TRUE,-1.61220932860124,2022-10,-7.23854509565029,0.545564082484081,FALSE,TRUE,669,680,655,663,683,683,FALSE,,,,FALSE,TRUE
368210-99999,BAKANAS,44.833,76.267,396,A,FALSE,398.129324632392,399.058371742644,4.46240234375,0.959113359451294,394,Dfa,D,-2.12932463239235,-3.05837174264406,2,44.833,flat (<20 m),200-500 m,subtropics (23.5-45),D continental,TRUE,8138,-7.18785703915571,3.2037602339669,7.25107286575809,7.86944135239303,12.2431045582259,,,,,,TRUE,0.653407953452243,2023-08,2.92926344427474,0.630915181999548,FALSE,TRUE,389,394,383,392,397,396,FALSE,,,,TRUE,TRUE
369740-99999,NARYN,41.433,76,2041,A,FALSE,2498.11297730685,2555.14633246318,275.430969238281,0.999908566474915,2052,Dfc,D,-457.112977306853,-514.146332463175,-11,41.433,rough (150-300 m),>2000 m,subtropics (23.5-45),D continental,TRUE,8207,-3.87597702878742,12.6480564609141,9.82099779950058,13.2278886396497,27.4916163560054,,,,,,TRUE,-13.1668944275778,2024-07,-4.8509016467248,5.42863796732212,FALSE,TRUE,2052,2052,2033,2035,2200,2204,FALSE,,,,TRUE,TRUE
369820-99999,TIAN-SHAN',41.883,78.233,3639,A,FALSE,3906.11362291468,4089.81923299496,309.837585449219,0.992855668067932,4366,ET,E,-267.113622914681,-450.819232994958,-727,41.883,mountain (>300 m),>2000 m,subtropics (23.5-45),E polar,FALSE,8008,-11.5582885857884,6.96207797033732,11.8998703373972,13.4929059855162,21.8656911534324,,,,,,TRUE,-3.04974284261868,2023-02,-7.49735970772265,1.15053508379464,FALSE,TRUE,4367,4366,3914,3921,4586,4581,TRUE,,,,FALSE,TRUE
376820-99999,AMASIA,40.95,43.783,1866,A,FALSE,2090.98371106915,1791.7867754279,302.252136230469,0.9952552318573,1872,Dfb,D,-224.983711069147,74.2132245721016,-6,40.95,mountain (>300 m),1000-2000 m,subtropics (23.5-45),D continental,TRUE,8117,-6.31649442564825,9.71436443915931,8.88840242756905,11.5868611887726,22.3931697130747,,,,,,TRUE,-5.95988372032068,2022-09,-4.97507975561429,2.76654095153588,FALSE,TRUE,1868,1872,1788,1796,1976,1978,FALSE,,,,FALSE,TRUE
377170-99999,SEVAN OZERO,40.567,45,1917,A,FALSE,2130.22764885626,1951.06644789505,290.28955078125,0.851330041885376,1912,Dfb,D,-213.227648856261,-34.0664478950509,5,40.567,rough (150-300 m),1000-2000 m,subtropics (23.5-45),D continental,TRUE,7953,-5.12691533493477,7.70606825517649,6.97414725237489,9.25533802740688,17.9593154184211,,,,,,TRUE,-1.65047030396052,2023-03,-3.85076295951146,1.21228832452005,FALSE,TRUE,1911,1912,1897,1898,2085,2084,FALSE,,,,TRUE,TRUE
377490-99999,GOYCHAY,40.65,47.75,95,A,FALSE,475.641299924669,88.4528132695671,182.116577148438,0.998715043067932,114,Cfa,C,-380.641299924669,6.54718673043291,-19,40.65,rough (150-300 m),<200 m,subtropics (23.5-45),C temperate,TRUE,8524,-1.56396283607182,7.30540474742932,5.69941514413363,7.47051920925865,13.5446157606549,,,,,,TRUE,3.18134500441112,2023-10,11.8577252822249,0.75884727378031,FALSE,TRUE,108,114,95,98,131,133,FALSE,,,,TRUE,TRUE
381410-99999,JASLYK,43.883,57.883,127,A,FALSE,143.787404863664,131.484837457236,8.112548828125,0.999966025352478,133,BWk,B,-16.7874048636639,-4.48483745723567,-6,43.883,flat (<20 m),<200 m,subtropics (23.5-45),B arid,TRUE,8285,1.1561455654897,7.17263776696885,5.2558651765411,7.26479149604636,14.9649449743609,,,,,,TRUE,-2.42138171102729,2023-06,-5.17835633380093,1.32256284993948,FALSE,TRUE,126,133,125,129,133,134,FALSE,,,,TRUE,TRUE
383280-99999,SHYMKENT,42.364,69.479,422.1,A,FALSE,508.742244181882,457.590082367577,43.906982421875,0.996497869491577,408,Csa,C,-86.6422441818817,-35.4900823675771,14.1,42.364,gentle (20-50 m),200-500 m,subtropics (23.5-45),C temperate,TRUE,7917,177.293769613032,3.72536690819371,177.293769613032,177.332899793629,182.2547729592,,,,,,FALSE,0.582327772271855,2024-06,1.78163221531775,0.706078254372367,FALSE,FALSE,409,408,403,408,420,414,FALSE,,,,TRUE,FALSE
383340-99999,AUL TURARA RYSKULOVA,42.483,70.3,808,A,FALSE,1099.11770050489,1063.30151287647,164.502136230469,0.999987721443176,838,Dsb,D,-291.117700504887,-255.301512876467,-30,42.483,rough (150-300 m),500-1000 m,subtropics (23.5-45),D continental,FALSE,8051,7.23712741231229,6.42504963126415,8.00184710122291,9.67740401533525,18.2282829023589,,,,,,TRUE,1.24735260901326,2023-10,2.8132157720181,1.25409717539197,FALSE,TRUE,832,838,789,795,925,922,FALSE,,,,FALSE,TRUE
383450-99999,TALAS,42.517,72.217,1218,A,FALSE,1931.20254535507,1201.98291784146,477.0263671875,0.999531626701355,1226,Dsb,D,-713.202545355065,16.0170821585352,-8,42.517,mountain (>300 m),1000-2000 m,subtropics (23.5-45),D continental,TRUE,8340,15.659503381015,13.5137262423646,16.5900787073644,20.6837846178,40.981073029153,,,,,,TRUE,-1.56629384961056,2023-12,-1.68390221440127,2.63088199045859,FALSE,TRUE,1222,1226,1204,1212,1247,1245,FALSE,,,,TRUE,TRUE
384030-99999,BUZAUBAJ,41.75,62.467,98,A,FALSE,135.981795914634,130.057234759067,15.59716796875,1,98,BWk,B,-37.9817959146345,-32.0572347590666,0,41.75,flat (<20 m),<200 m,subtropics (23.5-45),B arid,TRUE,8321,-5.52884060812594,13.6784428908606,10.9993358240327,14.752809669159,28.3087157060538,,,,,,TRUE,-8.47044597953201,2022-07,-4.89702635379444,3.45942429857202,FALSE,TRUE,97,98,87,94,116,112,FALSE,,,,FALSE,TRUE
384620-99999,PSKEM,41.9,70.367,1258,A,FALSE,2259.1540342682,2221.90307406199,483.16455078125,0.999444723129272,1125,Dsc,D,-1001.1540342682,-963.903074061989,133,41.9,mountain (>300 m),1000-2000 m,subtropics (23.5-45),D continental,FALSE,8016,11.6756433044879,13.1270831503399,13.9240141628981,17.5675684590855,34.1983720064723,,,,,,TRUE,2.74330273846083,2024-06,1.87813076882172,3.1553773216673,FALSE,TRUE,1110,1125,1110,1125,1289,1295,FALSE,,,,FALSE,TRUE
387130-99999,URA-TYUBE,39.9,68.983,1005,A,FALSE,794.759098816237,1111.63606137162,83.9879150390625,0.99952507019043,1024,Dsb,D,210.240901183763,-106.63606137162,-19,39.9,hilly (50-150 m),1000-2000 m,subtropics (23.5-45),D continental,TRUE,8422,-3.04049768618529,6.56984651605757,5.31574018124622,7.23894912321053,14.7295239367027,,,,,,TRUE,-2.03322958052746,2024-05,-4.79595634434213,0.979062828231697,FALSE,TRUE,1023,1024,1000,1000,1044,1045,FALSE,,,,FALSE,TRUE
387440-99999,LAHSH,39.283,71.867,1198,A,FALSE,3500.70831439954,4322.11058631133,587.500793457031,0.99993622303009,4801,ET,E,-2302.70831439954,-3124.11058631133,-3603,39.283,mountain (>300 m),1000-2000 m,subtropics (23.5-45),E polar,FALSE,8356,816.484541660359,26.0779565270719,816.484541660359,816.90084171896,868.037948992135,,,,,,FALSE,-5.31495926227568,2024-03,-2.1461254655814,6.3943912067564,FALSE,TRUE,4803,4801,4519,4499,5153,5163,TRUE,,,,TRUE,FALSE
387630-99999,GYZYLARBAT,38.983,56.283,92,A,FALSE,195.383451933764,154.326480627941,102.077697753906,1,96,BSk,B,-103.383451933764,-62.3264806279413,-4,38.983,hilly (50-150 m),<200 m,subtropics (23.5-45),B arid,TRUE,8524,-12.9802273183837,6.88033600604942,13.1932479495451,14.6908056680689,24.4814332186647,,,,,,TRUE,0.933226179689727,2024-04,1.99466924796589,1.1460185477757,FALSE,TRUE,102,96,81,83,108,108,FALSE,,,,FALSE,TRUE
387990-99999,UCHADZHY,38.083,62.8,185,A,FALSE,204.086889142189,193.687526448889,4.2532958984375,0.999845027923584,189,BWk,B,-19.0868891421893,-8.68752644888929,-4,38.083,flat (<20 m),<200 m,subtropics (23.5-45),B arid,TRUE,8347,-7.61558485325429,5.13685311717376,8.06080775362562,9.18592571915593,15.3014358663,,,,,,TRUE,-1.19876920089604,2024-07,-2.65375221305063,0.903452247727373,FALSE,TRUE,191,189,179,181,201,202,FALSE,,,,FALSE,TRUE
388460-99999,HOVALING,38.367,69.983,1468,A,FALSE,1663.73456763077,1615.78375706791,201.465759277344,0.99959135055542,1470,Csa,C,-195.734567630766,-147.783757067908,-2,38.367,rough (150-300 m),1000-2000 m,subtropics (23.5-45),C temperate,TRUE,8350,15.5175963710696,11.5978033566436,16.6183774371405,19.3723702981183,33.2576436353743,,,,,,TRUE,1.13775122648486,2023-02,2.69806962225569,1.19272179029709,FALSE,TRUE,1472,1470,1432,1437,1507,1507,FALSE,,,,TRUE,TRUE
389540-99999,KHOROG,37.5,71.5,2077,A,FALSE,3586.35531477684,3108.444349625,559.604858398438,0.995668888092041,2152,Dsc,D,-1509.35531477684,-1031.444349625,-75,37.5,mountain (>300 m),>2000 m,subtropics (23.5-45),D continental,FALSE,8220,24.4506816297961,25.7607120353693,28.6076277505922,35.5157624874658,68.619709584263,,,,,,TRUE,-7.5327987432626,2024-03,-2.91478485509463,6.67274042130312,FALSE,TRUE,2152,2152,2051,2055,2780,2769,FALSE,,,,TRUE,TRUE
401900-99999,BEER SHEVA CITY,31.25,34.8,280,A,FALSE,351.923035405184,303.205047722719,45.1039428710938,0.999878764152527,280,BSh,B,-71.9230354051842,-23.2050477227188,0,31.25,gentle (20-50 m),200-500 m,subtropics (23.5-45),B arid,TRUE,21700,-1.72192810003614,2.70799626300072,2.5623776271689,3.20904069849846,6.13815077967385,,,,,,TRUE,0.351125437458656,2022-11,2.71651166821296,0.333737561942634,FALSE,TRUE,265,280,251,267,303,302,FALSE,,,,FALSE,TRUE
403730-99999,AL QAISUMAH INTL,28.335,46.125,357.8,A,TRUE,355.479694024591,364.795906986586,3.40350341796875,1,362,BWh,B,2.32030597540955,-6.99590698658562,-4.19999999999999,28.335,flat (<20 m),200-500 m,subtropics (23.5-45),B arid,TRUE,8508,-3.18714687451948,2.94276055938799,3.61438605529971,4.33782515357066,7.36469120814713,-3.97319472297863,3.56245717403481,4.43323963953928,5.33628014226572,9.18700276630918,TRUE,-0.835401521029989,2023-06,-4.7891808542576,0.4933771335937,FALSE,FALSE,355,362,346,356,361,367,FALSE,,,,FALSE,TRUE
403750-99999,TABUK / PRINCE SULTAN BIN ABD,28.365,36.619,777.5,A,FALSE,842.619638603014,754.123557101559,46.45068359375,0.999773979187012,771,BWh,B,-65.1196386030143,23.3764428984413,6.5,28.365,gentle (20-50 m),500-1000 m,subtropics (23.5-45),B arid,TRUE,8557,-5.30128333650454,3.33893095036838,5.42300952298178,6.26504286166099,10.6474019244509,,,,,,TRUE,-1.22856815883273,2024-06,-4.64585165622634,0.571264593080197,FALSE,FALSE,765,771,759,765,770,773,FALSE,,,,FALSE,TRUE
403940-99999,HAIL,27.438,41.686,1015.3,A,FALSE,1008.01999830791,1024.55229678331,70.7647094726563,1,1002,BWh,B,7.28000169209145,-9.25229678330538,13.3,27.438,hilly (50-150 m),1000-2000 m,subtropics (23.5-45),B arid,TRUE,8442,-17.4581551374403,3.52112129905764,17.5233282973968,17.809660506627,21.7912897566178,,,,,,TRUE,0.34702292307453,2024-05,2.63690924499746,0.303922144354639,FALSE,FALSE,976,1002,953,997,996,1006,FALSE,,,,TRUE,TRUE
404390-99999,YENBO / PRINCE ABDULMOHSIN BI,24.144,38.063,7.9,A,FALSE,66.7892709443337,-1.89404320027736,48.08251953125,0.827080607414246,16,BWh,B,-58.8892709443337,9.79404320027736,-8.1,24.144,gentle (20-50 m),<200 m,subtropics (23.5-45),B arid,TRUE,8527,12.4333142483633,3.24912271065678,12.4625024883102,12.8507923313618,17.3746939818254,,,,,,TRUE,1.02275875918968,2022-09,3.60560449765468,0.655080217831215,FALSE,FALSE,9,16,6,12,15,19,FALSE,,,,FALSE,TRUE
407010-99999,MAKKO,39.333,44.433,1411,A,FALSE,1743.45008592702,1848.07511038428,271.695739746094,0.999812126159668,1365,Dsb,D,-332.450085927024,-437.07511038428,46,39.333,rough (150-300 m),1000-2000 m,subtropics (23.5-45),D continental,FALSE,8458,0.685850326145344,5.91381901842087,4.50775489157273,5.95310936573887,11.5169100384601,,,,,,TRUE,1.10132567849739,2024-03,2.54951215922311,1.11535481958523,FALSE,TRUE,1365,1365,1350,1351,1369,1374,TRUE,,,,FALSE,TRUE
407030-99999,KHOY,38.427,44.974,1213.4,A,FALSE,1377.22060134258,1413.87994689828,240.131286621094,0.982956767082214,1187,Dsa,D,-163.820601342584,-200.479946898278,26.4000000000001,38.427,rough (150-300 m),1000-2000 m,subtropics (23.5-45),D continental,FALSE,8469,-108.900361666894,7.08950439000708,108.900361666894,109.130856814031,119.2102181397,,,,,,FALSE,2.90014375194917,2023-09,8.35010224016484,0.982364648688933,FALSE,FALSE,1182,1187,1179,1186,1187,1190,TRUE,,,,TRUE,FALSE
407120-99999,UROMIYEH,37.668,45.069,1324.1,A,FALSE,1484.3521460087,1356.97978221411,195.797058105469,0.907506823539734,1306,BSk,B,-160.252146008703,-32.87978221411,18.0999999999999,37.668,rough (150-300 m),1000-2000 m,subtropics (23.5-45),B arid,TRUE,8466,6.29454450534221,4.70870133189054,6.72344099137088,7.86069588725275,13.4214045381219,,,,,,TRUE,3.09379227968108,2023-04,11.2331552979935,0.778994482854106,FALSE,FALSE,1290,1306,1282,1303,1313,1313,FALSE,,,,FALSE,TRUE
407160-99999,MEYANEH,37.45,47.7,1110,A,FALSE,1510.91455837684,1245.83071499952,149.794372558594,1,1131,Csa,C,-400.914558376841,-135.830714999516,-21,37.45,hilly (50-150 m),1000-2000 m,subtropics (23.5-45),C temperate,FALSE,8364,-0.978017430511038,8.42188359367625,6.85127649172542,8.47798096200044,15.8758521333896,,,,,,TRUE,-6.28189434698648,2023-06,-12.1171428313089,1.46634240539748,FALSE,TRUE,1129,1131,1100,1105,1165,1167,FALSE,,,,FALSE,TRUE
407230-99999,BOJNORD,37.493,57.308,1079.9,A,TRUE,1240.81523483108,1160.17455310937,231.021911621094,1,1065,BSk,B,-160.915234831084,-80.2745531093697,14.9000000000001,37.493,rough (150-300 m),1000-2000 m,subtropics (23.5-45),B arid,TRUE,8438,-8.99274670262654,4.41187392908276,9.0459760772508,10.0165771619412,16.4204757564227,-1.31178393513082,8.02706454188997,6.24530492425722,8.13307482507429,16.6834004627621,TRUE,-1.11876926387405,2023-09,-4.31122717526767,0.733980651826179,FALSE,FALSE,1057,1065,1056,1060,1061,1072,FALSE,,,,FALSE,TRUE
407260-99999,MOHABAD,36.767,45.717,1385,A,FALSE,1563.56656938468,1549.70614646694,161.095703125,0.987934350967407,1309,Csa,C,-178.566569384678,-164.706146466938,76,36.767,rough (150-300 m),1000-2000 m,subtropics (23.5-45),C temperate,FALSE,8483,-35.6690383367719,5.68956568388741,35.6690383367719,36.1199063888305,45.5470951796159,,,,,,TRUE,-1.1322678006163,2022-07,-2.46261298163585,0.919566175489063,FALSE,TRUE,1313,1309,1311,1309,1413,1407,FALSE,,,,TRUE,TRUE
407290-99999,ZANJAN,36.774,48.359,1640.4,A,FALSE,1876.58997059712,1696.54528113576,235.612243652344,1,1627,Dsb,D,-236.18997059712,-56.1452811357599,13.4000000000001,36.774,rough (150-300 m),1000-2000 m,subtropics (23.5-45),D continental,TRUE,8390,26.5136198678547,7.38899229268228,26.5836149022482,27.5238576181461,38.4258364604716,,,,,,TRUE,5.8961630328363,2022-09,3.51006137522441,3.87930688417244,FALSE,FALSE,1620,1627,1619,1621,1622,1630,FALSE,,,,TRUE,TRUE
407390-99999,SHAHRUD,36.417,54.95,1345,A,TRUE,1648.86304231376,1309.05312020415,268.351989746094,1,1346,BSk,B,-303.863042313762,35.9468797958527,-1,36.417,rough (150-300 m),1000-2000 m,subtropics (23.5-45),B arid,TRUE,8476,-20.9210888367857,7.09633767735115,20.9507700325783,22.0917184777646,32.4297497112061,-45.0302730076504,6.24066642373084,45.0302730076504,45.4606072298808,54.6364727386676,TRUE,-4.05641083033471,2022-08,-4.48685935414816,1.95300280832356,FALSE,TRUE,1354,1346,1327,1325,1600,1593,FALSE,,,,TRUE,TRUE
407540-99999,MEHRABAD INTL,35.689,51.313,1207.6,A,FALSE,1656.78137770352,1188.72660707275,298.416687011719,0.999588370323181,1179,Csa,C,-449.181377703523,18.8733929272482,28.5999999999999,35.689,rough (150-300 m),1000-2000 m,subtropics (23.5-45),C temperate,FALSE,8472,-8.94403980844659,7.88483102315361,9.87577140809221,11.9230478486749,21.8554663741146,,,,,,TRUE,-1.56653560586008,2022-07,-2.23006304200099,1.40492495176679,FALSE,FALSE,1177,1179,1175,1176,1179,1188,TRUE,,,,FALSE,TRUE
407620-99999,TORBAT-HEYDARIEH,35.267,59.217,1451,A,TRUE,1374.14512131118,1393.07773615353,65.6015014648438,0.997338175773621,1339,BSk,B,76.8548786888234,57.9222638464714,112,35.267,hilly (50-150 m),1000-2000 m,subtropics (23.5-45),B arid,FALSE,8489,1.74501667478852,3.84625131845916,3.40525988500532,4.22338604859677,7.98037459968113,11.9838549498151,4.70138780073746,12.0384924589059,12.8729648093631,18.9368382394237,TRUE,0.79023416306444,2024-02,3.7599594614478,0.569145559078168,FALSE,TRUE,1341,1339,1326,1328,1369,1376,TRUE,,,,FALSE,TRUE
407690-99999,ARAK,34.138,49.847,1661.8,A,FALSE,1791.14731178907,1709.59764866188,127.728332519531,0.981930017471313,1654,Csa,C,-129.347311789067,-47.7976486618775,7.79999999999996,34.138,hilly (50-150 m),1000-2000 m,subtropics (23.5-45),C temperate,TRUE,8422,42.94896587997,5.9228493416953,42.9578731311529,43.355387775739,52.632747239201,,,,,,FALSE,-4.13847556503496,2023-08,-6.14852943376473,1.90376848144598,FALSE,FALSE,1661,1654,1657,1650,1661,1663,FALSE,,,,TRUE,FALSE
407804-99999,ILAM,33.583,46.4,1368,A,FALSE,1363.60221165293,1512.38453307195,227.96337890625,0.99971866607666,1328,Csa,C,4.39778834706544,-144.384533071946,40,33.583,rough (150-300 m),1000-2000 m,subtropics (23.5-45),C temperate,FALSE,8415,-44.8654516225547,4.33066052231767,44.8729297587317,45.0739519139633,51.4262434613857,,,,,,FALSE,0.407426419191381,2024-04,1.56817842363121,0.636398779443265,FALSE,TRUE,1322,1328,1293,1305,1369,1366,FALSE,,,,TRUE,FALSE
407805-99999,KHORAM ABAD,33.433,48.283,1184,A,FALSE,1619.7218632414,1471.59588455283,270.519226074219,1,1152,Csa,C,-435.721863241398,-287.595884552829,32,33.433,rough (150-300 m),1000-2000 m,subtropics (23.5-45),C temperate,FALSE,8476,-27.7077554161501,8.28931490072679,27.7156383851842,28.9210017977082,40.815544050057,,,,,,TRUE,-3.17328870560708,2023-03,-6.52091729692099,1.37640387707842,FALSE,TRUE,1148,1152,1137,1140,1180,1180,FALSE,,,,TRUE,TRUE
407825-99999,ARDABIL,38.317,48.417,1348,A,FALSE,1411.28708938896,1292.9416040391,237.140197753906,0.999897599220276,1311,Dsa,D,-63.2870893889606,55.0583959609039,37,38.317,rough (150-300 m),1000-2000 m,subtropics (23.5-45),D continental,FALSE,8297,4.68104574675924,5.42781290495874,5.73534263154123,7.16727224225246,13.7049656268492,,,,,,TRUE,-4.44596068539251,2023-03,-13.3523779358301,0.941785490086752,FALSE,TRUE,1320,1311,1316,1310,1323,1315,TRUE,,,,FALSE,TRUE
407910-99999,TABAS,33.668,56.893,704.7,A,FALSE,1133.4399142578,703.749576180449,188.858825683594,1,692,BWh,B,-428.7399142578,0.95042381955102,12.7,33.668,rough (150-300 m),500-1000 m,subtropics (23.5-45),B arid,TRUE,8395,3.91605418461938,7.68631487977326,6.99703042682583,8.62600019433666,16.7722729847449,,,,,,TRUE,0.832920072580521,2024-04,1.83920457150535,1.10929975161725,FALSE,FALSE,681,692,675,688,689,693,FALSE,,,,FALSE,TRUE
407920-99999,FERDOUS,34.017,58.167,1293,A,FALSE,1523.57218419708,1292.7376607965,104.291748046875,1,1276,BSk,B,-230.572184197076,0.26233920349955,17,34.017,hilly (50-150 m),1000-2000 m,subtropics (23.5-45),B arid,TRUE,8445,-0.887504259668794,5.29605332724513,4.2887542090892,5.36959247795952,10.3809502753841,,,,,,TRUE,1.24182391488019,2024-04,3.27260497656734,0.929484298784046,FALSE,TRUE,1274,1276,1262,1262,1286,1285,FALSE,,,,FALSE,TRUE
407980-99999,SHAHRE KORD,32.297,50.842,2049.2,A,FALSE,2306.05540349215,2151.74659860911,196.892272949219,1,2044,Csa,C,-256.855403492146,-102.546598609108,5.19999999999982,32.297,rough (150-300 m),>2000 m,subtropics (23.5-45),C temperate,TRUE,8422,-3.90945851469069,5.33475881854093,5.3142664647777,6.61363276321075,12.6228969934038,,,,,,TRUE,-1.86270151697286,2022-09,-5.87336581147149,0.732412219340221,FALSE,FALSE,2036,2044,2032,2042,2038,2049,FALSE,,,,FALSE,TRUE
408000-99999,ESFAHAN SHAHID BEHESHTI INTL,32.751,51.862,1545.9,A,FALSE,1590.34168818162,1564.39005993382,75.0822143554688,1,1542,BSk,B,-44.4416881816167,-18.4900599338205,3.90000000000009,32.751,hilly (50-150 m),1000-2000 m,subtropics (23.5-45),B arid,TRUE,8276,-7.62427029556513,4.89531021688251,7.87809489527652,9.06038983985261,15.2167173412082,,,,,,TRUE,-4.76118247866787,2022-11,-6.86454242291709,1.79084337183435,FALSE,FALSE,1538,1542,1536,1539,1540,1542,FALSE,,,,FALSE,TRUE
408180-99999,ABADEH,31.183,52.667,2004,A,FALSE,1959.30210024894,2154.19391752025,148.867492675781,1,2050,BSk,B,44.6978997510616,-150.193917520254,-46,31.183,hilly (50-150 m),>2000 m,subtropics (23.5-45),B arid,FALSE,8404,23.6180352680313,9.30901837866408,23.7064482950889,25.3861990380402,40.1137085154302,,,,,,TRUE,-2.14007393453543,2023-09,-2.3992349007988,2.52290559935879,FALSE,TRUE,2055,2050,2007,1999,2149,2137,FALSE,,,,TRUE,TRUE
408210-99999,YAZD SHAHID SADOOGHI,31.905,54.277,1235.7,A,FALSE,1484.45013436354,1224.00878804179,179.77001953125,1,1224,BWk,B,-248.750134363544,11.6912119582121,11.7,31.905,rough (150-300 m),1000-2000 m,subtropics (23.5-45),B arid,TRUE,8440,-12.5879650154553,4.95926664460698,12.6083943765685,13.5295334310911,20.4855127838132,,,,,,TRUE,-0.474827747081186,2022-11,-1.2459423809878,0.983994115524903,FALSE,FALSE,1227,1224,1222,1223,1228,1227,FALSE,,,,FALSE,TRUE
408270-99999,NEHBANDAN,31.533,60.033,1211,A,FALSE,1311.44771062557,1285.59964730565,128.122436523438,1,1176,BWk,B,-100.44771062557,-74.5996473056548,35,31.533,hilly (50-150 m),1000-2000 m,subtropics (23.5-45),B arid,FALSE,8394,-22.8502850937165,5.41880061101649,22.8502850937165,23.4839398480012,31.4252407270963,,,,,,TRUE,0.492405721500615,2024-03,1.50596949517008,0.844230982130549,FALSE,TRUE,1173,1176,1169,1173,1191,1187,TRUE,,,,TRUE,TRUE
408410-99999,KERMAN,30.274,56.951,1748.3,A,TRUE,1944.28717733948,1755.48487824588,213.777648925781,1,1748,BSk,B,-195.987177339484,-7.18487824588442,0.299999999999955,30.274,rough (150-300 m),1000-2000 m,subtropics (23.5-45),B arid,TRUE,8414,11.3667119418883,4.49865305091579,11.4999817300942,12.224467856713,18.1638147401466,-79.6629676136155,9.56911360897473,79.6629676136155,80.2355623240889,98.070467060073,TRUE,-0.869671647128783,2024-05,-1.6937100468794,1.18581137427034,FALSE,FALSE,1742,1748,1738,1747,1745,1751,FALSE,,,,FALSE,TRUE
408480-99999,SHIRAZ SHAHID DASTGHAIB INTL,29.539,52.589,1499.6,A,FALSE,1878.04744779372,1560.10725183931,232.567260742188,0.999996542930603,1487,BSk,B,-378.447447793717,-60.5072518393133,12.5999999999999,29.539,rough (150-300 m),1000-2000 m,subtropics (23.5-45),B arid,TRUE,8429,-15.2997388485223,6.01270565606933,15.3024986506326,16.4386845295661,25.2016934414045,,,,,,TRUE,0.983333474157292,2024-07,1.84861078337101,1.06386209904515,FALSE,FALSE,1491,1487,1487,1486,1492,1493,FALSE,,,,TRUE,TRUE
408510-99999,SIRJAN,29.467,55.717,1739,A,FALSE,1947.0523609139,1780.56989708514,63.4156494140625,0.997938394546509,1773,BSk,B,-208.052360913895,-41.5698970851413,-34,29.467,hilly (50-150 m),1000-2000 m,subtropics (23.5-45),B arid,FALSE,8150,3.87798475578442,6.07373855758792,5.70226160292631,7.20586840116032,12.7248817400982,,,,,,TRUE,-0.659755311173122,2024-06,-1.05396586307147,1.35225856482364,FALSE,TRUE,1768,1773,1756,1762,1791,1783,TRUE,,,,FALSE,TRUE
408560-99999,ZAHEDAN INTL,29.476,60.907,1377.7,A,FALSE,1438.78915431429,1387.16338211826,141.420776367188,1,1369,BWk,B,-61.0891543142918,-9.4633821182565,8.70000000000005,29.476,hilly (50-150 m),1000-2000 m,subtropics (23.5-45),B arid,TRUE,8453,-10.0531476641457,3.74043491932478,10.0759380165825,10.7263682674123,15.8172790892054,,,,,,TRUE,-0.732930505021282,2023-03,-3.29477536437298,0.629190245675712,FALSE,FALSE,1362,1369,1347,1365,1369,1375,FALSE,,,,FALSE,TRUE
408780-99999,SARAVAN,27.333,62.333,1195,A,FALSE,1243.39161157544,1191.78575571169,74.8696899414063,1,1140,BWh,B,-48.3916115754362,3.2142442883146,55,27.333,hilly (50-150 m),1000-2000 m,subtropics (23.5-45),B arid,FALSE,8432,-20.158899003059,4.39760994118659,20.1768843056597,20.6329321398794,27.1951023673016,,,,,,TRUE,-1.14130576667192,2024-06,-3.66949475684392,0.67189147475986,FALSE,TRUE,1132,1140,1126,1140,1163,1160,TRUE,,,,TRUE,TRUE
410360-99999,TAIF,21.483,40.544,1477.7,A,FALSE,1442.48682056627,1505.65440606629,148.453674316406,1,1462,BWh,B,35.2131794337261,-27.9544060662918,15.7,21.483,hilly (50-150 m),1000-2000 m,tropics (0-23.5),B arid,TRUE,8545,-29.3354791288788,3.49208880723867,29.341322022201,29.5425725495445,34.4314037606147,,,,,,TRUE,0.704108887772441,2024-03,3.31745999992194,0.548010022994189,FALSE,FALSE,1452,1462,1452,1456,1460,1463,FALSE,,,,TRUE,TRUE
410550-99999,AL BAHA / KING SAUD BIN ABDUL,20.296,41.634,1672.1,A,FALSE,1601.48368111498,1599.46829766026,73.7479248046875,0.999912738800049,1658,BWh,B,70.6163188850167,72.6317023397387,14.0999999999999,20.296,hilly (50-150 m),1000-2000 m,tropics (0-23.5),B arid,TRUE,8526,-23.7164220820399,3.22683538248488,23.7164220820399,23.934910104253,28.4976368136602,,,,,,TRUE,-0.779037857391529,2023-02,-5.97491635334244,0.368783707878641,FALSE,FALSE,1660,1658,1656,1653,1661,1664,FALSE,,,,TRUE,TRUE
410610-99999,WADI AL DAWASIR,20.504,45.2,628.5,A,FALSE,684.753229074786,623.80382508298,55.9439697265625,1,626,BWh,B,-56.2532290747861,4.69617491702059,2.5,20.504,hilly (50-150 m),500-1000 m,tropics (0-23.5),B arid,TRUE,8552,-3.860451115234,3.80599973346454,4.39302789050464,5.4209798887531,9.56973977436326,,,,,,TRUE,1.18706493470466,2023-12,9.72917818023585,0.345098691580581,FALSE,FALSE,629,626,625,624,632,631,FALSE,,,,FALSE,TRUE
410840-99999,BISHA,19.984,42.621,1184.8,A,FALSE,1232.71844910405,1172.20720442251,42.0209350585938,0.999863266944885,1172,BWh,B,-47.9184491040519,12.5927955774907,12.8,19.984,gentle (20-50 m),1000-2000 m,tropics (0-23.5),B arid,TRUE,8532,-16.7960538849991,3.70193975097759,16.8013831119311,17.1991330536525,22.3872531162197,,,,,,TRUE,-0.519338372843938,2023-05,-2.3754191235991,0.618379605552613,FALSE,FALSE,1119,1172,1116,1165,1147,1177,FALSE,,,,TRUE,TRUE
411140-99999,KING KHALED AB,18.297,42.804,2065.9,A,FALSE,2080.57145255069,2039.98570166673,183.299560546875,0.99943733215332,2054,BWk,B,-14.6714525506927,25.9142983332738,11.9000000000001,18.297,rough (150-300 m),>2000 m,tropics (0-23.5),B arid,TRUE,8539,-16.4110396611569,3.28816193491503,16.4137173922518,16.7371731627185,21.6157866384817,,,,,,TRUE,-1.12255486325281,2024-07,-2.57842961476756,0.870727559770138,FALSE,FALSE,2045,2054,2042,2050,2049,2058,FALSE,1,16.7659739283967,-5.6090942804093,TRUE,TRUE
411360-99999,SHARURAH,17.467,47.121,720.2,A,TRUE,744.556796679422,733.321346356809,6.73358154296875,1,727,BWh,B,-24.3567966794216,-13.1213463568089,-6.79999999999996,17.467,flat (<20 m),500-1000 m,tropics (0-23.5),B arid,TRUE,8540,3.61056279611848,3.8326419456488,4.30933059452337,5.26531935859044,9.65081015726859,0.0718478496417273,4.52479626999448,3.4702070788017,4.52510176683102,8.79393956911762,TRUE,-3.32794674911487,2024-02,-8.88640776377359,1.01414684527567,FALSE,FALSE,725,727,719,724,727,732,FALSE,,,,FALSE,TRUE
412170-99999,ABU DHABI INTL / ZAYED INTL,24.433,54.651,26.8,A,FALSE,27.0701294689063,25.4343513075311,6.11993408203125,0.896612524986267,18,BWh,B,-0.270129468906305,1.36564869246888,8.8,24.433,flat (<20 m),<200 m,subtropics (23.5-45),B arid,TRUE,7111,-1.01725676987458,2.22749581313856,1.89733336354304,2.44864272162221,4.82896013515427,,,,,,TRUE,-0.697322593942296,2023-03,-2.486581536306,0.627070015414757,FALSE,FALSE,15,18,14,12,18,19,FALSE,,,,FALSE,TRUE
412400-99999,KHASAB PORT,26.217,56.25,4,A,FALSE,88.6633786926474,137.603134735103,26.4522705078125,0.209752082824707,-6,BWh,B,-84.6633786926473,-133.603134735103,10,26.217,gentle (20-50 m),<200 m,subtropics (23.5-45),B arid,TRUE,8238,11.7817376125359,8.75800238664346,11.7980111318943,14.6800080431354,28.9242604254781,,,,,,TRUE,7.54837900843537,2022-07,2.29716909946444,6.57189669684762,FALSE,TRUE,,0,28,0,106,110,FALSE,,,,FALSE,TRUE
412540-99999,SAIQ,23.067,57.633,1981,A,TRUE,872.278642314781,1807.28646186516,263.011901855469,1,1922,BWh,B,1108.72135768522,173.713538134837,59,23.067,rough (150-300 m),1000-2000 m,tropics (0-23.5),B arid,FALSE,7323,17.624616228168,11.1500272717382,18.2561431281077,20.8550528236529,34.5963684536767,147.243745048784,10.7103789376199,147.243745048784,147.632709818423,165.915339569885,TRUE,-6.64861548550245,2023-09,-5.02061861579221,3.70635733993216,FALSE,TRUE,1927,1922,1836,1844,1982,1981,FALSE,2,23.807167239358,7.96872100776709,TRUE,TRUE
413040-99999,MARMUL,18.133,55.183,273,A,TRUE,275.826314685061,296.882807202256,12.5262451171875,1,278,BWh,B,-2.82631468506065,-23.8828072022556,-5,18.133,flat (<20 m),200-500 m,tropics (0-23.5),B arid,TRUE,7880,-0.0571533069833594,2.83730499854977,2.14709151018957,2.83770057329228,5.62688926544743,20.7828464554933,3.95019782288829,20.7840412293438,21.1548762563515,27.672607977796,TRUE,0.714793299123239,2024-02,3.36853640758809,0.574632175601304,FALSE,TRUE,286,278,271,272,303,285,FALSE,,,,FALSE,TRUE
413160-99999,SALALAH,17.039,54.091,22.3,A,FALSE,261.825133088899,-28.8145512228947,251.571105957031,0.668266296386719,23,BWh,B,-239.525133088899,51.1145512228947,-0.699999999999999,17.039,rough (150-300 m),<200 m,tropics (0-23.5),B arid,TRUE,8133,-2.86574984002633,3.86780245666863,3.57123218016451,4.81358271795354,9.27532609304079,,,,,,TRUE,1.83898528629221,2022-11,11.2689558335819,0.421355772614727,FALSE,FALSE,22,23,21,20,23,26,FALSE,,,,FALSE,TRUE
416200-99999,ZHOB,31.358,69.464,1417.3,A,FALSE,1596.01146965643,1499.12822230323,186.414184570313,1,1430,BSh,B,-178.711469656432,-81.8282223032331,-12.7,31.358,rough (150-300 m),1000-2000 m,subtropics (23.5-45),B arid,TRUE,7850,7.26799496968992,15.1450881877282,13.4958925468021,16.7978637783013,31.2445029962957,,,,,,TRUE,9.97883309903638,2023-11,5.22813643916389,5.39855884387428,FALSE,FALSE,1429,1430,1428,1427,1434,1433,FALSE,,,,FALSE,TRUE
416600-99999,QUETTA,30.251,66.938,1600.2,A,FALSE,1922.6600321115,1613.94826788455,225.588195800781,0.999685406684875,1588,BSk,B,-322.460032111501,-13.7482678845479,12.2,30.251,rough (150-300 m),1000-2000 m,subtropics (23.5-45),B arid,TRUE,7812,-22.6105200662526,6.89620312215148,22.6808676214747,23.6386790536977,31.1276450670089,,,,,,TRUE,-1.53632411416971,2024-07,-2.4063374566648,1.27689830860138,FALSE,FALSE,1580,1588,1576,1584,1582,1590,FALSE,,,,TRUE,TRUE
416850-99999,BAR KHAN,29.883,69.717,1097,A,FALSE,1313.42022417505,1136.31319372569,148.28076171875,1,1231,BWh,B,-216.42022417505,-39.3131937256862,-134,29.883,hilly (50-150 m),1000-2000 m,subtropics (23.5-45),B arid,FALSE,8181,8.916668886691,13.0780186450696,12.7257592381313,15.8278441172388,29.4984838466662,,,,,,TRUE,-3.3714719068873,2024-02,-3.88404801262752,2.3506375447004,FALSE,TRUE,1237,1231,1071,1075,1383,1357,FALSE,,,,FALSE,TRUE
417440-99999,KHUZDAR,27.833,66.633,1232,A,TRUE,1322.25869411637,1359.01921464007,162.03662109375,1,1298,BWh,B,-90.258694116365,-127.019214640066,-66,27.833,rough (150-300 m),1000-2000 m,subtropics (23.5-45),B arid,FALSE,8109,-1.18191119227616,17.7793459067005,13.0678572749061,17.8174934523308,36.530796852051,-9.61798318393301,17.857436065307,15.7381942188553,20.2818711699858,40.070597758783,TRUE,-2.96303695698407,2022-07,-1.36716819209511,4.33456099127552,FALSE,TRUE,1291,1298,1253,1262,1334,1335,TRUE,,,,TRUE,TRUE
417490-99999,NAWABSHAH,26.219,68.39,28.3,A,FALSE,27.6018955409085,30.3289891298252,2.99810791015625,0.997741103172302,29,BWh,B,0.698104459091535,-2.02898912982517,-0.699999999999999,26.219,flat (<20 m),<200 m,subtropics (23.5-45),B arid,TRUE,4884,2.92212480625235,8.78933703074159,6.92118403147752,9.26150319166709,19.0062825414065,,,,,,TRUE,-3.45383554487183,2024-01,-12.4832428215303,0.774368253538024,FALSE,FALSE,25,29,22,23,29,32,FALSE,,,,FALSE,TRUE
417800-99999,JINNAH INTL,24.907,67.161,30.5,A,FALSE,103.276788343242,35.4275701947148,28.718017578125,0.934496283531189,28,BWh,B,-72.7767883432416,-4.92757019471481,2.5,24.907,gentle (20-50 m),<200 m,subtropics (23.5-45),B arid,TRUE,8059,-5.3502725345448,4.28550997051167,5.79635609290588,6.85483282134794,12.4206815781354,,,,,,TRUE,-0.748895292625565,2023-07,-3.05020979481381,0.694442645505366,FALSE,FALSE,23,28,20,14,25,30,FALSE,,,,FALSE,TRUE
420270-99999,SRINAGAR,34.083,74.833,1587,A,FALSE,1847.71487372408,1594.36971659537,295.943725585938,0.995543718338013,1585,Cfb,C,-260.71487372408,-7.36971659537153,2,34.083,rough (150-300 m),1000-2000 m,subtropics (23.5-45),C temperate,TRUE,8366,-0.637802684736882,9.28032609985049,7.1176680091238,9.30166384066169,18.3081992899012,,,,,,TRUE,0.947471642683575,2023-08,1.39629277090936,1.91926403253434,FALSE,TRUE,1588,1585,1579,1581,1867,1854,FALSE,,,,TRUE,TRUE
421110-99999,DEHRADUN,30.317,78.033,682,A,FALSE,726.042972514187,637.264079094288,142.184326171875,0.999995827674866,655,Cwa,C,-44.0429725141869,44.7359209057119,27,30.317,hilly (50-150 m),500-1000 m,subtropics (23.5-45),C temperate,FALSE,8356,-46.465383101575,6.1213436370418,46.4862722780045,46.8668133159749,54.6916716495589,,,,,,FALSE,-3.45586013556364,2023-05,-6.26576615792197,1.56000851298909,FALSE,TRUE,655,655,622,624,675,675,FALSE,,,,TRUE,FALSE
426230-99999,IMPHAL,24.76,93.897,774.2,A,TRUE,953.759942631403,804.90542450786,190.069641113281,0.96039342880249,775,Cwa,C,-179.559942631403,-30.7054245078595,-0.799999999999955,24.76,rough (150-300 m),500-1000 m,subtropics (23.5-45),C temperate,TRUE,7957,3.79755213159491,6.58573127938678,5.94298669632004,7.6018292467321,14.0318346032369,-28.0759307361434,7.96628605674261,28.0977912918255,29.1840988323372,41.0455420817738,TRUE,-2.62157744432095,2022-08,-7.78491134176909,0.727465515943305,FALSE,FALSE,778,775,766,772,793,780,FALSE,,,,FALSE,TRUE
427010-99999,BIRSA MUNDA,23.314,85.322,654.7,A,FALSE,628.612673303957,650.724333105597,42.0794067382813,0.991770148277283,646,Cwa,C,26.087326696043,3.97566689440328,8.70000000000005,23.314,gentle (20-50 m),500-1000 m,tropics (0-23.5),C temperate,TRUE,8499,-2.96513826977996,3.88543606674132,3.736218411295,4.88742080309295,8.57574066356462,,,,,,TRUE,1.56688171055602,2023-07,6.10130002278047,0.726371546204622,FALSE,FALSE,633,646,631,646,640,650,FALSE,,,,FALSE,TRUE
427540-99999,DEVI AHILYABAI HOLKAR,22.722,75.801,563.9,A,FALSE,533.988186985999,555.074952328267,34.9695434570313,0.997281670570374,564,As,A,29.9118130140007,8.82504767173293,-0.100000000000023,22.722,gentle (20-50 m),500-1000 m,tropics (0-23.5),A tropical,TRUE,8499,4.40872366917596,3.57447548412626,4.71750970241096,5.67558067858659,9.7231696925925,,,,,,TRUE,-1.27782473121927,2023-05,-5.53601774183278,0.652858119138823,FALSE,FALSE,568,564,566,561,569,566,FALSE,,,,FALSE,TRUE
427790-99999,PENDRA ROAD,22.767,81.9,625,A,TRUE,583.792560803766,632.981270999781,91.1483154296875,0.999006152153015,615,Cwa,C,41.2074391962342,-7.9812709997808,10,22.767,hilly (50-150 m),500-1000 m,tropics (0-23.5),C temperate,TRUE,8425,-4.84038344360141,4.00517389173194,5.29408800733654,6.28242196594896,10.9604117019712,20.1288510901797,7.01676228276223,20.1695752461604,21.3166544099231,32.9602925986986,TRUE,-1.32497541626245,2023-10,-7.08629018160344,0.528851671458167,FALSE,TRUE,617,615,590,603,623,626,FALSE,,,,FALSE,TRUE
431850-99999,MACHILIPATNAM/FRANCHPET,16.2,81.15,3,A,FALSE,4.30257505429989,2.59270813682552,1.64569091796875,0.419768810272217,8,Aw,A,-1.30257505429989,0.407291863174478,-5,16.2,flat (<20 m),<200 m,tropics (0-23.5),A tropical,TRUE,8482,7.71702310120473,3.18966261173169,7.79312993165614,8.35016129461776,12.6492756633942,,,,,,TRUE,-2.46399412226173,2023-06,-9.35657696842746,0.744848018045166,FALSE,TRUE,6,8,6,4,13,12,FALSE,,,,FALSE,TRUE
432130-99999,KURNOOL,15.8,78.067,281,A,TRUE,341.498827087359,311.362777426542,18.7863159179688,0.966622352600098,280,BSh,B,-60.4988270873591,-30.3627774265422,1,15.8,flat (<20 m),200-500 m,tropics (0-23.5),B arid,TRUE,8479,8.48141716670519,5.94239670511891,9.16328163385925,10.3557882899064,16.2337051100943,6.4703683205558,6.64483262845253,8.05726557909114,9.27438728076418,16.0411557044832,TRUE,10.8350508875522,2022-09,20.4411634916017,1.22412201226837,TRUE,TRUE,277,280,272,279,301,297,FALSE,,,,FALSE,FALSE
432260-99999,HONAVAR,14.283,74.45,9,A,FALSE,129.549218913314,50.7233133893837,66.8807373046875,0.725069403648377,20,Aw,A,-120.549218913314,-41.7233133893837,-11,14.283,hilly (50-150 m),<200 m,tropics (0-23.5),A tropical,TRUE,6541,43.9113480043973,16.2759797141123,43.9234446099606,46.830262647926,58.6742269116809,,,,,,FALSE,1.46316499289134,2024-06,2.37835566194865,1.32898442813881,FALSE,TRUE,19,20,7,0,56,61,FALSE,,,,TRUE,FALSE
432790-99999,CHENNAI INTL,12.994,80.181,15.8,A,FALSE,10.4427802976807,9.93466487026661,5.22625732421875,0.600924849510193,10,Aw,A,5.35721970231935,5.8653351297334,5.8,12.994,flat (<20 m),<200 m,tropics (0-23.5),A tropical,TRUE,8408,-1.5791035245284,3.01735083510673,2.60298149296376,3.40542085162704,6.33888742003616,,,,,,TRUE,-1.06148259937467,2023-05,-4.12551576611308,0.727745655750116,FALSE,FALSE,15,10,11,8,17,18,FALSE,,,,FALSE,TRUE
433290-99999,CUDDALORE,11.767,79.767,12,A,FALSE,15.1685276222002,2.18482165163435,9.24481201171875,0.558555841445923,12,Aw,A,-3.16852762220024,9.81517834836565,0,11.767,flat (<20 m),<200 m,tropics (0-23.5),A tropical,TRUE,8391,3.65082807252871,3.1403887459145,4.0479233527235,4.81553857619382,8.50180551459709,,,,,,TRUE,-1.38702187146088,2023-07,-4.87218289869499,0.805201767960513,FALSE,TRUE,11,12,6,-1,21,15,FALSE,,,,FALSE,TRUE
433710-99999,THIRUVANANTHAPURAM,8.483,76.95,64,A,FALSE,138.43668303205,41.3419242299868,30.4584350585938,0.750901699066162,11,Aw,A,-74.4366830320497,22.6580757700132,53,8.483,gentle (20-50 m),<200 m,tropics (0-23.5),A tropical,FALSE,8488,2.32599653019999,3.32807961462118,3.06882150488823,4.0601808907118,7.26652202709968,,,,,,TRUE,0.538105016212266,2023-05,3.69820983344965,0.411547990070932,FALSE,TRUE,10,11,8,9,45,41,TRUE,,,,FALSE,TRUE
435550-99999,MALE INTL / VELANA INTL,4.192,73.529,1.8,A,FALSE,0.676209271897131,-0.058554016917092,0,0,3,Am,A,1.12379072810287,1.85855401691709,-1.2,4.192,flat (<20 m),<200 m,tropics (0-23.5),A tropical,TRUE,7189,0.676182975836762,2.7868896271594,2.07699223916129,2.86755938812357,5.54876349728832,,,,,,TRUE,-0.497875436705609,2022-08,-2.654611204772,0.397856111864396,FALSE,FALSE,8,3,7,2,12,5,FALSE,,,,FALSE,TRUE
435990-99999,GAN ISLAND,-0.693,73.156,1.8,A,TRUE,-0.0511351831410319,0.145389225678494,0,0,0,Climate Zone info missing,"",1.85113518314103,1.65461077432151,1.8,0.693,flat (<20 m),<200 m,tropics (0-23.5),,TRUE,7139,0.021396502324804,2.87996935794978,2.092829488458,2.87984713038191,5.50446896618438,,,,,,TRUE,-0.401455189015173,2024-06,-1.6550953020361,0.504922958970436,FALSE,FALSE,5,0,4,0,6,5,FALSE,,,,FALSE,TRUE
442030-99999,RINCHINLHUMBE,51.117,99.667,1583,A,FALSE,1866.36651890873,1602.73138954179,165.72265625,0.992573499679565,1583,Dwc,D,-283.366518908725,-19.7313895417906,0,51.117,rough (150-300 m),1000-2000 m,mid-latitude (45-66.5),D continental,TRUE,8554,-7.03043806725389,8.16279757982229,8.2890766574701,10.7726753529714,21.9082535680204,,,,,,TRUE,-2.55103612925855,2022-08,-4.31040952217796,1.27850216094558,FALSE,TRUE,1566,1583,1558,1571,1604,1610,FALSE,,,,FALSE,TRUE
442070-99999,HATGAL,50.433,100.15,1668,A,FALSE,1925.74188536924,1804.63519971142,129.292114257813,0.959158539772034,1664,Dwc,D,-257.741885369239,-136.63519971142,4,50.433,hilly (50-150 m),1000-2000 m,mid-latitude (45-66.5),D continental,TRUE,8569,2.58178254221794,8.03964310823782,5.53877455157679,8.44357266892821,16.2392238028755,,,,,,TRUE,-3.3593058249569,2024-05,-1.28122919042844,6.05511062913131,FALSE,TRUE,1666,1664,1647,1642,1720,1714,FALSE,,,,FALSE,TRUE
442140-99999,ULGI,48.933,89.933,1715,A,FALSE,2061.25978011413,2074.04422318019,239.028503417969,0.99902880191803,1974,BSk,B,-346.259780114132,-359.044223180189,-259,48.933,rough (150-300 m),1000-2000 m,mid-latitude (45-66.5),B arid,FALSE,8561,6.97843316820275,8.12822521034189,8.31524730058819,10.7125560547006,21.2597857222663,,,,,,TRUE,2.88861571463569,2023-07,4.17936030242028,1.95490181488116,FALSE,TRUE,1977,1974,1819,1820,2164,2172,TRUE,,,,FALSE,TRUE
442160-99999,HUNHATAOORTOO,48.817,93.1,1051,A,FALSE,1193.61591727616,1083.49189389343,52.21923828125,0.994975686073303,1047,BSk,B,-142.61591727616,-32.4918938934295,4,48.817,hilly (50-150 m),1000-2000 m,mid-latitude (45-66.5),B arid,TRUE,8413,-8.5120569650173,8.03990755733117,9.17537744257916,11.7084390054967,24.91501734537,,,,,,TRUE,-1.89754553342143,2023-04,-2.1330914490853,2.51609899775822,FALSE,TRUE,1036,1047,1024,1038,1072,1065,FALSE,,,,FALSE,TRUE
442180-99999,HOVD,48.017,91.567,1405,A,FALSE,1776.73386211461,1613.13249491417,202.018615722656,0.999966263771057,1487,BWk,B,-371.733862114611,-208.132494914166,-82,48.017,rough (150-300 m),1000-2000 m,mid-latitude (45-66.5),B arid,FALSE,8571,6.09651082100395,8.04450879236944,7.98691920718416,10.0932658511873,19.2657685889384,,,,,,TRUE,-1.46373683522132,2023-03,-2.39218711889764,1.73066435126443,FALSE,TRUE,1487,1487,1453,1451,1540,1540,TRUE,,,,FALSE,TRUE
442240-99999,TSETSEN UUL,48.767,96,1928,A,FALSE,2070.67901030487,2058.95242322812,89.3712158203125,0.981693863868713,2081,Dwc,D,-142.67901030487,-130.952423228116,-153,48.767,hilly (50-150 m),1000-2000 m,mid-latitude (45-66.5),D continental,FALSE,8395,-3.68450614163047,6.89907352936242,5.77972789816546,7.82094184617478,15.0188174068682,,,,,,TRUE,1.86943923272113,2023-02,3.5730371470128,1.4798538096123,FALSE,TRUE,2082,2081,1957,1950,2184,2169,TRUE,,,,FALSE,TRUE
442290-99999,TARIAT,48.083,99.55,2041,A,FALSE,2354.307100045,2162.55559046667,151.062561035156,0.966521382331848,2068,Dwc,D,-313.307100044995,-121.555590466673,-27,48.083,rough (150-300 m),>2000 m,mid-latitude (45-66.5),D continental,FALSE,8411,13.3772922480117,8.31354674416127,13.9077951148124,15.7498822260183,27.0423263778648,,,,,,TRUE,-2.88499420611111,2022-10,-4.64334661770545,1.52191173687356,FALSE,TRUE,2058,2068,2058,2060,2100,2097,TRUE,,,,FALSE,TRUE
442300-99999,TARIALAN,49.567,102,1235,A,FALSE,1333.96392092674,1319.86211206171,151.753234863281,1,1167,Dwc,D,-98.9639209267436,-84.8621120617133,68,49.567,rough (150-300 m),1000-2000 m,mid-latitude (45-66.5),D continental,FALSE,8559,-20.1628958912603,4.21044600201527,20.1656194420588,20.5977706319048,26.7626386531825,,,,,,TRUE,-1.67443221704224,2022-07,-4.37173305994442,0.76602674229315,FALSE,TRUE,1144,1167,1109,1133,1238,1254,FALSE,,,,TRUE,TRUE
442390-99999,BULGAN,48.8,103.55,1208,A,FALSE,1358.95294304439,1283.76415812229,126.0849609375,0.999995470046997,1174,Dwc,D,-150.952943044388,-75.7641581222947,34,48.8,hilly (50-150 m),1000-2000 m,mid-latitude (45-66.5),D continental,FALSE,8557,6.31106430210808,4.535735096874,6.66113166320293,7.77174505992207,13.2619497157858,,,,,,TRUE,-1.39243792629003,2022-10,-5.18268543248664,0.65810716516384,FALSE,TRUE,1173,1174,1151,1166,1249,1238,FALSE,,,,FALSE,TRUE
442420-99999,HADATYN,49.45,107.2,762,A,FALSE,1014.82461239631,1002.52642658298,111.883422851563,0.999937653541565,1013,Dwc,D,-252.824612396308,-240.526426582982,-251,49.45,hilly (50-150 m),500-1000 m,mid-latitude (45-66.5),D continental,FALSE,8384,-11.3136690279383,9.12406051015198,12.0312369559054,14.5340172567689,26.6883435713986,,,,,,TRUE,-4.21364034675316,2022-12,-4.75710583208287,2.39864161170435,FALSE,TRUE,1002,1013,789,793,1059,1058,TRUE,,,,FALSE,TRUE
442560-99999,DASHBALBAR,49.55,114.4,705,A,FALSE,741.098126414856,738.419927421699,27.8297119140625,0.979974389076233,704,Dwc,D,-36.0981264148563,-33.4199274216986,1,49.55,gentle (20-50 m),500-1000 m,mid-latitude (45-66.5),D continental,TRUE,8542,-0.138327350510036,3.94795918391891,2.68555449745337,3.95015081963559,6.82645670304036,,,,,,TRUE,-0.665871524275329,2024-01,-3.53701841357917,0.532473643231791,FALSE,TRUE,694,704,689,702,718,712,FALSE,,,,TRUE,TRUE
442650-99999,BAITAG,46.117,91.467,1186,A,FALSE,1383.9774162335,1176.69395575961,198.7373046875,0.997526168823242,1265,BWk,B,-197.9774162335,9.30604424038779,-79,46.117,rough (150-300 m),1000-2000 m,mid-latitude (45-66.5),B arid,FALSE,8567,-2.27403430517766,4.85969704274762,4.02443789785076,5.3651775988929,10.0971855029383,,,,,,TRUE,-2.39504974359513,2022-09,-5.31438955234054,1.0407837818951,FALSE,TRUE,1266,1265,1195,1204,1387,1386,FALSE,,,,FALSE,TRUE
442660-99999,TONHIL,46.317,93.9,2095,A,TRUE,2094.47544244531,2366.09094657707,152.226623535156,0.994507431983948,2242,BSk,B,0.524557554695093,-271.090946577068,-147,46.317,rough (150-300 m),>2000 m,mid-latitude (45-66.5),B arid,FALSE,8404,126.728324817331,5.34169224582822,126.728324817331,126.840839605416,135.202113658409,131.849051280822,6.06262302263236,131.849051280822,131.988345500683,141.449942291317,FALSE,-1.70802308811698,2022-11,-7.25696771172583,0.607705149771766,FALSE,TRUE,2240,2242,2211,2207,2340,2326,TRUE,,,,TRUE,FALSE
442720-99999,ULIASTAI,47.75,96.85,1759,A,FALSE,2112.16871372041,2006.94689636624,192.969360351563,1,1781,Dwc,D,-353.168713720409,-247.946896366241,-22,47.75,rough (150-300 m),1000-2000 m,mid-latitude (45-66.5),D continental,FALSE,8561,15.9862447091435,7.43987335875106,16.0310656465503,17.6325060592158,29.6915643715029,,,,,,TRUE,-1.8348646505052,2022-12,-5.05857145700866,0.982260902094548,FALSE,TRUE,1790,1781,1746,1749,1858,1858,FALSE,,,,TRUE,TRUE
442770-99999,ALTAI,46.4,96.25,2181,A,FALSE,2180.44747736549,2164.18713640744,162.572204589844,1,2163,BSk,B,0.552522634513025,16.8128635925623,18,46.4,rough (150-300 m),>2000 m,mid-latitude (45-66.5),B arid,TRUE,8572,-6.31750899559113,5.5610917199961,7.2044910159863,8.41623747674531,14.1948743197464,,,,,,TRUE,-5.24715679649525,2022-07,-13.3361945387824,0.786904657282288,FALSE,TRUE,2182,2163,2133,2127,2194,2183,FALSE,,,,FALSE,TRUE
442840-99999,GALUUT,46.7,100.133,2126,A,FALSE,2476.16318749586,2130.12861489398,160.309997558594,0.999370217323303,2109,Dwc,D,-350.163187495858,-4.12861489397528,17,46.7,rough (150-300 m),>2000 m,mid-latitude (45-66.5),D continental,TRUE,8557,-3.32833825036298,8.00154173001227,6.79246300667623,8.66573848129413,15.54214120162,,,,,,TRUE,-2.13009832128077,2023-01,-4.90315873977913,1.22876459646466,FALSE,TRUE,2106,2109,2093,2093,2150,2147,FALSE,,,,FALSE,TRUE
442860-99999,BAT OLDZIY BUND,46.967,103.8,1358,A,TRUE,1584.35842363664,1562.35062750786,92.1160278320312,1,1544,BSk,B,-226.35842363664,-204.350627507865,-186,46.967,hilly (50-150 m),1000-2000 m,mid-latitude (45-66.5),B arid,FALSE,8408,6.70321489538156,8.68315054203609,8.87380103723567,10.9691032433824,20.5878753670637,5.82415106601771,9.32620448390983,8.88390395471536,10.9949297875448,20.5348172561617,TRUE,-2.60122558571002,2024-07,-2.24695565361642,2.31533326572192,FALSE,TRUE,1540,1544,1504,1505,1638,1632,TRUE,,,,FALSE,TRUE
442920-99999,CHINGGIS KHAAN INTL / BUYANT,47.843,106.767,1330.1,A,FALSE,1457.01339500811,1490.76654935681,97.937744140625,1,1294,BSk,B,-126.913395008107,-160.666549356814,36.0999999999999,47.843,hilly (50-150 m),1000-2000 m,mid-latitude (45-66.5),B arid,FALSE,8392,-30.3428039554517,4.47142789402749,30.3567671855898,30.6704586992589,37.4945944354695,,,,,,TRUE,-2.04307264669819,2023-03,-7.52037994178942,0.768402944595531,FALSE,FALSE,1288,1294,1275,1292,1306,1295,TRUE,1,1.48837581349274,-2.18879035530179,TRUE,TRUE
442940-99999,MAANTI,47.3,107.483,1430,A,TRUE,1489.9912563318,1463.23421160641,39.653076171875,0.999563932418823,1426,BSk,B,-59.9912563318005,-33.2342116064101,4,47.3,gentle (20-50 m),1000-2000 m,mid-latitude (45-66.5),B arid,TRUE,8565,-5.11901586744904,5.79974727230648,5.85851325915734,7.73546796281381,12.7321381678915,-6.80532315276628,6.73160397158033,7.58483926834848,9.57191854254106,16.2518192821975,TRUE,-1.42470578191821,2023-03,-3.74972725440644,1.07465855646561,FALSE,TRUE,1423,1426,1411,1419,1444,1442,FALSE,,,,FALSE,TRUE
442980-99999,CHOIR,46.45,108.217,1286,A,TRUE,1314.49251950526,1272.34333653694,23.4285278320313,0.999890089035034,1286,BSk,B,-28.4925195052592,13.6566634630581,0,46.45,gentle (20-50 m),1000-2000 m,mid-latitude (45-66.5),B arid,TRUE,8547,2.02620091287164,4.47045474292146,3.62946812712069,4.90796470082217,9.3629693609919,-34.3079654189617,5.56937452241082,34.3119864589715,34.7570251123109,42.6248020146794,TRUE,-0.927580927342228,2023-02,-5.68524927653673,0.461474058159538,FALSE,TRUE,1291,1286,1281,1281,1311,1313,FALSE,,,,FALSE,TRUE
443040-99999,UNDERKHAAN,47.317,110.633,1033,A,FALSE,1158.88661369135,1022.51286435735,66.7994384765625,0.999947428703308,1027,Dwc,D,-125.886613691347,10.4871356426506,6,47.317,hilly (50-150 m),1000-2000 m,mid-latitude (45-66.5),D continental,TRUE,8570,0.866894586080504,4.24316027733634,3.27285069546312,4.33056745681178,8.26456673512957,,,,,,TRUE,-1.07900371039467,2022-10,-5.04247722723482,0.524148826446184,FALSE,TRUE,1024,1027,1023,1025,1039,1037,FALSE,,,,FALSE,TRUE
443170-99999,ERDENETSAGAAN,45.9,115.367,1076,A,FALSE,1050.60828661227,1139.57628560722,24.3784790039063,1,1075,BSk,B,25.3917133877267,-63.5762856072156,1,45.9,gentle (20-50 m),1000-2000 m,mid-latitude (45-66.5),B arid,TRUE,8556,-1.31530745334864,6.33850961845758,4.39916856084792,6.47317867400839,11.8536884460168,,,,,,TRUE,-2.55446983413456,2024-07,-3.3267382715295,1.53572035167054,FALSE,TRUE,1076,1075,1061,1058,1120,1114,FALSE,,,,FALSE,TRUE
443250-99999,ERDENI,45.15,97.767,2417,A,FALSE,2491.57763203094,2483.56225431212,224.196044921875,0.999739766120911,2427,ET,E,-74.5776320309433,-66.5622543121249,-10,45.15,rough (150-300 m),>2000 m,mid-latitude (45-66.5),E polar,TRUE,8386,-1229.89946882695,19.0662344184675,1229.89946882695,1230.04722729135,1260.85302383138,,,,,,FALSE,-5.65151000247274,2022-07,-2.55730272003052,4.41989910557426,FALSE,TRUE,2421,2427,2402,2406,2466,2464,FALSE,,,,TRUE,FALSE
443290-99999,AMARBUYANTAYN,44.617,98.7,2103,A,FALSE,1745.07924190791,1834.41091313038,95.7200927734375,0.999960422515869,1919,BSk,B,357.920758092085,268.589086869624,184,44.617,hilly (50-150 m),>2000 m,subtropics (23.5-45),B arid,FALSE,8403,113.47763667229,8.03222271055088,113.47763667229,113.761517872233,126.064762406017,,,,,,FALSE,-2.13027369621526,2022-09,-4.32707991205563,1.13694603931932,FALSE,TRUE,1946,1919,1845,1858,1962,1957,TRUE,,,,TRUE,FALSE
443380-99999,BOGD,44.65,102.167,1646,A,FALSE,1563.57254428436,1874.17984543652,116.396057128906,1,1535,BWk,B,82.4274557156368,-228.179845436515,111,44.65,hilly (50-150 m),1000-2000 m,subtropics (23.5-45),B arid,FALSE,8403,-124.027583591998,7.49215191512783,124.027583591998,124.253640397188,135.150151654278,,,,,,FALSE,9.78713406352366,2023-06,12.7163212454406,2.17690281052967,FALSE,TRUE,1528,1535,1514,1526,1558,1558,TRUE,,,,TRUE,FALSE
443470-99999,TSOGT-OVOO,44.417,105.317,1298,A,FALSE,1264.4981438775,1278.8695203,35.0712890625,0.998385787010193,1287,BWk,B,33.5018561225036,19.1304796999993,11,44.417,gentle (20-50 m),1000-2000 m,subtropics (23.5-45),B arid,TRUE,8553,-3.9964963464291,3.84207472009074,4.55992140208803,5.5436265487194,10.2023513274868,,,,,,TRUE,-1.63469952639716,2023-04,-8.6050666448207,0.537314662641733,FALSE,TRUE,1278,1287,1242,1268,1312,1311,FALSE,,,,FALSE,TRUE
443730-99999,DALANZADGAD,43.583,104.417,1465,A,TRUE,1620.59300361553,1440.3925684357,124.234252929688,0.999907255172729,1457,BWk,B,-155.593003615531,24.6074315642957,8,43.583,hilly (50-150 m),1000-2000 m,subtropics (23.5-45),B arid,TRUE,8562,1.72510485000878,5.95855917096718,4.77038835997502,6.20292410019871,11.937686363014,-56.7494879616136,7.03738917670896,56.7538604132286,57.1841188274188,67.7711986281801,TRUE,-1.23843108018061,2023-03,-4.68291886605162,0.747997597119366,FALSE,TRUE,1453,1457,1434,1445,1487,1472,FALSE,,,,FALSE,TRUE
444540-99999,TRIBHUVAN INTL,27.697,85.359,1338.1,A,TRUE,1526.57477045232,1613.33643815676,474.220825195313,0.998882174491882,1335,Cwa,C,-188.474770452321,-275.236438156761,3.09999999999991,27.697,mountain (>300 m),1000-2000 m,subtropics (23.5-45),C temperate,TRUE,6427,-0.000630194369590919,5.39096268178984,3.82747326215982,5.3905433026944,9.69665591792043,24.3843893593782,6.40005709896765,24.485968173648,25.2101725910922,34.0943054867409,TRUE,-1.81372588815178,2024-07,-5.16691747192287,0.687271634601496,FALSE,FALSE,1335,1335,1322,1332,1339,1341,FALSE,,,,FALSE,TRUE
470030-99999,SENBONG,42.317,130.4,3,A,TRUE,100.369003829672,132.096667185022,94.7921752929688,0.41888427734375,5,Dwb,D,-97.3690038296717,-129.096667185022,-2,42.317,hilly (50-150 m),<200 m,subtropics (23.5-45),D continental,TRUE,8991,-0.923293320043518,6.73045028252491,4.95941163072125,6.79311366784268,13.7371004615379,,,,,,TRUE,2.59735958657802,2023-12,6.20564607365462,1.18383198464787,FALSE,TRUE,,0,11,0,146,162,FALSE,,,,FALSE,TRUE
470050-99999,SAMJIYON,41.817,128.3,1381,A,FALSE,1423.1488585711,1470.37222509726,119.109985351563,0.999960064888,1413,Dwc,D,-42.1488585710972,-89.3722250972555,-32,41.817,hilly (50-150 m),1000-2000 m,subtropics (23.5-45),D continental,FALSE,9007,9.88768064379669,3.9375756430562,9.99722909342657,10.6427914136714,15.6534299678857,,,,,,TRUE,-0.598110579633254,2022-12,-2.8129828624128,0.575791316765178,FALSE,TRUE,1421,1413,1386,1382,1626,1620,FALSE,,,,FALSE,TRUE
470280-99999,SUPUNG,40.45,124.933,76,A,FALSE,302.862337434929,214.285793951043,113.927062988281,0.94329297542572,67,Dwa,D,-226.862337434929,-138.285793951043,9,40.45,hilly (50-150 m),<200 m,subtropics (23.5-45),D continental,TRUE,8968,-8.30351238071001,8.51739762421525,9.00152094404873,11.8948009949542,23.1345387634931,,,,,,TRUE,-15.2514898036415,2024-01,-42.3214705570117,1.01928706365008,TRUE,TRUE,71,67,29,29,247,238,FALSE,1,32.2784173364129,-0.404432289450525,TRUE,FALSE
470310-99999,CHANGJIN,40.367,127.25,1080,A,FALSE,1042.26891995801,1386.75549563307,253.426086425781,0.999430179595947,1082,Dwb,D,37.7310800419868,-306.755495633066,-2,40.367,rough (150-300 m),1000-2000 m,subtropics (23.5-45),D continental,TRUE,9009,15.4946354146211,7.23282288575873,15.7083412286432,17.0994633453595,26.7526036762093,,,,,,TRUE,1.17974615640814,2023-11,2.2416518134906,1.48855679058554,FALSE,TRUE,1078,1082,1050,1074,1190,1187,FALSE,,,,TRUE,TRUE
470460-99999,SINPO,40.033,128.183,19,A,TRUE,66.1619064773649,36.4472864076927,0,0.340309381484985,3,Dfb,D,-47.1619064773649,-17.4472864076927,16,40.033,flat (<20 m),<200 m,subtropics (23.5-45),D continental,TRUE,9002,1.50796929351284,6.63860573929881,4.85903233574381,6.80736085811606,13.6525046405108,,,,,,TRUE,4.21937342096741,2024-05,3.57465969002227,2.72591697297139,FALSE,TRUE,10,3,4,0,62,61,FALSE,,,,FALSE,TRUE
471060-99999,DONGHAE RADAR,37.5,129.133,37,A,FALSE,129.438484105811,193.075696721103,47.31787109375,0.272534251213074,6,Dfa,D,-92.4384841058109,-156.075696721103,31,37.5,gentle (20-50 m),<200 m,subtropics (23.5-45),D continental,FALSE,25653,3.72878247672206,3.60988945901906,4.27117166896317,5.18985671107599,9.60551068904945,,,,,,TRUE,0.662820759455391,2023-10,3.08233678683085,0.608220432919025,FALSE,TRUE,3,6,1,0,31,37,FALSE,,,,FALSE,TRUE
471150-99999,ULLEUNGDO,37.483,130.9,220,A,TRUE,15.6684275625468,55.8218944542734,0,0.0724916458129883,135,Cfa,C,204.331572437453,164.178105545727,85,37.483,flat (<20 m),200-500 m,subtropics (23.5-45),C temperate,FALSE,25691,1.93670836411684,4.23191857724542,3.68490275862304,4.65395283973305,8.90967173364565,0.945920237877287,4.96721885699182,3.91405859353663,5.05638881853524,9.86629178982673,TRUE,-3.53429019509908,2023-12,-6.29071350136944,1.58908560251021,FALSE,TRUE,127,135,3,0,437,452,FALSE,,,,FALSE,TRUE
471850-43263,GOSAN,33.294,126.163,71,A,TRUE,116.998344634126,24.2106918519576,80.9868774414063,0.321912884712219,69,Cfa,C,-45.9983446341258,46.7893081480424,2,33.294,hilly (50-150 m),<200 m,subtropics (23.5-45),C temperate,TRUE,25664,2.41400502545524,3.34908004361674,3.13849006174803,4.12835564794501,8.31166931796137,11.5716198877831,6.81463842442876,11.649140747831,13.4290682540444,24.7091265648076,TRUE,1.74792093663262,2023-01,10.127968542786,0.488140041924292,FALSE,FALSE,65,69,42,29,70,69,FALSE,,,,FALSE,TRUE
474260-99999,URAKAWA,42.167,142.783,38.5,A,FALSE,236.532984393881,27.8816702186781,102.395751953125,0.704341411590576,21,Dfb,D,-198.032984393881,10.6183297813219,17.5,42.167,hilly (50-150 m),<200 m,subtropics (23.5-45),D continental,TRUE,23299,2.08054456542856,4.02931992969898,3.47560768938213,4.53468719490044,8.98858176913916,,,,,,TRUE,0.508269650358848,2023-08,2.16727483609392,0.663323193633911,FALSE,TRUE,17,21,7,0,99,114,FALSE,,,,FALSE,TRUE
475200-99999,SHINJO,38.75,140.317,102,A,TRUE,317.372978810934,144.333261740758,223.139709472656,0.988375067710876,130,Cfa,C,-215.372978810934,-42.3332617407576,-28,38.75,rough (150-300 m),<200 m,subtropics (23.5-45),C temperate,FALSE,22141,-0.138448781436963,3.1532673480796,2.41275486370571,3.15623414101093,6.32119176864245,-31.0039768289321,4.48292977911503,31.0039768289321,31.3263839430318,38.4689929284578,TRUE,0.595849928544997,2023-04,3.79673186846501,0.434540494881892,FALSE,TRUE,126,130,94,96,196,199,FALSE,,,,FALSE,TRUE
475740-99999,FUKAURA,40.65,139.933,68,A,FALSE,116.268610219214,120.267959114478,71.3890380859375,0.330047726631165,41,Dfa,D,-48.2686102192135,-52.2679591144784,27,40.65,hilly (50-150 m),<200 m,subtropics (23.5-45),D continental,FALSE,22117,0.331276416132509,4.27531589382103,3.25918104435379,4.28803493665705,8.64587421680223,,,,,,TRUE,-1.04856947986153,2024-07,-2.946489277401,0.71174158881477,FALSE,TRUE,38,41,6,0,109,114,FALSE,,,,TRUE,TRUE
476220-99999,KARUIZAWA,36.35,138.55,1004.8,A,TRUE,1020.53143824917,920.133356574365,291.506713867188,0.99990701675415,1059,Cfa,C,-15.7314382491728,84.6666434256346,-54.2000000000001,36.35,rough (150-300 m),1000-2000 m,subtropics (23.5-45),C temperate,FALSE,22109,-3.87339871265382,3.69201381719053,4.41449478737812,5.35103420646876,10.0041853163993,45.2105827666318,4.45191835609354,45.2105827666318,45.4292359026587,52.0348650344922,TRUE,-0.789796634857639,2022-07,-2.11149136265824,0.716245134789906,FALSE,TRUE,1065,1059,978,986,1147,1141,FALSE,,,,FALSE,TRUE
476770-99999,MIYAKEJIMA,34.117,139.517,39.6,A,TRUE,12.4073273142459,26.2501242779135,0,0.04972243309021,115,Climate Zone info missing,"",27.1926726857541,13.3498757220865,-75.4,34.117,flat (<20 m),<200 m,subtropics (23.5-45),,FALSE,22098,2.9815494706138,4.74102869746184,4.32594094849839,5.60053329505517,11.1949662106715,,,,,,TRUE,-0.916618570300593,2022-07,-1.54143011380269,1.13867694528639,FALSE,TRUE,109,115,15,0,260,263,FALSE,,,,FALSE,TRUE
478180-99999,UNZENDAKE,32.733,130.267,679.8,A,FALSE,97.4624142960389,161.464494118787,157.173889160156,0.582446694374085,721,Cfa,C,582.337585703961,518.335505881213,-41.2,32.733,rough (150-300 m),500-1000 m,subtropics (23.5-45),C temperate,FALSE,22120,-2.73744582066834,5.33973833772548,4.9389775509599,6.00042716236065,11.1027913277251,,,,,,TRUE,-1.42802534309042,2022-08,-3.44092165207115,0.863917317413485,FALSE,TRUE,724,721,599,603,852,888,FALSE,,,,FALSE,TRUE
479090-99999,NAZE/FUNCHATOGE,28.394,129.553,294.1,A,FALSE,20.6236110349865,42.3616404429647,7.581298828125,0.113208770751953,292,Cfa,C,273.476388965014,251.738359557035,2.10000000000002,28.394,flat (<20 m),200-500 m,subtropics (23.5-45),C temperate,TRUE,22619,-284.419201704277,2.90962662574478,284.419201704277,284.434083490209,288.75537572266,,,,,,FALSE,-0.430930377558784,2024-03,-2.63651789294708,0.400361227400596,FALSE,FALSE,291,291,287,289,293,294,FALSE,,,,TRUE,FALSE
479270-99999,MIYAKO,24.783,125.295,45.7,A,FALSE,2.24601458257917,13.6056432369871,0,0.0722252130508423,48,Cfa,C,43.4539854174208,32.0943567630129,-2.3,24.783,flat (<20 m),<200 m,subtropics (23.5-45),C temperate,TRUE,23371,-5.35337659993985,2.59050055211679,5.4532863761229,5.94718815859141,9.1976058599927,,,,,,TRUE,-0.804343485511515,2022-07,-5.31900268758777,0.302441466099839,FALSE,FALSE,55,48,35,44,56,48,FALSE,,,,FALSE,TRUE
479450-99999,MINAMI DAITO,25.847,131.263,50.9,A,FALSE,0.0942540425374618,0.757218953465251,0,0.00445830821990967,48,Cfa,C,50.8057459574625,50.1427810465348,2.9,25.847,flat (<20 m),<200 m,subtropics (23.5-45),C temperate,TRUE,23308,-29.4904700191419,2.87012073038403,29.4927144884689,29.629800227701,33.6700679378097,,,,,,TRUE,-0.935220268925081,2023-01,-6.38351966573545,0.41437992122726,FALSE,FALSE,47,48,36,44,53,49,FALSE,,,,TRUE,TRUE
479710-42402,CHICHI JIMA BONIN ISLAND,27.083,142.183,7.9,A,FALSE,2.28465226721154,9.11889189988426,0,0.0343761444091797,-1,Cfa,C,5.61534773278847,-1.21889189988426,8.9,27.083,flat (<20 m),<200 m,subtropics (23.5-45),C temperate,TRUE,23348,2.0162630639349,3.32638183549324,2.93846941689095,3.88968622770114,7.46736364853885,,,,,,TRUE,-0.647488601402243,2023-11,-4.43235155017018,0.413183454074116,FALSE,TRUE,,0,16,0,61,65,FALSE,,,,FALSE,TRUE
479910-99999,MINAMI TORISHIMA,24.29,153.979,6.7,A,FALSE,-0.0650766157403395,-0.058554016917092,0,0,7,Climate Zone info missing,"",6.76507661574034,6.75855401691709,-0.3,24.29,flat (<20 m),<200 m,subtropics (23.5-45),,TRUE,22169,3.56181968335522,2.72429971932185,3.78433855240026,4.48419821531394,8.08378646009985,,,,,,TRUE,-1.47801299772333,2022-12,-9.35686912954512,0.427758266496106,FALSE,FALSE,8,7,7,7,15,9,FALSE,,,,TRUE,TRUE
483020-99999,DOI ANG KHANG,19.917,99.033,1530,A,TRUE,920.387737928472,952.968218632255,271.748901367188,0.999983549118042,1585,Aw,A,609.612262071528,577.031781367745,-55,19.917,rough (150-300 m),1000-2000 m,tropics (0-23.5),A tropical,FALSE,6581,-12.5859826449779,12.9192384553438,14.4921242060677,18.0357511486728,32.4999139394581,-7.20024261757695,12.6499706567536,11.0648274234222,14.55475646131,27.2778071596902,TRUE,-11.5936305923272,2023-08,-7.96123686288759,4.11892521305185,FALSE,TRUE,1573,1585,1382,1384,1595,1610,FALSE,,,,FALSE,TRUE
484350-99999,PAKCHONG AGROMET,14.633,101.317,388,A,TRUE,343.215216603657,493.280149821805,91.7206420898438,0.999840497970581,532,Aw,A,44.7847833963433,-105.280149821805,-144,14.633,hilly (50-150 m),200-500 m,tropics (0-23.5),A tropical,FALSE,9344,0.600671529818278,4.14361318713168,2.69726565027012,4.1867050336477,7.22345823546348,81.0183678139097,6.15392502291851,81.0188050445389,81.2517240645675,90.9407411267091,TRUE,0.77030636667484,2022-11,4.23309957667196,0.469850153624266,FALSE,TRUE,532,532,385,382,548,552,FALSE,,,,FALSE,TRUE
485000-99999,PRACHUAP,11.788,99.805,3,A,FALSE,141.821662867162,7.48734595911958,45.4459838867188,0.385164022445679,7,Aw,A,-138.821662867162,-4.48734595911958,-4,11.788,gentle (20-50 m),<200 m,tropics (0-23.5),A tropical,TRUE,8573,8.00965869969705,3.95550558526762,8.19281149896003,8.93301919206426,14.0369107098899,,,,,,TRUE,-1.28860174804936,2022-07,-5.1505835826797,0.500371162748488,FALSE,FALSE,7,7,6,2,12,8,FALSE,,,,FALSE,TRUE
485660-99999,KO LANTA,7.533,99.05,3,A,FALSE,17.5533092499732,8.30311892950192,0,0.0958242416381836,14,Am,A,-14.5533092499732,-5.30311892950192,-11,7.533,flat (<20 m),<200 m,tropics (0-23.5),A tropical,TRUE,9645,6.32948438524478,4.41114348085278,6.67203913659348,7.71482611301172,12.7803798149186,,,,,,TRUE,-4.08174930726041,2024-05,-13.1103456375081,0.719004403535859,FALSE,TRUE,9,0,5,0,137,141,FALSE,,,,FALSE,TRUE
486150-99999,SULTAN ISMAIL PETRA,6.167,102.293,4.9,A,FALSE,4.3165164868992,-2.50587292806412,14.4393920898438,0.294538378715515,9,Af,A,0.583483513100804,7.40587292806412,-4.1,6.167,flat (<20 m),<200 m,tropics (0-23.5),A tropical,TRUE,13055,1.71329311760609,2.75619194856673,2.51822699046954,3.24520961921419,6.5366734574436,,,,,,TRUE,0.946038752437615,2024-07,3.69074598368768,0.512654491324468,FALSE,FALSE,8,9,6,4,17,9,FALSE,,,,TRUE,TRUE
486980-99999,SINGAPORE CHANGI INTL,1.35,103.994,6.7,A,FALSE,7.63099250572316,-1.07827022989502,0,0.210514664649963,1,Af,A,-0.930992505723157,7.77827022989502,5.7,1.35,flat (<20 m),<200 m,tropics (0-23.5),A tropical,TRUE,25578,7.3460358933528,2.61784728572778,7.35823644872031,7.79853190205663,11.7688125286644,,,,,,TRUE,0.301768525905774,2024-07,1.83890203318485,0.32820511420408,FALSE,FALSE,8,1,7,1,14,9,FALSE,,,,FALSE,TRUE
488030-99999,LAO CAI,22.5,103.967,97,A,FALSE,686.055358879561,163.096040059551,384.183532714844,0.994737505912781,94,Cfa,C,-589.055358879561,-66.0960400595514,3,22.5,mountain (>300 m),<200 m,tropics (0-23.5),C temperate,TRUE,8467,4.26051743431642,7.43463959996956,6.88886717910442,8.56850900899309,16.2455995692164,,,,,,TRUE,-2.00014856095742,2023-05,-5.63785068480824,1.00344524174401,FALSE,TRUE,89,94,39,75,158,149,FALSE,,,,TRUE,TRUE
488230-99999,NAM DINH,20.433,106.15,3,A,TRUE,-1.68228279726002,3.40848110720786,5.17291259765625,0.96394145488739,0,Cwa,C,4.68228279726002,-0.408481107207864,3,20.433,flat (<20 m),<200 m,tropics (0-23.5),C temperate,TRUE,8473,-4.4025244844894,3.57001893462001,4.70857747050896,5.66795843634558,10.3157174568016,-3.60979680284652,4.97807226454399,4.75739589281308,6.14889516115331,12.363152593643,TRUE,-0.749391645396046,2022-07,-1.85899149278112,0.806234615172907,FALSE,TRUE,9,0,4,-4,15,4,FALSE,,,,FALSE,TRUE
488400-99999,THANH HOA,19.75,105.783,5,A,FALSE,15.3637076785905,6.67157298873724,32.0126953125,0.918037176132202,7,Aw,A,-10.3637076785905,-1.67157298873723,-2,19.75,gentle (20-50 m),<200 m,tropics (0-23.5),A tropical,TRUE,8491,2.11086067078136,4.59366494526466,4.01811152140366,5.05519586264519,9.64496832291001,,,,,,TRUE,-2.1187103968466,2023-12,-5.00626477109287,1.19702377519568,FALSE,TRUE,10,7,6,4,13,8,FALSE,,,,FALSE,TRUE
489070-99999,RACH GIA,10,105.083,3,A,FALSE,-1.29072770454233,2.18482165163435,0.44403076171875,0.351965665817261,-1,Am,A,4.29072770454233,0.81517834836565,4,10,flat (<20 m),<200 m,tropics (0-23.5),A tropical,TRUE,8472,4.45193543640825,6.22011934159676,6.06483131453432,7.64885919330214,14.9911335028344,,,,,,TRUE,-1.12470118589108,2023-02,-1.09889100449727,2.89485975259564,FALSE,TRUE,,0,2,0,10,9,FALSE,,,,FALSE,TRUE
489140-99999,CA MAU,9.183,105.15,2,A,TRUE,1.3163201915282,1.16510543865642,0.380126953125,0.999778270721436,7,Am,A,0.683679808471802,0.834894561343578,-5,9.183,flat (<20 m),<200 m,tropics (0-23.5),A tropical,TRUE,8472,4.26481326132776,5.91244831200954,5.61238990232773,7.28982517009195,13.9403187844685,4.87600206125031,6.62426593184338,6.46492501947435,8.22502983073166,15.810579843225,TRUE,2.47087161281613,2022-08,1.63911666632708,3.25644467549304,FALSE,TRUE,16,7,5,-1,21,7,FALSE,,,,FALSE,TRUE
489200-99999,TRUONG SA,8.65,111.917,3,A,FALSE,0.649123059989905,-0.466440502108263,0,0,-93,Climate Zone info missing,"",2.3508769400101,3.46644050210826,96,8.65,flat (<20 m),<200 m,tropics (0-23.5),,FALSE,8498,3.68826866753118,3.07306923275649,3.97756571553226,4.80062172867059,8.91257876920086,,,,,,TRUE,-2.2284233599442,2022-07,-5.35246852818555,0.832671261198287,FALSE,TRUE,,0,8,0,8,4,FALSE,,,,FALSE,TRUE
489350-99999,PLAINE DES JARRES (XIENGKHOUA,19.467,103.133,1050,A,FALSE,1159.1407460913,1045.15056428546,107.408081054688,1,1057,Cwa,C,-109.1407460913,4.84943571454051,-7,19.467,hilly (50-150 m),1000-2000 m,tropics (0-23.5),C temperate,TRUE,5022,39.1428052702304,8.88006777470762,39.1884651811882,40.1372533449261,51.6885607477375,,,,,,TRUE,5.98585726532185,2024-02,3.7898797579068,4.27712200338184,FALSE,TRUE,1045,1057,1041,1057,1093,1094,FALSE,,,,TRUE,TRUE
509490-99999,QIAN GORLOS,45.083,124.867,136,A,TRUE,165.721659935477,136.175532036934,16.0026245117188,0.969012498855591,136,Dwa,D,-29.7216599354775,-0.175532036934129,0,45.083,flat (<20 m),<200 m,mid-latitude (45-66.5),D continental,TRUE,8216,1.79366375159968,2.77300879119789,2.59736849321189,3.30240389454075,6.340118659684,1.93473532407001,4.04586069463491,3.50679016104145,4.48443945258813,8.7085099463856,TRUE,0.942174455747135,2023-10,6.31621863017236,0.421909364275039,FALSE,TRUE,136,136,124,131,143,140,FALSE,,,,FALSE,TRUE
509680-99999,SHANGZHI,45.217,127.967,191,A,TRUE,276.003171715749,216.937056104786,65.4927368164063,0.999589920043945,188,Dwb,D,-85.003171715749,-25.9370561047861,3,45.217,hilly (50-150 m),<200 m,mid-latitude (45-66.5),D continental,TRUE,7239,-3.96355450120926,3.45072892581575,4.33656917129774,5.25505941829768,9.75681792306,-18.4737919785759,4.4949406206414,18.4784094339085,19.0126981301893,26.0294438542283,TRUE,-0.234249679620247,2023-04,-0.79845297550075,0.829802340439006,FALSE,TRUE,190,188,184,181,214,200,FALSE,,,,FALSE,TRUE
511560-99999,HOBOKSAR,46.817,85.75,1323.2,A,FALSE,1352.03400920868,1222.98907182881,188.242004394531,0.999074339866638,1338,BWk,B,-28.8340092086748,100.21092817119,-14.8,46.817,rough (150-300 m),1000-2000 m,mid-latitude (45-66.5),B arid,TRUE,8307,-2.67692822458676,4.58910011825595,4.20763788115336,5.31255582775105,10.0712158901602,,,,,,TRUE,-1.34498346877464,2022-11,-5.14532060050592,0.674930223651666,FALSE,TRUE,1334,1338,1301,1302,1373,1377,FALSE,,,,TRUE,TRUE
513340-99999,JINGHE,44.567,82.817,330.2,A,FALSE,633.093051414729,304.428707178292,240.669372558594,0.999959945678711,332,BWk,B,-302.893051414729,25.7712928217077,-1.80000000000001,44.567,rough (150-300 m),200-500 m,subtropics (23.5-45),B arid,TRUE,7274,8.90562159126337,6.54243092931411,9.68554432527551,11.0502313981907,18.4386117975251,,,,,,TRUE,-2.40618425593816,2022-07,-2.60533720723125,1.84711925140414,FALSE,TRUE,328,332,312,319,344,348,FALSE,,,,FALSE,TRUE
514950-99999,SHISANJIANFANG,43.217,91.733,732,A,TRUE,884.136826557107,779.208575940816,132.61474609375,0.999874591827393,709,BWk,B,-152.136826557107,-47.2085759408158,23,43.217,hilly (50-150 m),500-1000 m,subtropics (23.5-45),B arid,FALSE,7255,-6.93590706287021,4.59127347524386,7.30391503101926,8.31767355427868,14.1626901770292,-58.7652195295333,6.6527265863985,58.7652195295333,59.1405419060119,70.7547755655131,TRUE,-2.59324229849326,2022-12,-7.76428379528886,0.90446633932799,FALSE,TRUE,711,709,684,690,762,745,FALSE,,,,TRUE,TRUE
515420-99999,BAYANBULAK,43.033,84.15,2459,A,FALSE,2624.54703289668,2713.20234547475,283.346801757813,0.996742010116577,2458,Dwc,D,-165.547032896683,-254.202345474755,1,43.033,rough (150-300 m),>2000 m,subtropics (23.5-45),D continental,TRUE,7257,-7.33183080028442,9.25903039539035,8.70141375959988,11.8098930297574,25.9566845237131,,,,,,TRUE,-2.82879566544084,2022-07,-2.14010249989944,2.64360764549713,FALSE,TRUE,2458,2458,2443,2450,2542,2540,FALSE,,,,FALSE,TRUE
516440-99999,KUQA,41.717,82.95,1100,A,FALSE,1213.65453584111,1040.86775619095,104.72265625,0.993629336357117,1065,BWk,B,-113.654535841113,59.1322438090479,35,41.717,hilly (50-150 m),1000-2000 m,subtropics (23.5-45),B arid,FALSE,8322,-17.1925307250616,5.22606691914968,17.2027148080562,17.9691849091497,26.1877789545059,,,,,,TRUE,0.846395257582811,2024-04,2.70005465782638,0.76784982695811,FALSE,TRUE,1056,1065,1051,1056,1081,1075,TRUE,,,,TRUE,TRUE
516560-99999,KORLA,41.733,85.817,903,A,TRUE,1151.89359109953,847.733505452933,225.637268066406,0.989763617515564,901,BWk,B,-248.893591099535,55.2664945470675,2,41.733,rough (150-300 m),500-1000 m,subtropics (23.5-45),B arid,TRUE,8306,-1.06204747967341,5.92634697208611,4.74553320570954,6.02040736351569,11.5741621634289,-23.1795990159429,7.83467927227685,23.1870005529097,24.4677056491999,37.3756888244661,TRUE,-2.79055880471514,2024-06,-4.79423837738235,1.25740431141516,FALSE,TRUE,892,901,885,897,902,906,FALSE,,,,FALSE,TRUE
517090-99999,KASHI / LAINING,39.543,76.02,1380.4,A,FALSE,1424.87002800714,1320.4739417895,83.0802612304688,0.996110558509827,1375,BWk,B,-44.4700280071431,59.9260582105001,5.40000000000009,39.543,hilly (50-150 m),1000-2000 m,subtropics (23.5-45),B arid,TRUE,8225,2.96617348872901,5.35338448637456,4.78363059223934,6.11992044725045,11.8530851783132,,,,,,TRUE,-1.77772407428905,2023-10,-5.24114845597291,0.959362825585161,FALSE,FALSE,1369,1375,1369,1374,1374,1379,FALSE,,,,FALSE,TRUE
517160-99999,BACHU,39.8,78.567,1117,A,FALSE,1134.15331728024,1088.79441820091,86.5917358398438,0.925196528434753,1119,BWk,B,-17.1533172802385,28.2055817990852,-2,39.8,hilly (50-150 m),1000-2000 m,subtropics (23.5-45),B arid,TRUE,8305,-0.389762193427864,4.92282805856204,3.59672877289377,4.93793809519311,10.2802859880566,,,,,,TRUE,-3.15008900784405,2022-10,-7.90024475636423,0.976692615422091,FALSE,TRUE,1114,1119,1107,1113,1129,1122,FALSE,,,,FALSE,TRUE
517300-99999,ALAR,40.5,81.05,1013,A,FALSE,1029.64077030956,1019.86160220361,2.933349609375,0.982278943061829,1019,BWk,B,-16.6407703095604,-6.86160220360682,-6,40.5,flat (<20 m),1000-2000 m,subtropics (23.5-45),B arid,TRUE,5879,-3.4389223692265,4.92765867736714,4.42893407387148,6.00865016776153,12.4070122063273,,,,,,TRUE,-1.72204131155935,2023-09,-6.81558424409449,0.714636952770155,FALSE,TRUE,1018,1019,1015,1017,1023,1021,FALSE,,,,FALSE,TRUE
517470-99999,TAZHONG,39,83.667,1099,A,FALSE,1117.56739408017,1119.58984783285,3.18878173828125,1,1113,BWk,B,-18.5673940801651,-20.5898478328481,-14,39,flat (<20 m),1000-2000 m,subtropics (23.5-45),B arid,TRUE,8332,2.65306700974503,4.4104979674199,4.05985174363903,5.1467389875713,9.9237957571044,,,,,,TRUE,-1.20095243540989,2023-05,-3.41249392749969,0.99540292701184,FALSE,TRUE,1112,1113,1102,1101,1144,1144,FALSE,,,,FALSE,TRUE
518110-99999,SHACHE,38.433,77.267,1232,A,FALSE,1204.37471997637,1219.31809346209,13.2329711914063,0.965988039970398,1220,BWk,B,27.6252800236318,12.6819065379104,12,38.433,flat (<20 m),1000-2000 m,subtropics (23.5-45),B arid,TRUE,8297,-1.7886186688626,4.85095962826208,3.7971339850983,5.16992551926595,10.7568700623844,,,,,,TRUE,-1.56429856121795,2022-12,-3.89434386107344,1.08776745976651,FALSE,TRUE,1220,1220,1210,1214,1238,1231,FALSE,,,,FALSE,TRUE
518280-99999,HOTAN,37.133,79.933,1375,A,FALSE,1291.63334996214,1379.20959565703,45.262939453125,0.992012977600098,1352,BWk,B,83.366650037857,-4.20959565702879,23,37.133,gentle (20-50 m),1000-2000 m,subtropics (23.5-45),B arid,FALSE,8286,-3.37401383760233,5.19520605513024,4.68635655582829,6.19442313779846,12.0958959726984,,,,,,TRUE,-1.56219240127591,2023-06,-5.58975612711496,0.79047229635074,FALSE,TRUE,1359,1352,1341,1344,1375,1368,FALSE,,,,FALSE,TRUE
518860-99999,MANGNAI,38.25,90.85,2945,A,FALSE,3127.93033975988,2902.05378811827,220.712829589844,0.964184403419495,2947,BWk,B,-182.930339759882,42.9462118817332,-2,38.25,rough (150-300 m),>2000 m,subtropics (23.5-45),B arid,TRUE,5453,-2.73675809826362,5.88771649567868,5.16213653244524,6.49220250246725,12.5871827588491,,,,,,TRUE,1.13520972087667,2024-03,2.09539064573112,1.39883171740642,FALSE,TRUE,2942,2947,2918,2921,2960,2965,FALSE,,,,FALSE,TRUE
524360-99999,YUMENZHEN,40.267,97.033,1527,A,TRUE,1590.7137252687,1507.28595200706,79.0336303710938,0.999744057655334,1528,BWk,B,-63.7137252686953,19.7140479929435,-1,40.267,hilly (50-150 m),1000-2000 m,subtropics (23.5-45),B arid,TRUE,7264,0.050530103393358,4.57083630263295,3.52472847137384,4.57080098238101,9.06971928980673,-6.64648923147011,6.45837937921013,7.31916531139247,9.26718626137395,17.95905385616,TRUE,-1.26773861585657,2023-04,-5.51574925092179,0.650085079117341,FALSE,TRUE,1529,1528,1516,1517,1537,1535,FALSE,,,,FALSE,TRUE
524950-99999,BAYAN MOD,40.75,104.5,1329,A,FALSE,1388.76211590158,1301.9151067133,47.0398559570313,1,1336,BWk,B,-59.7621159015821,27.0848932866982,-7,40.75,gentle (20-50 m),1000-2000 m,subtropics (23.5-45),B arid,TRUE,5919,-7.92930902359486,4.94354091179601,8.23641509514631,9.34389691186085,15.530913060817,,,,,,TRUE,-1.32968544809575,2023-06,-3.14196937183817,1.19699396896859,FALSE,TRUE,1327,1336,1313,1326,1343,1356,FALSE,,,,FALSE,TRUE
525330-99999,JIUQUAN/SUZHOU,39.767,98.483,1478,A,FALSE,1512.52658631197,1466.90518997313,134.862365722656,0.995262742042542,1478,BWk,B,-34.5265863119669,11.0948100268695,0,39.767,hilly (50-150 m),1000-2000 m,subtropics (23.5-45),B arid,TRUE,8317,-2.10917861162702,4.33916298498824,3.63512986706802,4.82438659195826,9.71113616400985,,,,,,TRUE,-2.11781285503753,2022-09,-10.0552130111718,0.486402354914078,FALSE,TRUE,1483,1478,1466,1463,1486,1481,FALSE,,,,TRUE,TRUE
526020-99999,LENGHU,38.833,93.383,2771,A,FALSE,2906.15321658326,2796.20724521116,96.0957641601563,0.999706745147705,2758,BWk,B,-135.153216583263,-25.2072452111579,13,38.833,hilly (50-150 m),>2000 m,subtropics (23.5-45),B arid,TRUE,8294,0.354236506852101,5.40262486379051,4.15001133985705,5.41390060014931,10.5668358853918,,,,,,TRUE,-2.19162681977678,2023-03,-4.73439443993166,1.30932410111299,FALSE,TRUE,2755,2758,2751,2751,2770,2760,FALSE,,,,FALSE,TRUE
526520-99999,ZHANGYE,39.083,100.283,1462,A,TRUE,1595.99991818371,1463.6420980916,184.559265136719,0.999471545219421,1461,BWk,B,-133.999918183707,-1.64209809160116,1,39.083,rough (150-300 m),1000-2000 m,subtropics (23.5-45),B arid,TRUE,8320,-1.87672135221979,4.7446879106397,3.93105289254601,5.1021015891886,10.2649483107263,-110.397769632894,8.11472794896234,110.397769632894,110.695566465341,125.05208204506,TRUE,-1.37271259321037,2022-07,-3.59176852416379,0.764365845947689,FALSE,TRUE,1467,1461,1442,1454,1478,1468,FALSE,,,,FALSE,TRUE
526810-99999,MINQIN,38.633,103.083,1367,A,TRUE,1386.98557906178,1371.4597524384,23.281005859375,1,1367,BWk,B,-19.9855790617846,-4.45975243839644,0,38.633,gentle (20-50 m),1000-2000 m,subtropics (23.5-45),B arid,TRUE,8331,-3.39910145053037,4.03496191790282,4.15108606016003,5.275685177549,10.1920527998228,-5.086693370894,5.7148475849666,5.92467805677253,7.65049097334799,15.0760733886231,TRUE,-1.89967336256273,2022-09,-5.41725511616952,0.809839598636789,FALSE,TRUE,1371,1367,1362,1366,1379,1371,FALSE,,,,FALSE,TRUE
527130-99999,DA-QAIDAM,37.85,95.367,3174,A,FALSE,3464.353041447,3395.39249195699,209.961059570313,0.966934442520142,3195,BWk,B,-290.353041447003,-221.392491956989,-21,37.85,rough (150-300 m),>2000 m,subtropics (23.5-45),B arid,FALSE,8301,0.541016197445686,6.17713861092549,4.96207436436659,6.20041476551336,11.888680644639,,,,,,TRUE,-1.72651027831745,2023-03,-6.17129861169388,0.791293503946296,FALSE,TRUE,3195,3195,3173,3173,3227,3228,FALSE,,,,FALSE,TRUE
527370-99999,DELINGHA,37.367,97.367,2982,A,FALSE,3005.04537458319,3281.38821934606,186.9189453125,0.955212712287903,2987,BSk,B,-23.045374583191,-299.388219346056,-5,37.367,rough (150-300 m),>2000 m,subtropics (23.5-45),B arid,TRUE,7240,0.805565797422486,5.40988069621924,4.09286503031169,5.46915926119807,11.1647514407543,,,,,,TRUE,-1.5936895068461,2022-09,-5.41694501975088,0.679436148919669,FALSE,TRUE,2986,2987,2963,2974,3000,2996,FALSE,,,,TRUE,TRUE
527870-99999,WUSHAOLING,37.2,102.867,3044,A,TRUE,3114.22471653483,2948.14496094487,292.728759765625,0.99994945526123,3032,Dwc,D,-70.2247165348263,95.8550390551309,12,37.2,rough (150-300 m),>2000 m,subtropics (23.5-45),D continental,TRUE,7257,0.722977265854219,4.22374313764297,3.30125589328072,4.2848855180483,8.61677923749476,4.46145419917729,11.0642478573015,8.30687492215175,11.9291778980292,26.278622404645,TRUE,-0.995871530304736,2022-11,-3.84300945796243,0.669092611580044,FALSE,TRUE,3023,3032,2941,2952,3289,3292,FALSE,,,,FALSE,TRUE
528360-99999,DOULAN,36.3,98.1,3190,A,FALSE,3225.87726862958,3240.19168434175,140.314147949219,0.9994056224823,3186,BSk,B,-35.8772686295779,-50.191684341748,4,36.3,hilly (50-150 m),>2000 m,subtropics (23.5-45),B arid,TRUE,5432,-1.60618263954875,5.28244504732221,4.29755872485653,5.52077090105122,10.9108513716496,,,,,,TRUE,-3.83931283739686,2023-02,-8.07303543770452,1.34512187559122,FALSE,TRUE,3187,3186,3177,3176,3199,3201,FALSE,,,,FALSE,TRUE
529080-99999,WUDAOLIANG,35.217,93.083,4613,A,TRUE,4640.57537845811,4698.58981214278,131.530151367188,0.999214053153992,4617,ET,E,-27.5753784581129,-85.5898121427808,-4,35.217,hilly (50-150 m),>2000 m,subtropics (23.5-45),E polar,TRUE,7244,-9.69915849952226,5.53284449283613,9.93393093325836,11.1661012841484,18.5560888926368,-2.73818291432168,6.25467432633227,5.36234650672275,6.82738574698858,13.3591326608475,TRUE,-1.60922809928447,2023-11,-3.04642428223137,1.49407435873841,FALSE,TRUE,4620,4617,4607,4611,4671,4670,FALSE,,,,FALSE,TRUE
529550-99999,GUINAN,35.583,100.75,3123,A,FALSE,3443.03818430925,3243.86266270847,206.786193847656,1,3104,Dwc,D,-320.038184309245,-120.862662708469,19,35.583,rough (150-300 m),>2000 m,subtropics (23.5-45),D continental,TRUE,8303,-21.179193489785,6.82396975766681,21.1865770446288,22.2512739349712,31.8343613962236,,,,,,TRUE,-0.364047214236497,2023-10,-1.17975498070874,0.8727922596404,FALSE,TRUE,3106,3104,3057,3064,3224,3223,FALSE,,,,TRUE,TRUE
529960-99999,HUAJIALING,35.383,105,2450,A,TRUE,2049.03075376467,2228.42925782505,97.9288330078125,0.999792695045471,2346,Dwb,D,400.969246235335,221.570742174953,104,35.383,hilly (50-150 m),>2000 m,subtropics (23.5-45),D continental,FALSE,7246,-3.67925779809243,5.6247093181967,5.33292517869973,6.72085758493759,13.2749707029718,34.7717062238044,6.71831554448084,34.7717062238044,35.4147015857887,46.4749283845298,TRUE,-1.19984019484734,2022-09,-3.5054037500629,0.790468783480036,FALSE,TRUE,2350,2346,2149,2149,2447,2441,FALSE,,,,FALSE,TRUE
530830-99999,NARAN BULAG,44.617,114.15,1183,A,TRUE,1156.00352542981,1187.29900437458,28.1818237304688,0.999423623085022,1183,BSk,B,26.9964745701896,-4.29900437458264,0,44.617,gentle (20-50 m),1000-2000 m,subtropics (23.5-45),B arid,TRUE,7241,-0.549512071055525,3.523270293353,2.68560580206797,3.56562515562115,7.03989169676743,-1.27452892775422,4.35869624727719,3.44556600071606,4.54092867823008,8.77648563140474,TRUE,-1.89874786238362,2023-05,-8.24439653750574,0.651408496981934,FALSE,TRUE,1181,1183,1171,1170,1211,1211,FALSE,,,,FALSE,TRUE
531490-99999,MANDAL,42.533,110.133,1223,A,TRUE,1152.64204686679,1227.8837096511,33.5835571289063,1,1225,BSk,B,70.3579531332055,-4.88370965110426,-2,42.533,gentle (20-50 m),1000-2000 m,subtropics (23.5-45),B arid,TRUE,8289,1.91564283369884,3.43876085692182,3.06844536932687,3.9361576567443,7.69615347614417,11.7595840775184,4.30962906636447,11.8286641667803,12.5243155380722,18.4152576076016,TRUE,-1.13642890550169,2023-07,-5.06148484365718,0.635052053093594,FALSE,TRUE,1233,1225,1203,1202,1268,1267,FALSE,,,,FALSE,TRUE
531920-99999,ABAG QI,44.017,115,1147.7,A,FALSE,1198.33728300758,1179.54916115595,51.2305297851563,0.997460246086121,1136,BSk,B,-50.6372830075766,-31.8491611559502,11.7,44.017,hilly (50-150 m),1000-2000 m,subtropics (23.5-45),B arid,TRUE,8295,-0.663319438007446,3.44058367878106,2.63864515531256,3.50373823923048,6.94183307842245,,,,,,TRUE,-1.82624636281301,2023-04,-12.9462995461871,0.39898696385182,FALSE,TRUE,1130,1136,1112,1116,1253,1252,FALSE,,,,FALSE,TRUE
532310-99999,HAILS,41.45,106.383,1510,A,FALSE,1504.01394756683,1510.75298713118,22.6993408203125,1,1446,BWk,B,5.98605243317024,-0.752987131181499,64,41.45,gentle (20-50 m),1000-2000 m,subtropics (23.5-45),B arid,FALSE,8295,0.299744447404079,4.01466444120031,3.02014536737694,4.02559738020671,8.00550446425527,,,,,,TRUE,-1.80997566122533,2022-09,-4.77225685295528,0.875887419670625,FALSE,TRUE,1451,1446,1429,1429,1480,1468,TRUE,,,,FALSE,TRUE
533360-99999,HALIUT,41.567,108.517,1290,A,FALSE,1323.4070698359,1343.11164171761,69.7051391601563,0.999632835388184,1284,BSk,B,-33.4070698359024,-53.1116417176102,6,41.567,hilly (50-150 m),1000-2000 m,subtropics (23.5-45),B arid,TRUE,8282,0.388383515579678,3.48622767194472,2.66663143495536,3.50758572839494,6.70048260743764,,,,,,TRUE,-1.67440762782667,2023-07,-10.7292591315878,0.441404191505069,FALSE,TRUE,1275,1284,1257,1260,1310,1304,FALSE,,,,FALSE,TRUE
533520-99999,BAILING-MIAO,41.7,110.433,1377,A,FALSE,1416.99750018164,1418.16275499279,49.3555908203125,0.999002933502197,1374,BSk,B,-39.997500181637,-41.1627549927855,3,41.7,gentle (20-50 m),1000-2000 m,subtropics (23.5-45),B arid,TRUE,7242,-3.06639078831668,3.38729672697367,3.67103770384413,4.56891094734637,8.44558984675598,,,,,,TRUE,-1.14443563328091,2023-03,-6.51154011674307,0.497110165899871,FALSE,TRUE,1372,1374,1346,1353,1423,1422,FALSE,,,,FALSE,TRUE
534800-99999,JINING,41.033,113.067,1416,A,TRUE,1546.06170661299,1374.92678756252,95.7687377929688,0.997593998908997,1416,Dwb,D,-130.061706612987,41.0732124374786,0,41.033,hilly (50-150 m),1000-2000 m,subtropics (23.5-45),D continental,TRUE,7238,-0.161578316776351,4.19686104267837,3.25727585808449,4.19968054358926,8.21718525373643,-12.9188142839645,4.8535524224373,12.9443905584938,13.8003434376305,21.3155777712338,TRUE,-1.91865166082605,2023-08,-6.3935063701323,0.848793461092216,FALSE,TRUE,1406,1416,1388,1397,1451,1459,FALSE,,,,FALSE,TRUE
535430-99999,DONGSHENG,39.833,109.983,1459,A,FALSE,1419.94312572655,1447.93846841174,56.08935546875,0.999701499938965,1436,BSk,B,39.0568742734522,11.061531588259,23,39.833,hilly (50-150 m),1000-2000 m,subtropics (23.5-45),B arid,FALSE,8296,0.960948323203667,3.45506133019134,2.69445689435834,3.58600495467357,7.18700175007723,,,,,,TRUE,-2.91783632490508,2022-07,-7.51068516482093,0.776982728172882,FALSE,TRUE,1432,1436,1413,1415,1462,1468,FALSE,,,,FALSE,TRUE
535640-99999,HEQU,39.367,111.217,1037,A,FALSE,1113.90956049275,944.606545685836,77.7203369140625,0.990650057792664,1035,BSk,B,-76.9095604927525,92.3934543141643,2,39.367,hilly (50-150 m),1000-2000 m,subtropics (23.5-45),B arid,TRUE,8319,-1.99772344773479,4.1143389294618,3.47642769762222,4.5734723095281,8.80618869409625,,,,,,TRUE,-0.601293450500535,2023-11,-4.49865402885465,0.378049677619006,FALSE,TRUE,1026,1035,939,936,1053,1062,FALSE,,,,FALSE,TRUE
535880-99999,WUTAI SHAN,38.95,113.517,2210,A,FALSE,1676.72399954686,1600.28407063064,309.376037597656,0.999563097953796,1915,Dwb,D,533.276000453136,609.715929369357,295,38.95,mountain (>300 m),>2000 m,subtropics (23.5-45),D continental,FALSE,8294,-7.55037871961868,7.08160706335336,8.38233186348403,10.3513927068383,19.4795568529094,,,,,,TRUE,-1.2506844379434,2023-02,-2.74583937629437,1.28830179191,FALSE,TRUE,1920,1915,1789,1784,2195,2196,FALSE,,,,FALSE,TRUE
536460-99999,YULIN,38.267,109.783,1158,A,FALSE,1145.46061577157,1133.66193157194,41.693359375,0.999537110328674,1161,BSk,B,12.5393842284316,24.3380684280564,-3,38.267,gentle (20-50 m),1000-2000 m,subtropics (23.5-45),B arid,TRUE,8308,2.45764012350305,3.67402795656277,3.49410444416124,4.42005109079345,8.5546446679561,,,,,,TRUE,-1.57130568999992,2023-06,-8.47846301423682,0.524189776779234,FALSE,TRUE,1155,1161,1086,1089,1156,1166,FALSE,,,,FALSE,TRUE
537230-99999,YANCHI,37.8,107.383,1356,A,TRUE,1407.20663123047,1387.97915508864,54.11083984375,0.997333168983459,1357,BSk,B,-51.2066312304662,-31.9791550886389,-1,37.8,hilly (50-150 m),1000-2000 m,subtropics (23.5-45),B arid,TRUE,8302,-6.13026953557748,3.85128042402974,6.29730935957076,7.2395289130175,12.4527178393397,-19.7499574077967,4.80796476581487,19.7508013891166,20.3266957065466,27.6040560042896,TRUE,-0.666850712014859,2023-03,-3.73999507485758,0.504315809049819,FALSE,TRUE,1350,1357,1344,1353,1360,1368,FALSE,,,,FALSE,TRUE
537870-99999,YUSHE,37.067,112.983,1042,A,FALSE,1167.23872679827,1144.26698018691,79.874755859375,0.99804675579071,1015,Dwb,D,-125.23872679827,-102.266980186914,27,37.067,hilly (50-150 m),1000-2000 m,subtropics (23.5-45),D continental,FALSE,7222,-1.7501101502867,3.84079983993423,3.35002421361443,4.22049598230327,8.11074981238796,,,,,,TRUE,-0.686759044269811,2023-03,-2.52942960351819,0.767939106222108,FALSE,TRUE,1014,1015,1002,1000,1045,1059,FALSE,,,,FALSE,TRUE
539230-99999,XIFENGZHEN,35.733,107.633,1423,A,FALSE,1249.58837920251,1294.77709322246,67.0354614257813,0.99998664855957,1414,Dwa,D,173.411620797494,128.222906777544,9,35.733,hilly (50-150 m),1000-2000 m,subtropics (23.5-45),D continental,TRUE,7278,-23.4004677892673,26.6085758843845,23.6545481184998,35.4330484384017,64.5824935077361,,,,,,TRUE,-55.9755576076913,2024-01,-233.948891549905,0.676740908715161,TRUE,TRUE,1422,1414,1416,1400,1443,1427,FALSE,,,,TRUE,FALSE
539590-99999,YUNCHENG,35.117,111.067,376.5,A,TRUE,537.943570577746,373.973352903387,220.3876953125,0.94304084777832,370,Cwa,C,-161.443570577746,2.52664709661298,6.5,35.117,rough (150-300 m),200-500 m,subtropics (23.5-45),C temperate,TRUE,8312,-0.481650806667754,4.82351618492509,3.76586597639598,4.84721536173475,9.72090710482184,26.2886893767835,9.2500896686403,26.2925608343751,27.8684239592959,43.3848483284062,TRUE,-1.36959069640123,2023-01,-4.71395230731844,0.821770612631612,FALSE,TRUE,373,370,361,367,386,386,FALSE,,,,FALSE,TRUE
541020-99999,XILIN HOT,43.95,116.117,1004,A,FALSE,1069.95899506011,1044.94662104286,52.6666870117188,0.999468326568604,1000,BSk,B,-65.9589950601123,-40.9466210428639,4,43.95,hilly (50-150 m),1000-2000 m,subtropics (23.5-45),B arid,TRUE,8310,-2.14083991018807,3.49346809316784,3.11726964240429,4.09707776452343,8.29430632409076,,,,,,TRUE,0.471664218693812,2024-07,1.88660185256444,0.500014582358947,FALSE,TRUE,1001,1000,978,988,1016,1015,FALSE,,,,FALSE,TRUE
542080-99999,DUOLUN,42.183,116.467,1247,A,TRUE,1313.28519144216,1284.17204460749,56.0244140625,0.998603463172913,1247,Dwb,D,-66.2851914421592,-37.1720446074858,0,42.183,hilly (50-150 m),1000-2000 m,subtropics (23.5-45),D continental,TRUE,8292,-2.80548447850415,4.35775986426775,3.95406679191234,5.18252101066598,10.7138680009513,-14.1295727092529,5.28946296205609,14.1570225394725,15.0870762318964,23.3166819588717,TRUE,0.312482074043463,2023-05,1.14092740193681,0.774661711797884,FALSE,TRUE,1250,1247,1240,1241,1258,1261,FALSE,,,,FALSE,TRUE
547530-99999,LONGKOU,37.617,120.317,5,A,TRUE,66.211298981431,31.3487053428031,34.57080078125,0.709961175918579,2,Dwa,D,-61.211298981431,-26.3487053428031,3,37.617,gentle (20-50 m),<200 m,subtropics (23.5-45),D continental,TRUE,8309,-0.236824440279908,3.08434849665867,2.28781399629028,3.09324207531308,6.03193881009148,-33.3482807420572,3.97628560935929,33.3482807420572,33.5844721983277,39.5600286616902,TRUE,-0.556315950457465,2023-11,-2.74897621494295,0.572394593903575,FALSE,TRUE,10,2,6,-1,14,8,FALSE,,,,FALSE,TRUE
548260-99999,TAI SHAN,36.25,117.1,1536,A,TRUE,237.756245522809,276.896369427888,111.799133300781,0.991830468177795,1094,Cwa,C,1298.24375447719,1259.10363057211,442,36.25,hilly (50-150 m),1000-2000 m,subtropics (23.5-45),C temperate,FALSE,5787,-13.667707285665,14.119376607224,15.6367946634695,19.6501544306517,38.1596555591608,16.3098927671571,15.1292568978905,18.8480533242717,22.2456167176953,39.0116756129245,TRUE,-2.0841012449857,2024-07,-1.51482943473737,2.75159855914343,FALSE,TRUE,1138,1094,773,768,1462,1465,TRUE,,,,FALSE,TRUE
552280-99999,SHIQUANHE,32.5,80.083,4280,A,TRUE,4576.72521045987,4419.79939951462,231.654846191406,1,4312,Dwc,D,-296.725210459867,-139.799399514615,-32,32.5,rough (150-300 m),>2000 m,subtropics (23.5-45),D continental,FALSE,8482,-0.0438781684871599,7.63352032126611,6.0157510173577,7.6331964387316,14.8911995236724,-78.4465174320261,14.0271364223855,78.4465174320261,79.6906108396762,104.373026375452,TRUE,-5.07693728257919,2023-07,-4.65326820973109,3.08594872968048,FALSE,TRUE,4303,4312,4263,4273,4375,4375,FALSE,,,,FALSE,TRUE
552990-99999,NAGQU,31.483,92.067,4508,A,FALSE,4626.3618887598,4673.50479330352,91.8938598632812,0.99291718006134,4522,ET,E,-118.361888759796,-165.504793303524,-14,31.483,hilly (50-150 m),>2000 m,subtropics (23.5-45),E polar,TRUE,8480,-8.63899257660102,6.52641834524134,9.1512325120123,10.826878879078,19.7736130261536,,,,,,TRUE,2.15235590008473,2023-06,3.51434432463521,1.73226674666804,FALSE,TRUE,4519,4522,4500,4503,4567,4573,FALSE,,,,FALSE,TRUE
555910-99999,LHASA / GONGGAR,29.298,90.912,3570,A,FALSE,4233.44292560724,3740.87234491391,341.448303222656,0.955742239952087,3570,Dwc,D,-663.442925607242,-170.872344913911,0,29.298,mountain (>300 m),>2000 m,subtropics (23.5-45),D continental,TRUE,8257,80.1133770279786,14.4354005331496,80.1133770279786,81.4033705107793,105.831159647291,,,,,,TRUE,2.15341412784129,2023-12,1.53964518269866,3.95596011239562,FALSE,FALSE,3576,3570,3572,3567,3578,3572,FALSE,,,,TRUE,TRUE
557730-99999,PAGRI,27.733,89.083,4300,A,FALSE,4596.62799963864,4571.12528552054,316.160949707031,0.999862670898438,4379,ET,E,-296.627999638638,-271.12528552054,-79,27.733,mountain (>300 m),>2000 m,subtropics (23.5-45),E polar,FALSE,8234,10.4133705971509,5.36113098139314,10.4778958229407,11.712238128474,20.1784998941401,,,,,,TRUE,1.88758848528972,2024-02,2.81066464745463,1.81864947383291,FALSE,TRUE,4373,4379,4256,4266,4642,4641,FALSE,,,,FALSE,TRUE
560040-99999,TUOTUOHE,34.217,92.433,4535,A,TRUE,4664.46262907377,4637.40683936411,89.1093139648438,0.995903253555298,4535,ET,E,-129.462629073767,-102.406839364106,0,34.217,hilly (50-150 m),>2000 m,subtropics (23.5-45),E polar,TRUE,8299,-10.375183581017,6.74301220920034,10.7359119989496,12.3736481780883,21.5505105754076,2.71991566975914,7.41800626433048,6.22064917901686,7.90051439163345,15.6551083779088,TRUE,-3.51170721730515,2023-10,-5.38080300542019,1.84593413614799,FALSE,TRUE,4541,4535,4526,4534,4574,4554,FALSE,,,,FALSE,TRUE
560180-99999,ZADOI,32.9,95.3,4068,A,FALSE,4665.05972071566,4574.59232064467,182.220886230469,1,4172,ET,E,-597.059720715663,-506.592320644665,-104,32.9,rough (150-300 m),>2000 m,subtropics (23.5-45),E polar,FALSE,5765,1.50357783528581,12.924024726186,10.4959651559791,13.0100802551024,24.8083511131437,,,,,,TRUE,7.8898972400862,2022-07,3.71511137829062,4.24746202021887,FALSE,TRUE,4167,4172,4053,4059,4564,4548,FALSE,,,,FALSE,TRUE
560330-99999,MADOI,34.917,98.217,4273,A,FALSE,4341.09070160618,4306.20301338887,91.5540161132813,0.987191319465637,4271,ET,E,-68.090701606181,-33.2030133888738,2,34.917,hilly (50-150 m),>2000 m,subtropics (23.5-45),E polar,TRUE,8289,-9.44201690867597,5.93078496280186,9.79937827051396,11.1499618877452,19.1096614081272,,,,,,TRUE,-1.3533062381772,2022-09,-2.69175430443014,1.16107435158057,FALSE,TRUE,4280,4271,4262,4255,4358,4363,FALSE,,,,FALSE,TRUE
560460-99999,DARLAG,33.75,99.65,3968,A,TRUE,4239.68828908509,4238.49385684714,111.263549804688,0.999999761581421,3981,Dwc,D,-271.688289085086,-270.49385684714,-13,33.75,hilly (50-150 m),>2000 m,subtropics (23.5-45),D continental,TRUE,5894,-8.31716994823055,6.56078567734263,8.87418754573034,10.5930128692097,19.5304721776262,-60.7379062259667,8.78284517160452,60.7379062259667,61.3695244760246,75.5099071071534,TRUE,-2.35045247708178,2022-07,-3.23504845356514,1.45311732471363,FALSE,TRUE,3995,3981,3962,3956,4156,4173,FALSE,,,,FALSE,TRUE
560650-99999,HENAN,34.733,101.6,3501,A,TRUE,3677.21601261963,3542.639513111,90.1967163085938,0.999825358390808,3518,Dwc,D,-176.216012619626,-41.6395131110016,-17,34.733,hilly (50-150 m),>2000 m,subtropics (23.5-45),D continental,TRUE,7261,7.5934912118043,5.09763728834656,7.90461025483718,9.14567853548099,16.0415300410409,-7.02767918319605,6.78321225166424,8.09798480215726,9.76698040794592,18.0950745200139,TRUE,2.28864552569327,2024-07,4.04860519031549,1.13058469181824,FALSE,TRUE,3525,3518,3501,3512,3554,3554,FALSE,,,,FALSE,TRUE
560790-99999,RUO'ERGAI,33.583,102.967,3441,A,FALSE,3538.4167029675,3554.46822118155,55.5203857421875,0.989120602607727,3457,Dwc,D,-97.4167029675018,-113.468221181545,-16,33.583,hilly (50-150 m),>2000 m,subtropics (23.5-45),D continental,TRUE,7401,70.3043526801206,6.01979658515727,70.3043526801206,70.5615692876706,81.0706450732901,,,,,,FALSE,2.90963716037696,2024-07,3.57891285178783,1.62598938888577,FALSE,TRUE,3464,3457,3436,3440,3530,3524,FALSE,,,,TRUE,FALSE
561370-99999,QAMDO,31.15,97.167,3307,A,TRUE,4121.42152303858,3893.625833618,340.57568359375,1,3367,ET,E,-814.421523038576,-586.625833618005,-60,31.15,mountain (>300 m),>2000 m,subtropics (23.5-45),E polar,FALSE,8230,1.97176759316268,14.0250362979921,11.0092329010296,14.1621188399641,28.0711581815549,-70.2639474444929,15.9816144600056,70.2639474444929,72.0583324603459,96.0414959244036,TRUE,-5.97643253199231,2023-04,-5.26260083380426,3.21208170950769,FALSE,TRUE,3367,3367,3213,3229,3614,3606,FALSE,,,,FALSE,TRUE
561440-99999,DEGE,31.733,98.567,3201,A,FALSE,4095.81748457998,3953.17726045592,320.15185546875,1,3331,ET,E,-894.817484579979,-752.177260455916,-130,31.733,mountain (>300 m),>2000 m,subtropics (23.5-45),E polar,FALSE,7384,31.8805376202868,21.3155727306748,32.0815124598802,38.3491953971918,73.6747813501509,,,,,,TRUE,-10.0093928308046,2022-07,-2.05940128751239,9.72068230849291,FALSE,TRUE,3370,3331,3144,3143,3851,3840,FALSE,,,,TRUE,TRUE
561670-99999,DAWU,30.983,101.117,2959,A,TRUE,4038.41980991534,3615.65119396022,368.120788574219,1,2959,Dwc,D,-1079.41980991534,-656.651193960221,0,30.983,mountain (>300 m),>2000 m,subtropics (23.5-45),D continental,TRUE,7141,51.849679896337,17.1700124827749,51.8593853825134,54.6182876880209,84.8697389088561,-54.0779395488723,19.6187866840282,54.1988820281407,57.5262239091032,82.5505226044106,TRUE,-12.4597380580028,2022-07,-2.99607949246114,8.31736146477719,FALSE,TRUE,2956,2959,2946,2955,3228,3232,FALSE,,,,TRUE,TRUE
563120-99999,NYINGCHI,29.567,94.467,3001,A,FALSE,3997.81717993976,3757.79963404934,446.689025878906,0.98006010055542,2956,Dwc,D,-996.817179939761,-756.799634049344,45,29.567,mountain (>300 m),>2000 m,subtropics (23.5-45),D continental,FALSE,8204,-1.68257345365323,13.7483151945373,10.794546765761,13.8500608158068,27.5231399738003,,,,,,TRUE,-2.0499617744626,2022-12,-1.53685073796119,3.6121417589894,FALSE,TRUE,2962,2956,2923,2953,3015,3025,FALSE,,,,FALSE,TRUE
563740-99999,KANGDING,30.05,101.967,2617,A,FALSE,3754.18267873395,3815.71951494649,502.028625488281,0.999817848205566,2812,Dwc,D,-1137.18267873395,-1198.71951494649,-195,30.05,mountain (>300 m),>2000 m,subtropics (23.5-45),D continental,FALSE,7192,0.748641059855859,12.8574726547177,9.47479313773146,12.8783570614379,26.338269565466,,,,,,TRUE,-4.81079188620018,2022-09,-2.77596311660793,4.0022318364329,FALSE,TRUE,2823,2812,2526,2508,3239,3236,FALSE,,,,FALSE,TRUE
563850-99999,EMEI SHAN,29.517,103.333,3049,A,FALSE,1305.37880585177,1654.12508667588,443.464782714844,0.99868643283844,3018,Cwa,C,1743.62119414823,1394.87491332412,31,29.517,mountain (>300 m),>2000 m,subtropics (23.5-45),C temperate,FALSE,7196,18.2617068159259,14.1846705289696,20.0496124422249,23.1228642946892,39.6065396486138,,,,,,TRUE,0.962961574431316,2024-02,1.4073299100813,1.85295022316807,FALSE,TRUE,3009,3018,1749,1721,3009,3024,TRUE,,,,TRUE,TRUE
564440-99999,DEQEN,28.45,98.883,3320,A,FALSE,3982.84886124785,3526.93588343114,611.35205078125,0.999994158744812,3414,Dwc,D,-662.848861247852,-206.935883431142,-94,28.45,mountain (>300 m),>2000 m,subtropics (23.5-45),D continental,FALSE,8257,-2.53643588423405,13.9758584827897,11.2952694022144,14.203326078271,27.7924759295946,,,,,,TRUE,-4.62613534329336,2022-07,-1.83782069799354,5.03437070694,FALSE,TRUE,3411,3414,2832,2836,3718,3722,FALSE,,,,FALSE,TRUE
564620-99999,JIULONG,29,101.5,2994,A,FALSE,4071.3869164196,3968.06511716539,412.087585449219,0.999773621559143,3136,ET,E,-1077.3869164196,-974.065117165393,-142,29,mountain (>300 m),>2000 m,subtropics (23.5-45),E polar,FALSE,8214,-67.8465907712973,13.6440466631259,67.8470795956419,69.2047485718102,87.4230397168791,,,,,,TRUE,-4.02920049248405,2022-07,-1.5313318558701,5.26234790589486,FALSE,TRUE,3162,3136,2856,2854,3681,3655,FALSE,,,,TRUE,TRUE
566710-99999,HUILI,26.65,102.25,1788,A,FALSE,2154.35907370573,1922.71833717426,328.062438964844,0.9991694688797,1783,Cwb,C,-366.359073705725,-134.718337174264,5,26.65,mountain (>300 m),1000-2000 m,subtropics (23.5-45),C temperate,TRUE,7020,21.598115739525,6.07300074116713,21.6077596034837,22.4355674710554,31.3216690448345,,,,,,TRUE,-2.63691294756037,2022-07,-4.17979804203423,1.26174179759031,FALSE,TRUE,1786,1783,1771,1774,1831,1836,FALSE,,,,TRUE,TRUE
566840-99999,HUIZE,26.4,103.25,2189.3,A,FALSE,2330.22825431276,2459.29300844325,488.077209472656,0.99599277973175,2170,Cwb,C,-140.928254312762,-269.99300844325,19.3000000000002,26.4,mountain (>300 m),>2000 m,subtropics (23.5-45),C temperate,TRUE,5879,-6.38165242935808,4.88403076706038,6.88751147071944,8.03586876519062,14.1303294203417,,,,,,TRUE,1.11575233101694,2023-05,3.31624590602553,0.951625496713937,FALSE,TRUE,2159,2170,2097,2114,2252,2257,FALSE,,,,FALSE,TRUE
566910-99999,WEINING,26.867,104.283,2236,A,FALSE,2203.47035915998,2275.13226037944,152.855407714844,0.989076733589172,2200,Cwb,C,32.5296408400168,-39.1322603794365,36,26.867,rough (150-300 m),>2000 m,subtropics (23.5-45),C temperate,FALSE,8236,0.145858007753998,4.44179898190559,3.42743238850437,4.44392362951024,8.92862516501589,,,,,,TRUE,1.62213928328868,2024-06,5.24400918252727,0.668233261091066,FALSE,TRUE,2217,2200,2181,2173,2293,2271,FALSE,,,,FALSE,TRUE
567480-99999,BAOSHAN,25.117,99.183,1649,A,FALSE,1803.60816424633,1905.17921831104,311.952087402344,0.996460199356079,1648,Cwb,C,-154.608164246328,-256.179218311044,1,25.117,mountain (>300 m),1000-2000 m,subtropics (23.5-45),C temperate,TRUE,7059,15.8846902731868,4.25652208987944,15.8973038854497,16.4450235246715,22.5566917489682,,,,,,TRUE,-1.7810838148012,2022-07,-2.76860776693667,1.2866277672636,FALSE,TRUE,1657,1648,1639,1645,1678,1661,FALSE,,,,TRUE,TRUE
569460-99999,GENGMA,23.55,99.4,1104,A,FALSE,1552.67392893152,1423.05739281508,378.14013671875,0.999735236167908,1097,Cwb,C,-448.673928931516,-319.05739281508,7,23.55,mountain (>300 m),1000-2000 m,subtropics (23.5-45),C temperate,TRUE,6080,37.1871973290317,5.91075053677455,37.1875937195334,37.6539356626082,46.1178167796753,,,,,,TRUE,-1.87679789539284,2023-11,-4.7973571407519,1.10652301241089,FALSE,TRUE,1089,1097,1067,1078,1137,1144,FALSE,,,,TRUE,TRUE
569510-99999,LINCANG,23.95,100.217,1503,A,FALSE,1831.30899416786,2104.02387984174,401.720275878906,0.999701142311096,2712,Cwb,C,-328.308994167861,-601.02387984174,-1209,23.95,mountain (>300 m),1000-2000 m,subtropics (23.5-45),C temperate,FALSE,8351,128.568742270856,4.96128018747011,128.568742270856,128.664419490164,135.922730892343,,,,,,FALSE,1.1435405738786,2024-05,2.12644094851458,1.24193142277338,FALSE,TRUE,2701,2712,2376,2374,2880,2863,TRUE,,,,TRUE,FALSE
569850-99999,MENGZI,23.45,103.333,1313.6,A,FALSE,1658.59296728814,1431.82695224669,306.173828125,0.980082392692566,1291,Cwa,C,-344.992967288141,-118.22695224669,22.5999999999999,23.45,mountain (>300 m),1000-2000 m,tropics (0-23.5),C temperate,FALSE,8234,2.53673338254775,4.85774883586002,4.42749386170496,5.47995201787327,10.5043937661438,,,,,,TRUE,0.908261393221551,2023-04,3.4047287645724,0.754524468344906,FALSE,TRUE,1285,1291,1274,1283,1332,1335,FALSE,,,,FALSE,TRUE
570140-99999,BEIDAO,34.57,105.87,1086,A,FALSE,1590.76630438593,1308.84917696155,152.097961425781,1,1093,Dwb,D,-504.766304385927,-222.849176961552,-7,34.57,rough (150-300 m),1000-2000 m,subtropics (23.5-45),D continental,TRUE,7249,-3.39820381087109,6.37127794172159,5.75318425136613,7.22048280372066,13.8939369333379,,,,,,TRUE,-1.03711063096239,2024-01,-2.70077853115362,1.08612824270478,FALSE,FALSE,1085,1093,1079,1089,1096,1094,FALSE,,,,FALSE,TRUE
570460-99999,HUA SHAN,34.483,110.083,2063,A,FALSE,1038.69075169974,1104.70199112337,358.423583984375,0.998324871063232,1725,Cwa,C,1024.30924830026,958.29800887663,338,34.483,mountain (>300 m),>2000 m,subtropics (23.5-45),C temperate,FALSE,7237,-0.861210102036678,10.3179991646066,8.40594411184073,10.3531675796509,19.8040782656977,,,,,,TRUE,-2.5696106404833,2022-08,-3.54758417111996,1.56472493708159,FALSE,TRUE,1688,1725,997,1011,1923,1965,TRUE,,,,FALSE,TRUE
576620-99999,CHANGDE,29.05,111.683,35,A,FALSE,50.3686533022235,30.3289891298252,21.1856079101563,0.939448952674866,39,Cfa,C,-15.3686533022235,4.67101087017483,-4,29.05,gentle (20-50 m),<200 m,subtropics (23.5-45),C temperate,TRUE,8246,112.718560897203,3.4772258063414,112.718560897203,112.772175662909,118.153648752081,,,,,,FALSE,0.939882743073666,2023-07,2.87613535103137,0.924292329857537,FALSE,TRUE,43,39,25,29,59,40,FALSE,,,,TRUE,FALSE
577070-99999,BIJIE,27.3,105.233,1511,A,TRUE,1664.46788698549,1801.57605107249,132.897644042969,0.998959541320801,1742,Cwb,C,-153.46788698549,-290.576051072487,-231,27.3,hilly (50-150 m),1000-2000 m,subtropics (23.5-45),C temperate,FALSE,7198,-4.24713964935163,4.21056362014898,5.01630593287712,5.98034933565939,10.8267951686559,38.6325022079327,5.57339541330082,38.6325022079327,39.0324050989846,48.1044893565635,TRUE,1.44162385230523,2024-04,4.76349361140714,0.741313650703121,FALSE,TRUE,1739,1742,1626,1629,1872,1881,TRUE,,,,FALSE,TRUE
577450-99999,ZHIJIANG,27.45,109.683,273,A,FALSE,346.834412506437,292.396055865153,111.111450195313,0.997842311859131,261,Cfa,C,-73.834412506437,-19.3960558651527,12,27.45,hilly (50-150 m),200-500 m,subtropics (23.5-45),C temperate,TRUE,8267,-4.53527379543868,4.05622550658895,5.11340395203622,6.08438029400513,11.0847469776088,,,,,,TRUE,2.19372352131095,2022-11,7.11680629316817,0.79588646126066,FALSE,TRUE,263,261,239,247,284,279,FALSE,,,,FALSE,TRUE
577760-99999,NANYUE,27.3,112.7,1268,A,TRUE,136.043138218071,317.073188219219,150.560974121094,0.963850617408752,901,Cfa,C,1131.95686178193,950.926811780782,367,27.3,rough (150-300 m),1000-2000 m,subtropics (23.5-45),C temperate,FALSE,5686,-10.7651518588189,8.94577072066709,11.5355321656454,13.996472197296,25.7496328621921,-1.50850709769535,9.00782883995984,7.21960772347314,9.13248617651322,17.9048054294951,TRUE,2.09861340229708,2024-05,1.85277089148333,2.61583343803754,FALSE,TRUE,896,901,644,647,1216,1217,TRUE,,,,FALSE,TRUE
583620-99999,SHANGHAI,31.4,121.467,4,A,FALSE,2.44916117188337,3.00059462201669,1.3436279296875,0.763269782066345,5,Cfa,C,1.55083882811664,0.999405377983307,-1,31.4,flat (<20 m),<200 m,subtropics (23.5-45),C temperate,TRUE,8298,-0.312630205459297,3.06411525817726,2.34602068274155,3.07983903915755,5.87308310614617,,,,,,TRUE,-0.38446819027162,2022-09,-1.91239821203963,0.464281574309627,FALSE,TRUE,9,5,4,1,21,10,FALSE,,,,FALSE,TRUE
584370-99999,HUANG SHAN,30.133,118.15,1836,A,FALSE,411.096051929686,699.058881600751,219.70263671875,0.999415516853333,1371,Cfa,C,1424.90394807031,1136.94111839925,465,30.133,rough (150-300 m),1000-2000 m,subtropics (23.5-45),C temperate,FALSE,7170,-7.67201090136733,14.0001326987822,12.8874019018715,15.9635876360317,30.2541419376756,,,,,,TRUE,-4.6645386239408,2022-07,-3.60949264113321,2.58459517040398,FALSE,TRUE,1400,1371,998,1000,1719,1719,TRUE,,,,TRUE,TRUE
585060-99999,LU SHAN,29.583,115.983,1165,A,FALSE,100.023654627855,275.060880244528,160.014038085938,0.862714767456055,875,Cfa,C,1064.97634537215,889.939119755472,290,29.583,rough (150-300 m),1000-2000 m,subtropics (23.5-45),C temperate,FALSE,7236,-12.1793766144605,9.29447399195176,12.7380252400012,15.3203303805073,27.7497394176264,,,,,,TRUE,-2.07407396788805,2022-07,-2.27424257465822,1.82396899169804,FALSE,TRUE,859,875,396,407,1293,1292,FALSE,,,,FALSE,TRUE
585690-99999,SHIPU,29.2,121.95,127,A,FALSE,18.9884801544105,32.1644783131854,36.3822631835938,0.399224758148193,5,Cfa,C,108.01151984559,94.8355216868146,122,29.2,gentle (20-50 m),<200 m,subtropics (23.5-45),C temperate,FALSE,6605,2.22339439835828,2.88818439130084,2.86796276994393,3.64469872628748,7.153676996831,,,,,,TRUE,-0.867544934099903,2024-07,-3.71391313288374,0.467186443548441,FALSE,TRUE,,0,3,0,101,94,TRUE,,,,FALSE,TRUE
589310-99999,JIUXIAN SHAN,25.717,118.1,1651,A,FALSE,717.067478206753,956.639196998975,153.691223144531,0.999859690666199,1342,Cfa,C,933.932521793247,694.360803001025,309,25.717,rough (150-300 m),1000-2000 m,subtropics (23.5-45),C temperate,FALSE,7203,-0.350831992945061,8.04949669080091,6.47116250742657,8.05658020432992,15.4680592782598,,,,,,TRUE,3.54641247992964,2024-06,4.04586165681375,1.89357106442452,FALSE,TRUE,1324,1342,880,901,1577,1602,TRUE,,,,FALSE,TRUE
590070-99999,GUANGNAN,24.067,105.067,1251,A,FALSE,1360.05033295328,1334.74996877119,108.563659667969,0.999227523803711,1244,Cwa,C,-109.050332953277,-83.7499687711911,7,24.067,hilly (50-150 m),1000-2000 m,subtropics (23.5-45),C temperate,TRUE,7053,-3.79871160230046,4.56668723998158,4.88224896259211,5.93985566656428,10.9190754598765,,,,,,TRUE,-1.20467374797884,2023-09,-3.65842466323166,0.931365879827399,FALSE,TRUE,1245,1242,1215,1217,1300,1291,FALSE,,,,FALSE,TRUE
591170-99999,MEI XIAN,24.283,116.067,116.9,A,TRUE,254.809405878282,175.740521100478,90.3182983398438,0.988949298858643,85,Cfa,C,-137.909405878282,-58.8405211004777,31.9,24.283,hilly (50-150 m),<200 m,subtropics (23.5-45),C temperate,FALSE,8308,-1.31592715324876,3.89948269944172,3.12877041714442,4.11531278471187,8.12716335170202,-9.51679858159269,5.0614220980665,9.67849887144503,10.7788851633284,17.786283664156,TRUE,0.850303736502852,2023-04,3.71111960514148,0.648058378195551,FALSE,TRUE,69,85,68,82,144,153,FALSE,,,,FALSE,TRUE
594930-99999,BAOAN INTL,22.639,113.811,4,A,FALSE,10.3674965616444,14.0135297221783,15.2714233398438,0.576432108879089,-3,Cwa,C,-6.36749656164439,-10.0135297221783,7,22.639,flat (<20 m),<200 m,tropics (0-23.5),C temperate,TRUE,8267,59.0156577610996,3.70995093191928,59.0156577610996,59.1321395857749,65.0013414007517,,,,,,FALSE,1.27439944786479,2023-06,2.99549132370271,1.20332378784752,FALSE,FALSE,10,-3,9,-8,10,5,FALSE,2,26.0338940058798,1.19482743086801,TRUE,FALSE
595670-99999,LAN YU,22.033,121.55,325,A,FALSE,13.4278401805153,15.8490189055386,0,0.0521805286407471,83,Climate Zone info missing,"",311.572159819485,309.150981094461,242,22.033,flat (<20 m),200-500 m,tropics (0-23.5),,FALSE,6624,-3.3905909716339,5.83177032166827,5.6162630764074,6.74540717306151,11.4734836580228,,,,,,TRUE,-2.03760610871363,2023-09,-3.55121195032643,1.62288831757969,FALSE,TRUE,76,83,19,0,352,343,FALSE,,,,FALSE,TRUE
598550-99999,QIONGHAI,19.233,110.467,25,A,TRUE,47.4975148400575,15.2371891777518,31.9512329101563,0.855173110961914,11,Am,A,-22.4975148400575,9.76281082224817,14,19.233,gentle (20-50 m),<200 m,tropics (0-23.5),A tropical,TRUE,8215,-1.59689591989978,2.86077845313235,2.58378626344442,3.27614616645665,6.29275114637895,-5.61240942648984,3.62086465677866,5.84928882572963,6.67893737742656,11.3310558996208,TRUE,-1.13425579749774,2022-10,-6.07128482851694,0.457621083532949,FALSE,TRUE,26,11,10,7,36,27,FALSE,,,,FALSE,TRUE
600300-99999,GRAN CANARIA,27.932,-15.387,23.8,A,FALSE,366.228538558657,129.853291516471,233.52587890625,0.560141563415527,22,BWh,B,-342.428538558657,-106.053291516471,1.8,27.932,rough (150-300 m),<200 m,subtropics (23.5-45),B arid,TRUE,25586,26.6726509241226,3.47033392974955,26.6780879391403,26.8974544187451,32.3799552087187,,,,,,TRUE,2.27370534636524,2024-05,10.7717400929082,0.487469761601885,FALSE,FALSE,11,22,5,19,15,24,FALSE,,,,TRUE,TRUE
600400-99999,LANZAROTE,28.945,-13.605,14.3,A,FALSE,40.7761510206085,60.920475519163,0,0.285602450370789,5,BWh,B,-26.4761510206085,-46.620475519163,9.3,28.945,flat (<20 m),<200 m,subtropics (23.5-45),B arid,TRUE,25319,5.71380211203124,2.70556825407058,5.75228629966844,6.32197319181361,10.32776966179,,,,,,TRUE,1.24587939214666,2024-03,8.2396356849214,0.390411285294834,FALSE,FALSE,10,5,9,2,12,11,FALSE,,,,FALSE,TRUE
601950-99999,MIDELT,32.683,-4.733,1515,A,FALSE,1540.69744167542,1548.48248701137,139.787963867188,1,1464,BSk,B,-25.6974416754192,-33.4824870113648,51,32.683,hilly (50-150 m),1000-2000 m,subtropics (23.5-45),B arid,FALSE,6236,-5.53468381791974,4.61039421206729,6.10672097858485,7.20312787629663,11.8728540277841,,,,,,TRUE,-0.84581695015262,2023-06,-3.10092567904931,0.771489500875497,FALSE,TRUE,1462,1464,1446,1445,1491,1490,TRUE,,,,FALSE,TRUE
602100-99999,MOULAY ALI CHERIF,31.948,-4.398,1044.9,A,FALSE,1275.06734309435,1026.79567245186,189.1376953125,0.997706532478333,1034,BWh,B,-230.167343094354,18.1043275481434,10.9000000000001,31.948,rough (150-300 m),1000-2000 m,subtropics (23.5-45),B arid,TRUE,8452,-7.9171352207206,5.86429886626589,8.39846123415199,9.8522567179545,15.5378692983991,,,,,,TRUE,0.912311878435326,2024-01,2.96671056720874,0.86978746484947,FALSE,FALSE,1024,1034,1023,1032,1027,1037,FALSE,,,,FALSE,TRUE
602650-99999,OUARZAZATE,30.939,-6.909,1153.1,A,TRUE,1353.7201258999,1179.14127467076,133.311096191406,1,1140,BWh,B,-200.6201258999,-26.0412746707593,13.0999999999999,30.939,hilly (50-150 m),1000-2000 m,subtropics (23.5-45),B arid,TRUE,8526,-17.0196425527103,5.99729877766702,17.0768584654594,18.0452654918966,26.1023906276993,-121.555449586716,13.3860256152854,121.555449586716,122.290195803338,147.511313462878,TRUE,-4.93100548914648,2024-07,-7.19393619968269,1.37087829312803,FALSE,FALSE,1134,1140,1130,1135,1137,1144,FALSE,,,,TRUE,TRUE
603180-99999,SANIAT RMEL,35.594,-5.32,3,A,TRUE,301.022068331821,101.097294310493,181.298645019531,0.805303692817688,-3,Csa,C,-298.022068331821,-98.0972943104934,6,35.594,rough (150-300 m),<200 m,subtropics (23.5-45),C temperate,TRUE,8469,0.301614227261296,4.89490091606304,3.92270578511817,4.90389610127441,9.46621280055803,-50.2104077334428,6.86552910184869,50.2104077334428,50.6775588298894,62.7823675558501,TRUE,1.55192733474347,2022-08,2.57529737832422,1.30180935269804,FALSE,FALSE,9,-3,7,-3,10,2,FALSE,,,,FALSE,TRUE
603400-99999,NADOR-AROUI,34.983,-3.017,177,A,FALSE,221.901251717585,222.239580412271,115.315368652344,0.980246424674988,177,Csa,C,-44.9012517175845,-45.2395804122713,0,34.983,hilly (50-150 m),<200 m,subtropics (23.5-45),C temperate,TRUE,7959,-0.9291909042265,3.19102940190007,2.54828457152618,3.32336952351546,6.63242687243341,,,,,,TRUE,-1.56785707374532,2022-10,-4.74085302282088,0.810075697728359,FALSE,TRUE,172,177,163,172,175,182,FALSE,1,33.4875448214562,3.25240228992071,TRUE,TRUE
604370-99999,MEDEA,36.283,2.733,1036,A,FALSE,653.041648157755,727.203049078941,166.680419921875,0.993952870368958,1052,Csa,C,382.958351842245,308.796950921059,-16,36.283,rough (150-300 m),1000-2000 m,subtropics (23.5-45),C temperate,TRUE,5352,20.1575249472026,5.22192978567879,20.170033235866,20.8228064310019,27.7539123464572,,,,,,TRUE,1.51694381508653,2024-06,3.46433113370859,0.945917998809128,FALSE,TRUE,1065,1052,896,887,1087,1081,FALSE,,,,TRUE,TRUE
604450-99999,SETIF AIN ARNAT / SETIF 8 MAI,36.178,5.324,1050,A,FALSE,945.59663635454,1046.57816698363,145.266662597656,0.993514776229858,1011,Csa,C,104.40336364546,3.42183301637147,39,36.178,hilly (50-150 m),1000-2000 m,subtropics (23.5-45),C temperate,FALSE,10820,-38.4535810713583,4.13389906095758,38.4535810713583,38.6751268809356,45.0052915632591,,,,,,TRUE,0.849307042187637,2024-06,1.90735033343428,0.961917101657868,FALSE,FALSE,1003,1011,997,1008,1006,1014,TRUE,,,,TRUE,TRUE
605350-99999,DJELFA/TLETSI,34.683,3.25,1144,A,FALSE,1114.25212140805,1182.20042330969,70.2880859375,1,1132,BSk,B,29.7478785919502,-38.200423309693,12,34.683,hilly (50-150 m),1000-2000 m,subtropics (23.5-45),B arid,TRUE,5359,45.4551686339544,4.18154686800367,45.460363313777,45.6470637276112,51.6811709148785,,,,,,FALSE,1.25744849815218,2023-03,4.76005706937296,0.747176218333341,FALSE,TRUE,1138,1132,1127,1119,1175,1169,FALSE,,,,TRUE,FALSE
605490-99999,MECHERIA,33.536,-0.242,1175,A,FALSE,1144.41500832662,1145.28669639989,45.9702758789063,1,1111,BSk,B,30.5849916733798,29.713303600108,64,33.536,gentle (20-50 m),1000-2000 m,subtropics (23.5-45),B arid,FALSE,5702,-66.6338795260903,4.21150671943612,66.6338795260903,66.7668149526355,72.6057514812424,,,,,,FALSE,-2.35665915203835,2023-10,-3.78230083900267,1.76232376882116,FALSE,FALSE,1109,1111,1104,1108,1116,1114,TRUE,1,30.3921425357568,2.33985311174418,TRUE,FALSE
605500-99999,EL-BAYADH,33.717,1.083,1347,A,FALSE,1274.96337983983,1439.98468195051,49.847412109375,1,1364,BSk,B,72.0366201601719,-92.9846819505133,-17,33.717,gentle (20-50 m),1000-2000 m,subtropics (23.5-45),B arid,TRUE,11093,21.6531427056248,4.36892678802088,21.6722992839013,22.089463316876,28.5063058222147,,,,,,TRUE,2.44942532068843,2023-02,3.37789058421664,2.05099035754646,FALSE,TRUE,1373,1364,1352,1348,1386,1379,FALSE,,,,TRUE,TRUE
606700-99999,TISKA,24.293,9.452,968,A,FALSE,1056.24341366891,980.500556382659,56.1834716796875,1,967,BWh,B,-88.2434136689135,-12.5005563826587,1,24.293,hilly (50-150 m),500-1000 m,subtropics (23.5-45),B arid,TRUE,12123,3.75436080682927,3.07088060906341,4.07247673328086,4.85023245807136,8.6433642303935,,,,,,TRUE,1.53180356440117,2023-01,6.91143658245556,0.626873255602648,FALSE,FALSE,971,967,958,960,977,967,FALSE,,,,FALSE,TRUE
607380-99999,THALA,35.55,8.683,1092,A,FALSE,858.038464731203,991.717434725416,115.14892578125,1,1087,Csa,C,233.961535268797,100.282565274584,5,35.55,hilly (50-150 m),1000-2000 m,subtropics (23.5-45),C temperate,TRUE,7713,-5.43891283827548,3.98759502066988,5.84393454983722,6.74393248320551,11.5296402774908,,,,,,TRUE,1.5194600369929,2024-06,5.3544606213358,0.613023246581001,FALSE,TRUE,1097,1087,1049,1047,1111,1110,FALSE,,,,FALSE,TRUE
607650-99999,GABES / MATMATA,33.734,9.919,125,A,TRUE,135.979804281406,157.793515752066,40.9441528320313,0.815876364707947,120,BWh,B,-10.979804281406,-32.7935157520662,5,33.734,gentle (20-50 m),<200 m,subtropics (23.5-45),B arid,TRUE,7020,-120.39468424658,5.00995846664821,120.39468424658,120.49886349347,128.147677847578,-110.528298434024,5.44139384028202,110.528298434024,110.662140336578,119.392423783697,FALSE,1.19595998505151,2024-01,3.8151212625647,0.886652200291202,FALSE,FALSE,112,120,109,116,113,123,FALSE,,,,TRUE,FALSE
610170-99999,BILMA,18.683,12.917,357,A,FALSE,443.642923822738,407.827931174254,37.3414306640625,1,359,BWh,B,-86.6429238227377,-50.8279311742542,-2,18.683,gentle (20-50 m),200-500 m,tropics (0-23.5),B arid,TRUE,6963,-0.820441481926816,4.9917535511367,3.81203020934616,5.05837416247483,9.31748446653518,,,,,,TRUE,-3.67793416679372,2023-09,-7.33788364573556,1.294158594326,FALSE,TRUE,343,359,339,350,364,370,FALSE,,,,FALSE,TRUE
610240-99999,AGADEZ / MANO DAYAK,16.967,7.967,505.1,A,FALSE,509.6333008883,508.983779501665,12.8914184570313,1,497,BWh,B,-4.53330088830029,-3.88377950166472,8.10000000000002,16.967,flat (<20 m),500-1000 m,tropics (0-23.5),B arid,TRUE,10910,-7.85300289686735,3.31195631113492,7.89737734824068,8.52277558616826,12.8305126215992,,,,,,TRUE,-0.34325605252126,2023-12,-1.97497381689806,0.491588658734379,FALSE,TRUE,483,497,471,491,492,504,FALSE,,,,FALSE,TRUE
610900-99999,ZINDER,13.779,8.984,462.1,A,FALSE,445.411494129621,453.103331030474,10.2769165039063,1,457,BSh,B,16.6885058703788,8.99666896952579,5.10000000000002,13.779,flat (<20 m),200-500 m,tropics (0-23.5),B arid,TRUE,10555,-12.763686487705,3.7443488581808,12.8490933590626,13.3015229516658,17.5229458620452,,,,,,TRUE,-0.839853896572551,2022-10,-3.60370720890072,0.570860335159827,FALSE,FALSE,456,457,453,456,457,461,FALSE,,,,FALSE,TRUE
610960-99999,MAINE-SOROA,13.233,11.983,338,A,FALSE,327.359027818496,331.553158443505,2.49725341796875,0.99998664855957,335,BWh,B,10.6409721815044,6.4468415564948,3,13.233,flat (<20 m),200-500 m,tropics (0-23.5),B arid,TRUE,7314,-3.84780419190955,3.54361934423856,4.2355940817491,5.23078562733958,9.34775251041547,,,,,,TRUE,-0.847580749811436,2023-04,-4.20222164056126,0.570488800504865,FALSE,TRUE,323,335,300,316,338,344,FALSE,,,,FALSE,TRUE
612330-99999,NARA/KEIBANE,15.167,-7.283,265,A,FALSE,272.99540721411,275.87665321491,7.98712158203125,1,266,BWh,B,-7.99540721410983,-10.8766532149103,-1,15.167,flat (<20 m),200-500 m,tropics (0-23.5),B arid,TRUE,6863,-4.73710791612558,5.47932620620008,5.3231842251219,7.2428469860389,15.2882916436571,,,,,,TRUE,2.66325674743004,2022-12,8.72082191928286,0.827001563911715,FALSE,TRUE,265,266,251,260,269,270,FALSE,,,,FALSE,TRUE
612700-99999,KITA,13.067,-9.467,334,A,TRUE,335.351850291002,358.269723223527,28.6502685546875,1,368,Aw,A,-1.35185029100154,-24.2697232235269,-34,13.067,gentle (20-50 m),200-500 m,tropics (0-23.5),A tropical,FALSE,6882,-5.11660558665717,4.15815376142664,5.58482111603079,6.59297983060396,11.0325654480509,-3.78358700665828,5.38768766266491,5.0216048149378,6.58319763844903,12.522024326659,TRUE,-0.703265527450858,2023-07,-3.51933780539753,0.565201581584538,FALSE,TRUE,353,368,324,340,370,386,FALSE,,,,FALSE,TRUE
616120-99999,PODOR,16.65,-14.967,7,A,FALSE,13.9361049804214,5.24397029056814,7.37713623046875,0.991911888122559,9,BWh,B,-6.93610498042145,1.75602970943187,-2,16.65,flat (<20 m),<200 m,tropics (0-23.5),B arid,TRUE,7720,-1.98983484905624,3.8316650229273,3.02169269893346,4.31731372561936,8.05502254333141,,,,,,TRUE,0.71765769403682,2024-03,3.56815055481574,0.519312223439472,FALSE,TRUE,9,9,7,5,19,13,FALSE,,,,FALSE,TRUE
616270-99999,LINGUERE,15.383,-15.117,21,A,FALSE,42.2328315639133,30.5329323724208,8.07977294921875,1,10,BSh,B,-21.2328315639133,-9.53293237242076,11,15.383,flat (<20 m),<200 m,tropics (0-23.5),B arid,TRUE,6909,14.6628879354925,4.22311490904107,14.7550742872552,15.2588466396291,20.1202918282607,,,,,,TRUE,1.19463481550525,2023-12,7.51589804932095,0.449572026412265,FALSE,TRUE,9,10,7,7,16,20,FALSE,,,,FALSE,TRUE
616790-99999,KAOLACK,14.147,-16.051,7.9,A,FALSE,17.9675689614955,4.63214056278138,7.38995361328125,0.979070663452148,9,BSh,B,-10.0675689614955,3.26785943721862,-1.1,14.147,flat (<20 m),<200 m,tropics (0-23.5),B arid,TRUE,7426,-5.78974950023586,5.02026082183348,6.30981924916812,7.66295139654764,14.5982264168543,,,,,,TRUE,1.97273229969747,2023-08,7.2825409659787,0.766178943914446,FALSE,FALSE,15,9,13,4,17,10,FALSE,,,,FALSE,TRUE
616990-99999,KEDOUGOU,12.572,-12.22,178,A,FALSE,168.156630720608,118.840356416309,72.7760009765625,1,169,Aw,A,9.84336927939202,59.1596435836907,9,12.572,hilly (50-150 m),<200 m,tropics (0-23.5),A tropical,TRUE,6890,-13.5407287653088,4.24593439898987,13.5758888506601,14.1907250652118,18.9947065848047,,,,,,TRUE,-0.456978205266569,2023-07,-2.61857802753996,0.493599784921464,FALSE,FALSE,160,169,158,163,163,169,FALSE,,,,FALSE,TRUE
618320-99999,CONAKRY / AHMED SEKOU TOURE I,9.577,-13.612,21.9,A,FALSE,1.49516885544503,18.2963378166856,21.68115234375,0.528350949287415,17,Am,A,20.404831144555,3.60366218331438,4.9,9.577,gentle (20-50 m),<200 m,tropics (0-23.5),A tropical,TRUE,10079,0.677245191548576,4.25905342584427,2.81465443643719,4.31235404367209,7.69726089959093,,,,,,TRUE,-0.535263905247606,2023-11,-3.68475880401206,0.379730250980411,FALSE,FALSE,34,17,23,11,39,37,FALSE,,,,FALSE,TRUE
619010-99999,ST. HELENA IS.,-15.933,-5.667,436,A,FALSE,9.76960826645695,91.7159051510965,0,0.00947225093841553,264,Climate Zone info missing,"",426.230391733543,344.284094848904,172,15.933,flat (<20 m),200-500 m,tropics (0-23.5),,FALSE,25271,-1.83725019629953,2.31567492735105,2.43002550289957,2.95594764147325,5.50651948376935,,,,,,TRUE,0.550103050460974,2023-08,3.24393639512672,0.479641460192274,FALSE,TRUE,265,264,79,69,440,449,FALSE,,,,FALSE,TRUE
619950-99999,VACOAS (MAURITIUS),-20.3,57.467,425,A,FALSE,110.143541388369,419.452696002203,110.908508300781,0.439680576324463,359,As,A,314.856458611631,5.54730399779737,66,20.3,hilly (50-150 m),200-500 m,tropics (0-23.5),A tropical,FALSE,6965,-5.81164055933061,3.58488811157517,5.99816051657823,6.82823136837894,11.1148620002863,,,,,,TRUE,3.78906624258581,2024-01,13.2779917537903,0.807132429113808,FALSE,TRUE,336,359,310,316,412,420,FALSE,,,,FALSE,TRUE
619980-99999,PORT-AUX-FRANCAIS (ILES KERGU,-49.35,70.25,30,A,FALSE,81.0915874846405,-6.38079453738025,85.0808715820313,0.563227653503418,24,ET,E,-51.0915874846405,36.3807945373803,6,49.35,hilly (50-150 m),<200 m,mid-latitude (45-66.5),E polar,TRUE,25456,4.52203051231317,5.05615657895612,5.28832255189959,6.78324959251384,13.4006748336601,,,,,,TRUE,-1.5144579951289,2023-01,-6.1204772464669,0.699869291268751,FALSE,TRUE,12,24,11,10,25,32,FALSE,,,,FALSE,TRUE
620120-99999,EL KHOMS,32.401,14.143,25,A,FALSE,114.93023268968,207.351723702794,30.2774658203125,0.867139458656311,150,BSh,B,-89.93023268968,-182.351723702794,-125,32.401,gentle (20-50 m),<200 m,subtropics (23.5-45),B arid,FALSE,7333,-1.92346008226187,5.50532812528053,3.88890314673104,5.83131231123222,10.5844885218064,,,,,,TRUE,0.596172608213646,2022-11,2.84195345315836,0.541638376826207,FALSE,FALSE,153,150,143,148,154,152,TRUE,,,,FALSE,TRUE
620160-99999,MISURATA,32.243,15.021,33,A,FALSE,31.4314079126154,35.835456679906,11.9119262695313,0.829005479812622,26,BSh,B,1.56859208738458,-2.83545667990598,7,32.243,flat (<20 m),<200 m,subtropics (23.5-45),B arid,TRUE,7882,-3.40414841259378,4.44370335707047,4.3427311195417,5.5975191536522,9.5993741411813,,,,,,TRUE,2.6340674596327,2024-02,10.6392671396903,0.670449224289988,FALSE,FALSE,28,26,20,26,30,30,FALSE,,,,TRUE,TRUE
620530-99999,BENINA AIRPORT,32.097,20.269,132,A,FALSE,118.153890233286,167.174904911463,26.6782836914063,0.971959590911865,120,BSh,B,13.8461097667144,-35.1749049114632,12,32.097,gentle (20-50 m),<200 m,subtropics (23.5-45),B arid,TRUE,7733,-5.30376214749723,4.17146759929491,5.66905004177253,6.74750210111377,11.0569645437722,,,,,,TRUE,0.596293272177725,2022-11,2.39329610224895,0.643306361863516,FALSE,FALSE,113,120,112,118,116,123,FALSE,,,,FALSE,TRUE
622000-99999,OBARI,26.6,12.783,463,A,FALSE,540.410805821178,481.655384993856,55.7435302734375,1,465,BWh,B,-77.4108058211775,-18.6553849938562,-2,26.6,hilly (50-150 m),200-500 m,subtropics (23.5-45),B arid,TRUE,4409,9.35199388422795,8.05237911909175,10.1753851128087,12.3404170359847,21.7479786879945,,,,,,TRUE,-7.62208072115348,2023-10,-13.4315469949439,1.31052971271278,FALSE,TRUE,469,465,458,464,478,470,FALSE,,,,FALSE,TRUE
622710-99999,KUFRA,24.179,23.314,416.7,A,FALSE,397.437829575467,394.775563648137,17.31591796875,1,380,BWh,B,19.2621704245333,21.9244363518632,36.7,24.179,flat (<20 m),200-500 m,subtropics (23.5-45),B arid,FALSE,5215,-10.0028704728305,6.11874087793531,10.2984463531256,11.7255800935697,19.1887907968014,,,,,,TRUE,1.616065182264,2022-09,4.06574200328683,0.917948721049019,FALSE,FALSE,358,380,340,373,359,386,TRUE,,,,FALSE,TRUE
636610-99999,KITALE,0.972,34.959,1850.1,A,FALSE,1947.42160971445,1752.01784312176,106.456237792969,1,1830,Cfb,C,-97.3216097144541,98.0821568782405,20.0999999999999,0.972,hilly (50-150 m),1000-2000 m,tropics (0-23.5),C temperate,FALSE,7883,-73.8426813498405,8.3581598660506,73.8426813498405,74.3141410723412,84.39118048345,,,,,,FALSE,-5.373457686974,2024-02,-11.5976717759385,1.25468218846107,FALSE,FALSE,1833,1830,1827,1828,1837,1831,FALSE,,,,TRUE,FALSE
636860-99999,ELDORET,0.483,35.3,2120,A,FALSE,2126.87214519293,2090.97151231562,102.452392578125,0.999591588973999,2143,Cfb,C,-6.87214519293048,29.0284876843775,-23,0.483,hilly (50-150 m),>2000 m,tropics (0-23.5),C temperate,FALSE,7623,-16.2196013236052,24.5321115340343,22.4985938444302,29.407839344372,47.5186843450875,,,,,,TRUE,48.2881739151669,2023-05,180.767475830529,0.739645772186195,TRUE,TRUE,2138,2143,2103,2111,2167,2167,FALSE,,,,TRUE,FALSE
636950-99999,MERU,0.083,37.65,1554,A,FALSE,1296.96654542135,1819.5230564209,121.347229003906,0.999893188476562,1593,As,A,257.033454578653,-265.523056420898,-39,0.083,hilly (50-150 m),1000-2000 m,tropics (0-23.5),A tropical,FALSE,7036,47.8702963877726,4.84259871277389,47.8702963877726,48.1145789296575,54.6713564229585,,,,,,TRUE,6.89464838158536,2022-10,22.517458129679,0.61238247602183,FALSE,TRUE,1580,1593,1533,1547,1636,1650,FALSE,,,,TRUE,TRUE
637080-99999,KISUMU,-0.086,34.729,1208.5,A,FALSE,1413.90290047124,1210.14064754529,67.900390625,0.759241104125977,1152,Af,A,-205.402900471237,-1.64064754528818,56.5,0.086,hilly (50-150 m),1000-2000 m,tropics (0-23.5),A tropical,FALSE,7333,-49.7596200204684,4.89820086730836,49.7739485803751,50.0000888447423,56.8228410125172,,,,,,TRUE,-0.283770515604838,2024-07,-0.878803410754303,0.645811138491758,FALSE,FALSE,1148,1152,1145,1151,1153,1155,TRUE,1,40.2170668365984,-15.7408711447094,TRUE,TRUE
637170-99999,NYERI,-0.5,36.967,1759,A,FALSE,2004.97821671073,1733.66295128816,278.522338867188,0.99954080581665,1801,Csb,C,-245.978216710727,25.3370487118434,-42,0.5,rough (150-300 m),1000-2000 m,tropics (0-23.5),C temperate,FALSE,7805,-13.2223987962048,25.1088917131876,17.5946419882105,28.3761783371337,58.5670335088466,,,,,,TRUE,51.7323671639107,2023-02,57.4446922251146,2.52049446522058,TRUE,TRUE,1795,1801,1715,1724,1833,1846,FALSE,,,,FALSE,FALSE
638010-99999,KIGOMA,-4.883,29.633,885,A,FALSE,928.024456379727,761.669457077595,54.5249633789063,0.682252764701843,807,Aw,A,-43.0244563797271,123.330542922405,78,4.883,hilly (50-150 m),500-1000 m,tropics (0-23.5),A tropical,FALSE,7652,-64.109469390752,5.09364699490181,64.1279961318837,64.3114757615177,71.6190409980688,,,,,,FALSE,0.442811483321233,2024-04,1.60766265579487,0.674682703160556,FALSE,TRUE,809,807,773,767,912,921,FALSE,,,,TRUE,FALSE
638320-99999,TABORA AIRPORT,-5.083,32.833,1190,A,TRUE,1184.25125783588,1187.70689085977,28.0731811523438,0.990826368331909,1178,Aw,A,5.74874216411808,2.29310914022631,12,5.083,gentle (20-50 m),1000-2000 m,tropics (0-23.5),A tropical,TRUE,7691,-9.93900011042606,4.51467495331688,10.0670320362976,10.9161972765675,16.6749866234072,-21.5277922883354,5.10393660682993,21.5584975288444,22.1244801656104,29.5368783785151,TRUE,-0.797750282647049,2022-08,-2.14467701706967,0.803541773853519,FALSE,TRUE,1184,1178,1165,1167,1191,1187,FALSE,,,,FALSE,TRUE
638620-99999,DODOMA,-6.17,35.753,1119.5,A,FALSE,1091.88568192566,1214.83134212499,53.0604248046875,0.999425649642944,1119,BSh,B,27.6143180743422,-95.3313421249866,0.5,6.17,hilly (50-150 m),1000-2000 m,tropics (0-23.5),B arid,TRUE,7691,-12.6543139261202,4.46680439332496,12.6813750564353,13.4194414259168,18.5851970671174,,,,,,TRUE,-0.802624262315002,2022-10,-3.15906805446686,0.622341736218565,FALSE,FALSE,1106,1119,1100,1115,1110,1120,FALSE,,,,FALSE,TRUE
638660-99999,MOROGORO (MET),-6.833,37.65,526,A,TRUE,547.465569043073,646.849411496281,145.254943847656,0.998652577400208,528,Aw,A,-21.4655690430728,-120.849411496281,-2,6.833,hilly (50-150 m),500-1000 m,tropics (0-23.5),A tropical,TRUE,7563,4.0145300082682,5.41600299004259,4.943654952392,6.7413397093142,11.8310673374567,42.0594089853955,6.79049574650304,42.0964025948454,42.6039742252642,52.4799506164303,TRUE,-0.400579892474726,2023-01,-1.79114687520526,0.632561767651572,FALSE,TRUE,524,528,495,505,538,536,FALSE,,,,FALSE,TRUE
638810-99999,SUMBAWANGA,-7.967,31.63,1923,A,FALSE,1633.90428346135,1993.69058559753,325.748596191406,0.971309542655945,1843,Aw,A,289.09571653865,-70.6905855975283,80,7.967,mountain (>300 m),1000-2000 m,tropics (0-23.5),A tropical,FALSE,7775,-114.2214940168,5.23402294169501,114.2214940168,114.341336217975,122.13826624812,,,,,,FALSE,-0.748043571606149,2022-11,-2.10170594533177,0.918986883489638,FALSE,FALSE,1834,1843,1827,1839,1839,1851,TRUE,,,,TRUE,FALSE
638870-99999,IRINGA,-7.669,35.752,1425.9,A,FALSE,1607.2084316669,1531.55519787593,76.3428955078125,1,1419,Cwb,C,-181.308431666905,-105.655197875931,6.90000000000009,7.669,hilly (50-150 m),1000-2000 m,tropics (0-23.5),C temperate,TRUE,7689,-9.96362120646048,11.0725874342754,10.9889604291384,14.894965421043,26.1166863187344,,,,,,TRUE,-20.434990742876,2023-09,-84.1850766746714,0.68656921623352,TRUE,FALSE,1408,1419,1396,1418,1415,1422,FALSE,,,,TRUE,FALSE
643870-99999,KIGALI INTL,-1.969,30.139,1481,A,FALSE,1483.98648214796,1442.02411437647,79.89697265625,0.94739031791687,1489,Aw,A,-2.98648214795571,38.975885623531,-8,1.969,hilly (50-150 m),1000-2000 m,tropics (0-23.5),A tropical,TRUE,5058,6.61368320422805,5.23648318686647,7.06164132412376,8.43540991461937,13.0173961784181,,,,,,TRUE,-0.549652253730739,2022-12,-2.24911774135221,0.598620309135815,FALSE,FALSE,1484,1489,1482,1489,1486,1495,FALSE,,,,FALSE,TRUE
644000-99999,POINTE NOIRE / ANTONIO AGOSTI,-4.816,11.887,16.8,A,FALSE,48.901217939485,31.3487053428031,26.8135375976563,0.684175968170166,17,Aw,A,-32.1012179394849,-14.5487053428031,-0.199999999999999,4.816,gentle (20-50 m),<200 m,tropics (0-23.5),A tropical,TRUE,9889,3.79562403160653,2.94966498389838,4.02419228215657,4.80691226133887,8.27656452668188,,,,,,TRUE,0.122339880512996,2023-11,0.929652340819711,0.372213806481741,FALSE,FALSE,26,17,24,15,38,19,FALSE,,,,FALSE,TRUE
644500-99999,MAYA MAYA,-4.252,15.253,319.4,A,FALSE,374.35201217095,293.823658563322,61.4492797851563,0.917021155357361,316,Aw,A,-54.9520121709504,25.5763414366782,3.39999999999998,4.252,hilly (50-150 m),200-500 m,tropics (0-23.5),A tropical,TRUE,10687,-5.19018035978735,3.97066666827593,5.59327039207734,6.53472958042202,11.5766688292746,,,,,,TRUE,-0.500024573114987,2023-02,-2.36280277634033,0.59856162342445,FALSE,FALSE,305,316,298,313,314,323,FALSE,,,,FALSE,TRUE
644580-99999,OUESSO,1.616,16.038,353,A,FALSE,398.028149664386,388.861209612865,24.6646728515625,0.979384183883667,353,Am,A,-45.0281496643859,-35.8612096128647,0,1.616,gentle (20-50 m),200-500 m,tropics (0-23.5),A tropical,TRUE,5176,-2.25521306860022,7.04226585948246,5.1600988448541,7.39391053403057,13.2372237210702,,,,,,TRUE,2.39584834070119,2023-03,10.472293090638,0.633462376277222,FALSE,FALSE,353,353,344,351,360,354,FALSE,,,,FALSE,TRUE
647000-99999,NDJAMENA HASSAN DJAMOUS,12.134,15.034,295,A,FALSE,292.157707158535,294.231545048513,0.78369140625,0.984370946884155,296,BSh,B,2.84229284146471,0.768454951487001,-1,12.134,flat (<20 m),200-500 m,tropics (0-23.5),B arid,TRUE,16309,0.921403030356428,4.23852250761013,3.14063141036423,4.33739035001016,7.78465970928848,,,,,,TRUE,-0.823365573573189,2022-10,-3.79639142936751,0.531248045558971,FALSE,FALSE,294,296,294,293,296,297,FALSE,,,,FALSE,TRUE
647500-99999,SARH (CIV/MIL),9.15,18.383,365,A,TRUE,380.180327650752,366.223509684755,15.3187255859375,0.996427059173584,365,Aw,A,-15.1803276507523,-1.22350968475473,0,9.15,flat (<20 m),200-500 m,tropics (0-23.5),A tropical,TRUE,7693,-0.773281181108692,4.46891572593643,3.33106442879988,4.53503864671639,8.84819033214711,-8.1574838867253,5.91809271987882,8.49686126664063,10.0778872843578,17.8410010995278,TRUE,-1.85343530698527,2023-07,-4.87891643389747,1.07448175578848,FALSE,TRUE,359,365,356,356,371,374,FALSE,,,,FALSE,TRUE
648600-99999,GAROUA,9.336,13.37,242,A,FALSE,252.530977464909,204.904404791647,33.6837768554688,0.997382640838623,226,Aw,A,-10.530977464909,37.0955952083535,16,9.336,gentle (20-50 m),200-500 m,tropics (0-23.5),A tropical,TRUE,7003,-8.90309739455658,4.56799852381809,9.04465498711177,10.0064366316489,15.3755114160303,,,,,,TRUE,-1.03666321295501,2023-04,-2.83025953346315,1.03599204104109,FALSE,FALSE,214,226,214,220,221,231,FALSE,,,,FALSE,TRUE
649100-99999,DOUALA,4.006,9.719,10.1,A,FALSE,30.2009769040651,-15.9661269393728,44.0652465820313,0.890880107879639,-1,Am,A,-20.1009769040651,26.0661269393728,11.1,4.006,gentle (20-50 m),<200 m,tropics (0-23.5),A tropical,TRUE,7079,-0.434508282308622,3.25644668758488,2.39829292110964,3.28507906479023,6.46380525316503,,,,,,TRUE,0.47541745518389,2024-03,2.37167543089465,0.517576129920089,FALSE,FALSE,1,-1,-2,-9,17,14,FALSE,,,,FALSE,TRUE
653190-99999,NATITINGOU,10.317,1.383,461,A,FALSE,454.706446406903,501.845766010819,83.4487915039063,1,460,Aw,A,6.2935535930975,-40.8457660108192,1,10.317,hilly (50-150 m),200-500 m,tropics (0-23.5),A tropical,TRUE,8054,-32.2162880525773,4.84576360830793,32.2623370151177,32.5786390958206,38.053452212334,,,,,,FALSE,1.50985725856451,2024-02,5.85357876575847,0.698497952844925,FALSE,TRUE,466,460,422,419,526,525,FALSE,,,,TRUE,FALSE
653440-99999,CARD BERNARDIN GADIN DE CADJE,6.357,2.384,5.8,A,FALSE,-1.72490374834933,1.77693516644318,0,0.188406944274902,7,Aw,A,7.52490374834934,4.02306483355682,-1.2,6.357,flat (<20 m),<200 m,tropics (0-23.5),A tropical,TRUE,8176,3.19560049826203,3.04062130007224,3.58467129132371,4.41090802898834,7.64859402166783,,,,,,TRUE,-0.320707619065712,2022-07,-1.29513193743405,0.495250884942437,FALSE,FALSE,10,7,7,3,10,8,FALSE,,,,FALSE,TRUE
655160-99999,BOROMO,11.75,-2.933,271,A,FALSE,274.746451148583,265.475547842535,12.3622436523438,0.99769914150238,259,Aw,A,-3.74645114858288,5.52445215746457,12,11.75,flat (<20 m),200-500 m,tropics (0-23.5),A tropical,TRUE,15697,-2.56001366118351,3.68177351872178,3.38836397143219,4.48422374762206,8.1204963715259,,,,,,TRUE,0.479582352779807,2024-03,3.53013104197084,0.350773468627232,FALSE,TRUE,263,259,254,250,274,269,FALSE,,,,FALSE,TRUE
655360-99999,KORHOGO,9.387,-5.557,370,A,TRUE,340.59303229505,354.190858371615,18.7702026367188,0.993070125579834,373,Aw,A,29.4069677049502,15.8091416283848,-3,9.387,flat (<20 m),200-500 m,tropics (0-23.5),A tropical,TRUE,6775,-7.38391700676376,4.2580905769576,7.59835574353646,8.52354911480475,13.5102818847732,-9.71030369896575,5.71972171540818,9.95803118050733,11.2694447784093,18.7580730008926,TRUE,0.779616962447031,2024-03,3.62950387916088,0.547634365053277,FALSE,FALSE,372,373,369,369,374,374,FALSE,,,,FALSE,TRUE
655450-99999,BONDOUKOU/SOKO,8.05,-2.783,370,A,FALSE,343.966460657437,341.138490845498,67.2858276367188,0.999943971633911,379,Aw,A,26.0335393425635,28.8615091545023,-9,8.05,hilly (50-150 m),200-500 m,tropics (0-23.5),A tropical,TRUE,6750,-3.85551670106783,4.28628483899967,4.64511234146646,5.76493928331041,10.0167548498857,,,,,,TRUE,1.1866162217683,2024-02,5.30786686329488,0.598478926516244,FALSE,TRUE,377,379,346,344,393,390,FALSE,,,,FALSE,TRUE
655940-99999,SAN PEDRO,4.747,-6.661,7.9,A,FALSE,16.55350936928,6.67157298873724,9.2467041015625,0.52061653137207,10,Am,A,-8.65350936928003,1.22842701126277,-2.1,4.747,flat (<20 m),<200 m,tropics (0-23.5),A tropical,TRUE,6826,23.5859687641476,2.83002339137383,23.5871024134381,23.7551211663167,28.2808544646135,,,,,,TRUE,0.828802066631601,2024-01,6.68917835650723,0.346777852820243,FALSE,FALSE,22,10,14,8,30,12,FALSE,,,,TRUE,TRUE
672170-99999,LICHINGA,-13.274,35.266,1373.1,A,TRUE,1127.38574756989,1274.3827689629,114.521545410156,0.999963521957397,1366,Cwa,C,245.714252430111,98.7172310371022,7.09999999999991,13.274,hilly (50-150 m),1000-2000 m,tropics (0-23.5),C temperate,TRUE,6551,-25.7089102733969,12.7523503944768,25.7356246984794,28.6974856732344,45.3917512424619,-1.00866761253479,11.895096238009,10.5490331286823,11.9368809212809,20.6281425195647,TRUE,24.171350377164,2023-04,80.4312089418392,0.841103850223581,TRUE,FALSE,1363,1366,1358,1359,1366,1367,FALSE,,,,TRUE,FALSE
672950-99999,CHIMOIO,-19.151,33.429,697.1,A,FALSE,555.528098678575,645.829695283303,54.09228515625,0.999864339828491,696,Cwa,C,141.571901321425,51.2703047166973,1.10000000000002,19.151,hilly (50-150 m),500-1000 m,tropics (0-23.5),C temperate,TRUE,5235,-14.8888084613834,5.52397775146874,14.9965155211447,15.8803374866875,22.451654338845,,,,,,TRUE,1.22826654599665,2024-04,3.53705160672188,0.789326072917016,FALSE,FALSE,724,696,699,694,724,699,FALSE,,,,FALSE,TRUE
680060-99999,ONDANGWA,-17.878,15.953,1097,A,TRUE,1094.3983264067,1098.99158033069,2.31390380859375,0.999300122261047,1100,BSh,B,2.60167359330148,-1.99158033069398,-3,17.878,flat (<20 m),1000-2000 m,tropics (0-23.5),B arid,TRUE,5069,0.320579649800045,4.2771583717403,3.15167917671173,4.28873478271127,8.19373464156988,-0.722101536347378,4.94174595278578,3.62421807096855,4.99374268501409,9.83531589174576,TRUE,-1.60435846566316,2022-12,-2.91373721479682,1.40380798269494,FALSE,FALSE,1093,1100,1090,1097,1094,1105,FALSE,,,,FALSE,TRUE
680140-99999,GROOTFONTEIN,-19.602,18.123,1413.1,A,FALSE,1490.53098893672,1422.44556308729,53.454833984375,1,1404,BSh,B,-77.4309889367166,-9.34556308729293,9.09999999999991,19.602,hilly (50-150 m),1000-2000 m,tropics (0-23.5),B arid,TRUE,7604,-8.89394839462995,4.54823142479562,8.99334854128215,9.98929460351076,16.4024155632684,,,,,,TRUE,-2.03802354502218,2023-03,-4.8612786520044,1.18577878131618,FALSE,FALSE,1392,1404,1392,1400,1405,1406,FALSE,,,,FALSE,TRUE
680980-99999,WALVIS BAY,-22.98,14.645,91.1,A,TRUE,207.708076678198,60.3086457913763,31.6470947265625,0.998536944389343,83,BWk,B,-116.608076678198,30.7913542086237,8.09999999999999,22.98,gentle (20-50 m),<200 m,tropics (0-23.5),B arid,TRUE,6472,-7.8315559462098,4.10935622568967,7.94422215328088,8.84406399332351,14.7225480078467,-42.0042021978988,4.90880482419458,42.0116527018671,42.2900182538703,50.054101010217,TRUE,-0.948339896920846,2023-02,-1.60355184047947,1.67273063471892,FALSE,FALSE,77,83,74,81,84,94,FALSE,,,,TRUE,TRUE
681100-99999,WINDHOEK/EROS(SAAF),-22.567,17.1,1725,A,FALSE,1808.55378787927,1799.53661864653,124.022155761719,1,1675,BSh,B,-83.5537878792709,-74.5366186465308,50,22.567,hilly (50-150 m),1000-2000 m,tropics (0-23.5),B arid,FALSE,8119,-6.50027142459945,3.75293451702666,6.64062543939883,7.50575188255145,12.6894619908483,,,,,,TRUE,-1.07148324892302,2023-04,-3.51879277628853,0.86126477961047,FALSE,TRUE,1679,1675,1673,1665,1761,1742,FALSE,,,,FALSE,TRUE
681550-99999,LEPHALALE / ELLISRAS AIRFIELD,-23.726,27.688,839,A,FALSE,947.846385249423,848.141391938124,51.6260986328125,0.999819397926331,853,BSh,B,-108.846385249423,-9.14139193812366,-14,23.726,hilly (50-150 m),500-1000 m,subtropics (23.5-45),B arid,TRUE,16153,-11.2131582002817,4.67044131822816,11.2571165917838,12.1468756695243,18.9183784711819,,,,,,TRUE,0.824893356748873,2024-05,1.53971533299121,1.23724792854138,FALSE,FALSE,841,853,839,853,845,857,FALSE,,,,FALSE,TRUE
682340-99999,JWANENG,-24.602,24.691,1188.7,A,FALSE,1179.39844431139,1191.37786922649,9.9833984375,0.996650457382202,1193,BSh,B,9.30155568861437,-2.67786922649429,-4.29999999999995,24.602,flat (<20 m),1000-2000 m,subtropics (23.5-45),B arid,TRUE,4485,-13.3210408934033,4.77211022445429,13.3769157893078,14.1498441291085,20.761029170921,,,,,,TRUE,-1.68441989924562,2023-04,-5.60825537767546,0.785125142289973,FALSE,FALSE,1169,1193,1168,1189,1177,1193,FALSE,,,,FALSE,TRUE
682670-99999,ERMELO,-26.5,29.983,1766,A,FALSE,1714.56144594803,1715.91988918234,32.8797607421875,0.990665078163147,1763,Cwb,C,51.4385540519697,50.0801108176593,3,26.5,gentle (20-50 m),1000-2000 m,subtropics (23.5-45),C temperate,TRUE,11125,0.84213160137327,5.17512103088987,3.45395159901008,5.24296251737491,9.05322024326105,,,,,,TRUE,1.76670008339521,2024-01,3.10864933562383,1.57360013808109,FALSE,TRUE,1751,1763,1687,1702,1767,1772,FALSE,,,,FALSE,TRUE
682677-99999,PIETERSBURG,-23.867,29.433,1222,A,FALSE,1242.67860687964,1306.8097445356,34.0099487304688,0.998796701431274,1218,BSh,B,-20.678606879643,-84.8097445355959,4,23.867,gentle (20-50 m),1000-2000 m,subtropics (23.5-45),B arid,TRUE,18061,2.05448215348106,3.07996252684575,2.87328547289383,3.70223457607599,7.15419469284848,,,,,,TRUE,-2.47941232547301,2024-06,-6.38332016462987,0.823964280413528,FALSE,TRUE,1212,1218,1206,1212,1244,1248,FALSE,,,,TRUE,TRUE
683470-99999,P C PELSER,-26.871,26.718,1354.5,A,FALSE,1376.86051405488,1321.28971475988,40.3982543945313,0.989580512046814,1362,BSk,B,-22.3605140548761,33.2102852401176,-7.5,26.871,gentle (20-50 m),1000-2000 m,subtropics (23.5-45),B arid,TRUE,13030,-34.997348429839,6.59727124696723,34.9999639783085,35.6136918155772,49.4232065158216,,,,,,FALSE,2.86236645155461,2024-07,1.14141276884582,4.90987911137641,FALSE,FALSE,1356,1362,1345,1360,1359,1363,FALSE,,,,TRUE,FALSE
684030-99999,ALEXANDER BAY,-28.575,16.533,29.9,A,FALSE,123.452032947668,40.5261512596045,37.1834716796875,0.845004558563232,26,BWk,B,-93.5520329476682,-10.6261512596045,3.9,28.575,gentle (20-50 m),<200 m,subtropics (23.5-45),B arid,TRUE,15585,-10.0537787401017,3.18264661064262,10.0694902641739,10.5454756397233,15.0649184803007,,,,,,TRUE,-1.77366422661677,2023-02,-8.94032140166173,0.561129715965514,FALSE,FALSE,21,26,16,23,31,28,FALSE,,,,FALSE,TRUE
684240-99999,UPINGTON,-28.399,21.26,850.7,A,TRUE,857.080887474953,835.292967654602,34.923828125,0.999946475028992,846,BWh,B,-6.38088747495317,15.4070323453983,4.70000000000005,28.399,gentle (20-50 m),500-1000 m,subtropics (23.5-45),B arid,TRUE,19414,-20.93636989418,3.44819473973724,20.9385900197364,21.2184122606295,26.3351134509302,-35.6781367596475,4.51494258852127,35.6781367596475,35.9626625713032,42.9667288476494,TRUE,-2.36962460559702,2023-03,-10.4053332001836,0.64412262260072,FALSE,FALSE,840,846,837,842,844,846,FALSE,,,,TRUE,TRUE
684380-99999,KIMBERLEY,-28.803,24.765,1204,A,FALSE,1187.39325841712,1198.31193947474,28.218994140625,0.997003316879272,1197,BSh,B,16.60674158288,5.68806052525565,7,28.803,gentle (20-50 m),1000-2000 m,subtropics (23.5-45),B arid,TRUE,17475,-10.5795874308075,3.56236555936696,10.6317889583408,11.1632160410317,15.9054630122687,,,,,,TRUE,-1.76579110099719,2023-05,-8.02900217920508,0.622046343396357,FALSE,FALSE,1192,1197,1188,1196,1211,1203,FALSE,,,,FALSE,TRUE
684420-99999,BLOEMFONTEIN INTL / BRAM FISC,-29.093,26.302,1358.8,A,FALSE,1346.74542633379,1375.53861729031,28.8370361328125,0.999137401580811,1352,BSk,B,12.0545736662111,-16.7386172903082,6.79999999999996,29.093,gentle (20-50 m),1000-2000 m,subtropics (23.5-45),B arid,TRUE,19373,-16.907249060981,4.4114255802278,16.9197066674891,17.4732579084231,23.2894915444585,,,,,,TRUE,1.35132863799359,2024-03,1.64328171545712,2.12326073327257,FALSE,FALSE,1344,1352,1344,1349,1352,1355,FALSE,,,,TRUE,TRUE
684610-99999,BETHLEHEM,-28.248,28.336,1695,A,TRUE,1706.94424550241,1684.92051630781,35.48583984375,0.995256066322327,1688,Cwb,C,-11.9442455024143,10.0794836921884,7,28.248,gentle (20-50 m),1000-2000 m,subtropics (23.5-45),C temperate,TRUE,16672,-13.2217207169697,3.43110120494146,13.2392392241729,13.6596357226219,18.5235159210995,5.015488632156,4.27492027725489,5.5289279059548,6.59006627055718,11.8402885156576,TRUE,0.61605323919358,2023-02,2.57112610857073,0.677703705864313,FALSE,FALSE,1687,1688,1682,1683,1689,1692,FALSE,,,,FALSE,TRUE
684870-99999,GREYTOWN,-29.083,30.6,1029,A,FALSE,1070.24459526508,1096.34031817695,156.501403808594,0.99654483795166,1026,Cfb,C,-41.2445952650753,-67.3403181769513,3,29.083,rough (150-300 m),1000-2000 m,subtropics (23.5-45),C temperate,TRUE,19300,-1.67154756571416,4.61001623762563,3.77772791083455,4.90359254249188,9.59332758477336,,,,,,TRUE,-0.733549186963591,2023-10,-5.12041750418474,0.405199461967248,FALSE,TRUE,1018,1026,977,984,1095,1100,FALSE,,,,FALSE,TRUE
685910-99999,MARGATE,-30.85,30.333,154,A,FALSE,323.001334314598,137.195248249912,81.55126953125,0.828972578048706,124,Cfa,C,-169.001334314598,16.8047517500879,30,30.85,hilly (50-150 m),<200 m,subtropics (23.5-45),C temperate,FALSE,8480,-1.60635446497447,3.93769764673282,3.25405955859043,4.25252971181236,7.88911415165113,,,,,,TRUE,-1.28625227025917,2023-04,-3.7438129668723,0.97175549170309,FALSE,TRUE,126,124,64,64,177,169,FALSE,,,,FALSE,TRUE
686330-99999,NOUPOORT,-31.183,24.95,1496,A,FALSE,1520.83687512109,1567.24526533016,100.778076171875,0.999721646308899,1493,BSk,B,-24.8368751210915,-71.2452653301587,3,31.183,hilly (50-150 m),1000-2000 m,subtropics (23.5-45),B arid,TRUE,16681,-2.59158742001276,4.68128441448904,4.20302547747292,5.35064812796473,10.4419892759747,,,,,,TRUE,-2.17106938533877,2024-02,-5.71445347876678,1.02884443987272,FALSE,TRUE,1480,1493,1466,1486,1509,1521,FALSE,,,,FALSE,TRUE
688170-99999,CAPE TOWN - PORTNET,-33.9,18.433,2,A,FALSE,29.9488361373405,66.834829554435,31.2693481445313,0.456538438796997,-3,Csb,C,-27.9488361373405,-64.834829554435,5,33.9,gentle (20-50 m),<200 m,subtropics (23.5-45),C temperate,TRUE,8679,9.68047184403315,5.05400196413064,9.74068572634952,10.9202347915668,19.0402614898741,,,,,,TRUE,-0.627308690770358,2023-03,-1.35051789631954,1.31379000707747,FALSE,TRUE,,0,4,0,16,10,FALSE,,,,FALSE,TRUE
688420-99999,PORT ELIZABETH INTL / CHIEF D,-33.985,25.617,68.9,A,FALSE,75.6683702035099,46.644448537472,45.57177734375,0.481645822525024,62,Cfa,C,-6.76837020350986,22.255551462528,6.90000000000001,33.985,gentle (20-50 m),<200 m,subtropics (23.5-45),C temperate,TRUE,7936,-0.157304108044776,5.11837689116171,3.59486692934269,5.12047121372452,11.7616782354619,,,,,,TRUE,-0.858163581536291,2023-10,-6.05377029981762,0.400949000585587,FALSE,FALSE,48,62,38,60,64,67,FALSE,,,,FALSE,TRUE
689060-99999,GOUGH ISLAND,-40.35,-9.883,54,A,FALSE,13.7859358349946,38.0788323484574,0,0.0412341356277466,53,Cfb,C,40.2140641650054,15.9211676515426,1,40.35,flat (<20 m),<200 m,subtropics (23.5-45),C temperate,TRUE,11021,1.49761143271614,4.64948291678551,3.63285268345755,4.88452350766091,9.38231057742422,,,,,,TRUE,-1.19004077934243,2023-01,-3.2672446248821,1.03020863335805,FALSE,TRUE,41,53,2,0,430,448,FALSE,,,,FALSE,TRUE
689940-99999,MARION ISLAND,-46.875,37.86,22,A,TRUE,25.7190054867106,100.281521340111,0,0.0674891471862793,9,ET,E,-3.71900548671055,-78.2815213401111,13,46.875,flat (<20 m),<200 m,mid-latitude (45-66.5),E polar,TRUE,14068,8.38198683643783,7.51466538910586,8.98169926335937,11.257170388158,21.9363445175809,,,,,,TRUE,-3.81337604322818,2023-03,-5.80742008224601,1.85725435473448,FALSE,FALSE,4,9,2,0,15,19,FALSE,,,,FALSE,TRUE
700260-27502,W POST-WILL ROGERS MEMORIAL A,71.287,-156.739,8.1,A,FALSE,4.05003596092957,4.02031083499462,3.316162109375,0.611397504806519,8,ET,E,4.04996403907043,4.07968916500538,0.0999999999999996,71.287,flat (<20 m),<200 m,polar (>66.5),E polar,TRUE,23841,-1.46668706239533,2.60627748812289,2.36369214421196,2.99057993842239,5.80221825578407,,,,,,TRUE,-1.05789087672267,2023-01,-5.74848040633687,0.515063909727612,FALSE,FALSE,11,,8,,13,,FALSE,,,,FALSE,TRUE
700634-27408,UGNU-KUPRAUK AIRPORT,70.331,-149.598,20.4,A,TRUE,29.3688725412093,24.6185783371488,6.63775634765625,0.962900280952454,21,Dsc,D,-8.96887254120928,-4.21857833714877,-0.600000000000001,70.331,flat (<20 m),<200 m,polar (>66.5),D continental,TRUE,15823,-2.21842075374519,2.99143431460515,2.95332638541511,3.72417834567665,6.85034102511348,-5.29357334488016,3.84752247544254,5.62753607837215,6.54403639909342,11.3877562393694,TRUE,0.824600600056753,2024-05,2.54419861340614,0.700157951579212,FALSE,FALSE,30,,17,,35,,FALSE,1,44.7782428918912,0.663627052811561,TRUE,TRUE
700860-27401,BARTER ISLAND AIRPORT,70.134,-143.577,0.6,A,TRUE,10.7678148405674,8.50706217209751,0,0.26013445854187,1,ET,E,-10.1678148405674,-7.90706217209751,-0.4,70.134,flat (<20 m),<200 m,polar (>66.5),E polar,TRUE,19187,-0.921986323182905,4.10531983988798,3.1346322855287,4.20747327725908,7.90084533988192,4.35752617821103,4.61600861674026,5.12916719962767,6.34779169666302,12.060454972087,TRUE,-0.696061237183359,2023-02,-1.44346540061448,1.30584546061831,FALSE,FALSE,9,,7,,13,,FALSE,,,,FALSE,TRUE
701195-26625,SHISHMAREF/NEW AIRPORT,66.25,-166.089,2.1,A,FALSE,10.3909978337404,-0.262497259512678,0,0.295535922050476,3,ET,E,-8.29099783374037,2.36249725951268,-0.9,66.25,flat (<20 m),<200 m,mid-latitude (45-66.5),E polar,TRUE,17565,-3.33976393699092,3.0499679577691,3.78131062809536,4.52280865226953,8.295340644711,,,,,,TRUE,-0.74110213051508,2022-09,-2.47770839609871,0.657584008170121,FALSE,FALSE,8,,7,,9,,FALSE,,,,FALSE,TRUE
701330-26616,RALPH WIEN MEMORIAL AIRPORT,66.886,-162.607,3.4,A,FALSE,23.7831379886353,10.9543810832445,0,0.484893321990967,2,Dfc,D,-20.3831379886353,-7.55438108324453,1.4,66.886,flat (<20 m),<200 m,polar (>66.5),D continental,TRUE,24735,3.8381297993799,3.00637288522645,4.11025956269627,4.87536182016362,8.88046708635913,,,,,,TRUE,1.32273333296713,2024-01,4.38887029885082,0.852441421827791,FALSE,FALSE,5,,5,,6,,FALSE,,,,FALSE,TRUE
701780-26529,RALPH M CALHOUN MEML ARPT,65.173,-152.107,68.7,A,FALSE,285.874900975996,136.37947527953,97.8519897460938,0.992869973182678,69,Dfc,D,-217.174900975996,-67.6794752795297,-0.299999999999997,65.173,hilly (50-150 m),<200 m,mid-latitude (45-66.5),D continental,TRUE,23401,-2.35893080825314,4.35700776775155,3.90012437711821,4.95451915120368,9.19083293649201,,,,,,TRUE,-0.940161588687119,2022-07,-2.0266168489345,0.927813848169093,FALSE,FALSE,60,,58,,63,,FALSE,,,,FALSE,TRUE
701940-26413,FORT YUKON AIRPORT,66.567,-145.267,135.6,A,FALSE,133.228562139594,112.518115895846,4.82745361328125,0.995285868644714,136,Dfc,D,2.37143786040593,23.0818841041538,-0.400000000000006,66.567,flat (<20 m),<200 m,polar (>66.5),D continental,TRUE,23319,-2.55337086958375,4.1160451304598,3.79493025677316,4.84363538976717,9.61148603198094,,,,,,TRUE,2.12355604834298,2024-07,3.74635251817342,1.13366589932031,FALSE,TRUE,130,,112,,143,,FALSE,,,,FALSE,TRUE
702000-26617,NOME AIRPORT,64.511,-165.44,5.4,A,TRUE,32.4570990252788,16.2569053907298,7.64178466796875,0.388822793960571,5,ET,E,-27.0570990252788,-10.8569053907298,0.4,64.511,flat (<20 m),<200 m,mid-latitude (45-66.5),E polar,TRUE,25425,2.85962180361984,3.44719898755804,3.54505810889609,4.47885591840309,8.66655283741504,12.613174296646,4.64605397882533,12.6382593594517,13.4416194862085,19.808428604181,TRUE,-2.27198266087244,2022-10,-6.30726251664708,0.882347644306821,FALSE,FALSE,7,,5,,17,,FALSE,,,,FALSE,TRUE
702190-26615,BETHEL AIRPORT,60.785,-161.829,32.6,A,FALSE,4.53320618215701,8.71100541469309,6.16790771484375,0.888678193092346,29,Dfc,D,28.066793817843,23.8889945853069,3.6,60.785,flat (<20 m),<200 m,mid-latitude (45-66.5),D continental,TRUE,25496,8.36872531237929,2.47970529609356,8.37066366250021,8.72835955588814,12.4171161826872,,,,,,TRUE,-0.763521960189787,2022-09,-2.52753154858569,0.697628655902524,FALSE,FALSE,34,,27,,40,,FALSE,,,,FALSE,TRUE
702590-26523,KENAI MUNICIPAL AIRPORT,60.579,-151.242,30.2,A,TRUE,17.1263030857887,33.5920810113545,11.1397094726563,0.68136465549469,29,Dsc,D,13.0736969142113,-3.39208101135455,1.2,60.579,flat (<20 m),<200 m,mid-latitude (45-66.5),D continental,TRUE,25378,-4.93648942491847,2.83334802918216,5.04506940491121,5.69178992631426,9.63780660362972,2.29585325034774,4.11257216589587,3.7235986569073,4.7099390137892,9.07788270833335,TRUE,-1.21455900557296,2022-07,-4.03753431774551,0.601634022148025,FALSE,FALSE,25,,23,,36,,FALSE,,,,FALSE,TRUE
702627-26561,RUBY AIRPORT,64.727,-155.47,199,A,FALSE,184.513117772761,144.537204983353,100.994995117188,0.997130036354065,174,Dfc,D,14.4868822272387,54.4627950166469,25,64.727,hilly (50-150 m),<200 m,mid-latitude (45-66.5),D continental,FALSE,20733,-2.44891037372614,3.54356102765189,3.61159275239742,4.30736359399404,7.87396136182782,,,,,,TRUE,-1.61947467471999,2022-07,-2.60475969798675,1.19053512314416,FALSE,FALSE,209,,195,,210,,FALSE,,,,FALSE,TRUE
702697-00107,NEW STUYAHOK AIRPORT,59.45,-157.333,92.1,A,FALSE,71.768354015515,69.8939781933688,23.8142700195313,0.969845414161682,99,Dfc,D,20.331645984485,22.2060218066312,-6.90000000000001,59.45,gentle (20-50 m),<200 m,mid-latitude (45-66.5),D continental,TRUE,21825,-7.18391628547062,2.68913577657193,7.20897542433936,7.67070877321762,11.4325309015204,,,,,,TRUE,-0.927686318488822,2022-08,-2.62283600124703,0.764070453601649,FALSE,TRUE,92,99,42,44,104,101,FALSE,,,,FALSE,TRUE
702715-46407,SKELTON AIRPORT,61.949,-147.169,1002.5,A,FALSE,1011.30499815495,1012.92753195536,161.503173828125,0.969393849372864,1012,ET,E,-8.80499815495102,-10.4275319553569,-9.5,61.949,rough (150-300 m),1000-2000 m,mid-latitude (45-66.5),E polar,TRUE,23184,0.396769466698885,3.48788852164855,2.72953905135769,3.51030876391662,6.99497646114482,,,,,,TRUE,-1.27324573950412,2022-08,-4.17412085994373,0.658947177936612,FALSE,FALSE,1003,,1002,,1016,,FALSE,,,,FALSE,TRUE
702758-27517,ALPINE AIRSTRIP,70.344,-150.945,5.5,A,FALSE,20.7717885471848,4.02031083499462,8.37615966796875,0.826776266098023,3,Dsc,D,-15.2717885471848,1.47968916500538,2.5,70.344,flat (<20 m),<200 m,polar (>66.5),D continental,TRUE,15116,-4.23283598325743,3.39942214315954,4.50440012805845,5.42883107822593,9.30216721404168,,,,,,TRUE,-0.710995588340675,2023-01,-2.68963407371799,0.739855679055325,FALSE,FALSE,30,,16,,30,,FALSE,1,14.682111148562,0.0429278380894129,TRUE,TRUE
702770-26438,SEWARD AIRPORT,60.129,-149.418,4.1,A,FALSE,749.2586444052,430.465631102364,256.826477050781,0.928872346878052,19,Dfc,D,-745.1586444052,-426.365631102364,-14.9,60.129,rough (150-300 m),<200 m,mid-latitude (45-66.5),D continental,TRUE,25327,7.99974551587817,8.84744120923878,9.04617948368135,11.9277011031875,24.2783449674774,,,,,,TRUE,1.91243779657481,2024-01,1.86536808151685,2.77634536936668,FALSE,FALSE,7,,4,,8,,FALSE,,,,FALSE,TRUE
702910-26412,NORTHWAY AIRPORT,62.961,-141.938,523.2,A,FALSE,591.255608837498,548.140882080017,78.3163452148438,0.980651617050171,523,Dfc,D,-68.055608837498,-24.9408820800171,0.200000000000045,62.961,hilly (50-150 m),500-1000 m,mid-latitude (45-66.5),D continental,TRUE,24528,1.35725995829826,4.23367181449919,3.48688437140885,4.44582960441971,8.6846550837653,,,,,,TRUE,1.47800446549257,2024-01,3.91630587931591,1.02199754989367,FALSE,FALSE,516,,514,,527,,FALSE,,,,FALSE,TRUE
703058-00110,NELSON LAGOON AIRPORT,56.017,-161.167,4.3,A,TRUE,2.08150567790734,7.28340271652399,21.3713989257813,0.253955841064453,-1,Climate Zone info missing,"",2.21849432209266,-2.98340271652399,5.3,56.017,gentle (20-50 m),<200 m,mid-latitude (45-66.5),,TRUE,21565,-3.71302023696177,3.05098719689907,4.08042327937315,4.80568522753669,8.5209309733721,,,,,,TRUE,-1.59822427118759,2022-07,-4.29333351049217,0.74451438132249,FALSE,TRUE,,0,5,0,8,6,FALSE,,,,FALSE,TRUE
703080-25713,ST PAUL ISLAND AIRPORT,57.155,-170.223,8,A,FALSE,2.02334998763594,7.69128920171516,0,0.0482960939407349,8,ET,E,5.97665001236406,0.308710798284837,0,57.155,flat (<20 m),<200 m,mid-latitude (45-66.5),E polar,TRUE,23352,2.09196904701565,2.86389317543101,2.83138412536079,3.54652892073575,6.82722850430345,,,,,,TRUE,-1.52898314433865,2022-07,-2.79685799432351,1.09335772316068,FALSE,FALSE,13,8,7,7,16,10,FALSE,,,,FALSE,TRUE
703430-25402,MIDDLETON ISLAND METEOROLOGY,59.433,-146.333,30.5,A,FALSE,0.586585776615868,0.145389225678494,0,0,32,Climate Zone info missing,"",29.9134142233841,30.3546107743215,-1.5,59.433,flat (<20 m),<200 m,mid-latitude (45-66.5),,TRUE,24706,-16.3022888072457,3.33762735721752,16.3100999869512,16.6404304583067,21.0324142856297,,,,,,TRUE,0.829301289102008,2024-04,2.52213825539093,0.805413817815223,FALSE,TRUE,15,43,3,0,77,45,FALSE,,,,TRUE,TRUE
703500-25501,KODIAK AIRPORT,57.751,-152.488,5,A,TRUE,131.052105347519,132.912440155405,146.485961914063,0.611114621162415,7,Dfc,D,-126.052105347519,-127.912440155405,-2,57.751,hilly (50-150 m),<200 m,mid-latitude (45-66.5),D continental,TRUE,26123,28.3487634264638,3.90176355163118,28.3487634264638,28.6160018844392,34.6886026291223,-0.306582418995736,4.72590268938463,3.57505121304498,4.73574640872867,9.51306928510142,TRUE,-1.19635994470115,2022-07,-2.2064633507735,1.08441406405572,FALSE,FALSE,7,7,7,6,10,9,FALSE,,,,TRUE,TRUE
703610-25339,YAKUTAT AIRPORT,59.512,-139.671,12.6,A,FALSE,-33.0883471770431,27.6777269760826,0,0.193151235580444,12,Dfc,D,45.6883471770431,-15.0777269760826,0.6,59.512,flat (<20 m),<200 m,mid-latitude (45-66.5),D continental,TRUE,23302,-8.10356553124968,3.60046928944916,8.16518607090285,8.86738953148418,13.9762252023432,,,,,,TRUE,1.47056306378875,2024-05,4.75550725549919,0.714144620224856,FALSE,FALSE,4,14,3,13,8,16,FALSE,,,,FALSE,TRUE
703655-26552,HUSLIA AIRPORT,65.698,-156.351,54.9,A,FALSE,57.7317213478864,63.9796241580968,37.8756103515625,0.987899422645569,66,Dfc,D,-2.83172134788639,-9.07962415809681,-11.1,65.698,gentle (20-50 m),<200 m,mid-latitude (45-66.5),D continental,TRUE,23504,7.41871196236778,3.41191699249561,7.47816721547746,8.16565793180836,12.8511120909262,,,,,,TRUE,1.60866546436143,2024-01,3.84799611985819,1.13209227223835,FALSE,FALSE,94,,63,,100,,FALSE,,,,FALSE,TRUE
703830-25310,ANGOON SEAPLANE BASE,57.499,-134.586,8.5,A,FALSE,206.825783157985,49.2957106912146,118.608642578125,0.586888313293457,10,Cfc,C,-198.325783157985,-40.7957106912146,-1.5,57.499,hilly (50-150 m),<200 m,mid-latitude (45-66.5),C temperate,TRUE,23966,-15.8975966943886,3.90446925134485,15.8978129900432,16.3700282433368,22.8837201698992,,,,,,TRUE,1.92959340392718,2024-05,5.30584073254943,0.839867856831493,FALSE,FALSE,8,10,2,2,15,19,FALSE,,,,TRUE,TRUE
703835-25628,ST. GEORGE AIRPORT,56.575,-169.663,32,A,FALSE,2.30018700639362,19.9278837574503,0,0.0142652988433838,32,Climate Zone info missing,"",29.6998129936064,12.0721162425497,0,56.575,flat (<20 m),<200 m,mid-latitude (45-66.5),,TRUE,18697,6.16361402533626,3.34139716765552,6.22595720018905,7.0110252983561,11.7910688172231,,,,,,TRUE,-1.20020330895616,2023-01,-4.80187605321851,0.568131796109724,FALSE,FALSE,20,32,13,30,24,34,FALSE,,,,FALSE,TRUE
704540-25704,ADAK NAS,51.883,-176.65,5.2,A,FALSE,49.8583968690888,110.070796984699,58.7933959960938,0.244344592094421,3,Cfc,C,-44.6583968690888,-104.870796984699,2.2,51.883,hilly (50-150 m),<200 m,mid-latitude (45-66.5),C temperate,TRUE,24559,-3.9376606191086,3.47077947639272,4.36242717405771,5.24890377318104,9.71760302533353,,,,,,TRUE,-1.88289008151247,2022-07,-4.6147112933752,0.816038084209307,FALSE,TRUE,25,3,6,-1,112,116,FALSE,,,,FALSE,TRUE
710170-99999,STEFANSSON ISLAND  NU,73.75,-105.283,11,A,FALSE,35.3150927081368,62.5520214599277,3.48309326171875,0.387146711349487,18,ET,E,-24.3150927081368,-51.5520214599277,-7,73.75,flat (<20 m),<200 m,polar (>66.5),E polar,TRUE,19744,1.07698415378088,3.05040647273683,2.45185243032999,3.23487298591857,6.41121647492421,,,,,,TRUE,-1.55366340899592,2023-09,-4.90134060960884,0.896575871530873,FALSE,TRUE,7,,4,,16,,FALSE,,,,FALSE,TRUE
710349-99999,MAKKOVIK,55.083,-59.183,71,A,FALSE,92.7753046561517,94.1632240622435,54.286865234375,0.638294696807861,62,Dfc,D,-21.7753046561517,-23.1632240622435,9,55.083,hilly (50-150 m),<200 m,mid-latitude (45-66.5),D continental,TRUE,6347,-72.6301811678117,88.517339460048,94.6620994852128,114.495537510269,206.815180342595,,,,,,FALSE,-17.2815563793678,2023-11,-1.93368984066253,25.2779022743828,FALSE,TRUE,52,62,9,0,65,72,FALSE,,,,TRUE,FALSE
710430-99999,NORMAN WELLS,65.281,-126.799,72.2,A,FALSE,241.845865194154,190.628377809956,142.219543457031,0.908724904060364,64,Dfc,D,-169.645865194154,-118.428377809956,8.2,65.281,hilly (50-150 m),<200 m,mid-latitude (45-66.5),D continental,TRUE,25449,-2.50685633740382,3.97860798065436,3.75536508789431,4.70244916595601,9.01252845443699,,,,,,TRUE,-0.683738995965935,2023-04,-2.48955647680681,0.77680741146201,FALSE,FALSE,61,,55,,68,,FALSE,,,,FALSE,TRUE
710450-99999,TESLIN (AUT)  YT,60.167,-132.733,705,A,FALSE,969.256044128857,779.208575940816,200.801574707031,0.877032279968262,683,Dsc,D,-264.256044128857,-74.2085759408158,22,60.167,rough (150-300 m),500-1000 m,mid-latitude (45-66.5),D continental,FALSE,8496,9.09647893365681,4.41825508323244,9.15762807082189,10.1125965658713,16.8409035748945,,,,,,TRUE,2.16494844185256,2024-01,6.51409789769364,0.940022546910266,FALSE,TRUE,677,,675,,710,,FALSE,,,,FALSE,TRUE
710750-99999,COLLINS BAY  SASK,58.183,-103.7,492,A,FALSE,428.693326483177,418.025093304034,7.66400146484375,0.574881792068481,498,Dfc,D,63.3066735168227,73.9749066959665,-6,58.183,flat (<20 m),200-500 m,mid-latitude (45-66.5),D continental,TRUE,8440,-76.6268064959962,2.54115568284259,76.6268064959962,76.6689257840225,80.5042252678635,,,,,,FALSE,0.810173490853071,2024-05,3.1467228677402,0.594591773974978,FALSE,TRUE,507,498,446,445,524,518,FALSE,,,,TRUE,FALSE
710774-99999,BUFFALO NARROWS,55.842,-108.418,440.1,A,FALSE,429.724992495526,425.57099328007,9.3275146484375,0.596314072608948,429,Dfc,D,10.375007504474,14.5290067199298,11.1,55.842,flat (<20 m),200-500 m,mid-latitude (45-66.5),D continental,TRUE,8423,-6.57224950363376,2.91537582112201,6.62336055110633,7.18977542375795,11.3284226673017,,,,,,TRUE,0.486292539290098,2023-07,2.41912064914403,0.568571480375108,FALSE,FALSE,418,429,417,426,423,429,FALSE,,,,FALSE,TRUE
710830-99999,RANKIN INLET,62.811,-92.116,28.7,A,FALSE,9.17012666468672,0.349332468274079,3.0596923828125,0.462419986724854,30,ET,E,19.5298733353133,28.3506675317259,-1.3,62.811,flat (<20 m),<200 m,mid-latitude (45-66.5),E polar,TRUE,10363,4.38336653171715,2.47938300698394,4.46025016694689,5.03593576665539,8.4971338504766,,,,,,TRUE,-0.832950528965047,2023-09,-5.97306752685512,0.394427127954613,FALSE,FALSE,15,,13,,22,,FALSE,,,,FALSE,TRUE
710900-99999,CLYDE RIVER,70.486,-68.517,26.5,A,TRUE,113.6053982661,40.3222080170089,81.2063598632813,0.441982269287109,78,ET,E,-87.1053982661001,-13.8222080170089,-51.5,70.486,hilly (50-150 m),<200 m,polar (>66.5),E polar,FALSE,24600,3.16874099124656,2.49131483627631,3.34630151624169,4.03079604795713,7.46006078238663,-32.7909014905727,4.05482651956689,32.7909014905727,33.0406442175356,38.8868129216513,TRUE,-0.55795052709791,2023-11,-3.73390674791419,0.422646442895695,FALSE,FALSE,8,,6,,12,,FALSE,,,,FALSE,TRUE
710934-99999,PANGNIRTUNG,66.145,-65.714,22.9,A,FALSE,498.647452000046,408.643704144637,181.992492675781,0.793188214302063,30,ET,E,-475.747452000046,-385.743704144637,-7.1,66.145,rough (150-300 m),<200 m,mid-latitude (45-66.5),E polar,TRUE,4485,22.8833689575796,5.8118104086108,22.8833689575796,23.6097052912443,33.314401543029,,,,,,TRUE,-0.582212405983659,2022-08,-0.97113865573416,1.19903044234918,FALSE,FALSE,32,,23,,32,,FALSE,,,,TRUE,TRUE
710950-99999,POND INLET,72.683,-77.967,55.2,A,FALSE,380.639199946592,36.8551728928839,206.602783203125,0.699918746948242,25,ET,E,-325.439199946592,18.3448271071161,30.2,72.683,rough (150-300 m),<200 m,polar (>66.5),E polar,FALSE,8562,13.7337019091083,4.37055316997398,13.7342847820089,14.412288928202,21.4264090510349,,,,,,TRUE,-1.66122524334303,2022-12,-4.48652615033455,1.00269542057338,FALSE,TRUE,54,,17,,94,,FALSE,,,,FALSE,TRUE
710964-99999,QIKIQTARJUAQ,67.546,-64.031,6.4,A,FALSE,176.973989349702,167.990677881846,92.7801513671875,0.438300728797913,94,ET,E,-170.573989349702,-161.590677881846,-87.6,67.546,hilly (50-150 m),<200 m,polar (>66.5),E polar,FALSE,8462,1.3553968956198,2.57692544260912,2.25107719375245,2.91150489138792,5.80952875153256,,,,,,TRUE,-0.507291107575743,2022-07,-1.90339150929532,0.533039162041398,FALSE,FALSE,62,,55,,71,,TRUE,,,,FALSE,TRUE
710990-99999,FORT SEVERN,56.017,-87.683,16,A,TRUE,18.3583274009218,13.4016999943916,4.46405029296875,0.968240737915039,14,Dfc,D,-2.35832740092182,2.59830000560844,2,56.017,flat (<20 m),<200 m,mid-latitude (45-66.5),D continental,TRUE,24515,1.10042244861793,2.71098555391102,2.20265449973378,2.92576014827457,5.91919081684509,-1.43378191030797,3.86014335156073,3.24804141711636,4.11774567463189,7.96483979687005,TRUE,-1.34639932758741,2022-07,-4.32149509105265,0.623117369900541,FALSE,TRUE,15,14,9,9,23,16,FALSE,,,,FALSE,TRUE
711390-99999,CYPRESS HILLS PARK  SASK,49.65,-109.517,1271,A,FALSE,960.741812077137,1145.28669639989,56.3561401367188,0.991667985916138,1268,Dfb,D,310.258187922864,125.713303600108,3,49.65,hilly (50-150 m),1000-2000 m,mid-latitude (45-66.5),D continental,TRUE,8324,-3.35179230399348,5.88709895761852,5.31825111113216,6.77408902883313,13.2415340349092,,,,,,TRUE,-1.19112162165876,2023-01,-3.69796370710484,0.911042122208634,FALSE,TRUE,1263,1268,1236,1228,1282,1272,FALSE,,,,FALSE,TRUE
711600-99999,FORT RELIANCE (AUT)  NWT,62.7,-109.15,168,A,FALSE,244.503898900873,208.167496673176,9.36798095703125,0.568108201026917,157,Dfc,D,-76.5038989008734,-40.1674966731759,11,62.7,flat (<20 m),<200 m,mid-latitude (45-66.5),D continental,TRUE,18377,-1.06327304449939,4.88406680344399,4.01015044353273,4.99833572963726,9.73920353965979,,,,,,TRUE,-1.95679164919986,2023-01,-7.45567421161736,0.642884994359088,FALSE,TRUE,157,,157,,157,,FALSE,,,,FALSE,TRUE
711640-99999,LITTLE CHICAGO  NWT,67.167,-130.217,63,A,FALSE,211.164356982889,97.6302591863684,68.1892700195313,0.959065675735474,57,Dfc,D,-148.164356982889,-34.6302591863684,6,67.167,hilly (50-150 m),<200 m,polar (>66.5),D continental,TRUE,23389,-6.3534750884249,9.24972110092571,8.68128798674119,11.2214227318984,20.5917221802642,,,,,,TRUE,14.3391414538669,2022-08,26.9249247251503,1.15046137298327,TRUE,TRUE,60,,10,,63,,FALSE,,,,FALSE,FALSE
711650-99999,REA LAKES,64.117,-117.333,223.3,A,FALSE,249.118114764599,221.423807441889,24.4705200195313,0.709499835968018,214,Dfc,D,-25.8181147645985,1.87619255811109,9.30000000000001,64.117,gentle (20-50 m),200-500 m,mid-latitude (45-66.5),D continental,TRUE,8443,-3.69297891104821,2.71370563447841,3.92895236455279,4.58273054878194,8.13536451611577,,,,,,TRUE,-1.94717613028696,2022-09,-6.14650479211319,0.731604514112344,FALSE,TRUE,200,,189,,221,,FALSE,,,,FALSE,TRUE
711660-99999,TROUT LAKE  NWT,60.433,-121.233,498,A,FALSE,515.412622190682,537.943719950238,29.2401123046875,0.69384229183197,502,Dfc,D,-17.4126221906819,-39.9437199502379,-4,60.433,gentle (20-50 m),200-500 m,mid-latitude (45-66.5),D continental,TRUE,8387,5.13946895486469,2.64303855164447,5.22142859205723,5.77918342061673,9.41745341015869,,,,,,TRUE,0.813528416067234,2022-07,5.48906907499429,0.296417627452823,FALSE,TRUE,481,,478,,512,,FALSE,,,,FALSE,TRUE
712190-99999,HOLLAND ROCK  BC,54.167,-130.35,5,A,FALSE,211.300584695717,52.3548593301484,100.883422851563,0.662577271461487,-2,Cfb,C,-206.300584695717,-47.3548593301484,7,54.167,hilly (50-150 m),<200 m,mid-latitude (45-66.5),C temperate,TRUE,19671,4.08855217130889,4.65341482649748,4.98260800389785,6.1943060614553,11.8493052102438,,,,,,TRUE,,"",,,FALSE,TRUE,,0,,0,,0,FALSE,,,,FALSE,TRUE
712320-99999,BOW VALLEY  ALTA,51.083,-115.067,1298,A,FALSE,1698.87135937412,1645.76341372946,225.218994140625,0.989495277404785,1300,Dfc,D,-400.871359374124,-347.763413729459,-2,51.083,rough (150-300 m),1000-2000 m,mid-latitude (45-66.5),D continental,TRUE,8220,8.32565229417312,7.24646044559376,9.09794885386579,11.0372680899994,20.1793628042253,,,,,,TRUE,-3.87510444764265,2023-09,-5.59355302077386,1.95947915220096,FALSE,TRUE,1301,1300,1283,1280,1327,1326,FALSE,,,,FALSE,TRUE
712340-99999,CLARESHOLM,50,-113.633,1009,A,FALSE,1113.33756342954,1008.23683737566,81.8496704101563,0.998975872993469,1006,Dfb,D,-104.337563429535,0.763162624341589,3,50,hilly (50-150 m),1000-2000 m,mid-latitude (45-66.5),D continental,TRUE,8367,-0.320042084199056,4.49992926073091,3.46032050142428,4.51102761474913,8.82956949172385,,,,,,TRUE,-2.93191631630023,2022-07,-3.52080479628128,1.66548075564823,FALSE,TRUE,1009,1006,998,1000,1024,1017,FALSE,,,,FALSE,TRUE
712440-99999,MILK RIVER  ALTA,49.133,-112.05,1050,A,FALSE,1008.16937080004,1029.4469346056,46.0228881835938,0.988689064979553,1046,BSk,B,41.8306291999561,20.5530653944006,4,49.133,gentle (20-50 m),1000-2000 m,mid-latitude (45-66.5),B arid,TRUE,8173,-1.16440185457476,4.01379439902618,3.33290934370693,4.17904366636861,7.91385963651815,,,,,,TRUE,-4.13290848150929,2023-09,-8.14958377899316,1.4343837391213,FALSE,TRUE,1048,1046,1033,1034,1060,1059,FALSE,,,,FALSE,TRUE
712520-99999,WILLOW CREEK 1  ALTA,53.383,-118.333,1402,A,FALSE,1706.24358893264,1766.29387010345,158.508056640625,0.996181011199951,1456,Dfc,D,-304.243588932638,-364.29387010345,-54,53.383,rough (150-300 m),1000-2000 m,mid-latitude (45-66.5),D continental,FALSE,8372,-31.4003962201419,6.08372444832996,31.4005555159203,31.9842487023482,41.7758662347813,,,,,,TRUE,0.605650770854702,2023-03,1.2942349647329,1.32359201774649,FALSE,TRUE,1475,1456,1349,1359,1717,1730,FALSE,1,47.0068351165118,11.4973595947396,TRUE,TRUE
713160-99999,LACLABICHE CLIMATE  ALTA,54.767,-112.017,567,A,FALSE,579.87780652988,559.969590150561,16.3055419921875,0.819810390472412,550,Dfc,D,-12.8778065298802,7.03040984943891,17,54.767,flat (<20 m),500-1000 m,mid-latitude (45-66.5),D continental,TRUE,8355,0.692398999031054,2.51728750910502,1.97035657489581,2.61063102351168,5.09972814733469,,,,,,TRUE,0.447300750813071,2022-09,2.17722980194828,0.474454664656079,FALSE,TRUE,551,550,532,537,572,565,FALSE,,,,FALSE,TRUE
713270-99999,HALIFAX WINDSOR PARK,44.65,-63.617,51,A,FALSE,70.6888888056829,52.1509160875528,29.6527099609375,0.850638747215271,33,Dfb,D,-19.6888888056829,-1.15091608755284,18,44.65,gentle (20-50 m),<200 m,subtropics (23.5-45),D continental,TRUE,8325,3.99403327309068,2.238501708479,4.06820318593853,4.57849208547118,7.56386644706372,,,,,,TRUE,-0.576300291780983,2022-07,-3.71560961931059,0.310204973518134,FALSE,TRUE,31,33,7,11,71,70,FALSE,,,,FALSE,TRUE
713320-99999,KUGLUKTUK CLIMO,67.82,-115.12,23,A,FALSE,110.737048090454,29.3092729168472,17.0620727539063,0.660043120384216,38,ET,E,-87.737048090454,-6.30927291684724,-15,67.82,flat (<20 m),<200 m,polar (>66.5),E polar,TRUE,8348,3.17124321229493,4.64534537693774,3.81018001061737,5.62436060579777,14.2190558420773,,,,,,TRUE,-8.4835265067839,2022-07,-9.33193121433312,1.81817167570928,FALSE,FALSE,33,,24,,41,,FALSE,,,,FALSE,TRUE
713550-99999,ALERT CLIMATE  NU,82.5,-62.333,65,A,FALSE,100.61437304342,18.2963378166856,72.0078125,0.556007266044617,64,ET,E,-35.6143730434195,46.7036621833144,1,82.5,hilly (50-150 m),<200 m,polar (>66.5),E polar,TRUE,25283,-4.77883382313757,3.68362121239967,5.16401962027556,6.03372034969265,10.6354557650567,,,,,,TRUE,-0.498437794300779,2023-02,-2.66645949344401,0.528714192308278,FALSE,TRUE,49,,10,,82,,FALSE,,,,FALSE,TRUE
713560-99999,BAKER LAKE CLIMATE  NU,64.317,-96,51,A,FALSE,23.8090292206054,14.2174729647739,17.1814575195313,0.622578263282776,39,Dfc,D,27.1909707793946,36.7825270352261,12,64.317,flat (<20 m),<200 m,mid-latitude (45-66.5),D continental,TRUE,8405,3.06799437515745,2.99372033009416,3.33270146409053,4.28647694356794,8.50237306335812,,,,,,TRUE,1.44774777360726,2024-03,6.90829310222306,0.54109873777508,FALSE,TRUE,26,,6,,53,,FALSE,,,,FALSE,TRUE
713630-99999,GJOA HAVEN CLIMATE  NU,68.633,-95.85,42,A,FALSE,18.269500558932,1.77693516644318,3.448486328125,0.51682448387146,46,ET,E,23.7304994410681,40.2230648335568,-4,68.633,flat (<20 m),<200 m,polar (>66.5),E polar,TRUE,23687,-0.16448852516605,3.21024428892029,2.55942116634962,3.21438793434737,6.22354659292028,,,,,,TRUE,-3.9212850866273,2022-11,-6.47304238437663,1.56413537194346,FALSE,TRUE,30,,9,,37,,FALSE,,,,FALSE,TRUE
713820-99999,PARC DES LAURENTIDES  QUE,47.55,-71.217,791,A,FALSE,856.098215640025,863.437135132793,53.046630859375,0.970372438430786,778,Dfb,D,-65.0982156400249,-72.4371351327926,13,47.55,hilly (50-150 m),500-1000 m,mid-latitude (45-66.5),D continental,TRUE,8412,-0.887461477931776,2.65050080568421,2.14281292603222,2.79497893746557,5.51024893333905,,,,,,TRUE,-0.867056129261603,2023-01,-6.27438679180968,0.390859721603747,FALSE,TRUE,784,778,783,778,891,895,FALSE,,,,FALSE,TRUE
714150-99999,CARIBOU POINT (AUT)  NS,45.767,-62.683,2,A,FALSE,50.4120709066042,6.87551623133282,33.8079833984375,0.644340515136719,-1,Dfb,D,-48.4120709066042,-4.87551623133282,3,45.767,gentle (20-50 m),<200 m,mid-latitude (45-66.5),D continental,TRUE,20991,0.346067706461285,3.08627648408795,2.4154104136198,3.1055453020211,6.13134432576278,,,,,,TRUE,2.16308855177558,2023-06,5.08878658355112,1.20227842779772,FALSE,TRUE,,0,3,0,12,12,FALSE,,,,FALSE,TRUE
714210-99999,LAC EON  QUE,51.867,-63.283,589,A,TRUE,573.976198947271,566.699717156216,30.4649047851563,0.895498752593994,567,Dfc,D,15.0238010527295,22.3002828437845,22,51.867,gentle (20-50 m),500-1000 m,mid-latitude (45-66.5),D continental,FALSE,7701,-19.6057101399981,3.6053762714831,19.6059836372681,19.9344154723435,25.4717813288082,-18.9790946872613,3.79653282960527,18.9799321592755,19.3550464998997,24.7673705865226,TRUE,-1.71478347472776,2022-07,-3.06279836284064,1.04742975129814,FALSE,TRUE,549,567,529,554,570,569,TRUE,,,,TRUE,TRUE
714340-99999,PEAWANUCK (AUT),54.983,-85.433,53,A,FALSE,52.5447117676526,48.6838809634279,3.80487060546875,0.98020350933075,32,Dfc,D,0.455288232347435,4.31611903657212,21,54.983,flat (<20 m),<200 m,mid-latitude (45-66.5),D continental,FALSE,21912,2.22317260034748,4.61526390360272,3.86613018622586,5.12271268085316,10.7798113801049,,,,,,TRUE,-4.91236725306828,2023-09,-9.99907636360393,1.37500490131711,FALSE,TRUE,29,29,28,28,52,53,FALSE,,,,FALSE,TRUE
714460-99999,SWIFT CURRENT CDA  SASK,50.267,-107.733,825,A,FALSE,799.376501293128,778.596746213029,29.0885009765625,0.995553612709045,817,Dfb,D,25.6234987068723,46.4032537869711,8,50.267,gentle (20-50 m),500-1000 m,mid-latitude (45-66.5),D continental,TRUE,8381,-4.75593832278152,2.79326580216448,4.92672710390947,5.5154648232624,8.99122822362142,,,,,,TRUE,1.05671888174045,2023-09,4.74014892923545,0.630539755810632,FALSE,TRUE,814,817,782,787,821,823,FALSE,,,,FALSE,TRUE
714470-99999,MELITA  MAN,49.283,-100.983,446,A,TRUE,463.199168819755,444.333771598864,6.59368896484375,0.998499751091003,442,Dfb,D,-17.199168819755,1.66622840113592,4,49.283,flat (<20 m),200-500 m,mid-latitude (45-66.5),D continental,TRUE,8533,0.881130575048911,2.93450123829584,2.27341277993761,3.06376882809345,5.98602427130869,-15.8374700023411,4.2175365478612,15.8534517582278,16.3893558763026,22.4243687319731,TRUE,-1.29042982870477,2022-09,-3.09767127554054,0.962051738486054,FALSE,TRUE,440,445,428,429,446,448,FALSE,,,,FALSE,TRUE
714670-99999,SACHS HARBOUR CLIMATE  NWT,72,-125.267,88,A,TRUE,60.6996531849561,30.5329323724208,31.361328125,0.686228752136231,67,ET,E,27.3003468150439,57.4670676275792,21,72,gentle (20-50 m),<200 m,polar (>66.5),E polar,FALSE,8682,0.0743950214985594,2.95557958969255,2.23089954745316,2.95634557752193,6.07772073701389,-7.36646849644514,4.12610611535757,7.58480534365171,8.44320133949291,13.6314652141761,TRUE,-3.86404333217034,2022-07,-12.6882811665889,0.609072778485591,FALSE,TRUE,53,,40,,84,,FALSE,,,,FALSE,TRUE
714700-99999,LUPIN CS  CS,65.75,-111.25,488,A,FALSE,488.414440472154,473.497655290033,32.9893798828125,0.826262831687927,491,ET,E,-0.414440472154126,14.5023447099672,-3,65.75,gentle (20-50 m),200-500 m,mid-latitude (45-66.5),E polar,TRUE,23793,10.3742727831903,12.3058871104438,13.2478925579858,16.0951554411234,32.5025145564821,,,,,,TRUE,-8.55790459719092,2022-10,-11.0774025675555,1.89236595877928,FALSE,TRUE,461,,444,,504,,FALSE,,,,FALSE,TRUE
714850-99999,HERBERT ISLAND,50.933,-127.65,1605,A,FALSE,46.9984115530023,13.4016999943916,2.651123046875,0.235229134559631,-222,Cfb,C,1558.001588447,1591.59830000561,1827,50.933,flat (<20 m),1000-2000 m,mid-latitude (45-66.5),C temperate,FALSE,6992,-1590.97552870676,2.64095477312137,1590.97552870676,1590.9777203306,1595.165319998,,,,,,FALSE,-2.43467123916789,2023-03,-10.6671386628291,0.551252766324258,FALSE,TRUE,,0,6,0,6,8,TRUE,1,34.3602268296161,2.85256395260511,TRUE,FALSE
714900-99999,ROBERTSON LAKE (AUT)  NU,65.083,-102.417,244,A,FALSE,202.439410135597,204.29257506386,19.1876220703125,0.907140254974365,211,ET,E,41.5605898644032,39.7074249361403,33,65.083,flat (<20 m),200-500 m,mid-latitude (45-66.5),E polar,FALSE,8337,-11.4115117084335,3.00610776309927,11.4386799330582,11.8007711370886,15.7674930490815,,,,,,TRUE,-0.823362924357191,2023-05,-2.88661572264176,0.806765518006306,FALSE,TRUE,194,,194,,224,,TRUE,,,,FALSE,TRUE
714920-99999,TUKTUT NOGAIT  NWT,69.183,-122.35,522,A,FALSE,558.71949176388,578.732368469355,52.2501220703125,0.999686598777771,563,ET,E,-36.7194917638797,-56.732368469355,-41,69.183,hilly (50-150 m),500-1000 m,polar (>66.5),E polar,FALSE,8811,33.88704521009,4.10652118944313,33.88704521009,34.1349298436917,41.4338312280532,,,,,,FALSE,-1.85171866071488,2024-03,-6.51434447933571,0.733936781877764,FALSE,TRUE,561,,534,,662,,FALSE,,,,TRUE,FALSE
715060-99999,ROCK RIVER,66.983,-136.217,731,A,FALSE,622.815427302519,686.006514074633,95.029296875,0.999498963356018,737,Dfc,D,108.184572697481,44.9934859253669,-6,66.983,hilly (50-150 m),500-1000 m,polar (>66.5),D continental,TRUE,8466,7.12149011587244,8.54631201934138,7.64924970672892,11.1241378639648,23.1104929386056,,,,,,TRUE,-2.79983085892089,2023-09,-5.42789103810188,1.45896767095799,FALSE,TRUE,723,,659,,821,,FALSE,,,,FALSE,TRUE
715200-99999,LAC BENOIT  QUE,51.533,-71.117,549,A,FALSE,604.130322679636,587.909814386156,38.2457275390625,0.939595580101013,544,Dfc,D,-55.1303226796358,-38.9098143861563,5,51.533,gentle (20-50 m),500-1000 m,mid-latitude (45-66.5),D continental,TRUE,21106,7.37404770644179,3.4014942763565,7.45905763305033,8.12072624189969,12.5512244417906,,,,,,TRUE,-2.00911407461112,2024-07,-3.75828033522581,1.06916669082931,FALSE,TRUE,541,544,517,544,601,602,FALSE,,,,FALSE,TRUE
715540-99999,POINTE-AU-PERE (INRS),48.517,-68.467,5,A,TRUE,80.9354434395283,34.2039107391413,33.7741088867188,0.5063396692276,4,Dfb,D,-75.9354434395283,-29.2039107391413,1,48.517,gentle (20-50 m),<200 m,mid-latitude (45-66.5),D continental,TRUE,19167,-0.035358154320078,2.37033238823063,1.77908820863376,2.37053426404492,4.65636164420296,-28.569451452411,3.97936487063547,28.5716160833878,28.8452435401018,34.8497067975434,TRUE,0.237626222734066,2024-06,1.13491439838853,0.452308395789803,FALSE,TRUE,6,4,2,0,17,21,FALSE,,,,FALSE,TRUE
715680-99999,FANNY ISLAND,50.45,-125.983,8,A,FALSE,396.004650304258,329.717669260145,266.6611328125,0.770537495613098,-4,Cfb,C,-388.004650304258,-321.717669260145,12,50.45,rough (150-300 m),<200 m,mid-latitude (45-66.5),C temperate,TRUE,8437,-0.171299599248953,4.85943012673508,3.85669511949709,4.86216061436888,9.53204440578455,,,,,,TRUE,-5.07628947981179,2022-11,-10.0479314339285,1.30443994004262,FALSE,TRUE,,0,6,0,64,72,FALSE,,,,FALSE,TRUE
715720-99999,KELSEY DAM CS  MAN,56.033,-96.5,183,A,FALSE,193.138881285276,199.601880484161,10.6885375976562,0.794426679611206,179,Dfc,D,-10.1388812852758,-16.6018804841613,4,56.033,flat (<20 m),<200 m,mid-latitude (45-66.5),D continental,TRUE,23772,3.6422514698989,6.48224620401978,6.19189286396323,7.43530389520814,13.6731322048007,,,,,,TRUE,-5.07552654707929,2022-08,-11.2916068164625,0.971021278434583,FALSE,TRUE,170,179,164,167,192,195,FALSE,,,,FALSE,TRUE
715770-99999,GIMLI HARBOUR CS  MAN,50.617,-96.967,217,A,FALSE,233.138046392626,225.09478580861,5.483154296875,0.724601626396179,215,Dfb,D,-16.1380463926265,-8.09478580860949,2,50.617,flat (<20 m),200-500 m,mid-latitude (45-66.5),D continental,TRUE,8509,4.83650704431349,3.73456755269013,5.01058207712747,6.11041374277437,12.2157086168233,,,,,,TRUE,-7.39732066207756,2022-07,-16.3163457314319,0.906737425626781,FALSE,TRUE,214,215,213,215,215,219,FALSE,,,,FALSE,TRUE
715790-99999,WINNIPEG THE FORKS  MAN,49.883,-97.133,230,A,FALSE,238.983091591548,232.028856056859,3.95782470703125,0.991695165634155,229,Dfb,D,-8.98309159154758,-2.02885605685938,1,49.883,flat (<20 m),200-500 m,mid-latitude (45-66.5),D continental,TRUE,8505,1.56973412548892,2.69730717238513,2.41197929091937,3.12068514479541,5.89319203780826,,,,,,TRUE,-1.95193694898934,2022-08,-7.67792462491878,0.549193427652119,FALSE,TRUE,249,232,223,223,278,243,FALSE,,,,FALSE,TRUE
715810-99999,ALGONQUIN PARK EAST GATE,45.533,-78.267,397,A,FALSE,440.480608582569,446.169260782224,26.1119995117188,0.917505741119385,403,Dfb,D,-43.480608582569,-49.1692607822244,-6,45.533,gentle (20-50 m),200-500 m,mid-latitude (45-66.5),D continental,TRUE,25121,0.767616144469458,7.34780295511132,5.57541187657504,7.38764465890311,15.859983038014,,,,,,TRUE,0.380247328241838,2023-03,2.93497302255088,0.366443524028283,FALSE,TRUE,400,403,374,389,466,460,FALSE,,,,TRUE,TRUE
715920-99999,ARCTIC BAY CS,73,-85.017,10,A,FALSE,203.89529402561,142.089886072206,110.285766601563,0.658349752426148,15,ET,E,-193.89529402561,-132.089886072206,-5,73,hilly (50-150 m),<200 m,polar (>66.5),E polar,TRUE,23328,3.45128929008061,4.84116051254678,4.60252533047241,5.94535349719755,11.9365489031709,,,,,,TRUE,-1.44908224404342,2023-10,-4.24733759623287,0.9446687385511,FALSE,TRUE,5,,3,,171,,FALSE,,,,FALSE,TRUE
717300-99999,SUDBURY,46.625,-80.799,347.8,A,FALSE,309.817518995401,289.336907226219,20.0922241210938,0.802785396575928,342,Dfb,D,37.9824810045989,58.4630927737811,5.80000000000001,46.625,gentle (20-50 m),200-500 m,mid-latitude (45-66.5),D continental,TRUE,25048,-1.99829193292852,6.43551262751344,4.79858146755785,6.73849686278926,15.1223798171698,,,,,,TRUE,0.868549085558824,2022-09,3.73180233375363,0.537495830168905,FALSE,FALSE,380,342,348,339,401,343,FALSE,,,,FALSE,TRUE
717420-99999,GANDER AIRPORT CS,48.93,-54.57,151,A,FALSE,86.0471692837259,134.543986096169,25.8949584960938,0.897115588188171,127,Dfb,D,64.9528307162742,16.4560139038306,24,48.93,gentle (20-50 m),<200 m,mid-latitude (45-66.5),D continental,FALSE,25222,-4.35025420015882,4.20504328801743,4.72090389700755,6.05032227158519,12.3541652000227,,,,,,TRUE,-4.89479075483079,2024-07,-9.49716464773211,1.03078991180797,FALSE,FALSE,119,127,109,127,123,130,TRUE,,,,FALSE,TRUE
717430-99999,RIVIERE AUX FEUILLES,57.92,-72.98,171,A,FALSE,229.686944334329,219.180431773338,28.9754028320313,0.941322445869446,174,ET,E,-58.6869443343293,-48.1804317733375,-3,57.92,gentle (20-50 m),<200 m,mid-latitude (45-66.5),E polar,TRUE,25094,-1.29585594416535,4.76396196110325,3.8891718184851,4.93696989884652,9.81306528009581,,,,,,TRUE,-1.74274956461084,2023-10,-8.21663104466864,0.599910122943057,FALSE,FALSE,169,174,163,170,188,184,FALSE,,,,FALSE,TRUE
717550-99999,MUSKRAT DAM  A,53.43,-91.77,278,A,FALSE,280.307489449124,286.481701829881,8.8170166015625,0.921046137809753,264,Dfc,D,-2.30748944912381,-8.48170182988076,14,53.43,flat (<20 m),200-500 m,mid-latitude (45-66.5),D continental,TRUE,8356,0.523693655504783,2.4708689799281,1.88918342577999,2.52561238611443,5.1170191405197,,,,,,TRUE,-0.903547299257336,2022-07,-2.63404683119933,0.686052570178438,FALSE,FALSE,264,264,264,264,268,264,FALSE,,,,FALSE,TRUE
717770-99999,PEMBERTON AIRPORT  BC,50.3,-122.733,204,A,FALSE,1370.90393739516,1121.01745053102,454.370910644531,0.980645537376404,209,Dfc,D,-1166.90393739516,-917.017450531017,-5,50.3,mountain (>300 m),200-500 m,mid-latitude (45-66.5),D continental,TRUE,24981,1.95202880784847,12.1648110774092,9.43935216180802,12.3201916059975,24.2643996249651,,,,,,TRUE,-3.95237943326404,2023-01,-4.51377915209249,2.47664248064743,FALSE,TRUE,205,209,190,206,485,501,FALSE,,,,FALSE,TRUE
717820-99999,SPARWOOD CS  BC,49.75,-114.883,1138,A,TRUE,1829.02937077455,1604.77082196775,269.79638671875,0.999137997627258,1140,Dfc,D,-691.029370774551,-466.770821967747,-2,49.75,rough (150-300 m),1000-2000 m,mid-latitude (45-66.5),D continental,TRUE,7972,0.800955655156782,7.8313353513115,6.23367727175425,7.87169932057378,15.5055055521827,36.515305128613,8.25168661068578,36.5157806701698,37.4359359355559,50.2778405773876,TRUE,2.35166570979477,2022-12,2.89344819979321,2.20095208462157,FALSE,TRUE,1134,1140,1111,1121,1169,1180,FALSE,,,,FALSE,TRUE
717860-99999,YOHO PARK  BC,51.45,-116.35,1602,A,FALSE,2258.75730092909,2049.77497731131,247.83154296875,0.990950345993042,1924,ET,E,-656.757300929089,-447.774977311314,-322,51.45,rough (150-300 m),1000-2000 m,mid-latitude (45-66.5),E polar,FALSE,7610,3.63697282883452,10.577158615601,8.78899340839485,11.1843262880354,22.5191073024576,,,,,,TRUE,-16.3026864770682,2022-08,-10.6067888172914,3.32031008835526,TRUE,TRUE,1918,1924,1580,1589,2469,2485,FALSE,,,,FALSE,FALSE
718050-99999,SAINT PIERRE,46.763,-56.176,8.2,A,FALSE,7.13228754531364,14.4214162073695,0,0.0764291286468506,2,Dfb,D,1.06771245468636,-6.22141620736949,6.2,46.763,flat (<20 m),<200 m,mid-latitude (45-66.5),D continental,TRUE,25600,-2.31397219393357,2.54128950516615,2.76809667148451,3.43691247950674,6.42768445394505,,,,,,TRUE,0.780069774252582,2023-09,3.25225341155176,0.678412850872499,FALSE,FALSE,7,2,4,2,11,5,FALSE,,,,FALSE,TRUE
718170-99999,MARYS HARBOUR,52.3,-55.833,12,A,FALSE,47.3971365253425,29.7171594020384,14.0159912109375,0.411402344703674,16,Dfc,D,-35.3971365253425,-17.7171594020384,-4,52.3,flat (<20 m),<200 m,mid-latitude (45-66.5),D continental,TRUE,8582,-1.04618719160205,3.13744266983203,2.59838775389995,3.30709950670192,6.39724771139062,,,,,,TRUE,-1.02893402192606,2022-07,-4.3082915131829,0.477652925192102,FALSE,TRUE,21,16,2,0,54,54,FALSE,,,,FALSE,TRUE
718250-99999,WABUSH,52.922,-66.864,551.1,A,FALSE,585.741174754503,593.620225178833,33.5147094726563,0.827966451644898,545,Dfc,D,-34.6411747545034,-42.5202251788328,6.10000000000002,52.922,gentle (20-50 m),500-1000 m,mid-latitude (45-66.5),D continental,TRUE,24118,0.245067528706134,10.2037687912805,7.36410767412565,10.206499824162,22.5406178549096,,,,,,TRUE,-1.65823782096052,2022-07,-3.21061235606502,1.03297292669296,FALSE,FALSE,540,545,535,543,546,546,FALSE,,,,FALSE,TRUE
718270-99999,LA GRANDE RIVIERE,53.625,-77.704,194.8,A,FALSE,151.009465276751,170.845883278184,21.2413940429688,0.86560046672821,184,Dfc,D,43.790534723249,23.9541167218163,10.8,53.625,gentle (20-50 m),<200 m,mid-latitude (45-66.5),D continental,TRUE,8488,-0.383171985732837,2.9197456970871,2.27429553472414,2.94461056121783,5.89137005837924,,,,,,TRUE,-0.93117962678907,2023-11,-7.96545169201583,0.330649637491519,FALSE,FALSE,181,184,176,184,185,187,FALSE,,,,FALSE,TRUE
718360-99999,MOOSONEE AWOS,51.283,-80.6,9.1,A,FALSE,14.7913122887275,7.69128920171516,5.38128662109375,0.807384610176086,1,Dfc,D,-5.69131228872755,1.40871079828484,8.1,51.283,flat (<20 m),<200 m,mid-latitude (45-66.5),D continental,TRUE,8407,2.08458198182016,2.51945028366828,2.57524259464712,3.26991693010695,6.33720250910471,,,,,,TRUE,0.159797007876679,2023-02,1.17814514953391,0.383632009782909,FALSE,TRUE,9,1,4,0,28,9,FALSE,,,,FALSE,TRUE
718630-99999,REGINA INTL,50.433,-104.667,577.3,A,TRUE,581.92520548875,572.818014434083,11.0465087890625,0.986863136291504,576,Dfb,D,-4.62520548875011,4.48198556591694,1.29999999999995,50.433,flat (<20 m),500-1000 m,mid-latitude (45-66.5),D continental,TRUE,8405,1.14490214748139,2.94015843024337,2.36817992552198,3.15504421895099,6.09473391309509,-10.447901796985,4.22438504778149,10.52470385168,11.2695145325489,17.0375223490365,TRUE,-0.717214808517156,2022-07,-4.4623251500291,0.321453405748561,FALSE,TRUE,570,576,562,570,579,578,FALSE,,,,FALSE,TRUE
718940-99999,ESTEVAN POINT CS  BC,49.383,-126.55,7,A,FALSE,127.745197534964,39.5064350466265,6.2298583984375,0.427758097648621,2,Cfb,C,-120.745197534964,-32.5064350466265,5,49.383,flat (<20 m),<200 m,mid-latitude (45-66.5),C temperate,TRUE,11414,-0.416585430577661,3.31407191295808,2.60930606207505,3.34000805680279,6.55379041435555,,,,,,TRUE,3.43842601932669,2023-10,11.3869206711128,0.854079667400215,FALSE,TRUE,,0,4,0,21,24,FALSE,,,,FALSE,TRUE
719020-99999,NAIN AIRPORT,56.55,-61.683,7,A,FALSE,72.0623190800375,70.0979214359644,76.2194213867188,0.515206217765808,3,ET,E,-65.0623190800375,-63.0979214359644,4,56.55,hilly (50-150 m),<200 m,mid-latitude (45-66.5),E polar,TRUE,6267,1.88269429641225,3.42310867635953,2.86589197458608,3.90644865343545,8.24831989757221,,,,,,TRUE,-4.16972482574117,2022-07,-9.2464266140922,0.901910543341407,FALSE,TRUE,15,3,4,0,173,180,FALSE,1,0.183874957160554,3.65401676830029,TRUE,TRUE
719120-99999,GILLAM AIRPORT,56.35,-94.717,145,A,TRUE,148.08973096381,142.293829314802,7.46563720703125,0.817589998245239,142,Dfc,D,-3.08973096381027,2.70617068519829,3,56.35,flat (<20 m),<200 m,mid-latitude (45-66.5),D continental,TRUE,22991,1.15512103605638,4.25298792800046,3.35322216750246,4.4069744933564,9.14580593720213,3.10989092980897,5.02380303428884,4.62907707335472,5.90837716829066,11.8966539048582,TRUE,-1.19966179513883,2022-07,-2.42373218888449,0.989929333480504,FALSE,TRUE,132,142,128,130,158,145,FALSE,,,,FALSE,TRUE
719145-99999,TALOYOAK,69.547,-93.577,28,A,FALSE,51.0015943422321,34.8157404669281,38.796875,0.709255576133728,24,ET,E,-23.0015943422321,-6.81574046692806,4,69.547,gentle (20-50 m),<200 m,polar (>66.5),E polar,TRUE,6451,-0.85713825967347,2.78280774737675,2.26879126530884,2.91161544817924,5.69209313644066,,,,,,TRUE,-2.07698048106608,2022-07,-4.92918461192406,0.842727811833912,FALSE,FALSE,11,,9,,14,,FALSE,,,,FALSE,TRUE
719150-99999,CORAL HARBOUR,64.193,-83.359,64,A,FALSE,112.227984725288,42.7695269281559,34.4798583984375,0.877939224243164,63,ET,E,-48.2279847252885,21.2304730718441,1,64.193,gentle (20-50 m),<200 m,mid-latitude (45-66.5),E polar,TRUE,9807,0.551469311731474,2.70088887850868,2.08649227905865,2.75647878637278,5.37298519016959,,,,,,TRUE,-0.939210494824859,2022-07,-3.22433223055473,0.582576749334094,FALSE,FALSE,29,,28,,35,,TRUE,,,,FALSE,TRUE
719160-99999,THOMSEN RIVER,73.233,-119.533,42,A,FALSE,171.660311896137,128.221745575706,39.3021850585938,0.995558261871338,36,ET,E,-129.660311896137,-86.2217455757063,6,73.233,gentle (20-50 m),<200 m,polar (>66.5),E polar,TRUE,8408,3.06614355468368,4.21886631939636,4.04408820730789,5.21516561829635,10.4488098133025,,,,,,TRUE,-4.60602599404519,2022-07,-5.9306063341801,1.55330694182114,FALSE,TRUE,31,,24,,52,,FALSE,,,,FALSE,TRUE
719170-99999,EUREKA,79.983,-85.933,10,A,FALSE,159.788982874504,199.19399399897,154.313232421875,0.818331003189087,-1,ET,E,-149.788982874504,-189.19399399897,11,79.983,rough (150-300 m),<200 m,polar (>66.5),E polar,TRUE,16222,1.77673020251998,3.89857358616601,3.39851653565128,4.28423963959174,8.32795051372925,,,,,,TRUE,-1.13663246022905,2023-03,-3.43336545057992,0.93636466250216,FALSE,TRUE,,,6,,29,,FALSE,,,,FALSE,TRUE
719194-99999,KUGAARUK,68.534,-89.808,17.1,A,FALSE,55.6265650253909,88.2488700269715,16.8375854492188,0.667205452919006,9,ET,E,-38.5265650253909,-71.1488700269715,8.1,68.534,flat (<20 m),<200 m,polar (>66.5),E polar,TRUE,8381,-6.63266111746904,3.82424977914868,6.77291041872859,7.65606523401987,12.6931683663761,,,,,,TRUE,-4.25868808802361,2022-09,-5.22278799274288,1.88309747011102,FALSE,FALSE,16,,10,,18,,FALSE,,,,FALSE,TRUE
719200-99999,BACCARO PT,43.45,-65.467,5,A,FALSE,10.4782313691475,-0.874326987299435,3.58709716796875,0.322692275047302,-1,Climate Zone info missing,"",-5.47823136914747,5.87432698729944,6,43.45,flat (<20 m),<200 m,subtropics (23.5-45),,TRUE,7611,-0.504970449320551,2.52889663795293,1.89277885610602,2.57865722558926,4.88075645751251,,,,,,TRUE,-0.798400403517139,2022-08,-6.20303481802605,0.278048092075965,FALSE,TRUE,,0,3,0,5,6,FALSE,,,,FALSE,TRUE
719240-99999,RESOLUTE BAY,74.717,-94.969,65.5,A,FALSE,73.9332593348646,45.2168458393029,13.3567504882813,0.639244198799133,57,ET,E,-8.43325933486462,20.2831541606971,8.5,74.717,flat (<20 m),<200 m,polar (>66.5),E polar,TRUE,10334,2.97113327039029,2.65917177711173,3.22298167066649,3.98724757014218,7.59190025115619,,,,,,TRUE,-0.433254315827604,2022-07,-1.32934102996043,0.651833210685597,FALSE,FALSE,36,,29,,43,,TRUE,,,,FALSE,TRUE
719246-99999,GRISE FIORD AIRPORT,76.417,-82.9,45,A,FALSE,227.050818593123,202.253142637904,140.131713867188,0.637348532676697,1,ET,E,-182.050818593123,-157.253142637904,44,76.417,hilly (50-150 m),<200 m,polar (>66.5),E polar,FALSE,6612,-4.19170993166871,5.05371523344524,5.45435348931756,6.56556220992417,12.0718848274956,,,,,,TRUE,-0.668659813437548,2023-03,-1.49132283829162,1.26817313125909,FALSE,TRUE,,,8,,297,,FALSE,,,,FALSE,TRUE
719250-99999,CAMBRIDGE BAY UA,69.108,-105.137,31,A,FALSE,14.5140769433242,9.52677838507543,11.260009765625,0.416363000869751,2,ET,E,16.4859230566758,21.4732216149246,29,69.108,flat (<20 m),<200 m,polar (>66.5),E polar,FALSE,8523,-9.91833835735401,2.7476246593204,9.94489646227883,10.2918410047329,13.9033090282193,,,,,,TRUE,-1.73367766483698,2023-03,-9.42366926505617,0.52034730791906,FALSE,FALSE,14,,3,,15,,TRUE,,,,FALSE,TRUE
719360-99999,YELLOWKNIFE,62.463,-114.44,205.7,A,FALSE,201.588186093748,244.673337097786,16.8607177734375,0.826601266860962,205,Dfc,D,4.11181390625237,-38.9733370977857,0.699999999999989,62.463,flat (<20 m),200-500 m,mid-latitude (45-66.5),D continental,TRUE,24947,-0.981603385800151,5.35306878199774,4.13724891284746,5.44221847621555,11.303277606017,,,,,,TRUE,0.734002725768297,2024-04,1.7550550796188,1.02443061122324,FALSE,FALSE,200,,192,,202,,FALSE,,,,FALSE,TRUE
719400-99999,GRANDE PRAIRIE,55.18,-118.885,669,A,FALSE,723.073447370534,663.572757389119,39.4937744140625,0.946380496025085,665,Dfc,D,-54.0734473705343,5.42724261088131,4,55.18,gentle (20-50 m),500-1000 m,mid-latitude (45-66.5),D continental,TRUE,11259,-0.82075841758017,2.82913702707358,2.24744398099701,2.94566627413728,5.76404905092281,,,,,,TRUE,-1.2698724557776,2023-09,-8.63825430797911,0.415794855167874,FALSE,FALSE,663,665,660,665,667,666,FALSE,,,,FALSE,TRUE
719430-99999,FORT ST JOHN,56.238,-120.74,694.9,A,FALSE,697.031647928319,590.357133297303,73.7078247070313,0.977192878723145,685,Dfc,D,-2.13164792831913,104.542866702697,9.89999999999998,56.238,hilly (50-150 m),500-1000 m,mid-latitude (45-66.5),D continental,TRUE,9345,-1.24951038693809,2.85326330285704,2.3967731129978,3.11472575189522,6.06686931627903,,,,,,TRUE,0.276025117428219,2022-07,1.05245762185108,0.524534407271888,FALSE,FALSE,681,685,674,682,690,686,FALSE,,,,FALSE,TRUE
719530-99999,WATSON LAKE,60.116,-128.823,687.3,A,TRUE,723.045962831982,731.89374365864,82.0844116210938,0.981059670448303,692,Dfc,D,-35.7459628319815,-44.5937436586399,-4.70000000000005,60.116,hilly (50-150 m),500-1000 m,mid-latitude (45-66.5),D continental,TRUE,8483,-1.1708534936939,3.62766696218458,2.94383796528396,3.81173374700691,7.66100814501025,-45.5041386806887,6.08209735865666,45.5041386806887,45.9087593454768,55.6059324452407,TRUE,-1.20569749163916,2023-07,-4.3233931900635,0.788784951928129,FALSE,FALSE,685,,678,,686,,FALSE,,,,FALSE,TRUE
719664-99999,DAWSON,64.05,-139.13,370,A,FALSE,682.212701728547,649.500673650023,144.334106445313,0.999871373176575,364,Dsc,D,-312.212701728546,-279.500673650023,6,64.05,hilly (50-150 m),200-500 m,mid-latitude (45-66.5),D continental,TRUE,8511,-2.24492627598382,5.23630388327507,4.56078596556633,5.69695978231496,10.9736373624976,,,,,,TRUE,2.52497457562457,2022-11,4.74701239439121,1.37338093499898,FALSE,FALSE,373,,359,,381,,FALSE,,,,FALSE,TRUE
719770-99999,MARGARET LAKE,68.8,-140.85,568,A,FALSE,726.538092534785,780.024348911198,132.546020507813,0.999746799468994,564,ET,E,-158.538092534785,-212.024348911198,4,68.8,hilly (50-150 m),500-1000 m,polar (>66.5),E polar,TRUE,8734,0.63162157189095,4.63518938342929,3.73328204883354,4.67776298093751,9.24669136184626,,,,,,TRUE,-4.50749170972405,2023-08,-10.2682407851844,1.24160623840718,FALSE,TRUE,563,,530,,865,,FALSE,,,,FALSE,TRUE
719830-99999,REA POINT  NU,75.367,-105.717,15,A,FALSE,41.5755925985173,11.9740972962225,30.0396118164063,0.588102221488953,10,ET,E,-26.5755925985173,3.02590270377754,5,75.367,gentle (20-50 m),<200 m,polar (>66.5),E polar,TRUE,14165,-1.49938810132981,7.72105980837489,6.71859397146358,7.86503150958434,14.0773499156245,,,,,,TRUE,-11.9614580244867,2023-07,-7.58116599509699,4.02258095372954,FALSE,TRUE,9,,5,,19,,FALSE,,,,FALSE,TRUE
719900-99999,MACMILLAN PASS,63.25,-130.033,1379,A,FALSE,1560.13737529189,1607.0141976363,190.388305664063,0.998096942901611,1422,Dfc,D,-181.137375291894,-228.014197636298,-43,63.25,rough (150-300 m),1000-2000 m,mid-latitude (45-66.5),D continental,FALSE,8496,3.14715872692052,4.46274752183395,4.1826956427481,5.4606207816072,11.2887508765744,,,,,,TRUE,-1.26105321653938,2024-07,-2.11187229177245,1.19425139621582,FALSE,TRUE,1403,,1345,,1467,,FALSE,,,,FALSE,TRUE
720151-03049,ALPINE-CASPARIS MUNI ARPT,30.383,-103.683,1375.6,A,TRUE,1467.6256135027,1456.70802784335,86.49755859375,1,1364,BSk,B,-92.0256135026998,-81.1080278433515,11.5999999999999,30.383,hilly (50-150 m),1000-2000 m,subtropics (23.5-45),B arid,TRUE,25065,-77.7876987654349,4.71641137507576,77.7876987654349,77.9305442558113,85.5424261225836,-57.79275281644,5.67602903779401,57.79275281644,58.0708041823918,67.0792077964698,FALSE,1.54510607435381,2024-03,6.94419358260969,0.574501082370201,FALSE,TRUE,1345,1365,1343,1349,1382,1378,FALSE,1,32.0682885912804,-5.00451423199354,TRUE,FALSE
720369-04135,DRIGGS-REED MEMORIAL AIRPORT,43.743,-111.098,1898.6,A,TRUE,2286.83136291764,2091.17545555822,249.923461914063,0.999526619911194,1885,Dfb,D,-388.231362917638,-192.575455558218,13.5999999999999,43.743,rough (150-300 m),1000-2000 m,subtropics (23.5-45),D continental,TRUE,24414,-4.57075127992687,7.9708600876158,7.70854206993766,9.18824114915309,16.6647356391376,37.3263889935081,10.7591244724809,37.3267099505544,38.8460208157553,58.2230104954658,TRUE,-1.28627693491281,2022-07,-2.08726503236883,1.23249986462239,FALSE,FALSE,1891,1886,1882,1883,1893,1887,FALSE,,,,FALSE,TRUE
720393-00129,HEREFORD MUNICIPAL AIRPORT,34.85,-102.333,1153.1,A,FALSE,1161.16305047149,1165.06919093166,12.7657470703125,0.997669577598572,1150,BSk,B,-8.06305047149135,-11.9691909316639,3.09999999999991,34.85,flat (<20 m),1000-2000 m,subtropics (23.5-45),B arid,TRUE,25091,-3.17093495118378,3.87717652530963,3.98720300516598,5.00866520681231,9.21884474226988,,,,,,TRUE,1.16729696369892,2024-03,4.76398682079422,0.632652421952014,FALSE,TRUE,1154,1157,1146,1153,1160,1164,FALSE,,,,FALSE,TRUE
720395-00130,PLEASANTON MUNICIPAL AIRPORT,28.95,-98.517,131.1,A,TRUE,143.476311753377,122.103448297839,14.57958984375,0.999777674674988,122,Cfa,C,-12.3763117533765,8.99655170216127,9.09999999999999,28.95,flat (<20 m),<200 m,subtropics (23.5-45),C temperate,TRUE,23306,-6.27608945030036,3.28573758976767,6.41134412894889,7.08413064995009,11.222370359391,-3.30607223811166,4.57940820962768,4.47530533262255,5.64802561818623,10.3994661632864,TRUE,-2.73796789270517,2023-08,-14.6692082325687,0.522390152166612,FALSE,TRUE,111,128,97,114,131,133,FALSE,,,,FALSE,TRUE
720533-00160,BOULDER MUNICIPAL AIRPORT,40.033,-105.217,1612.1,A,FALSE,2026.26080939018,1710.41342163226,190.057983398438,0.985207080841064,1578,BSk,B,-414.160809390184,-98.3134216322599,34.0999999999999,40.033,rough (150-300 m),1000-2000 m,subtropics (23.5-45),B arid,FALSE,25050,17.4510327339204,8.76042136096253,17.520018063326,19.5264042319628,32.2816720161538,,,,,,TRUE,-1.3314177016248,2022-09,-2.41128510404389,1.27516131070151,FALSE,TRUE,1583,1586,1571,1572,1616,1617,FALSE,1,17.0686890867122,20.8368648359261,TRUE,TRUE
720627-00214,STIGLER REGIONAL AIRPORT,35.283,-95.1,183.2,A,FALSE,183.62325604628,165.95124545589,27.3170166015625,0.917012095451355,171,Cfa,C,-0.423256046279846,17.2487545441103,12.2,35.283,gentle (20-50 m),<200 m,subtropics (23.5-45),C temperate,TRUE,25023,-3.55937811520704,12.2350957442878,7.43648702403115,12.7420860945136,31.4422388425348,,,,,,TRUE,-26.5514821106467,2024-06,-11.2799497661441,5.08493017211778,TRUE,TRUE,169,179,151,161,188,189,FALSE,,,,FALSE,FALSE
720638-00224,BEND MUNICIPAL AIRPORT,44.095,-121.2,1055.2,A,FALSE,1297.39076329901,1043.92690482989,148.900207519531,0.999868273735046,1041,Csb,C,-242.190763299011,11.2730951701142,14.2,44.095,hilly (50-150 m),1000-2000 m,subtropics (23.5-45),C temperate,TRUE,24540,-0.596241811383734,5.65640432591836,4.48187730878178,5.68762783679193,11.2375660799403,,,,,,TRUE,5.91945831452226,2023-02,12.7921063698469,1.30883499374775,FALSE,FALSE,1049,1043,1041,1041,1050,1044,FALSE,,,,FALSE,TRUE
720674-00249,WEST GEORGIA REGIONAL AIRPORT,33.633,-85.15,354.2,A,FALSE,329.22837476674,342.362150301071,31.1007690429688,0.997215032577515,342,Cfa,C,24.9716252332601,11.8378496989288,12.2,33.633,gentle (20-50 m),200-500 m,subtropics (23.5-45),C temperate,TRUE,24193,-11.2679526267684,3.1265228308927,11.2772639315085,11.6936520113566,16.2109612632489,,,,,,TRUE,-0.942180512563593,2024-03,-5.65545411110681,0.430151067458174,FALSE,TRUE,346,347,313,321,372,365,FALSE,,,,FALSE,TRUE
722016-12896,THE FL KEYS MARATHON ARPT,24.726,-81.048,0.9,A,FALSE,0.057209664487873,0.349332468274079,0,0.00762760639190674,1,Aw,A,0.842790335512127,0.550667531725921,-0.1,24.726,flat (<20 m),<200 m,subtropics (23.5-45),A tropical,TRUE,25343,3.679446909068,2.65651590612081,3.88775063199589,4.53818552436532,7.86540227199325,,,,,,TRUE,-0.48896536805835,2024-02,-3.09298403968375,0.408182885969197,FALSE,FALSE,8,7,6,5,10,9,FALSE,,,,FALSE,TRUE
722039-12885,FT LAUDER EXECUTIVE ARPT,26.199,-80.178,3.5,A,FALSE,5.75527233114774,6.87551623133282,1.48272705078125,0.779122352600098,3,Am,A,-2.25527233114774,-3.37551623133282,0.5,26.199,flat (<20 m),<200 m,subtropics (23.5-45),A tropical,TRUE,26140,2.95193564578083,2.46574527303962,3.21486060134992,3.84624378042496,6.94035998090069,,,,,,TRUE,0.476408967114067,2023-08,4.04619886188947,0.333025659650475,FALSE,FALSE,12,4,6,2,15,7,FALSE,,,,FALSE,TRUE
722054-53959,WEST MEMPHIS MUNICIPAL APT,35.14,-90.236,63.7,A,TRUE,69.3441380498182,62.9599079451189,3.76116943359375,0.986334204673767,64,Cfa,C,-5.64413804981824,0.740092054881124,-0.299999999999997,35.14,flat (<20 m),<200 m,subtropics (23.5-45),C temperate,TRUE,26099,2.41801084832746,3.0521912833525,3.0655420786884,3.89387867674107,7.34252709930862,-3.71764883515729,4.54353785725846,4.7043345423725,5.87059265694972,10.8353621754113,TRUE,1.2878536000728,2024-06,7.07696619470704,0.393117851630884,FALSE,FALSE,61,64,55,60,61,66,FALSE,,,,FALSE,TRUE
722101-03039,WOLF CREEK PASS AWOS-3 AIRPOR,37.45,-106.8,3593.9,A,FALSE,3199.32600940752,2993.62430404369,240.193176269531,0.999257206916809,3377,Dfc,D,394.573990592481,600.275695956315,216.9,37.45,rough (150-300 m),>2000 m,subtropics (23.5-45),D continental,FALSE,23545,-16.2386789687527,8.32181840106332,16.6229630911061,18.2467645039053,29.0651227428488,,,,,,TRUE,0.995338128390005,2022-12,1.74062378060303,1.54851865381989,FALSE,TRUE,3389,3409,2947,2981,3559,3570,TRUE,1,28.8609362965047,1.29487136506348,TRUE,TRUE
722155-03040,MONUMENT HILL AWOS-3 ARPT,39.217,-104.633,2151.9,A,FALSE,2067.84611120069,2166.63445531859,113.233459472656,0.999586701393127,2144,BSk,B,84.0538887993098,-14.7344553185849,7.90000000000009,39.217,hilly (50-150 m),>2000 m,subtropics (23.5-45),B arid,TRUE,24996,-4.98773617969224,3.83076668118794,5.41204548011604,6.28901411025943,10.8777984376227,,,,,,TRUE,-0.387037508622816,2023-02,-2.88483314594812,0.379469914653651,FALSE,TRUE,2145,2144,2111,2113,2158,2158,FALSE,,,,FALSE,TRUE
722177-63811,ANDREWS-MURPHY AIRPORT,35.195,-83.865,516.9,A,FALSE,907.590697782245,822.036656885889,208.470520019531,0.991262197494507,514,Cfa,C,-390.690697782245,-305.136656885889,2.89999999999998,35.195,rough (150-300 m),500-1000 m,subtropics (23.5-45),C temperate,TRUE,22545,-0.668519818566738,4.72406336504824,3.72388209424011,4.77102751489749,9.44909434701239,,,,,,TRUE,-2.53156171294549,2023-09,-11.6351865914748,0.608959584416228,FALSE,FALSE,511,512,509,511,514,515,FALSE,,,,FALSE,TRUE
722185-53838,LEE GILMER MEMORIAL ARPT,34.272,-83.83,386.4,A,FALSE,311.961313002529,336.447796265799,23.6826782226563,0.974241018295288,387,Cfa,C,74.4386869974711,49.9522037342007,-0.600000000000023,34.272,gentle (20-50 m),200-500 m,subtropics (23.5-45),C temperate,TRUE,26121,-1.77156757009937,2.89439288895496,2.67583017516961,3.39347036700024,6.40512159812624,,,,,,TRUE,0.465147399133816,2024-01,5.77301375553987,0.227894056107648,FALSE,FALSE,382,389,376,379,386,393,FALSE,,,,FALSE,TRUE
722200-12832,APALACHICOLA MUNI AIRPORT,29.727,-85.025,5.5,A,FALSE,5.08887185290084,3.00059462201669,0.82891845703125,0.475062251091003,6,Cfa,C,0.411128147099162,2.49940537798331,-0.5,29.727,flat (<20 m),<200 m,subtropics (23.5-45),C temperate,TRUE,26262,1.63168065068793,2.92028038946619,2.49945552006718,3.34515987207738,6.45754020718543,,,,,,TRUE,0.314006882055009,2023-05,3.69263650314812,0.240518009775451,FALSE,FALSE,6,5,4,4,8,8,FALSE,,,,FALSE,TRUE
722243-03738,RICHMOND COUNTY AIRPORT,34.891,-79.759,109.1,A,FALSE,108.498054015005,90.0843592103318,16.2900390625,0.993651151657104,106,Cfa,C,0.60194598499487,19.0156407896682,3.09999999999999,34.891,flat (<20 m),<200 m,subtropics (23.5-45),C temperate,TRUE,23690,-1.19768059417314,2.8199908073529,2.37774632898717,3.06373159324684,5.90119245159107,,,,,,TRUE,0.898983787817448,2024-03,6.03388686811316,0.344075746356058,FALSE,FALSE,102,105,93,102,105,105,FALSE,,,,FALSE,TRUE
722310-12916,LOUIS ARMSTRONG NEW ORLEANS I,29.998,-90.278,-1,A,FALSE,1.17969415205498,2.79665137942111,1.29034423828125,0.702067136764526,0,Cfa,C,-2.17969415205498,-3.79665137942111,-1,29.998,flat (<20 m),<200 m,subtropics (23.5-45),C temperate,TRUE,25493,6.28556830233792,2.7131593246883,6.35068644533499,6.84611668388786,10.4611810055643,,,,,,TRUE,0.607643999170379,2024-06,4.38265923184835,0.299512463951099,FALSE,FALSE,9,-1,9,-3,10,2,FALSE,,,,FALSE,TRUE
722429-53910,HOOKS MEMORIAL AIRPT,30.068,-95.556,46.8,A,FALSE,40.9980189622603,54.1903485135087,3.01611328125,0.997764348983765,47,Cfa,C,5.80198103773969,-7.3903485135087,-0.200000000000003,30.068,flat (<20 m),<200 m,subtropics (23.5-45),C temperate,TRUE,25939,-1.75917453703045,2.8811460997841,2.60695943663825,3.37570405691622,6.06851830454144,,,,,,TRUE,0.798569581924058,2023-09,5.85551372481317,0.385738292601013,FALSE,FALSE,56,51,54,45,60,51,FALSE,,,,FALSE,TRUE
722640-93035,MARFA MUNICIPAL AIRPORT,30.371,-104.017,1478,A,FALSE,1493.56544132362,1526.45661681104,60.6996459960938,1,1475,BSk,B,-15.5654413236173,-48.4566168110416,3,30.371,hilly (50-150 m),1000-2000 m,subtropics (23.5-45),B arid,TRUE,18360,-4.66943377057345,3.43525771596888,4.95399968116066,5.79689266393172,10.0441957265315,,,,,,TRUE,0.688475446123789,2024-02,2.77444281316428,0.496298170470182,FALSE,FALSE,1475,1472,1472,1469,1479,1475,FALSE,,,,FALSE,TRUE
722677-03027,CLINES CORNERS,35.003,-105.663,2158,A,FALSE,2018.34406730701,2117.68807709564,67.9805908203125,1,2159,BSk,B,139.655932692994,40.3119229043555,-1,35.003,hilly (50-150 m),>2000 m,subtropics (23.5-45),B arid,TRUE,25647,1.31686451468556,4.33168170948375,3.45535348726747,4.52734657140219,9.15554767554554,,,,,,TRUE,0.492385033179372,2022-12,2.80940738811501,0.474614318585423,FALSE,FALSE,2162,2160,2158,2158,2164,2162,FALSE,,,,FALSE,TRUE
722680-23009,ROSWELL INTERNATIONAL AIR CEN,33.307,-104.508,1104.6,A,FALSE,1136.54686209422,1093.48511278061,29.31005859375,0.999794006347656,1105,BSk,B,-31.9468620942168,11.1148872193867,-0.400000000000091,33.307,gentle (20-50 m),1000-2000 m,subtropics (23.5-45),B arid,TRUE,25611,13.272447279505,4.99706920565146,13.3478363401185,14.1819456505185,20.5200434513431,,,,,,TRUE,-0.532656110218359,2023-03,-1.524714845394,0.988105411877258,FALSE,FALSE,1090,1110,1078,1107,1102,1112,FALSE,,,,FALSE,TRUE
722693-93097,ALAMOGORDO-WHITE SANDS RGL AI,32.84,-105.991,1280.2,A,FALSE,1540.19993169495,1349.02599575288,170.917785644531,0.999870538711548,1270,BSk,B,-259.999931694947,-68.8259957528819,10.2,32.84,rough (150-300 m),1000-2000 m,subtropics (23.5-45),B arid,TRUE,24989,0.90404193536334,5.06986238039399,4.13102857394085,5.14973472950468,9.72478606181935,,,,,,TRUE,0.829209381272832,2024-05,2.87882774720751,0.665193337749115,FALSE,FALSE,1272,1267,1269,1265,1273,1272,FALSE,,,,FALSE,TRUE
722700-23044,EL PASO INTERNATIONAL AIRPORT,31.812,-106.377,1202.1,A,FALSE,1243.23387422374,1207.69332863414,66.8998413085938,0.999657034873962,1200,BWk,B,-41.1338742237413,-5.59332863414124,2.09999999999991,31.812,hilly (50-150 m),1000-2000 m,subtropics (23.5-45),B arid,TRUE,26218,-5.7637808631808,3.95916425220765,6.07128440891284,6.99253555899,11.8708976060766,,,,,,TRUE,0.523904095687814,2024-04,2.20508072123238,0.581973120635776,FALSE,FALSE,1199,1195,1198,1189,1203,1203,FALSE,,,,FALSE,TRUE
722721-93063,GRANT COUNTY AIRPORT,32.633,-108.167,1637.7,A,FALSE,1840.89432656985,1617.82318949386,115.680114746094,0.998087525367737,1642,BSk,B,-203.194326569853,19.8768105061361,-4.29999999999995,32.633,hilly (50-150 m),1000-2000 m,subtropics (23.5-45),B arid,TRUE,24417,22.5419408120489,4.85723483400735,22.5441601028962,23.0592900923822,30.0364136482458,,,,,,TRUE,1.02099884575633,2024-02,4.06613320519165,0.648332838852467,FALSE,TRUE,1637,1638,1608,1602,1650,1656,FALSE,,,,TRUE,TRUE
722725-23078,DEMING MUNICIPAL AIRPORT,32.259,-107.721,1311.6,A,FALSE,1351.64444574919,1320.06605530431,60.8927612304688,1,1312,BSk,B,-40.0444457491856,-8.46605530430907,-0.400000000000091,32.259,hilly (50-150 m),1000-2000 m,subtropics (23.5-45),B arid,TRUE,26072,4.25861425283214,3.50139384973837,4.67406177844251,5.5131736793239,9.6912154415549,,,,,,TRUE,-0.313799333770476,2024-07,-1.33268282752757,0.470928757073645,FALSE,FALSE,1307,1312,1304,1309,1309,1315,FALSE,,,,FALSE,TRUE
722730-03124,SIERRA VISTA MUNICIPAL-LIBBY,31.588,-110.344,1438.4,A,TRUE,1495.69449724485,1383.28846050894,156.811645507813,0.999928116798401,1415,BSk,B,-57.2944972448543,55.1115394910596,23.4000000000001,31.588,rough (150-300 m),1000-2000 m,subtropics (23.5-45),B arid,FALSE,25040,-8.87870573481345,3.8585635563625,8.95597282926758,9.68087463273496,14.9350981887457,19.2911933258188,4.09085238980323,19.306919888761,19.7201558025204,25.7854420889491,TRUE,0.655091580991035,2024-03,3.47297579968224,0.487028786408686,FALSE,FALSE,1415,1415,1410,1408,1419,1419,TRUE,,,,FALSE,TRUE
722764-03029,WINDOW ROCK AIRPORT,35.657,-109.06,2055.2,A,FALSE,2209.33253240467,2216.19266326931,99.0509643554688,0.998202085494995,2055,BSk,B,-154.13253240467,-160.992663269312,0.199999999999818,35.657,hilly (50-150 m),>2000 m,subtropics (23.5-45),B arid,TRUE,25211,-1.76520815472515,3.82982458424579,3.23335144282352,4.21698166745738,8.1283709973236,,,,,,TRUE,0.730016847408687,2022-07,2.12310504758266,0.687687920331474,FALSE,FALSE,2046,2053,2043,2053,2052,2056,FALSE,,,,FALSE,TRUE
723600-23051,CLAYTON MUNICIPAL AIRPARK AIR,36.448,-103.154,1514.6,A,FALSE,1557.60919607167,1510.75298713118,22.4793090820313,0.999895930290222,1515,BSk,B,-43.0091960716709,3.84701286881841,-0.400000000000091,36.448,gentle (20-50 m),1000-2000 m,subtropics (23.5-45),B arid,TRUE,25695,0.816360492574432,4.36037282335661,3.32203267182204,4.43605181088875,8.81515512874264,,,,,,TRUE,-1.0045463799603,2023-07,-4.46284713046999,0.636653272245532,FALSE,FALSE,1516,1514,1509,1513,1519,1518,FALSE,,,,FALSE,TRUE
723620-93040,SOCORRO MUNICIPAL AP,34.067,-106.9,1485.9,A,FALSE,1740.07347095147,1490.76654935681,158.162780761719,0.997952103614807,1405,BSk,B,-254.173470951472,-4.86654935681395,80.9000000000001,34.067,rough (150-300 m),1000-2000 m,subtropics (23.5-45),B arid,FALSE,24478,-0.366591689689278,4.8950086424496,3.94257394825349,4.90861693281665,9.1916789802309,,,,,,TRUE,0.503331909264932,2024-02,2.15563576513422,0.602883577311737,FALSE,TRUE,1397,1403,1392,1395,1431,1434,TRUE,,,,FALSE,TRUE
723630-23047,AMARILLO RICK HUSBAND INTL AI,35.22,-101.717,1099.3,A,FALSE,1075.07350919083,1096.34031817695,28.5093994140625,0.997288465499878,1099,BSk,B,24.2264908091702,2.95968182304864,0.299999999999955,35.22,gentle (20-50 m),1000-2000 m,subtropics (23.5-45),B arid,TRUE,26215,-1.42474186171002,4.61660390454123,3.67665954758051,4.83136709171519,9.44175301234409,,,,,,TRUE,-2.61892191642716,2024-07,-4.78755890279867,1.09405313630553,FALSE,FALSE,1096,1109,1094,1103,1102,1110,FALSE,,,,FALSE,TRUE
723700-93167,KINGMAN AIRPORT,35.257,-113.934,1043.5,A,FALSE,1174.59024337121,1154.0562558315,176.529968261719,1,1044,BSk,B,-131.090243371207,-110.556255831502,-0.5,35.257,rough (150-300 m),1000-2000 m,subtropics (23.5-45),B arid,TRUE,26172,0.0401183423740831,8.7601900034958,6.96370346848385,8.7601145084999,17.666440622771,,,,,,TRUE,-0.515490266029978,2024-05,-1.85907125035413,0.640359413444423,FALSE,FALSE,1041,1044,1040,1042,1048,1051,FALSE,,,,FALSE,TRUE
723723-23184,ERNEST A. LOVE FIELD ARPT,34.649,-112.422,1527.8,A,FALSE,1524.39393206714,1640.05300293678,92.5382080078125,0.999750852584839,1529,BSk,B,3.40606793285656,-112.253002936783,-1.20000000000005,34.649,hilly (50-150 m),1000-2000 m,subtropics (23.5-45),B arid,TRUE,25343,10.7886234506621,3.09519285142692,10.8244705354333,11.2238245141937,15.5995725190118,,,,,,TRUE,0.507261137402084,2023-09,5.79316687307024,0.245069269554121,FALSE,FALSE,1531,1527,1527,1525,1535,1529,FALSE,,,,FALSE,TRUE
723759-53990,MC CURTAIN COUNTY REGIONAL AI,33.909,-94.859,143.9,A,FALSE,164.194077249239,123.123164510817,22.08203125,0.962220788002014,137,Cfa,C,-20.2940772492391,20.7768354891834,6.90000000000001,33.909,gentle (20-50 m),<200 m,subtropics (23.5-45),C temperate,TRUE,22314,-1.69923703301737,3.54840697076245,2.95001403567828,3.9342132950998,7.36528732248588,,,,,,TRUE,0.656377453662257,2024-03,5.64713582976098,0.300109533221263,FALSE,FALSE,140,143,138,139,149,144,FALSE,,,,FALSE,TRUE
723760-99999,FLAGSTAFF,35.217,-111.817,2181.6,A,FALSE,2223.51853756443,2216.6005497545,245.520385742188,0.995999097824097,2153,Csb,C,-41.9185375644333,-35.0005497545035,28.5999999999999,35.217,rough (150-300 m),>2000 m,subtropics (23.5-45),C temperate,FALSE,8420,-485.173747089494,16.8252297064099,485.173747089494,485.465363953587,512.109575472114,,,,,,FALSE,-1.55516355980403,2023-01,-1.55141244269605,2.83526590022865,FALSE,TRUE,2154,2153,2152,2150,2183,2190,FALSE,2,35.979028585711,-0.812997602325049,TRUE,FALSE
723762-93244,SANTA YNEZ AIRPORT,34.607,-120.076,204.5,A,FALSE,276.408668241066,299.126182870807,38.9054565429688,0.530758261680603,204,Csb,C,-71.908668241066,-94.6261828708071,0.5,34.607,gentle (20-50 m),200-500 m,subtropics (23.5-45),C temperate,TRUE,24881,-1.24840563826443,6.68971200952893,5.35540888502108,6.80506904863092,13.7500594582627,,,,,,TRUE,1.97645128756006,2022-09,4.58565276908441,0.995369462429507,FALSE,FALSE,193,210,190,200,193,211,FALSE,,,,FALSE,TRUE
723830-23187,SANDBERG,34.744,-118.725,1374.7,A,FALSE,1181.72905351534,1059.83447775234,280.774841308594,0.993464589118958,1379,Csb,C,192.970946484656,314.865522247658,-4.29999999999995,34.744,rough (150-300 m),1000-2000 m,subtropics (23.5-45),C temperate,TRUE,24503,3.99550202410003,3.65723095979246,4.42503957363356,5.41653291806831,10.0767588730921,,,,,,TRUE,1.2393501672807,2022-12,3.48239986021539,0.963753805798133,FALSE,FALSE,1370,1378,1350,1365,1371,1378,FALSE,,,,FALSE,TRUE
724016-93736,CHARLOTTESVILLE ALBEMARLE ARP,38.137,-78.455,192.3,A,FALSE,328.878245645174,156.773799539088,150.474609375,0.999123454093933,196,Cfa,C,-136.578245645174,35.5262004609117,-3.69999999999999,38.137,rough (150-300 m),<200 m,subtropics (23.5-45),C temperate,TRUE,26105,4.7354682986866,3.65716684073445,5.11044506908258,5.98322797157894,10.4706987145591,,,,,,TRUE,1.24152444980196,2024-06,5.4216983256846,0.494678822426246,FALSE,FALSE,191,189,187,187,202,193,FALSE,,,,FALSE,TRUE
724070-93730,ATLANTIC CITY INTERNATIONAL A,39.452,-74.567,17.8,A,FALSE,11.7935059532307,15.8490189055386,6.7030029296875,0.807088732719421,18,Cfa,C,6.00649404676928,1.95098109446141,-0.199999999999999,39.452,flat (<20 m),<200 m,subtropics (23.5-45),C temperate,TRUE,20484,1.90089961206731,2.66850459763883,2.50196650333701,3.27627661983223,6.248748403842,,,,,,TRUE,-0.534070320748839,2022-07,-3.15952952175969,0.338069524003935,FALSE,FALSE,14,18,11,15,18,20,FALSE,,,,FALSE,TRUE
724085-94732,NE PHILADELPHIA AIRPORT,40.079,-75.013,32.9,A,TRUE,32.1587523676536,42.5655836855603,20.1278686523438,0.958500623703003,32,Cfa,C,0.741247632346415,-9.66558368556031,0.899999999999999,40.079,gentle (20-50 m),<200 m,subtropics (23.5-45),C temperate,TRUE,25079,-0.830283869123572,2.48724419453384,1.99211183076135,2.62211904968434,5.13698283156369,-11.4497742155853,3.88465433040379,11.4887667507332,12.0907926594774,17.4803751294838,TRUE,0.254914182563946,2023-09,2.04305365381172,0.349210690596662,FALSE,FALSE,34,40,30,29,36,47,FALSE,,,,FALSE,TRUE
724666-93067,CENTENNIAL AIRPORT,39.56,-104.848,1789.2,A,FALSE,1871.07991810723,1777.30680520361,71.8096923828125,0.998482823371887,1789,BSk,B,-81.8799181072284,11.8931947963881,0.200000000000045,39.56,hilly (50-150 m),1000-2000 m,subtropics (23.5-45),B arid,TRUE,25821,-11.6130631640166,4.56589578241217,11.6365213409858,12.4783746123257,19.0253478150519,,,,,,TRUE,0.665301899559728,2024-03,2.62863487465449,0.653495901881688,FALSE,FALSE,1781,1794,1778,1788,1790,1795,FALSE,,,,FALSE,TRUE
724674-94050,MEEKER AIRPORT,40.044,-107.888,1940.8,A,FALSE,2137.63891442605,2094.64249068234,117.129516601563,0.99998664855957,1939,Dfb,D,-196.838914426053,-153.842490682343,1.79999999999995,40.044,hilly (50-150 m),1000-2000 m,subtropics (23.5-45),D continental,TRUE,26007,6.92501901184243,5.42155677673151,7.55432867713729,8.79477322000408,15.3181162110897,,,,,,TRUE,0.675546591205233,2024-03,2.04100335504136,0.854606041635518,FALSE,FALSE,1939,1942,1932,1941,1940,1944,FALSE,,,,FALSE,TRUE
724675-23063,EAGLE CO REGIONAL AIRPORT,39.65,-106.917,1980.3,A,FALSE,2696.72103281001,2456.43780304691,345.128112792969,0.998536944389343,1955,Dfc,D,-716.421032810007,-476.137803046912,25.3,39.65,mountain (>300 m),1000-2000 m,subtropics (23.5-45),D continental,FALSE,24858,5.76905742814649,10.182646997249,9.5697662817192,11.70316847421,21.9962054629011,,,,,,TRUE,-1.0088081204964,2022-12,-1.82515514457589,1.49678525287336,FALSE,TRUE,1947,1958,1934,1945,2089,2095,FALSE,,,,FALSE,TRUE
724689-03026,KIT CARSON COUNTY AIRPORT,39.241,-102.282,1278.2,A,FALSE,1260.48579957542,1284.17204460749,10.2957153320313,0.999988317489624,1278,BSk,B,17.7142004245843,-5.97204460748571,0.200000000000045,39.241,flat (<20 m),1000-2000 m,subtropics (23.5-45),B arid,TRUE,25951,5.95085042422245,3.95775980421521,6.23745005681303,7.1467391057413,12.2438962604315,,,,,,TRUE,0.982686524660994,2024-03,4.60173607776259,0.551375753301199,FALSE,FALSE,1272,1279,1268,1277,1275,1282,FALSE,,,,FALSE,TRUE
724755-93129,CEDAR CITY REGIONAL ARPT,37.707,-113.097,1703.8,A,TRUE,2116.78213293084,1886.00855350706,240.765441894531,0.999968290328979,1703,Csb,C,-412.982132930843,-182.208553507059,0.799999999999955,37.707,rough (150-300 m),1000-2000 m,subtropics (23.5-45),C temperate,TRUE,26158,12.1531751308942,8.03971316283573,12.4439415675597,14.5716911331897,25.5885760068222,70.3748218265757,12.2733235418343,70.3748218265757,71.4369950323089,94.4403597336513,TRUE,1.30636317893183,2022-07,1.76762582850356,1.47809921971753,FALSE,FALSE,1699,1706,1691,1704,1708,1707,FALSE,,,,FALSE,TRUE
724756-23159,BRYCE CANYON AIRPORT,37.701,-112.149,2309.9,A,FALSE,2386.81692756,2249.43541181239,201.692626953125,0.999946594238281,2310,Cfb,C,-76.9169275599975,60.4645881876072,-0.0999999999999091,37.701,rough (150-300 m),>2000 m,subtropics (23.5-45),C temperate,TRUE,25946,1.32736987729585,3.73819391487231,3.06890715370213,3.96679542610906,7.89261276717377,,,,,,TRUE,0.548989196357832,2024-03,1.61206209676018,0.879298640341801,FALSE,FALSE,2306,2312,2306,2309,2312,2315,FALSE,,,,FALSE,TRUE
724770-03170,EUREKA,39.601,-116.006,1809.3,A,FALSE,2035.87043971756,2020.20320713495,179.542419433594,1,1812,BSk,B,-226.570439717564,-210.903207134955,-2.70000000000005,39.601,rough (150-300 m),1000-2000 m,subtropics (23.5-45),B arid,TRUE,24981,2.92206808675509,5.43051306689451,4.86918497177644,6.16666632446296,12.0328632422109,,,,,,TRUE,1.16807607051787,2022-07,1.42990487098261,1.63378151123464,FALSE,FALSE,1811,1814,1808,1813,1815,1816,FALSE,,,,TRUE,TRUE
724855-23153,TONOPAH AIRPORT,38.05,-117.091,1645.7,A,FALSE,1713.96037103968,1648.82256236839,113.96484375,1,1645,BWk,B,-68.2603710396773,-3.12256236839289,0.700000000000046,38.05,hilly (50-150 m),1000-2000 m,subtropics (23.5-45),B arid,TRUE,25325,9.964273535414,4.17826798848889,10.0706097480386,10.8048128682021,16.4346223648947,,,,,,TRUE,0.661071292507985,2022-10,2.3582346196801,0.686652352880134,FALSE,FALSE,1644,1649,1643,1646,1648,1650,FALSE,,,,FALSE,TRUE
724860-23154,ELY AIRPORT/YELLAND FIELD/AIR,39.295,-114.847,1904.9,A,TRUE,2229.66670934073,2235.97515780108,311.486999511719,0.998792290687561,1905,BSk,B,-324.766709340728,-331.075157801084,-0.0999999999999091,39.295,mountain (>300 m),1000-2000 m,subtropics (23.5-45),B arid,TRUE,26132,5.89802863798068,5.97361442026113,6.91979057783833,8.39460812217521,15.7013802583761,-11.8543394781112,6.93582273013104,12.1444079736857,13.7342331615297,22.8272946293011,TRUE,-1.15787520625222,2023-11,-1.91249921073752,1.71240104155229,FALSE,FALSE,1900,1908,1897,1904,1903,1910,FALSE,,,,FALSE,TRUE
724885-93102,FALLON NAS,39.417,-118.717,1199.1,A,FALSE,1240.3699056412,1170.57565848174,68.9209594726563,0.989199995994568,1198,BWk,B,-41.2699056411977,28.5243415182554,1.09999999999991,39.417,hilly (50-150 m),1000-2000 m,subtropics (23.5-45),B arid,TRUE,25840,-0.18955112831115,3.83975236656708,2.93475257118376,3.84435394965713,7.62700305183533,,,,,,TRUE,0.671928794267652,2023-09,4.08675571574023,0.465039204639711,FALSE,TRUE,1198,1202,1188,1198,1202,1208,FALSE,,,,FALSE,TRUE
724950-23254,BUCHANAN FIELD AIRPORT,37.992,-122.053,7,A,TRUE,80.26824630799,100.893351067898,91.9189453125,0.849036335945129,7,Csb,C,-73.26824630799,-93.8933510678978,0,37.992,hilly (50-150 m),<200 m,subtropics (23.5-45),C temperate,TRUE,26164,9.946088071405,2.72636757551562,9.94715423706502,10.3129755155948,14.4131570629038,-1.62569811236246,4.30905102156997,3.64139612493599,4.60544301719643,9.04236801143075,TRUE,1.54677412907704,2022-07,5.02806524721225,0.615256188226526,FALSE,FALSE,13,4,11,0,14,6,FALSE,,,,FALSE,TRUE
725025-94741,TETERBORO AIRPORT,40.859,-74.056,0.8,A,TRUE,18.3376144153457,40.5261512596045,21.712158203125,0.705070376396179,1,Cfa,C,-17.5376144153457,-39.7261512596045,-0.2,40.859,gentle (20-50 m),<200 m,subtropics (23.5-45),C temperate,TRUE,25174,3.60039999177047,2.65619881886801,3.832124102021,4.47414706967202,7.78139312859037,-9.13836191291579,4.08372358691463,9.21826973725126,10.0092854052899,15.7186229602745,TRUE,0.201362294980342,2023-01,1.14742654431574,0.491164040728446,FALSE,FALSE,6,-5,5,-5,7,0,FALSE,,,,FALSE,TRUE
725317-53802,COLES COUNTY MEMO AIRPORT,39.474,-88.272,216.4,A,FALSE,206.506325188138,210.614815584323,8.9010009765625,0.995411396026611,216,Cfa,C,9.89367481186235,5.78518441567712,0.400000000000006,39.474,flat (<20 m),200-500 m,subtropics (23.5-45),C temperate,TRUE,25310,5.14970893641385,3.01886756400021,5.30205907696863,5.96931347989528,9.82076919703563,,,,,,TRUE,0.772671372688854,2023-01,4.75039045520187,0.455238326495792,FALSE,FALSE,214,214,212,211,218,219,FALSE,,,,FALSE,TRUE
725375-14822,DETROIT CITY AIRPORT,42.407,-83.009,189.8,A,TRUE,197.974566764007,185.733739987661,11.1426391601562,0.877919316291809,190,Dfa,D,-8.17456676400707,4.06626001233857,-0.199999999999989,42.407,flat (<20 m),<200 m,subtropics (23.5-45),D continental,TRUE,26108,0.581943311650186,2.43510301407483,1.8869742680029,2.50362888307222,4.86322661772023,-8.36230408811966,3.7547286137791,8.45890096431429,9.16654660371452,14.0434625141766,TRUE,0.660722527950577,2023-06,4.84101617234391,0.386035793613441,FALSE,FALSE,190,188,190,188,194,190,FALSE,,,,FALSE,TRUE
725467-04973,SHENANDOAH MUNICIPAL ARPT,40.751,-95.413,296,A,FALSE,318.473953659634,315.237699035858,18.0902709960938,0.996437549591064,292,Dfa,D,-22.4739536596341,-19.2376990358583,4,40.751,flat (<20 m),200-500 m,subtropics (23.5-45),D continental,TRUE,24430,1.61256646492635,3.02472491145693,2.51481128368245,3.42767514458865,6.43466055880339,,,,,,TRUE,0.916586039761571,2023-01,11.4522864344275,0.22400326084211,FALSE,FALSE,282,288,271,287,303,290,FALSE,2,31.5414965413435,-3.7474429923267,TRUE,TRUE
725636-24017,CHADRON MUNICIPAL AIRPORT,42.837,-103.098,1003,A,FALSE,1136.99896283708,1056.57138587081,52.1126708984375,0.998435974121094,1003,BSk,B,-133.99896283708,-53.5713858708123,0,42.837,hilly (50-150 m),1000-2000 m,subtropics (23.5-45),B arid,TRUE,26013,1.73643724753521,4.72934346835301,3.84071454207974,5.03796031434353,9.70677935948731,,,,,,TRUE,1.35281827032977,2024-04,7.06662720589918,0.468924478463527,FALSE,FALSE,1000,1002,1000,999,1006,1003,FALSE,,,,FALSE,TRUE
725660-24028,WESTERN NE REGIONAL/HEILIG FI,41.875,-103.601,1206,A,FALSE,1296.51524133177,1213.81162591201,48.0707397460938,0.996518969535828,1206,BSk,B,-90.5152413317749,-7.81162591200882,0,41.875,gentle (20-50 m),1000-2000 m,subtropics (23.5-45),B arid,TRUE,26150,-2.67931896364794,4.42988746732042,4.00425582781117,5.17705540302841,10.0069198816239,,,,,,TRUE,0.876336709938942,2024-06,4.53157411813789,0.417758511983608,FALSE,FALSE,1208,1202,1202,1200,1208,1206,FALSE,,,,TRUE,TRUE
725690-24089,NATRONA COUNTY INTERNATIONAL,42.898,-106.474,1621.1,A,FALSE,1658.93552820344,1616.80347328089,53.0084228515625,0.999010801315308,1621,BSk,B,-37.8355282034386,4.2965267191139,0.0999999999999091,42.898,hilly (50-150 m),1000-2000 m,subtropics (23.5-45),B arid,TRUE,26118,-4.8685483930525,5.84893774181252,6.25784899841218,7.60996230842622,13.7994041728506,,,,,,TRUE,1.50742831533947,2024-05,4.89187920925897,0.711639929291828,FALSE,FALSE,1613,1616,1603,1616,1623,1622,FALSE,,,,FALSE,TRUE
725717-03016,GARFIELD CO REGIONAL ARPT,39.528,-107.72,1684,A,FALSE,2217.20545855682,1836.45034555633,352.164916992188,0.999734401702881,1684,Dfb,D,-533.205458556821,-152.450345556332,0,39.528,mountain (>300 m),1000-2000 m,subtropics (23.5-45),D continental,TRUE,24598,8.24740332385804,9.28762290168669,10.0392202019717,12.4207928073704,23.8658470827424,,,,,,TRUE,1.21168481701136,2023-12,1.75928716664917,1.9276413556665,FALSE,FALSE,1679,1686,1679,1685,1684,1690,FALSE,,,,FALSE,TRUE
725724-24174,PROVO MUNICIPAL AIRPORT,40.219,-111.723,1370.7,A,FALSE,1774.13438242481,1507.48989524965,311.363891601563,0.921513557434082,1370,Dfa,D,-403.434382424809,-136.789895249652,0.700000000000046,40.219,mountain (>300 m),1000-2000 m,subtropics (23.5-45),D continental,TRUE,24286,0.727947533484897,7.6093931551565,6.14981943543743,7.64397721043925,14.7509180073262,,,,,,TRUE,3.60031218692741,2023-08,6.30460718366932,1.59828944648855,FALSE,FALSE,1364,1373,1362,1369,1369,1373,FALSE,,,,FALSE,TRUE
725744-24027,RCK SRINGS-SWETWTER CO APT,41.595,-109.053,2060,A,FALSE,2143.72295561239,1987.36834507707,90.3007202148438,0.999510049819946,2060,BSk,B,-83.7229556123907,72.6316549229348,0,41.595,hilly (50-150 m),>2000 m,subtropics (23.5-45),B arid,TRUE,25450,-4.45378334755524,4.33405103530393,5.04058969329053,6.21445463488044,11.4962242648546,,,,,,TRUE,1.26377507693607,2024-03,4.15590178376275,0.744869404814754,FALSE,FALSE,2056,2060,2050,2059,2062,2063,FALSE,,,,FALSE,TRUE
725805-24172,DERBY FIELD AIRPORT,40.068,-118.57,1189.5,A,FALSE,1284.09581484567,1375.7425605329,112.207763671875,0.992035746574402,1190,BWk,B,-94.5958148456659,-186.242560532904,-0.5,40.068,hilly (50-150 m),1000-2000 m,subtropics (23.5-45),B arid,TRUE,26050,0.0898274670194815,3.93408019840974,3.00547127451294,3.93503009584044,7.73032581538403,,,,,,TRUE,0.588147188517804,2023-09,2.63287961310827,0.631829671613079,FALSE,FALSE,1186,1195,1184,1191,1194,1196,FALSE,,,,FALSE,TRUE
725810-24193,WENDOVER AIRPORT,40.721,-114.036,1291.4,A,FALSE,1466.27807446032,1276.42220138885,171.769104003906,0.959005236625671,1288,BSk,B,-174.878074460315,14.9777986111465,3.40000000000009,40.721,rough (150-300 m),1000-2000 m,subtropics (23.5-45),B arid,TRUE,22770,-3.08461259421061,5.26152466775095,4.76018076806678,6.09895572136474,12.0783828306045,,,,,,TRUE,0.861200672168278,2022-10,1.71125964893301,1.23271895896656,FALSE,FALSE,1279,1291,1277,1287,1282,1292,FALSE,,,,FALSE,TRUE
725835-24119,BATTLE MOUNTAIN AIRPORT,40.612,-116.892,1373.1,A,FALSE,1622.51811629417,1419.59035769095,230.902160644531,0.999383091926575,1379,BSk,B,-249.418116294173,-46.4903576909549,-5.90000000000009,40.612,rough (150-300 m),1000-2000 m,subtropics (23.5-45),B arid,TRUE,24675,5.36636196315105,5.65894492365688,6.28893031350721,7.79873070124855,15.0512724714369,,,,,,TRUE,-1.06807958758969,2023-07,-2.09049951651517,1.44510211701094,FALSE,FALSE,1368,1384,1366,1381,1372,1389,FALSE,,,,FALSE,TRUE
725845-23225,BLUE CANYON - NYACK ARPT,39.276,-120.709,1611.2,A,FALSE,1336.99478837383,1486.27979801971,111.203186035156,0.993971943855286,1610,Csb,C,274.205211626167,124.920201980289,1.20000000000005,39.276,hilly (50-150 m),1000-2000 m,subtropics (23.5-45),C temperate,TRUE,25972,-1.18725310155482,4.44778855493702,3.66746086389496,4.60343689632879,9.12937755837196,,,,,,TRUE,1.70977109717425,2022-07,6.27270525449649,0.545146321341538,FALSE,FALSE,1599,1611,1597,1607,1609,1612,FALSE,,,,FALSE,TRUE
725864-94182,MCCALL MUNICIPAL AIRPORT,44.894,-116.1,1531.1,A,FALSE,1889.30256549446,1706.94638650814,241.357543945313,0.997469902038574,1531,Dsb,D,-358.202565494461,-175.846386508135,0.0999999999999091,44.894,rough (150-300 m),1000-2000 m,subtropics (23.5-45),D continental,TRUE,25905,4.77578451236744,6.92855096565066,6.71145339745195,8.41493214958006,16.43240461062,,,,,,TRUE,-6.05705036463431,2024-07,-9.10378406869173,1.33066652700271,FALSE,FALSE,1531,1528,1521,1526,1539,1530,FALSE,,,,FALSE,TRUE
725895-94236,KLAMATH FALLS AIRPORT,42.147,-121.726,1244.5,A,TRUE,1387.88699226099,1288.65879594459,126.834594726563,0.829892039299011,1244,Csb,C,-143.386992260991,-44.1587959445887,0.5,42.147,hilly (50-150 m),1000-2000 m,subtropics (23.5-45),C temperate,TRUE,26113,1.70961924061804,3.96973899563661,3.47032951717298,4.32215480466104,8.26475304918235,-24.3046692074359,4.71629525716344,24.30478193887,24.7580195981178,32.1237574870081,TRUE,0.553099449183146,2023-05,1.81763497996955,0.860679675507785,FALSE,FALSE,1238,1245,1232,1243,1240,1247,FALSE,,,,FALSE,TRUE
725957-24215,MOUNT SHASTA,41.315,-122.317,1083,A,FALSE,1414.9469146096,1447.53058192655,339.669738769531,0.998659729957581,1080,Csb,C,-331.946914609602,-364.53058192655,3,41.315,mountain (>300 m),1000-2000 m,subtropics (23.5-45),C temperate,TRUE,25995,-2.45248972169614,5.40785339802643,4.65344339028942,5.93788339311296,11.9709862656718,,,,,,TRUE,0.432054478372757,2023-10,1.73930855718735,0.702597938098884,FALSE,FALSE,1090,1081,1082,1077,1091,1084,FALSE,,,,FALSE,TRUE
725975-24235,SEXTON SUMMIT,42.6,-123.367,1170.7,A,FALSE,648.906619248801,524.483465938929,192.995300292969,0.999914526939392,1142,Csb,C,521.7933807512,646.216534061071,28.7,42.6,rough (150-300 m),1000-2000 m,subtropics (23.5-45),C temperate,FALSE,21819,-1.44834959969234,6.35500855895671,4.90117880444231,6.51782167488659,14.0933684442826,,,,,,TRUE,1.50579388615438,2022-12,3.27007806533972,1.21830612874745,FALSE,TRUE,1156,1151,673,670,1156,1151,FALSE,,,,FALSE,TRUE
726593-04946,JACKSON MUNICIPAL AIRPORT,43.65,-94.986,440.7,A,FALSE,416.400169543754,431.485347315342,10.1473388671875,0.981723070144653,439,Dfa,D,24.2998304562465,9.21465268465784,1.69999999999999,43.65,flat (<20 m),200-500 m,subtropics (23.5-45),D continental,TRUE,22995,-1.08315678754007,3.19353438709737,2.54269477266053,3.37215761664089,6.58313378332364,,,,,,TRUE,1.84629720623406,2023-06,8.85744158318831,0.583400261644836,FALSE,FALSE,445,435,440,435,448,438,FALSE,2,30.8663768526888,1.42825091144117,TRUE,TRUE
726605-00386,BLACK HILLS AIRPORT CLYDE ICE,44.483,-103.783,1198.2,A,TRUE,1211.76168762077,1223.19301507141,86.33154296875,0.999108552932739,1183,Dfb,D,-13.5616876207728,-24.9930150714056,15.2,44.483,hilly (50-150 m),1000-2000 m,subtropics (23.5-45),D continental,TRUE,23519,1.47250818705231,3.97460543534328,3.14403096243225,4.2385253375576,8.26097748295453,11.3082092080301,6.02061942227829,11.6475896847146,12.8110074742203,19.973447181146,TRUE,0.779707212035747,2024-03,5.31536150778225,0.359314190664051,FALSE,TRUE,1186,1183,1165,1161,1205,1200,FALSE,,,,FALSE,TRUE
726664-94173,YELLOWSTONE,44.545,-110.422,2372,A,FALSE,2507.63059417908,2405.45199239802,110.012023925781,0.880732893943787,2376,Dfc,D,-135.630594179077,-33.4519923980156,-4,44.545,hilly (50-150 m),>2000 m,subtropics (23.5-45),D continental,TRUE,24989,7.11263160664334,3.99096139104411,7.31998980469571,8.15577487460643,13.3066765645314,,,,,,TRUE,-1.17390985612781,2022-07,-3.19848342029865,0.73404154523846,FALSE,FALSE,2379,2378,2371,2373,2381,2384,FALSE,,,,FALSE,TRUE
726665-24062,WORLAND MUNICIPAL AIRPORT,43.965,-107.95,1278.5,A,FALSE,1318.67216099853,1300.07961752994,52.31396484375,1,1279,BWk,B,-40.1721609985316,-21.5796175299415,-0.5,43.965,hilly (50-150 m),1000-2000 m,subtropics (23.5-45),B arid,TRUE,25341,3.66193829799542,4.86553963205328,4.99717562710556,6.08952656721458,11.1369711816662,,,,,,TRUE,0.87091169841046,2023-02,3.04477174249302,0.80055778940285,FALSE,FALSE,1276,1283,1266,1276,1281,1287,FALSE,,,,FALSE,TRUE
726776-24036,LEWISTOWN MUNICIPAL ARPT,47.054,-109.457,1257.4,A,FALSE,1391.87543696433,1238.28481502348,110.054077148438,0.999800324440002,1258,Dfb,D,-134.47543696433,19.1151849765211,-0.599999999999909,47.054,hilly (50-150 m),1000-2000 m,mid-latitude (45-66.5),D continental,TRUE,26024,8.11855607532527,3.85872933964129,8.25589130964387,8.98889162848462,13.96670421346,,,,,,TRUE,0.488869927031677,2023-02,2.35118127814501,0.588101383309759,FALSE,FALSE,1254,1253,1253,1251,1256,1255,FALSE,,,,FALSE,TRUE
726798-24150,MISSION FIELD AIRPORT,45.698,-110.442,1415.9,A,FALSE,1708.18503300375,1498.10850609026,196.681396484375,0.999858975410461,1416,Dfb,D,-292.285033003753,-82.208506090255,-0.0999999999999091,45.698,rough (150-300 m),1000-2000 m,mid-latitude (45-66.5),D continental,TRUE,25898,-2.07305087293391,7.45527129322353,6.15840750621066,7.73798835772888,14.7803030881175,,,,,,TRUE,-1.29391397643099,2022-07,-1.67083131347476,1.54882658230781,FALSE,FALSE,1421,1416,1414,1415,1427,1418,FALSE,,,,FALSE,TRUE
726816-04110,JEROME COUNTY AIRPORT,42.727,-114.455,1226.6,A,TRUE,1150.60739436059,1105.10987760856,67.58203125,0.999035000801086,1226,BSk,B,75.9926056394129,121.490122391438,0.599999999999909,42.727,hilly (50-150 m),1000-2000 m,subtropics (23.5-45),B arid,TRUE,26074,4.16325914550773,3.88333440158655,4.80163945376873,5.69319193619112,10.2496204572521,-52.8463318762145,8.99243582465494,52.8463318762145,53.605928716032,70.5125664458157,TRUE,1.0102125040089,2023-09,6.09998959135576,0.468412676006138,FALSE,FALSE,1221,1224,1216,1222,1223,1226,FALSE,,,,FALSE,TRUE
726817-24154,MULLAN PASS,47.455,-115.671,1834.6,A,FALSE,1259.6409487599,1563.98217344863,211.223693847656,0.998968720436096,1833,Dsb,D,574.959051240102,270.617826551371,1.59999999999991,47.455,rough (150-300 m),1000-2000 m,mid-latitude (45-66.5),D continental,TRUE,26034,13.1152567439415,7.34943853286092,13.4701474782667,15.0340324414284,23.2944189866571,,,,,,TRUE,1.45445490922087,2023-07,3.6551072539746,1.12549904315042,FALSE,FALSE,1839,1832,1820,1807,1845,1834,FALSE,,,,FALSE,TRUE
726830-94185,BURNS MUNICIPAL AIRPORT,43.595,-118.958,1262.8,A,TRUE,1340.16985006666,1303.75059589666,75.7140502929688,0.89868688583374,1263,BSk,B,-77.3698500666642,-40.950595896662,-0.200000000000045,43.595,hilly (50-150 m),1000-2000 m,subtropics (23.5-45),B arid,TRUE,26149,3.16987938146139,4.88181490495685,4.89512964043222,5.82059624629664,10.4041477145942,10.6593939689878,5.97786661661152,10.9475528362026,12.2211375282691,19.762270773396,TRUE,-1.21149358641917,2022-07,-3.50929107930072,0.690449187053803,FALSE,FALSE,1257,1261,1255,1258,1262,1263,FALSE,,,,FALSE,TRUE
726876-00387,GRANT COUNTY REGIONAL AIRPORT,44.4,-118.967,1127.2,A,FALSE,1411.61132727856,1247.25831769768,237.816162109375,0.999890685081482,1125,Dsb,D,-284.411327278556,-120.058317697685,2.20000000000005,44.4,rough (150-300 m),1000-2000 m,subtropics (23.5-45),D continental,TRUE,25118,0.819400826068804,5.07593664265733,4.12904830434149,5.14154886686165,9.97374142232716,,,,,,TRUE,1.03876023771804,2024-03,2.70861349231245,0.990199380064807,FALSE,TRUE,1118,1122,1027,1033,1126,1129,FALSE,,,,FALSE,TRUE
726885-24152,MEACHAM,45.512,-118.425,1137,A,FALSE,1002.427890529,1226.45610695294,134.101928710938,0.999490976333618,1138,Csb,C,134.572109470997,-89.456106952935,-1,45.512,hilly (50-150 m),1000-2000 m,mid-latitude (45-66.5),C temperate,TRUE,25060,-2.0806017591912,4.03964427716477,3.54578111297581,4.54389462688022,9.01868111790801,,,,,,TRUE,0.614122827614457,2023-09,2.68340051060001,0.640535267262474,FALSE,FALSE,1128,1136,1127,1130,1135,1146,FALSE,,,,FALSE,TRUE
727440-14858,HOUGHTON COUNTY MEMO ARPT,47.166,-88.481,323.9,A,FALSE,218.834933199028,255.278385712756,35.173583984375,0.428077578544617,324,Dfb,D,105.065066800972,68.6216142872438,-0.100000000000023,47.166,gentle (20-50 m),200-500 m,mid-latitude (45-66.5),D continental,TRUE,25477,6.99437338601746,3.14618070116769,7.06473936317851,7.6693756944335,11.9988241052329,,,,,,TRUE,-0.832690004248736,2024-07,-3.64794249682041,0.456525838866439,FALSE,FALSE,315,321,305,320,320,323,FALSE,,,,FALSE,TRUE
727454-04911,GRAND MARAIS/COOK CO ARPT,47.838,-90.383,548,A,FALSE,383.116791682812,414.150171694717,41.2546997070313,0.567533731460571,546,Dfb,D,164.883208317188,133.849828305283,2,47.838,gentle (20-50 m),500-1000 m,mid-latitude (45-66.5),D continental,TRUE,24754,2.37701312393327,3.19098167102443,3.13084607020935,3.97896268818856,7.68027400272172,,,,,,TRUE,-0.593638521862269,2023-12,-4.80954670184259,0.349110509081076,FALSE,FALSE,549,545,544,544,549,547,FALSE,,,,FALSE,TRUE
727686-94017,L M CLAYTON AIRPORT,48.094,-105.578,604.7,A,TRUE,681.291770523701,636.652249366501,37.3756103515625,0.994752645492554,605,BSk,B,-76.5917705237008,-31.9522493665013,-0.299999999999955,48.094,gentle (20-50 m),500-1000 m,mid-latitude (45-66.5),B arid,TRUE,26060,-2.15160526375916,3.21788642800898,2.9394639474166,3.87089149037754,7.49396852238675,-11.0055063528299,4.54345072766978,11.0654346331351,11.9064403776079,18.3742970132271,TRUE,0.383095643193741,2024-05,1.95362300555661,0.45286193312463,FALSE,FALSE,601,600,596,599,604,605,FALSE,,,,FALSE,TRUE
727720-24144,HELENA REGIONAL AIRPORT,46.604,-111.989,1178.1,A,FALSE,1615.82901693303,1243.58733933096,243.30029296875,0.978594183921814,1180,BSk,B,-437.729016933025,-65.4873393309645,-1.90000000000009,46.604,rough (150-300 m),1000-2000 m,mid-latitude (45-66.5),B arid,TRUE,25563,3.82744157863997,7.45600194556621,6.75788965908928,8.38087700338867,16.2012130053982,,,,,,TRUE,2.22559640158274,2024-03,4.56134617478515,1.25981782108658,FALSE,FALSE,1178,1178,1174,1172,1180,1179,FALSE,,,,FALSE,TRUE
727815-24237,STAMPASS PASS FLTWO,47.277,-121.337,1206.7,A,TRUE,1154.51099548839,1015.7827373517,208.172546386719,0.967555522918701,1193,Csb,C,52.189004511607,190.917262648305,13.7,47.277,rough (150-300 m),1000-2000 m,mid-latitude (45-66.5),C temperate,TRUE,20404,0.0624980450506098,2.79301640567236,2.16333158365165,2.79364713661273,5.52153856531752,32.9452172707765,5.51229070963468,32.9452172707765,33.4031615374997,40.3549043668047,TRUE,0.498681019944303,2023-09,2.64628298183265,0.486565067196369,FALSE,FALSE,1191,1188,1175,1176,1201,1203,FALSE,,,,FALSE,TRUE
727925-94227,SANDERSON FIELD AIRPORT,47.238,-123.141,84.2,A,FALSE,212.097237987106,86.8212673288024,123.340454101563,0.936130881309509,84,Csb,C,-127.897237987106,-2.6212673288024,0.200000000000003,47.238,hilly (50-150 m),<200 m,mid-latitude (45-66.5),C temperate,TRUE,24735,1.25955760022893,2.73610650542031,2.37340656910977,3.01205270504293,5.85855529842868,,,,,,TRUE,0.581197899394328,2024-02,2.22841879642951,0.638855809049254,FALSE,FALSE,74,79,63,78,80,84,FALSE,,,,FALSE,TRUE
740035-03145,YUMA MCAS,32.65,-114.617,64.9,A,TRUE,100.123236289278,42.9734701707515,46.8489379882813,0.998198628425598,57,BWh,B,-35.2232362892782,21.9265298292485,7.90000000000001,32.65,gentle (20-50 m),<200 m,subtropics (23.5-45),B arid,TRUE,25521,-1.05824482500408,3.20427070228565,2.59238738185816,3.37443780995929,6.62405421006235,-28.3256885791052,3.65788952130786,28.3256885791052,28.5608869776538,34.100890929143,TRUE,1.09800852326447,2022-07,4.00608213952991,0.548170748887002,FALSE,TRUE,56,57,48,50,66,63,FALSE,,,,FALSE,TRUE
747187-03104,DESERT RESORTS RGNL ARPT,33.632,-116.164,-36,A,TRUE,679.171876115315,186.957399443235,399.156860351563,0.994248270988464,-36,BWh,B,-715.171876115315,-222.957399443235,0,33.632,mountain (>300 m),<200 m,subtropics (23.5-45),B arid,TRUE,24252,7.59191108160072,11.6435592550086,11.31476833203,13.8997840213244,26.086467303024,-52.1181453561688,10.7062259902691,52.1181453561688,53.2063870599975,68.4213178760354,TRUE,2.46836891530584,2023-06,5.14192779473825,1.34356102988235,FALSE,FALSE,-41,-36,-42,-38,-38,-33,FALSE,,,,FALSE,TRUE
749171-00479,TEHACHAPI MUNICIPAL AIRPORT,35.135,-118.439,1219.5,A,FALSE,1065.03448273939,1526.25267356845,278.036376953125,0.999471783638,1214,BSk,B,154.465517260609,-306.752673568446,5.5,35.135,rough (150-300 m),1000-2000 m,subtropics (23.5-45),B arid,TRUE,23118,-4.79123393980499,4.57416617929589,5.47236703094237,6.62404814668314,12.1370553905575,,,,,,TRUE,1.6214088258159,2022-07,3.82844296320333,0.847033032175166,FALSE,FALSE,1208,1218,1205,1212,1210,1221,FALSE,,,,FALSE,TRUE
762430-99999,PIEDRAS NEGRAS INTL,28.627,-100.535,274.6,A,TRUE,263.271855466061,251.607407346036,15.7664184570313,0.99961531162262,270,BSh,B,11.3281445339387,22.9925926539644,4.60000000000002,28.627,flat (<20 m),200-500 m,subtropics (23.5-45),B arid,TRUE,11287,-30.8521357337783,8.85413228402839,31.3412172902957,32.0973985266576,40.2753174007264,-37.6804567925689,9.48561488093772,38.0382722239091,38.8559614736078,48.7843759216666,TRUE,-4.43981728341357,2023-03,-2.32152251413553,5.35260877162921,FALSE,FALSE,261,273,259,271,265,273,FALSE,,,,TRUE,TRUE
763050-99999,LORETO INTL,25.989,-111.348,10.4,A,FALSE,107.263241413352,17.0726783611121,0,0.33081841468811,4,BWh,B,-96.8632414133522,-6.6726783611121,6.4,25.989,flat (<20 m),<200 m,subtropics (23.5-45),B arid,TRUE,10914,-3.64706101411723,3.39039595441177,4.06211059224054,4.97943626866858,8.9089909228432,,,,,,TRUE,0.367755667028779,2023-11,2.01863487186664,0.509888135070729,FALSE,FALSE,12,4,10,0,13,12,FALSE,,,,FALSE,TRUE
763230-99999,HIDALGO DEL PARRAL   CHIH.,26.933,-105.667,1661,A,FALSE,1839.01541978211,1817.48362399494,104.978454589844,0.999998331069946,1714,BSk,B,-178.015419782112,-156.483623994942,-53,26.933,hilly (50-150 m),1000-2000 m,subtropics (23.5-45),B arid,FALSE,11189,83.1762424721725,8.30319589661862,83.1784298506601,83.589617849378,94.3942582336096,,,,,,FALSE,5.65018329688424,2022-08,15.8553447125085,0.755950059103141,FALSE,TRUE,1713,1714,1707,1707,1753,1761,TRUE,,,,TRUE,FALSE
763900-99999,PLAN DE GUADALUPE INTL / SALT,25.549,-100.929,1456.3,A,FALSE,1737.27562459211,1582.54100852483,182.477844238281,1,1428,BSh,B,-280.975624592114,-126.241008524828,28.3,25.549,rough (150-300 m),1000-2000 m,subtropics (23.5-45),B arid,FALSE,11221,337.883281205372,5.50891362139791,337.883281205372,337.928183410046,346.189996172082,,,,,,FALSE,-1.40285377848524,2022-07,-2.42194932764642,1.13405899211357,FALSE,FALSE,1420,1428,1417,1418,1425,1429,TRUE,,,,TRUE,FALSE
764050-99999,LA PAZ  BCS,24.167,-110.3,18,A,FALSE,98.0280381329251,70.7097511637511,58.4927978515625,0.3291015625,11,BWh,B,-80.0280381329251,-52.7097511637511,7,24.167,hilly (50-150 m),<200 m,subtropics (23.5-45),B arid,TRUE,10869,-1.33123931667124,3.56121817478515,2.94341959358052,3.80175040957536,7.32693143278316,,,,,,TRUE,0.438715406037553,2024-01,2.57762782801653,0.476360757840094,FALSE,TRUE,6,11,6,0,89,94,FALSE,,,,FALSE,TRUE
764230-99999,DURANGO  DGO.,24.05,-104.6,1872,A,TRUE,1903.58297406925,1852.56186172138,108.861572265625,0.995085597038269,1867,BSk,B,-31.5829740692541,19.4381382786169,5,24.05,hilly (50-150 m),1000-2000 m,subtropics (23.5-45),B arid,TRUE,11028,-5.71575917508809,4.131096828835,6.09183093691324,7.05225612445657,11.9949250845714,-44.4037743872235,5.74772256448499,44.4037743872235,44.7741945637635,53.8980410420763,TRUE,-2.26920042855825,2023-09,-7.82520146982373,0.811616061368559,FALSE,TRUE,1864,1867,1859,1864,1880,1883,FALSE,,,,FALSE,TRUE
764580-99999,COLONIA JUAN CARRASCO MAZATLA,23.2,-106.417,4,A,FALSE,-9.85435226032845,11.5662108110313,10.6051635742188,0.275984764099121,7,As,A,13.8543522603285,-7.56621081103129,-3,23.2,flat (<20 m),<200 m,tropics (0-23.5),A tropical,TRUE,11369,-0.666165105759861,3.77679224213589,2.6670655956947,3.83492906512469,6.96986186882813,,,,,,TRUE,0.43832733534422,2023-09,1.81101291108574,0.677407986558209,FALSE,TRUE,6,7,6,0,48,61,FALSE,,,,FALSE,TRUE
765930-99999,PROGRESO  YUC.,21.3,-89.65,2,A,FALSE,2.65549437435312,0.757218953465251,1.11761474609375,0.645007729530335,-1,Aw,A,-0.655494374353118,1.24278104653475,3,21.3,flat (<20 m),<200 m,tropics (0-23.5),A tropical,TRUE,11904,-1.71177720068839,5.27049406447191,3.76828050208816,5.54129545846819,10.2395062377429,,,,,,TRUE,1.29723515353368,2023-08,8.59340248831479,0.422500142269256,FALSE,TRUE,,0,,0,,0,FALSE,,,,FALSE,TRUE
766250-99999,QUERETARO INTERCONTINENTAL,20.617,-100.186,1919,A,FALSE,2115.15696021641,1969.21739648606,151.452209472656,0.993724465370178,1912,BSk,B,-196.15696021641,-50.2173964860581,7,20.617,rough (150-300 m),1000-2000 m,tropics (0-23.5),B arid,TRUE,10580,-34.1305975736903,8.34483137639301,34.1666069484643,35.13584095429,46.0915693336007,,,,,,TRUE,-3.06547544472967,2022-07,-4.11651651254003,1.42594802183103,FALSE,FALSE,1910,1912,1907,1910,1916,1913,FALSE,,,,TRUE,TRUE
766340-99999,TULANCINGO  HGO.,20.083,-98.367,2181,A,TRUE,2343.99083824815,2303.88825758541,140.711364746094,0.989962458610535,2159,Cfb,C,-162.990838248153,-122.888257585414,22,20.083,hilly (50-150 m),>2000 m,tropics (0-23.5),C temperate,FALSE,10352,10.2237202982131,4.32933477663916,10.3057879706995,11.1025125878253,16.9570311893077,32.7172403705973,12.4497724837557,32.7270113884329,35.0057092446131,64.4820373662944,TRUE,0.810503978019047,2024-07,1.90953572417865,0.848901612843791,FALSE,TRUE,2161,2159,2149,2147,2219,2213,FALSE,,,,FALSE,TRUE
766650-99999,MORELIA  MICH.,19.7,-101.183,1913,A,FALSE,2012.58745062343,2078.53097451729,193.2900390625,0.954241633415222,1913,Cwb,C,-99.5874506234291,-165.530974517292,0,19.7,rough (150-300 m),1000-2000 m,tropics (0-23.5),C temperate,TRUE,11246,-10.1343516542163,6.97023167860581,10.5070163286302,12.299792395785,21.7701005135369,,,,,,TRUE,1.47725905210868,2024-04,3.29497579542802,1.08283635474803,FALSE,TRUE,1910,1913,1891,1892,1923,1932,FALSE,,,,FALSE,TRUE
766750-99999,TOLUCA  MEX.,19.283,-99.683,2720,A,FALSE,2851.17378298463,2760.31323451434,270.265808105469,0.998702049255371,2705,Cwb,C,-131.173782984633,-40.3132345143349,15,19.283,rough (150-300 m),>2000 m,tropics (0-23.5),C temperate,TRUE,10515,-7.52485281372589,4.54408279402511,7.65581966446361,8.79034325670931,14.6945634792343,,,,,,TRUE,0.407033334758435,2023-10,1.53257978639989,0.743327480164115,FALSE,TRUE,2691,2705,2682,2686,2753,2762,FALSE,,,,FALSE,TRUE
766830-99999,TLAXCALA  TLAX.,19.317,-98.25,2248,A,FALSE,2503.47246232467,2446.03669767454,231.074401855469,0.998907804489136,2260,Cwb,C,-255.472462324673,-198.036697674537,-12,19.317,rough (150-300 m),>2000 m,tropics (0-23.5),C temperate,TRUE,10810,-32.3365094817555,4.53541151811657,32.3377230520383,32.6529922095745,39.7003240154547,,,,,,TRUE,1.86022444435395,2024-07,4.25723172761144,0.873912703548155,FALSE,TRUE,2260,2260,2224,2227,2304,2306,FALSE,1,21.7705238157927,-64.8262235448437,TRUE,TRUE
767370-99999,ORIZABA  VER.,18.85,-97.1,1259,A,TRUE,1517.2463587368,1499.33216554583,411.028625488281,1,1238,Cfb,C,-258.246358736801,-240.332165545829,21,18.85,mountain (>300 m),1000-2000 m,tropics (0-23.5),C temperate,FALSE,12263,-2.46543291895593,22.8297696351805,18.4208332316942,22.9615818133348,45.4536058761612,109.462471568032,26.0670271578328,109.462471568032,112.523185063648,149.11770170566,TRUE,5.688786359056,2024-05,2.77775379822069,4.655122306006,FALSE,TRUE,1229,1238,1204,1210,1268,1274,FALSE,,,,FALSE,TRUE
767750-99999,OAXACA  OAX.,17.05,-96.717,1518,A,TRUE,1912.94006530326,1584.58044095078,274.093627929688,0.999999284744263,1542,Cwb,C,-394.940065303264,-66.5804409507835,-24,17.05,rough (150-300 m),1000-2000 m,tropics (0-23.5),C temperate,FALSE,10312,-24.6265174320806,6.49653403906182,24.6475573644279,25.4689266077934,34.6464057688271,-19.0351895573373,6.85234477174971,19.095459034959,20.2308802813368,29.7096998404648,TRUE,0.913613785349005,2024-05,1.85137208175144,1.12169337616107,FALSE,TRUE,1541,1542,1533,1533,1550,1549,FALSE,,,,TRUE,TRUE
768450-99999,SN. CRISTOBAL LAS CASAS  CHIS,16.75,-92.633,2116,A,TRUE,1558.6006310928,2305.72374676877,398.626403808594,1,2128,Cwb,C,557.399368907196,-189.723746768774,-12,16.75,mountain (>300 m),>2000 m,tropics (0-23.5),C temperate,TRUE,11808,-4.54468102037955,8.05881822794401,7.52914661322923,9.25165805471423,17.2316464662467,68.3796324379384,8.18676816946537,68.3796324379384,68.8679288880273,87.3730410058905,TRUE,-2.86067877281324,2023-11,-6.50878653792722,1.2169489361254,FALSE,TRUE,2132,2128,2125,2119,2374,2365,FALSE,,,,FALSE,TRUE
768480-99999,COMITAN  CHIS.,16.25,-92.133,1646,A,FALSE,1409.46235502503,1596.81703550652,278.917785644531,0.98372757434845,1631,Aw,A,236.537644974966,49.1829644934815,15,16.25,rough (150-300 m),1000-2000 m,tropics (0-23.5),A tropical,TRUE,11504,1.43543977193822,5.44671410952102,4.29177424597256,5.63245977474527,10.457064331918,,,,,,TRUE,-0.877408170410396,2022-12,-2.63955285308694,0.889876861251614,FALSE,TRUE,1629,1631,1562,1560,1669,1667,FALSE,,,,FALSE,TRUE
780160-13601,NAVAL ATLANTIC METEROLOGY & O,32.367,-64.683,5.5,A,FALSE,0.494970648106132,0.961162196060836,0,0.00227892398834229,4,Climate Zone info missing,"",5.00502935189387,4.53883780393916,1.5,32.367,flat (<20 m),<200 m,subtropics (23.5-45),,TRUE,8435,-0.622452684009176,4.72306833677869,2.64469568680664,4.76363067807958,6.1479106443176,,,,,,TRUE,0.56829160093296,2022-07,2.40938077395751,0.471732494154104,FALSE,TRUE,9,4,2,-2,28,30,FALSE,,,,FALSE,TRUE
783880-99999,SANGSTER INTL,18.504,-77.913,1.2,A,FALSE,129.680666706393,81.3147997787216,85.6159057617188,0.579179167747498,-1,Aw,A,-128.480666706393,-80.1147997787216,2.2,18.504,hilly (50-150 m),<200 m,tropics (0-23.5),A tropical,TRUE,8319,9.15091339749343,2.65683874570822,9.15584286874929,9.5287543579747,13.6176589861525,,,,,,TRUE,0.57684531818227,2023-09,2.92914849897508,0.557009979282536,FALSE,FALSE,6,-1,6,-4,8,2,FALSE,,,,FALSE,TRUE
785430-11640,CYRIL E KING AIRPORT,18.336,-64.98,0,A,FALSE,5.55212574184355,10.5464945980534,0,0.0451408624649048,6,Am,A,-5.55212574184355,-10.5464945980534,-6,18.336,flat (<20 m),<200 m,tropics (0-23.5),A tropical,TRUE,19696,4.38109995789412,2.28154988934093,4.42078103284469,4.93955893252604,8.03015245121487,,,,,,TRUE,0.729073240511499,2023-10,6.59977684584341,0.299152488740998,FALSE,FALSE,5,6,1,4,9,8,FALSE,,,,FALSE,TRUE
787060-99999,TELA,15.776,-87.476,2.1,A,FALSE,117.626904081032,93.3474510918611,108.001953125,0.626299619674683,7,Af,A,-115.526904081032,-91.2474510918612,-4.9,15.776,hilly (50-150 m),<200 m,tropics (0-23.5),A tropical,TRUE,5238,15.3659865595582,7.86807637188475,15.6574812972641,17.2629183508987,28.0705046633655,,,,,,TRUE,1.45643979081624,2022-07,2.36880191742405,1.22968474493641,FALSE,FALSE,11,7,9,5,11,8,FALSE,,,,TRUE,TRUE
787190-99999,LA ESPERANZA,14.333,-88.167,1100,A,FALSE,1229.64894397233,1723.46578915838,276.425231933594,1,1757,Aw,A,-129.64894397233,-623.465789158377,-657,14.333,rough (150-300 m),1000-2000 m,tropics (0-23.5),A tropical,FALSE,4767,564.637929119856,5.4037621483706,564.637929119856,564.663780953351,572.453089891321,,,,,,FALSE,-1.43342298298595,2023-11,-7.69312793635849,0.527007022351844,FALSE,TRUE,1756,1757,1693,1705,1842,1851,TRUE,,,,TRUE,FALSE
787200-99999,TONCONTIN INTL,14.061,-87.217,1004,A,FALSE,1136.24214221026,1309.66494993193,214.5595703125,0.999942660331726,1003,Cwa,C,-132.24214221026,-305.664949931934,1,14.061,rough (150-300 m),1000-2000 m,tropics (0-23.5),C temperate,TRUE,7855,-11.6397371921071,5.16569085024991,11.8065485224925,12.7343805009772,19.213359303401,,,,,,TRUE,0.561498452397878,2023-10,2.17836438209522,0.729059594583356,FALSE,FALSE,965,1003,963,988,996,1010,FALSE,,,,FALSE,TRUE
787670-99999,LIMON INTL,9.958,-83.022,2.1,A,FALSE,29.6664225455431,4.02031083499462,5.70166015625,0.268874287605286,1,Af,A,-27.5664225455431,-1.92031083499462,1.1,9.958,flat (<20 m),<200 m,tropics (0-23.5),A tropical,TRUE,4826,-0.365257868061105,4.61459061297007,2.89814477122899,4.62854700669606,7.49189989598764,,,,,,TRUE,-0.715070802703977,2024-01,-4.09721687187714,0.493634024687432,FALSE,FALSE,10,1,9,-2,13,5,FALSE,,,,FALSE,TRUE
789880-00412,HATO INTERNATIONAL AIRPORT,12.2,-68.967,9.1,A,FALSE,16.3264631812342,15.0332459351562,0,0.205179572105408,-3,Aw,A,-7.22646318123416,-5.93324593515625,12.1,12.2,flat (<20 m),<200 m,tropics (0-23.5),A tropical,TRUE,14926,-1.54189411427158,2.23525990236489,2.19599835377675,2.7154170116001,5.17836886066352,,,,,,TRUE,0.523322880392642,2022-09,3.49148949312721,0.346145227087211,FALSE,TRUE,,0,5,0,14,12,FALSE,,,,FALSE,TRUE
800090-99999,SIMON BOLIVAR,11.12,-74.231,6.7,A,FALSE,146.478898008622,255.686272197947,55.0059204101563,0.58573305606842,5,Aw,A,-139.778898008622,-248.986272197947,1.7,11.12,hilly (50-150 m),<200 m,tropics (0-23.5),A tropical,TRUE,6104,1.21737039364494,3.80804973776908,2.97058603086738,3.997606507094,7.8495463077887,,,,,,TRUE,-0.439006110680883,2023-04,-2.22203012247678,0.558811862548058,FALSE,FALSE,12,5,10,2,13,8,FALSE,,,,FALSE,TRUE
800220-99999,RAFAEL NUNEZ,10.442,-75.513,1.2,A,FALSE,31.3780321420924,13.6056432369871,14.1786499023438,0.52626359462738,3,Aw,A,-30.1780321420924,-12.4056432369871,-1.8,10.442,flat (<20 m),<200 m,tropics (0-23.5),A tropical,TRUE,8050,2.01182243319782,3.28178010143138,2.90422248694524,3.84917812508769,7.13935431325415,,,,,,TRUE,-0.779668515782621,2023-02,-4.5761066008381,0.481902143176972,FALSE,FALSE,14,3,10,3,17,5,FALSE,,,,FALSE,TRUE
800940-99999,PALONEGRO,7.127,-73.185,1187.8,A,FALSE,911.266456068714,910.344080929777,227.536926269531,0.999995946884155,1187,Am,A,276.533543931286,277.455919070223,0.799999999999955,7.127,rough (150-300 m),1000-2000 m,tropics (0-23.5),A tropical,TRUE,5614,10.5376131144853,4.31761560005591,10.6259928972409,11.3877027546492,16.6455967446572,,,,,,TRUE,-0.97017234424959,2023-03,-5.36457740922426,0.495272261986064,FALSE,FALSE,1195,1187,1182,1184,1206,1189,FALSE,,,,FALSE,TRUE
801120-99999,JOSE MARIA CORDOVA,6.165,-75.423,2142.1,A,TRUE,2032.56273525172,2146.44407430162,422.6123046875,0.999996900558472,2122,Cfb,C,109.537264748283,-4.34407430162219,20.0999999999999,6.165,mountain (>300 m),>2000 m,tropics (0-23.5),C temperate,FALSE,7701,-24.225064905315,7.14038148293607,24.231444332619,25.2553399663046,33.1245127942775,51.5166122486571,30.9941096134172,51.5166122486571,60.1204742723889,111.982808411682,TRUE,-14.2351399596532,2022-08,-38.2722676126279,0.803490853288396,TRUE,FALSE,2134,2122,2125,2116,2137,2127,FALSE,1,19.5527954078646,-9.69756740763414,TRUE,FALSE
802100-99999,MATECANA,4.813,-75.74,1346,A,FALSE,1431.78697020963,1517.68705737943,229.871459960938,0.999947190284729,1335,Af,A,-85.7869702096282,-171.687057379431,11,4.813,rough (150-300 m),1000-2000 m,tropics (0-23.5),A tropical,TRUE,6131,-16.0947560210469,6.21468903339971,16.2315723465458,17.2527456260866,24.7401545130899,,,,,,TRUE,-0.894740246295366,2024-04,-2.15165267213966,1.01859239836156,FALSE,FALSE,1333,1335,1327,1332,1342,1341,FALSE,,,,TRUE,TRUE
802220-99999,EL DORADO INTL,4.702,-74.147,2548.4,A,FALSE,2430.60856066101,2604.09271068612,376.265014648438,0.999915480613708,2549,Cfb,C,117.791439338994,-55.6927106861162,-0.599999999999909,4.702,mountain (>300 m),>2000 m,tropics (0-23.5),C temperate,TRUE,8128,-8.40922605476657,4.73572300939488,8.5964284478128,9.65087540203509,15.5450063371545,,,,,,TRUE,-1.88263443954938,2023-02,-9.1148465006523,0.584200108517651,FALSE,FALSE,2552,2549,2548,2538,2565,2553,FALSE,,,,FALSE,TRUE
803980-99999,ALFREDO VASQUEZ COBO,-4.193,-69.943,84.4,A,FALSE,91.2991061072079,83.7621186898686,13.9633178710938,0.887834429740906,79,Af,A,-6.89910610720787,0.637881310131391,5.40000000000001,4.193,flat (<20 m),<200 m,tropics (0-23.5),A tropical,TRUE,7815,-1.51355565797872,4.53294228847737,3.3900581461343,4.77868049501154,9.02695090623953,,,,,,TRUE,-1.99948763394474,2023-01,-8.72268978408819,0.648355633346081,FALSE,FALSE,79,79,77,77,91,82,FALSE,,,,FALSE,TRUE
804310-99999,SAN JUAN DE LOS MORROS,9.907,-67.38,427.9,A,FALSE,739.897968231379,603.409500823421,232.177856445313,0.996285319328308,456,Aw,A,-311.997968231379,-175.509500823421,-28.1,9.907,rough (150-300 m),200-500 m,tropics (0-23.5),A tropical,FALSE,5113,16.1454345719849,7.64275151935505,16.3309212209327,17.8626785270395,26.408511176845,,,,,,TRUE,-1.52735229381922,2023-02,-4.70358819066867,0.869297704411115,FALSE,FALSE,460,456,452,450,466,457,TRUE,1,48.186521270115,26.7690648090993,TRUE,TRUE
810020-10502,GEORGETOWN,6.499,-58.254,29,A,FALSE,22.868181683475,30.5329323724208,11.0823364257813,0.967391729354858,31,Af,A,6.13181831652501,-1.53293237242076,-2,6.499,flat (<20 m),<200 m,tropics (0-23.5),A tropical,TRUE,16379,-27.0826389592326,3.00155235709089,27.0837444170496,27.2484513228843,31.5022952980523,,,,,,TRUE,-0.756654190901337,2022-11,-5.33055550028074,0.366504526597599,FALSE,FALSE,18,31,13,27,30,32,FALSE,,,,TRUE,TRUE
814050-99999,ROCHAMBEAU / CAYENNE FELIX EB,4.82,-52.36,7.9,A,FALSE,31.7142198310585,24.2106918519576,26.3370361328125,0.688156723976135,5,Af,A,-23.8142198310585,-16.3106918519576,2.9,4.82,gentle (20-50 m),<200 m,tropics (0-23.5),A tropical,TRUE,8067,0.385066890911092,2.5623628932908,2.00076076723524,2.59097784838537,5.23062331039876,,,,,,TRUE,0.570573406679635,2023-12,3.71134462192283,0.434835744053163,FALSE,FALSE,4,5,1,4,5,8,FALSE,,,,FALSE,TRUE
820220-99999,BOA VISTA / ATLAS BRASIL CANT,2.846,-60.69,84.1,A,FALSE,77.5381154783999,68.6703187377953,37.3909301757813,0.960522532463074,82,Am,A,6.56188452160014,15.4296812622047,2.09999999999999,2.846,gentle (20-50 m),<200 m,tropics (0-23.5),A tropical,TRUE,7684,-2.01867318410329,3.49461669571274,3.15933641529419,4.03556662102663,7.93928287656688,,,,,,TRUE,-1.75283553418122,2023-03,-7.1242093246758,0.695904253251674,FALSE,FALSE,78,82,73,78,83,83,FALSE,,,,TRUE,TRUE
821930-99999,VAL DE CANS JULIO CEZAR RIBEI,-1.379,-48.476,16.5,A,FALSE,15.4688659130539,7.69128920171516,5.89617919921875,0.720249176025391,7,Af,A,1.0311340869461,8.80871079828484,9.5,1.379,flat (<20 m),<200 m,tropics (0-23.5),A tropical,TRUE,6861,-0.690794668029976,3.22633890257596,2.36459527689619,3.29923367216985,6.04869855171294,,,,,,TRUE,-1.07324282109372,2022-08,-4.83514361317942,0.479503746347017,FALSE,FALSE,13,7,11,1,18,13,FALSE,,,,FALSE,TRUE
822810-99999,MARECHAL CUNHA MACHADO INTL,-2.585,-44.234,54.3,A,FALSE,6.60450473976842,25.6382945501267,0.88311767578125,0.265131950378418,43,Aw,A,47.6954952602316,28.6617054498733,11.3,2.585,flat (<20 m),<200 m,tropics (0-23.5),A tropical,TRUE,6704,1.38995139401064,2.63067302825188,2.24901894244962,2.9751257408712,5.57722718643036,,,,,,TRUE,0.577728309231613,2023-05,3.61200426734221,0.45239769934348,FALSE,FALSE,27,43,25,41,46,45,FALSE,,,,FALSE,TRUE
824440-99999,ITAITUBA,-4.242,-56.001,33.5,A,TRUE,66.0193055382062,28.6974431890605,27.8753662109375,0.93889319896698,29,Am,A,-32.5193055382062,4.80255681093951,4.5,4.242,gentle (20-50 m),<200 m,tropics (0-23.5),A tropical,TRUE,21541,-6.32920568753993,3.48546689049068,6.50350177949613,7.22542456259953,11.7263562451514,-16.7372340851184,4.70594070267369,16.7406878369508,17.3861972448498,24.3267497653738,TRUE,-4.85397971134816,2022-08,-6.22636358528075,1.55917001789715,FALSE,FALSE,15,29,13,28,21,32,FALSE,,,,FALSE,TRUE
825790-99999,SENADOR PETRONIO PORTELLA,-5.06,-42.823,66.8,A,FALSE,109.170827719583,85.1897213880377,25.8109130859375,0.990630388259888,59,Aw,A,-42.3708277195832,-18.3897213880377,7.8,5.06,gentle (20-50 m),<200 m,tropics (0-23.5),A tropical,TRUE,6717,5.34779242418905,4.41818640449294,5.63731269980377,6.93659489970107,11.0782346588305,,,,,,TRUE,-1.50037685686049,2024-07,-4.51008378636882,0.665343229939627,FALSE,FALSE,79,59,61,58,101,63,FALSE,,,,FALSE,TRUE
828240-99999,GOVERNADOR JORGE TEIXEIRA DE,-8.709,-63.902,89.6,A,TRUE,92.8493934122509,80.7029700509348,8.73370361328125,0.942627429962158,89,Am,A,-3.24939341225088,8.89702994906517,0.599999999999994,8.709,flat (<20 m),<200 m,tropics (0-23.5),A tropical,TRUE,7993,1.70772521084735,4.15791642014563,3.26197674491967,4.49471149535766,8.63900311101017,1.58370585856088,5.88941531706286,4.6342642782155,6.09827824674147,11.7723148738329,TRUE,-0.562910671494895,2023-11,-1.65273937726872,0.963341125626482,FALSE,FALSE,111,89,102,87,122,89,FALSE,,,,FALSE,TRUE
828990-99999,GUARARAPES GILBERTO FREYRE IN,-8.126,-34.924,10.1,A,FALSE,58.7331145351624,11.7701540536269,23.115966796875,0.548139333724976,14,Am,A,-48.6331145351624,-1.67015405362688,-3.9,8.126,gentle (20-50 m),<200 m,tropics (0-23.5),A tropical,TRUE,8502,2.81890467085489,2.41475679475616,3.10795769996485,3.71168264761913,6.70048945398086,,,,,,TRUE,-0.943670486087444,2024-07,-4.43424780310159,0.425628213843791,FALSE,FALSE,21,14,18,3,26,20,FALSE,,,,FALSE,TRUE
829170-99999,PRESIDENTE MEDICI / PLACIDO D,-9.869,-67.894,193.2,A,FALSE,180.724633045561,177.779953526434,11.984375,0.999920248985291,189,Am,A,12.4753669544391,15.4200464735664,4.19999999999999,9.869,flat (<20 m),<200 m,tropics (0-23.5),A tropical,TRUE,6350,-1.22782703008025,3.5197549806108,2.76407829175827,3.72750363740531,7.69719741081151,,,,,,TRUE,-0.64867689742998,2024-05,-2.98514635714533,0.501836408056634,FALSE,FALSE,189,189,184,183,191,191,FALSE,,,,FALSE,TRUE
829930-99999,ZUMBI DOS PALMARES,-9.511,-35.792,118,A,FALSE,62.4060845351114,87.8409835417803,17.7998046875,0.779622435569763,116,Am,A,55.5939154648886,30.1590164582197,2,9.511,flat (<20 m),<200 m,tropics (0-23.5),A tropical,TRUE,6602,0.856844398454384,1.94237584672245,1.64091413333081,2.12283649541735,4.16923033063157,,,,,,TRUE,0.415838449379995,2023-08,2.80930343000807,0.41866917513264,FALSE,FALSE,95,116,90,115,97,120,FALSE,,,,FALSE,TRUE
832080-99999,VILHENA,-12.694,-60.098,615.1,A,FALSE,514.867711339372,583.830949534245,56.8662719726563,0.999995946884155,613,Aw,A,100.232288660628,31.2690504657554,2.10000000000002,12.694,hilly (50-150 m),500-1000 m,tropics (0-23.5),A tropical,TRUE,12219,-24.9938714621187,14.1479243317604,25.3142538216246,28.7200451289385,38.401982449277,,,,,,TRUE,-15.9774496009709,2023-09,-4.06424385714749,11.1191782343909,FALSE,FALSE,602,613,587,611,610,615,FALSE,,,,TRUE,TRUE
832480-99999,DEPUTADO LUIS EDUARDO MAGALHA,-12.911,-38.331,19.5,A,FALSE,12.6754011467983,18.2963378166856,5.63201904296875,0.172651886940002,10,Af,A,6.82459885320165,1.20366218331438,9.5,12.911,flat (<20 m),<200 m,tropics (0-23.5),A tropical,TRUE,8409,1.00578794261682,2.12589605894008,1.79685763302923,2.35170278456021,4.60207333763882,,,,,,TRUE,-0.384899929799578,2022-08,-2.75560319672141,0.301741150882961,FALSE,FALSE,12,10,7,7,12,14,FALSE,,,,FALSE,TRUE
838990-99999,HERCILIO LUZ,-27.67,-48.547,6.1,A,FALSE,60.0985782766031,30.9408188576119,102.534973144531,0.33984363079071,3,Cfa,C,-53.9985782766031,-24.8408188576119,3.1,27.67,hilly (50-150 m),<200 m,subtropics (23.5-45),C temperate,TRUE,6697,3.4348451266467,3.2042173078015,3.83661944166446,4.69719453758036,8.2407213413845,,,,,,TRUE,-0.905328780605994,2024-02,-5.74613762875862,0.426659103189301,FALSE,FALSE,4,3,4,3,7,4,FALSE,,,,FALSE,TRUE
842030-99999,SIMON BOLIVAR INTL / JOSE JOA,-2.157,-79.884,5.8,A,FALSE,67.4724011416998,21.7633729408106,28.2528076171875,0.819246411323547,10,Aw,A,-61.6724011416998,-15.9633729408106,-4.2,2.157,gentle (20-50 m),<200 m,tropics (0-23.5),A tropical,TRUE,7876,6.10729280414824,3.64610628431431,6.31982631462909,7.11276518014706,11.8341282834741,,,,,,TRUE,0.855911134385382,2023-06,5.71693052771447,0.423458402569695,FALSE,FALSE,12,10,9,5,16,22,FALSE,,,,FALSE,TRUE
843770-99999,CORONEL FRANCISCO SECADA VIGN,-3.785,-73.309,93.3,A,FALSE,106.379752913202,95.5908267604126,11.3220825195313,0.921604871749878,92,Af,A,-13.0797529132018,-2.29082676041259,1.3,3.785,flat (<20 m),<200 m,tropics (0-23.5),A tropical,TRUE,7898,3.059651315653,4.22747124051352,4.14485775361183,5.21830590067707,9.47124793699094,,,,,,TRUE,-2.05590509282515,2023-04,-8.16445792921826,0.712230717686762,FALSE,FALSE,92,92,85,90,98,95,FALSE,,,,FALSE,TRUE
844010-99999,CAPITAN FAP GUILLERMO CONCHA,-5.206,-80.616,35.4,A,FALSE,132.407212596172,51.9469728449573,36.224365234375,1,28,BWh,B,-97.007212596172,-16.5469728449573,7.4,5.206,gentle (20-50 m),<200 m,tropics (0-23.5),B arid,TRUE,7310,-3.19862488898984,4.29703126500954,4.06648683023274,5.356599009875,10.5239811558859,,,,,,TRUE,1.62095554547938,2023-02,5.52961877104974,0.829126712467967,FALSE,FALSE,30,28,23,24,36,37,FALSE,,,,FALSE,TRUE
845150-99999,CAP FAP DAVID ABENSUR RENGIFO,-8.378,-74.574,156.4,A,FALSE,186.041497112291,145.760864438927,8.03509521484375,0.962278723716736,153,Am,A,-29.6414971122912,10.6391355610733,3.40000000000001,8.378,flat (<20 m),<200 m,tropics (0-23.5),A tropical,TRUE,6499,2.10221808391568,5.0515845286626,4.31701492471232,5.47118822509753,10.1007983458962,,,,,,TRUE,-1.67823508656912,2024-06,-3.10521354194575,1.16752103949341,FALSE,FALSE,143,153,128,152,162,157,FALSE,,,,FALSE,TRUE
846280-99999,JORGE CHAVEZ INTL,-12.022,-77.114,34.4,A,FALSE,419.620640474194,75.8083322286408,143.106567382813,0.75801432132721,22,BWh,B,-385.220640474194,-41.4083322286408,12.4,12.022,hilly (50-150 m),<200 m,tropics (0-23.5),B arid,TRUE,7880,-13.0224397062836,3.6250042694106,13.0314224193601,13.5175043651224,18.9691305780689,,,,,,TRUE,-0.893832967143712,2023-12,-3.94249324297481,0.641254468543879,FALSE,FALSE,19,22,10,16,21,25,FALSE,,,,FALSE,TRUE
846860-99999,TENIENTE ALEJANDRO VELASCO AS,-13.536,-71.939,3310.1,A,FALSE,3761.17570132576,3701.30735585037,373.0234375,0.999615788459778,3285,Cfb,C,-451.075701325759,-391.207355850367,25.0999999999999,13.536,mountain (>300 m),>2000 m,tropics (0-23.5),C temperate,FALSE,6534,-25.7638249986718,6.82411535950854,25.8091018647219,26.6521312823191,36.818942901653,,,,,,TRUE,-0.361016238528908,2024-02,-0.957933732095583,1.02056808602338,FALSE,FALSE,3287,3285,3283,3282,3287,3286,TRUE,,,,TRUE,TRUE
847520-99999,RODRIGUEZ BALLON,-16.341,-71.583,2561.8,A,FALSE,3480.25424114313,2917.14558807034,434.355773925781,1,2527,BWk,B,-918.454241143128,-355.34558807034,34.8000000000002,16.341,mountain (>300 m),>2000 m,tropics (0-23.5),B arid,FALSE,5924,2.21730709356538,14.0826412441195,11.4842234958425,14.2549555469384,28.5256130037503,,,,,,TRUE,0.835507165240623,2023-07,1.61183852120459,1.46613391974296,FALSE,FALSE,2526,2527,2520,2524,2527,2530,TRUE,,,,FALSE,TRUE
852010-99999,EL ALTO INTL,-16.513,-68.192,4061.5,A,FALSE,4046.95993319903,3977.65044956739,195.720031738281,1,4037,Cwc,C,14.5400668009715,83.8495504326143,24.5,16.513,rough (150-300 m),>2000 m,tropics (0-23.5),C temperate,FALSE,8332,-53.4826550518,4.52325619527668,53.4826550518,53.6735668874676,60.3502241634195,,,,,,FALSE,0.831562872361871,2024-05,2.30017651649773,0.834897747651532,FALSE,FALSE,4032,4037,4025,4034,4032,4042,TRUE,,,,TRUE,FALSE
852230-99999,JORGE WILSTERMANN INTL,-17.421,-66.177,2548.1,A,FALSE,3120.38643141707,2606.54002959726,377.104614257813,1,2566,Cwb,C,-572.286431417074,-58.4400295972632,-17.9000000000001,17.421,mountain (>300 m),>2000 m,tropics (0-23.5),C temperate,TRUE,8262,10.7577625000155,9.76924778971076,12.4027385076163,14.5312114057529,24.5182657525791,,,,,,TRUE,-2.05953638695282,2024-07,-2.4083754816963,1.71031170397252,FALSE,FALSE,2552,2566,2545,2555,2555,2569,FALSE,,,,FALSE,TRUE
853640-99999,CAPITAN AV ORIEL LEA PLAZA IN,-21.556,-64.701,1854.4,A,FALSE,2660.81706394704,1878.05476704583,349.790283203125,0.999452829360962,1852,Cwb,C,-806.417063947041,-23.6547670458313,2.40000000000009,21.556,mountain (>300 m),1000-2000 m,tropics (0-23.5),C temperate,TRUE,4854,6.04233713190203,10.579019310583,9.31988397058068,12.1820536533523,24.6313980473516,,,,,,TRUE,1.84350871012299,2023-05,2.61000732258294,1.99778368255978,FALSE,FALSE,1848,1852,1846,1848,1851,1856,FALSE,,,,FALSE,TRUE
854320-99999,CALAMA,-22.5,-68.9,2320,A,FALSE,2476.55633589516,2382.40640598472,238.162170410156,1,2308,BWk,B,-156.556335895158,-62.4064059847146,12,22.5,rough (150-300 m),>2000 m,tropics (0-23.5),B arid,TRUE,14305,-3.18838046404704,4.1984354536934,4.05015150735231,5.27175473875835,9.24098618608777,,,,,,TRUE,-1.94494857407145,2022-08,-3.88355331791631,1.08188784415078,FALSE,TRUE,2302,2308,2274,2282,2328,2336,FALSE,,,,FALSE,TRUE
854420-99999,CERRO MORENO INTL / ANDRES SA,-23.444,-70.445,138.7,A,FALSE,173.941130269384,383.55868530538,151.758850097656,0.561144351959229,67,BWk,B,-35.2411302693836,-244.85868530538,71.7,23.444,rough (150-300 m),<200 m,tropics (0-23.5),B arid,FALSE,8316,-2.27967507560675,2.94136968299001,2.87951644673223,3.72122744530991,6.66307548288455,,,,,,TRUE,-0.719744609100387,2024-07,-2.7878982979279,0.51633491052047,FALSE,FALSE,78,67,60,67,103,110,TRUE,,,,FALSE,TRUE
854690-99999,MATAVERI INTL,-27.165,-109.422,69.2,A,FALSE,8.29540135074159,25.8422377927223,0,0.054277777671814,59,Cfa,C,60.9045986492584,43.3577622072777,10.2,27.165,flat (<20 m),<200 m,subtropics (23.5-45),C temperate,TRUE,20507,-22.2798209426064,11.4576212269221,22.5706725271102,25.0531655452942,32.3109009579652,,,,,,TRUE,26.4682595050806,2024-06,34.5155253514111,1.65658714297568,TRUE,FALSE,40,59,37,57,50,63,FALSE,,,,TRUE,FALSE
854880-99999,LA FLORIDA,-29.916,-71.2,146.6,A,FALSE,312.571549423733,195.930902117441,152.797424316406,0.802905201911926,144,BWk,B,-165.971549423733,-49.3309021174407,2.59999999999999,29.916,rough (150-300 m),<200 m,subtropics (23.5-45),B arid,TRUE,14257,-11.5893633118084,7.47732677027049,11.7010729270251,13.7920207363157,23.5990818263575,,,,,,TRUE,7.56132982990701,2024-06,4.01132404656943,4.07205679004934,FALSE,FALSE,146,144,143,138,147,146,FALSE,,,,FALSE,TRUE
855850-99999,JUAN FERNANDEZ,-33.633,-78.833,29,A,FALSE,3.58240047888423,21.3554864556194,0,0.00452148914337158,75,Csb,C,25.4175995211158,7.6445135443806,-46,33.633,flat (<20 m),<200 m,subtropics (23.5-45),C temperate,FALSE,13874,1.55885034430517,3.10392001714697,2.72035202810313,3.47327503278542,6.89405173463886,,,,,,TRUE,1.93462827904831,2023-05,5.18407423101973,1.05553178000789,FALSE,TRUE,63,75,1,0,415,432,FALSE,,,,FALSE,TRUE
856290-99999,CURICO/GEN FREIRE,-34.967,-71.217,242,A,FALSE,338.282737750022,257.929647866499,124.289916992188,0.999923706054688,231,Csb,C,-96.2827377500217,-15.9296478664988,11,34.967,hilly (50-150 m),200-500 m,subtropics (23.5-45),C temperate,TRUE,13069,-19.1922163936698,4.15594907632522,19.1924005938132,19.6369998022203,26.1295264289186,,,,,,TRUE,-0.490918118452309,2023-05,-1.25699063203233,1.10464317463915,FALSE,TRUE,216,231,211,218,239,239,FALSE,,,,TRUE,TRUE
857660-99999,PICHOY,-39.65,-73.086,18,A,FALSE,119.192726125257,78.0517078971922,110.39697265625,0.974601030349731,20,Cfb,C,-101.192726125257,-60.0517078971922,-2,39.65,hilly (50-150 m),<200 m,subtropics (23.5-45),C temperate,TRUE,13785,-1.94160618863514,3.02166417736278,2.8299199332352,3.59160502358358,7.08625047036396,,,,,,TRUE,0.486155275324091,2023-08,2.63111429876984,0.522613087621472,FALSE,FALSE,18,20,11,17,18,21,FALSE,,,,FALSE,TRUE
858740-99999,BALMACEDA,-45.916,-71.689,524.9,A,FALSE,836.348782219846,571.59435497851,306.685485839844,0.976809024810791,515,Cfc,C,-311.448782219846,-46.6943549785095,9.89999999999998,45.916,mountain (>300 m),500-1000 m,mid-latitude (45-66.5),C temperate,TRUE,13499,-5.95272503095129,9.21519307615868,9.43037011205532,10.9703431078833,18.995018393945,,,,,,TRUE,8.86135695614023,2024-06,6.24995149006568,3.06285879498744,FALSE,FALSE,513,515,510,512,518,515,FALSE,,,,FALSE,TRUE
859340-99999,CARLOS IBANEZ DEL CAMPO INTL,-53.003,-70.855,42.4,A,FALSE,21.0796950443067,77.0319916842143,23.7225341796875,0.270910978317261,38,ET,E,21.3203049556933,-34.6319916842143,4.4,53.003,gentle (20-50 m),<200 m,mid-latitude (45-66.5),E polar,TRUE,14075,0.943453644830197,5.355439615061,4.37101274161367,5.43772016041456,9.97804579211725,,,,,,TRUE,-3.78406132409415,2022-09,-7.60420541457823,1.14922136106813,FALSE,FALSE,25,38,17,37,36,39,FALSE,,,,FALSE,TRUE
861340-99999,TENIENTE COL CARMELO PERALTA,-23.442,-57.427,77.1,A,FALSE,85.1047284400127,87.4330970565892,8.44171142578125,0.984119176864624,76,Aw,A,-8.00472844001266,-10.3330970565892,1.09999999999999,23.442,flat (<20 m),<200 m,tropics (0-23.5),A tropical,TRUE,6260,1.40289219776917,5.83876380174521,4.5550238573666,6.00448360631378,11.2885714256049,,,,,,TRUE,-1.42897556120731,2023-04,-3.90105370517507,1.03606705864019,FALSE,FALSE,68,76,66,73,79,77,FALSE,,,,FALSE,TRUE
862100-99999,SALTOS DEL GUAIRA,-24.033,-54.35,265,A,FALSE,268.041418721607,256.50204516833,26.7531127929688,0.919456243515015,304,Cfa,C,-3.04141872160727,8.49795483167031,-39,24.033,gentle (20-50 m),200-500 m,subtropics (23.5-45),C temperate,FALSE,5534,39.9995926619861,9.8954821768081,40.0340958947849,41.2052215899888,54.6290331766399,,,,,,FALSE,2.45242441573881,2023-10,2.10389407785126,3.29698334716064,FALSE,TRUE,305,304,264,266,305,304,FALSE,,,,TRUE,FALSE
862970-99999,ENCARNACION,-27.227,-55.837,199,A,FALSE,141.27874364908,178.595726496816,32.4144897460938,0.940931677818298,188,Cfa,C,57.7212563509201,20.404273503184,11,27.227,gentle (20-50 m),<200 m,subtropics (23.5-45),C temperate,TRUE,7623,0.228529478341671,6.50759906944464,3.91095087250223,6.51118391438779,11.2346416144522,,,,,,TRUE,-2.23056768387839,2023-04,-10.3135028473022,0.611722150473269,FALSE,FALSE,191,188,186,187,196,194,FALSE,,,,FALSE,TRUE
868910-99999,MACAE,-22.343,-41.766,2.4,A,TRUE,44.7888936493349,26.454067520509,90.2770385742187,0.731999039649963,5,Aw,A,-42.3888936493349,-24.054067520509,-2.6,22.343,hilly (50-150 m),<200 m,tropics (0-23.5),A tropical,TRUE,20909,27.0093520316163,2.8909095245573,27.0100879158156,27.1636163893082,31.6953930639955,-16.3604531436855,4.6727868370413,16.3636167267043,17.0146501464775,23.5861213504826,TRUE,-1.74455232108988,2023-08,-12.4010293451172,0.39789754287231,FALSE,FALSE,7,5,5,3,8,6,FALSE,,,,TRUE,TRUE
870470-99999,SALTA,-24.856,-65.486,1246,A,FALSE,1813.95788548141,1156.09568825746,364.471374511719,0.999132633209229,1235,Cwa,C,-567.957885481408,89.904311742542,11,24.856,mountain (>300 m),1000-2000 m,subtropics (23.5-45),C temperate,TRUE,25474,-17.3532970585057,6.77336768230597,17.4128273966827,18.6283017896666,28.1863327981415,,,,,,TRUE,-0.769958705062147,2023-04,-1.68406816301566,1.29316148488461,FALSE,FALSE,1230,1235,1227,1235,1235,1239,FALSE,,,,TRUE,TRUE
870780-99999,ALFEREZ ARMANDO RODRIGUEZ,-24.721,-60.549,129.8,A,FALSE,131.644417069667,130.057234759067,1.06439208984375,0.999992609024048,130,Cfa,C,-1.844417069667,-0.257234759066535,-0.199999999999989,24.721,flat (<20 m),<200 m,subtropics (23.5-45),C temperate,TRUE,15405,1.04312838960166,4.80436026639077,3.57361122926655,4.91614646544644,9.2436539175341,,,,,,TRUE,-0.726515454938296,2024-03,-3.76054223091642,0.498825627610378,FALSE,FALSE,92,130,85,129,106,134,FALSE,,,,FALSE,TRUE
872170-99999,LA RIOJA,-29.382,-66.796,437.7,A,FALSE,505.322211601949,407.623987931659,334.205627441406,0.999773979187012,441,BSh,B,-67.6222116019487,30.0760120683414,-3.30000000000001,29.382,mountain (>300 m),200-500 m,subtropics (23.5-45),B arid,TRUE,25385,2.20185541932621,4.95796746080152,4.11002786940515,5.42481707386012,10.3165097607015,,,,,,TRUE,-1.60400193489726,2023-02,-6.7540456977968,0.671716299208443,FALSE,FALSE,434,441,407,434,435,445,FALSE,,,,FALSE,TRUE
872440-99999,VILLA MARIA DEL RIO,-29.9,-63.683,341,A,FALSE,454.46705209284,376.012785329343,50.9158935546875,1,359,Cfa,C,-113.46705209284,-35.0127853293429,-18,29.9,hilly (50-150 m),200-500 m,subtropics (23.5-45),C temperate,TRUE,17784,0.593117034369371,4.89360903598132,3.41975702255808,4.92928500322492,9.60196736477397,,,,,,TRUE,0.56920076033134,2023-06,1.97853976787754,0.813702557858805,FALSE,TRUE,371,359,342,338,387,390,FALSE,,,,FALSE,TRUE
873710-99999,SAUCE VIEJO,-31.712,-60.812,17.1,A,TRUE,26.2834343436597,13.197756751796,7.31683349609375,0.916069984436035,19,Cfa,C,-9.18343434365966,3.90224324820403,-1.9,31.712,flat (<20 m),<200 m,subtropics (23.5-45),C temperate,TRUE,24965,3.57421020083396,3.72796675287114,4.17118875230605,5.1645094618414,9.15487136680038,-1.24038719228156,5.28041038618874,3.77816889906701,5.42403699843301,10.6019151484022,TRUE,-1.12393075360192,2023-06,-8.36416298894596,0.380068661266573,FALSE,FALSE,12,19,10,17,17,21,FALSE,1,32.719612348619,1.68712427104374,TRUE,TRUE
875060-99999,MALARGUE,-35.494,-69.574,1430.1,A,TRUE,1577.45064294701,1477.91812507329,135.597900390625,0.988204002380371,1432,Csb,C,-147.350642947006,-47.8181250732923,-1.90000000000009,35.494,hilly (50-150 m),1000-2000 m,subtropics (23.5-45),C temperate,TRUE,25348,-7.64844686598742,5.57391501402358,8.1783385711661,9.46393376803259,15.9709765884051,-102.169466633353,7.71048568687197,102.169466633353,102.459988074643,113.923072887357,TRUE,-1.66286256432635,2023-03,-5.56362004495259,0.845364267089475,FALSE,FALSE,1430,1432,1425,1429,1431,1432,FALSE,,,,FALSE,TRUE
875090-99999,SAN RAFAEL,-34.588,-68.403,752.9,A,FALSE,955.984995274253,753.511727373772,66.0834350585938,0.99867832660675,749,BSk,B,-203.084995274253,-0.611727373771942,3.89999999999998,34.588,hilly (50-150 m),500-1000 m,subtropics (23.5-45),B arid,TRUE,25388,-2.68743138083712,5.37794252489239,4.77738795975255,6.01193928925289,11.663003466252,,,,,,TRUE,3.66432609716994,2023-10,13.2841604347195,0.780198295412233,FALSE,FALSE,749,749,747,747,754,754,FALSE,,,,FALSE,TRUE
875530-99999,SAN FERNANDO,-34.453,-58.59,3,A,FALSE,7.90982115770931,16.2569053907298,2.9715576171875,0.515490651130676,3,Cfa,C,-4.90982115770931,-13.2569053907298,0,34.453,flat (<20 m),<200 m,subtropics (23.5-45),C temperate,TRUE,21750,4.00927091392232,3.22029622620484,4.31154432245915,5.14238118481823,8.91377809862195,,,,,,TRUE,2.99956216200186,2023-11,12.67019205651,0.669606501900598,FALSE,FALSE,8,3,6,1,9,10,FALSE,,,,FALSE,TRUE
875960-99999,PUNTA INDIO B.A.,-35.367,-57.283,16,A,TRUE,5.00362995072221,11.1583243258401,3.24749755859375,0.576830387115479,16,Cfa,C,10.9963700492778,4.84167567415988,0,35.367,flat (<20 m),<200 m,subtropics (23.5-45),C temperate,TRUE,12055,5.61191827127624,5.25855283250866,6.2144547814328,7.69049482962117,11.434550773611,7.51581558451719,5.96697164934047,8.11465340078225,9.59631601391603,15.5748941072109,TRUE,-2.11736512345794,2022-10,-8.00536220361008,0.647873765074387,FALSE,TRUE,9,16,6,11,15,18,FALSE,,,,FALSE,TRUE
877150-99999,PRESIDENTE PERON,-38.949,-68.156,272.8,A,FALSE,375.957666879745,306.264196361653,69.8829345703125,0.995504975318909,272,BSk,B,-103.157666879745,-33.4641963616526,0.800000000000011,38.949,hilly (50-150 m),200-500 m,subtropics (23.5-45),B arid,TRUE,25618,-4.13822190295286,3.69681855910152,4.58868765738514,5.54894715290281,10.0697054940211,,,,,,TRUE,-1.38807360847406,2022-11,-6.81629965160129,0.52579710827581,FALSE,FALSE,266,272,262,270,268,273,FALSE,,,,TRUE,TRUE
877500-99999,COMANDANTE ESPORA,-38.725,-62.169,75,A,FALSE,49.9974128684362,43.1774134133471,15.1527099609375,0.758996725082398,76,Cfa,C,25.0025871315638,31.8225865866529,-1,38.725,flat (<20 m),<200 m,subtropics (23.5-45),C temperate,TRUE,25355,2.74889839436144,4.07951156714298,3.77587640434628,4.91916666041425,9.2174003720859,,,,,,TRUE,-1.22767833275714,2022-09,-7.87658991925643,0.359952935552861,FALSE,FALSE,92,76,70,75,100,77,FALSE,,,,FALSE,TRUE
877650-99999,SAN CARLOS DE BARILOCHE,-41.151,-71.158,846.1,A,FALSE,1243.5656803196,1027.81538866483,277.919921875,0.865393877029419,844,Csb,C,-397.465680319605,-181.715388664835,2.10000000000002,41.151,rough (150-300 m),500-1000 m,subtropics (23.5-45),C temperate,TRUE,25457,-8.70447210236232,5.15918661820242,8.90710316492143,10.1184976931901,17.3594143059425,,,,,,TRUE,-1.8382688226206,2022-10,-4.52626671754794,0.994819993269558,FALSE,FALSE,841,844,838,839,845,844,FALSE,,,,FALSE,TRUE
877840-99999,SAN ANTONIO OESTE AERO,-40.757,-65.031,20,A,FALSE,40.7920840864363,-3.32164589844646,25.88134765625,0.59972882270813,16,BSk,B,-20.7920840864362,23.3216458984465,4,40.757,gentle (20-50 m),<200 m,subtropics (23.5-45),B arid,TRUE,16197,-17.0770545209494,5.32912701210409,17.111468449201,17.8892043544846,25.7735199138217,,,,,,TRUE,-0.853581950983931,2023-09,-2.99325954819738,0.806577012277694,FALSE,FALSE,17,16,11,13,18,17,FALSE,,,,TRUE,TRUE
877910-99999,GOBERNADOR CASTELLO,-40.869,-63,6.1,A,FALSE,26.0141655311702,17.0726783611121,14.6205444335938,0.988894701004028,5,BSk,B,-19.9141655311702,-10.9726783611121,1.1,40.869,flat (<20 m),<200 m,subtropics (23.5-45),B arid,TRUE,25392,0.825559247465083,3.65404531922532,2.79160224948567,3.74607386863368,7.30798822122892,,,,,,TRUE,-1.07233397885159,2023-03,-6.88866615145198,0.440291116725342,FALSE,FALSE,7,5,7,3,18,6,FALSE,,,,FALSE,TRUE
878600-99999,COMODORO RIVADAVIA,-45.785,-67.466,57.9,A,FALSE,245.480595836116,93.5513943344567,95.3900756835938,0.758056998252869,46,BSk,B,-187.580595836116,-35.6513943344567,11.9,45.785,hilly (50-150 m),<200 m,mid-latitude (45-66.5),B arid,TRUE,24423,-10.5873766863106,4.4329387451058,10.7123287267013,11.4779216937345,17.0861924255301,,,,,,TRUE,-1.24533908923876,2023-03,-5.01975849819897,0.70169727503293,FALSE,FALSE,37,46,31,45,42,49,FALSE,,,,FALSE,TRUE
879380-99999,USHUAIA MALVINAS ARGENTINAS,-54.843,-68.296,21.6,A,FALSE,401.838144030454,314.421926065476,249.840209960938,0.744424939155579,30,ET,E,-380.238144030454,-292.821926065476,-8.4,54.843,rough (150-300 m),<200 m,mid-latitude (45-66.5),E polar,TRUE,25285,40.6303552101029,5.25853332228797,40.6303552101029,40.9692182446908,49.6371090254474,,,,,,TRUE,-1.47258606369456,2023-07,-5.0955722595821,0.817396389236662,FALSE,FALSE,19,30,17,27,24,30,FALSE,,,,TRUE,TRUE
888890-99999,MOUNT PLEASANT,-51.823,-58.447,74.4,A,FALSE,56.0324598773536,69.8939781933688,75.3414916992188,0.700366854667664,68,ET,E,18.3675401226464,4.50602180663121,6.40000000000001,51.823,hilly (50-150 m),<200 m,mid-latitude (45-66.5),E polar,TRUE,25296,-0.495363624645232,3.45924292346631,2.59557358542332,3.49446328792603,6.77605503336411,,,,,,TRUE,-2.04264325034269,2023-09,-12.5438781367098,0.460580652369474,FALSE,FALSE,53,68,46,66,56,71,FALSE,,,,FALSE,TRUE
889030-99999,GRYTVIKEN,-54.283,-36.5,3,A,FALSE,275.432369632469,397.630769044475,253.956787109375,0.466336846351624,55,ET,E,-272.432369632469,-394.630769044475,-52,54.283,rough (150-300 m),<200 m,mid-latitude (45-66.5),E polar,FALSE,22249,8.71971441653154,8.41671595445459,9.90946061862898,12.1190487642694,23.2586413676571,,,,,,TRUE,-3.52980738768443,2023-04,-4.71042997948658,2.11950989695941,FALSE,TRUE,,0,32,0,324,327,FALSE,,,,FALSE,TRUE
890020-99999,NEUMAYER,-70.667,-8.25,50,A,TRUE,33.3377992389093,38.8946053188398,11.4888305664063,0.745038509368897,37,Climate Zone info missing,"",16.6622007610907,11.1053946811602,13,70.667,flat (<20 m),<200 m,polar (>66.5),,TRUE,8566,-8.39170091842886,4.58582664137298,8.63439037595229,9.56284451702878,15.6301764424208,-6.61252012292014,5.64278992054955,7.43734684989364,8.69268562165014,15.3777500070014,TRUE,-3.39625911454,2024-01,-7.55990235370239,1.27066077745395,FALSE,TRUE,,,,,,,,,,,FALSE,TRUE
890040-99999,S.A.N.A.E. AWS,-71.7,-2.8,817,A,TRUE,822.815634432375,782.675611064941,66.5974731445313,1,834,EF,E,-5.81563443237496,34.3243889350594,-17,71.7,hilly (50-150 m),500-1000 m,polar (>66.5),E polar,TRUE,18237,43.8790062510955,6.42926346526279,43.8790062510955,44.3474954390876,54.6890124873579,66.1763265701085,7.07912163905685,66.1763265701085,66.5538685093977,78.2482142846295,FALSE,5.87182073038828,2023-01,9.50056546367377,1.74810826671101,FALSE,TRUE,833,,781,,921,,FALSE,,,,TRUE,FALSE
890130-99999,BALDRICK AWS,-82.767,-13.05,1968,A,FALSE,1965.08062489803,1971.25682891201,1.733154296875,1,1985,EF,E,2.91937510197158,-3.25682891201382,-17,82.767,flat (<20 m),1000-2000 m,polar (>66.5),E polar,TRUE,11620,32.3286946918022,6.28687021566056,32.3376217555271,32.9342653803596,42.4239331233469,,,,,,FALSE,-2.43999063759072,2022-10,-3.59821195214485,1.6377960339174,FALSE,TRUE,2980,,2265,,3947,,TRUE,,,,TRUE,FALSE
890220-99999,HALLEY,-75.61,-26.272,30,A,TRUE,24.8622048718217,26.454067520509,11.1026000976563,0.572996497154236,30,Climate Zone info missing,"",5.13779512817833,3.54593247949096,0,75.61,flat (<20 m),<200 m,polar (>66.5),,TRUE,23868,-9.20502641367091,5.0290313905143,9.28689213432479,10.4891662384108,17.9904088520608,-0.709333064034701,5.91080332884863,4.60075571058678,5.95309042465194,11.862063033204,TRUE,-3.01382294719238,2022-12,-4.63068494967896,1.76247600760528,FALSE,FALSE,,,,,,,,,,,FALSE,TRUE
890340-99999,BASE BELGRANO II,-77.867,-34.617,256,A,FALSE,373.644982374843,420.268468972585,60.7991943359375,0.700432181358337,151,EF,E,-117.644982374843,-164.268468972585,105,77.867,hilly (50-150 m),200-500 m,polar (>66.5),E polar,FALSE,8576,-4.90496783527675,6.09511414019908,6.20101201198163,7.82334927906577,15.0681365507415,,,,,,TRUE,-2.59430248977262,2022-09,-4.13775639201926,1.44795497745443,FALSE,TRUE,134,,14,,258,,FALSE,,,,FALSE,TRUE
890590-99999,BASE BERNARDO O'HIGGINS,-63.317,-56.683,10,A,TRUE,93.9495716076591,-37.5841106545049,18.4274291992188,0.280982494354248,-341,EF,E,-83.9495716076591,47.5841106545049,351,63.317,flat (<20 m),<200 m,mid-latitude (45-66.5),E polar,FALSE,7617,2.41215728213556,11.5265845777653,7.99781405491069,11.7755344650219,23.1819793228065,,,,,,TRUE,-2.55816596106403,2022-09,-3.0719590779432,1.92314776177415,FALSE,TRUE,,,,,,,,,,,FALSE,TRUE
890650-99999,FOSSIL BLUFF,-71.317,-68.283,69,A,FALSE,322.203486043272,273.225391061168,113.613708496094,0.999983787536621,33,EF,E,-253.203486043272,-204.225391061168,36,71.317,hilly (50-150 m),<200 m,polar (>66.5),E polar,FALSE,6552,-4.17333978319879,6.21675257030638,6.00779149043565,7.48724774584299,14.47966345497,,,,,,TRUE,-3.30734947618939,2023-08,-5.91129490869479,1.58249539465705,FALSE,TRUE,35,,32,,514,,FALSE,,,,FALSE,TRUE
890660-99999,BASE SAN MARTIN,-68.117,-67.133,7,A,FALSE,206.190452158102,251.199520860844,155.209350585938,0.387879490852356,-96,EF,E,-199.190452158102,-244.199520860844,103,68.117,rough (150-300 m),<200 m,polar (>66.5),E polar,FALSE,8146,1.2014239312583,6.0408269883518,4.56623064363623,6.15877670251039,12.3570303199418,,,,,,TRUE,-4.34412427701632,2022-07,-5.71694383927374,1.51973655825459,FALSE,TRUE,,,14,,24,,FALSE,,,,FALSE,TRUE
892570-99999,UNIV. WI ID 8925 (LIMBERT AWS,-75.867,-59.15,40,A,FALSE,52.994024223996,53.1706323005308,1.2490234375,1,58,Climate Zone info missing,"",-12.994024223996,-13.1706323005308,-18,75.867,flat (<20 m),<200 m,polar (>66.5),,TRUE,7718,14.7544085448896,6.14154472132417,14.8126351297076,15.9814347285254,24.6810988589317,,,,,,TRUE,-3.47029286833443,2022-09,-5.75315897413011,1.3930256616993,FALSE,TRUE,,,,,,,,,,,FALSE,TRUE
892620-99999,UNIV. WI ID 8926 (LARSEN ICE,-67.017,-61.467,45,A,TRUE,48.7857032122335,34.2039107391413,1.21063232421875,1,-528,Climate Zone info missing,"",-3.78570321223354,10.7960892608587,573,67.017,flat (<20 m),<200 m,polar (>66.5),,FALSE,16597,-20.2352316122114,9.27796493038166,20.2653912210196,22.2607287646113,36.3268459262537,-15.1063423982901,9.42339835654936,15.3533659687103,17.8044002103347,31.468146855353,TRUE,-3.27113242114716,2023-12,-3.57767287600504,2.55900303438865,FALSE,TRUE,,,,,,,,,,,TRUE,TRUE
892720-99999,UNIV. WI ID 8917 (SKI-BLU),-74.8,-71.483,1589,A,FALSE,1606.35441933854,1518.29888710722,57.631103515625,1,1583,EF,E,-17.3544193385358,70.7011128927818,6,74.8,hilly (50-150 m),1000-2000 m,polar (>66.5),E polar,TRUE,7575,-4.32292965789248,6.86706197260729,6.56140642028921,8.1140640666,14.2321160835845,,,,,,TRUE,-2.86199114278021,2022-10,-5.04779003045547,1.36938447796144,FALSE,TRUE,1573,,1526,,1594,,FALSE,,,,FALSE,TRUE
895040-99999,TROLL IN ANTARKTIS,-72.017,2.533,1277,A,FALSE,1460.20916968651,1318.84239584874,145.683654785156,0.999928832054138,1262,EF,E,-183.209169686514,-41.8423958487354,15,72.017,hilly (50-150 m),1000-2000 m,polar (>66.5),E polar,TRUE,21570,3.04146452508088,7.44320488776175,6.24165247901504,8.04047492479712,15.0244631852266,,,,,,TRUE,-3.34180379587106,2024-07,-2.75756512100991,2.37270345979278,FALSE,TRUE,1269,,1264,,1511,,FALSE,,,,FALSE,TRUE
895320-99999,SYOWA,-69,39.583,21,A,FALSE,131.329340692923,52.7627458153396,2.32720947265625,0.333144187927246,-393,EF,E,-110.329340692923,-31.7627458153396,414,69,flat (<20 m),<200 m,polar (>66.5),E polar,FALSE,8581,5.89556119606589,6.15489141656099,6.65237120608735,8.52267067585082,16.728657385843,,,,,,TRUE,0.577782041726316,2023-05,1.4731415907386,1.10933966516456,FALSE,TRUE,,,8,,15,,FALSE,,,,FALSE,TRUE
895640-99999,MAWSON,-67.6,62.867,16,A,TRUE,91.1664633341916,100.281521340111,0,0.214010357856751,-238,EF,E,-75.1664633341916,-84.2815213401111,254,67.6,flat (<20 m),<200 m,polar (>66.5),E polar,FALSE,8562,0.248649497577105,6.90383951802951,4.91539933515564,6.90791284372638,13.8481285634331,-35.4794154480093,9.0442938020849,35.5249178468191,36.6139128905374,49.369221362176,TRUE,-1.59451264941621,2022-07,-2.75914692933799,1.15580118801341,FALSE,TRUE,,,11,,53,,FALSE,,,,FALSE,TRUE
895710-99999,DAVIS,-68.583,77.967,23,A,FALSE,44.537151209256,-7.40051075035818,22.6362915039063,0.27423083782196,1,EF,E,-21.537151209256,30.4005107503582,22,68.583,gentle (20-50 m),<200 m,polar (>66.5),E polar,FALSE,8545,-3.47851087434333,5.04328079209586,4.82792596215841,6.12631557248422,11.9377456678819,,,,,,TRUE,-1.51526378812945,2022-11,-4.91961243011813,0.79526473543711,FALSE,TRUE,,,,,,,,,,,FALSE,TRUE
895770-99999,DOME PLATEAU DOME A,-80.37,77.37,4084,A,FALSE,4056.1867716199,4077.99052492441,6.4337158203125,1,4085,EF,E,27.8132283801042,6.00947507558612,-1,80.37,flat (<20 m),>2000 m,polar (>66.5),E polar,TRUE,15464,6.69832428965955,7.0282980437968,7.64522877632112,9.70882729073415,18.4023377310087,,,,,,TRUE,-2.56672458690264,2024-07,-2.06276329253673,2.48862736329397,FALSE,FALSE,2763,,2755,,2771,,TRUE,,,,FALSE,TRUE
896110-99999,CASEY,-66.283,110.533,42,A,FALSE,99.9236746397852,53.578518785722,0,0.356977105140686,-23,EF,E,-57.9236746397853,-11.5785187857219,65,66.283,flat (<20 m),<200 m,mid-latitude (45-66.5),E polar,FALSE,8552,-0.0724988530295294,7.59189757998456,5.1844482564602,7.59179987659348,15.1474827241356,,,,,,TRUE,-0.774656195716897,2023-12,-1.79063093459296,1.22362378198075,FALSE,TRUE,19,,6,,49,,FALSE,,,,FALSE,TRUE
896420-99999,DUMONT D'URVILLE,-66.667,140.017,43,A,FALSE,301.789245451428,102.320953766067,117.473083496094,0.745915412902832,-99,EF,E,-258.789245451428,-59.3209537660669,142,66.667,hilly (50-150 m),<200 m,polar (>66.5),E polar,FALSE,5382,2.55060794497254,6.93528829128214,5.599194401908,7.38883534152253,14.8752021631722,,,,,,TRUE,-0.952285716063998,2024-02,-2.04825924249208,1.2590212490351,FALSE,TRUE,,,1,,40,,FALSE,,,,FALSE,TRUE
896590-99999,PRIESTLEY GLACIER,-73.633,160.65,1924,A,FALSE,1887.07153795193,1807.28646186516,129.519348144531,1,1979,EF,E,36.9284620480744,116.713538134837,-55,73.633,hilly (50-150 m),1000-2000 m,polar (>66.5),E polar,FALSE,19968,51.7771147762569,12.0868945092528,51.7778592819089,53.1691199576818,65.4834254146429,,,,,,FALSE,-9.08079884095061,2022-07,-3.52850467289668,5.14710886495488,FALSE,TRUE,1992,,1972,,2031,,TRUE,,,,TRUE,FALSE
896610-99999,CAPE PHILLIPS,-73.517,169.75,568,A,FALSE,182.092885073522,489.405228212489,0,0.32132613658905,25,EF,E,385.907114926478,78.5947717875115,543,73.517,flat (<20 m),500-1000 m,polar (>66.5),E polar,FALSE,24172,-33.2107564933712,16.2834416982034,34.7632270286397,36.9877527173235,51.6299244301115,,,,,,TRUE,-3.67065749718583,2022-12,-4.44373704691835,2.23689822046534,FALSE,TRUE,1958,,1564,,2096,,TRUE,,,,TRUE,TRUE
896660-99999,CAPE ROSS,-76.717,162.967,150,A,FALSE,131.413387615164,3.20453786461228,30.9273071289063,0.215457916259766,31,EF,E,18.5866123848358,146.795462135388,119,76.717,gentle (20-50 m),<200 m,polar (>66.5),E polar,FALSE,24926,-7.4939352373643,7.75458199519733,8.88475138691672,10.7837931535904,20.2089199475399,,,,,,TRUE,-3.66034340765423,2022-12,-5.39492219110268,1.83733081865889,FALSE,TRUE,153,,73,,154,,FALSE,,,,FALSE,TRUE
897670-99999,G3,-70.9,69.867,84,A,FALSE,103.292721409069,89.6764727251406,8.3035888671875,1,84,EF,E,-19.2927214090694,-5.6764727251406,0,70.9,flat (<20 m),<200 m,polar (>66.5),E polar,TRUE,7991,0.372028241530935,5.24105574741417,4.10563645528386,5.25391595952007,10.5301792951595,,,,,,TRUE,-2.88544001519611,2022-07,-4.0738067268549,1.41658169307593,FALSE,TRUE,,,,,,,,,,,FALSE,TRUE
898280-99999,DOME C II,-75.117,123.367,3250,A,TRUE,3256.72408239881,3264.46093021062,1.8201904296875,1,3270,EF,E,-6.72408239880633,-14.4609302106228,-20,75.117,flat (<20 m),>2000 m,polar (>66.5),E polar,TRUE,25770,-6.05065666776338,16.8604954522073,15.6983112616093,17.9130042627268,29.7803486519109,-1.33109657871948,17.1546137443127,15.1046474136498,17.2058470093291,28.4693269142866,TRUE,-3.99253513106059,2023-08,-5.23825501638261,2.15579322233766,FALSE,TRUE,3273,,3251,,3273,,FALSE,,,,FALSE,TRUE
898790-99999,POSSESSION IS,-71.883,171.2,30,A,FALSE,-3.19751735748191,54.5982349986999,0,0.00987839698791504,152,Climate Zone info missing,"",33.1975173574819,-24.5982349986999,-122,71.883,flat (<20 m),<200 m,polar (>66.5),,FALSE,17729,51.6999223533461,9.7369274930471,51.6999223533461,52.6087861553376,66.1053683088658,,,,,,FALSE,,"",,,FALSE,TRUE,,,,,,,,,,,TRUE,FALSE
911905-22524,LANAI AIRPORT,20.79,-156.949,396.2,A,TRUE,13.8763559835673,194.299356176676,0,0.113036155700684,397,As,A,382.323644016433,201.900643823324,-0.800000000000011,20.79,flat (<20 m),200-500 m,tropics (0-23.5),A tropical,TRUE,23507,-3.01068792426463,3.070086819923,3.65522425039408,4.29991556851465,7.54581177079504,0.314063110226279,7.44268618239165,6.05033640938445,7.44915141309268,14.107651914919,TRUE,0.57345697473268,2023-05,2.70718414322072,0.592865727736059,FALSE,FALSE,397,377,395,377,405,398,FALSE,,,,FALSE,TRUE
911977-21508,BRADSHAW ARMY AIRFIELD,19.76,-155.554,1798.3,A,TRUE,2185.17641130317,1912.92906152968,606.806823730469,0.999366402626038,1872,Cfb,C,-386.876411303172,-114.629061529676,-73.7000000000001,19.76,mountain (>300 m),1000-2000 m,tropics (0-23.5),C temperate,FALSE,23275,-10.8537495699925,7.8473904501347,11.379561642365,13.393385336863,23.9027001174343,158.977982140759,33.8181284461061,158.977982140759,162.534966945741,222.404767928233,TRUE,-4.78215812891079,2023-02,-7.59285079898933,1.76275668508713,FALSE,FALSE,1877,1870,1877,1866,1884,1875,TRUE,,,,FALSE,TRUE
912120-41415,GUAM INTERNATIONAL AIRPORT,13.483,144.8,77.4,A,FALSE,15.3047553350278,52.558802572744,0,0.152141690254211,82,Af,A,62.0952446649723,24.841197427256,-4.59999999999999,13.483,flat (<20 m),<200 m,tropics (0-23.5),A tropical,TRUE,24715,-3.66338866839365,3.08707427100397,3.97454790867165,4.79062193180621,8.15491865388328,,,,,,TRUE,-0.483344732552275,2024-02,-2.98384451923394,0.438663514427053,FALSE,TRUE,87,86,36,32,108,105,FALSE,,,,FALSE,TRUE
912210-41419,ROTA INTERNATIONAL AIRPORT,14.172,145.243,179.2,A,FALSE,7.3959797847634,34.4078539817369,0,0.0636026859283447,179,Climate Zone info missing,"",171.804020215237,144.792146018263,0.199999999999989,14.172,flat (<20 m),<200 m,tropics (0-23.5),,TRUE,13018,20.0485805497558,4.13933931478581,20.0562962874076,20.4714043444849,25.6380116469983,,,,,,TRUE,-3.24520420430672,2024-07,-2.46928965371954,2.6284516273078,FALSE,FALSE,173,179,169,178,180,183,FALSE,,,,TRUE,TRUE
912320-41418,FRANCISCO C. ADA/SAIPAN INTER,15.117,145.717,65.5,A,FALSE,6.64553238427496,20.3357702426415,0,0.123916387557983,58,Af,A,58.8544676157251,45.1642297573585,7.5,15.117,flat (<20 m),<200 m,tropics (0-23.5),A tropical,TRUE,24877,0.323834766274414,2.69431387091168,2.0652918819126,2.71365148500068,5.33944633447674,,,,,,TRUE,-0.711577716318459,2023-12,-5.06488074669283,0.397372774376624,FALSE,TRUE,57,65,13,22,64,68,FALSE,,,,FALSE,TRUE
912850-21504,HILO INTERNATIONAL AIRPORT,19.719,-155.049,8.8,A,FALSE,176.129935187475,-2.70981617065971,108.268249511719,0.373839139938355,9,Cfb,C,-167.329935187475,11.5098161706597,-0.199999999999999,19.719,hilly (50-150 m),<200 m,tropics (0-23.5),C temperate,TRUE,23107,8.59915357790176,2.52972683685122,8.602004855622,8.96351957514151,12.8008172316127,,,,,,TRUE,0.757418277771542,2022-08,3.40912956280597,0.479949634067476,FALSE,FALSE,11,12,10,9,12,13,FALSE,,,,FALSE,TRUE
913340-40505,CHUUK INTERNATIONAL AIRPORT,7.467,151.85,1.5,A,FALSE,1.6783991124645,2.79665137942111,0,0.0236952304840088,0,Af,A,-0.178399112464501,-1.29665137942111,1.5,7.467,flat (<20 m),<200 m,tropics (0-23.5),A tropical,TRUE,25988,5.46475734106183,3.54784776693377,5.65314629465217,6.51539041243805,11.3832538835486,,,,,,TRUE,-1.44030143578595,2023-09,-8.13448828385261,0.500804415303486,FALSE,TRUE,,3,8,0,168,156,FALSE,,,,FALSE,TRUE
913560-00493,KOSRAE,5.354,162.953,2.1,A,TRUE,1.26413940094222,19.9278837574503,0,0.00324511528015137,3,Af,A,0.835860599057782,-17.8278837574503,-0.9,5.354,flat (<20 m),<200 m,tropics (0-23.5),A tropical,TRUE,8495,6.00704099018772,4.4663689034915,6.45036329833035,7.48536200740709,12.8506563266697,,,,,,TRUE,1.48546618700158,2023-05,6.67137430597224,0.629785208191262,FALSE,FALSE,8,8,6,0,11,8,FALSE,,,,FALSE,TRUE
914130-40308,YAP INTERNATIONAL AIRPORT,9.483,138.083,13.4,A,FALSE,1.59275888364018,6.26368650354606,0,0.0338667631149292,14,Af,A,11.8072411163598,7.13631349645394,-0.6,9.483,flat (<20 m),<200 m,tropics (0-23.5),A tropical,TRUE,20759,9.07167402846662,5.41225879972289,9.24099305891191,10.56344659271,17.9676485450478,,,,,,TRUE,-1.20355353179633,2024-02,-4.8850268250939,0.667189452206721,FALSE,TRUE,13,15,6,0,20,24,FALSE,,,,FALSE,TRUE
915960-99999,ILE DES PINS MOUE,-22.589,167.456,96,A,FALSE,4.71763141911356,14.6253594499651,0,0.104172229766846,89,Climate Zone info missing,"",91.2823685808864,81.3746405500349,7,22.589,flat (<20 m),<200 m,tropics (0-23.5),,TRUE,8546,6.89912776417255,2.69910574020147,6.93992752989132,7.40825777342243,10.8803196340784,,,,,,TRUE,-0.414113620862158,2023-07,-3.23665990005974,0.361882383117166,FALSE,FALSE,92,89,88,87,101,91,FALSE,,,,FALSE,TRUE
916600-99999,YASAWA,-16.76,177.546,30,A,FALSE,0.620045214854206,1.16510543865642,0,0.0197346210479736,3,Am,A,29.3799547851458,28.8348945613436,27,16.76,flat (<20 m),<200 m,tropics (0-23.5),A tropical,FALSE,15958,36.2946520641759,2.8507147809494,36.2946520641759,36.4064257236853,40.576770939835,,,,,,FALSE,1.95764647101032,2022-12,3.67504872919543,1.06537170811278,FALSE,FALSE,8,3,5,2,12,7,TRUE,,,,TRUE,FALSE
916910-99999,LAKEMBA ISLAND,-18.233,-178.8,3,A,FALSE,0.647131426761432,7.48734595911958,0,0.00252866744995117,50,Climate Zone info missing,"",2.35286857323857,-4.48734595911958,-47,18.233,flat (<20 m),<200 m,tropics (0-23.5),,FALSE,16635,-1.3804333031597,2.60863548769379,2.30110154607251,2.95129905908177,5.59658546943428,,,,,,TRUE,-1.07907507294794,2024-03,-7.33644344787906,0.379769826849197,FALSE,TRUE,28,50,6,0,130,152,FALSE,,,,FALSE,TRUE
917530-99999,WALLIS HIHIFO,-13.238,-176.199,24.1,A,TRUE,0.490589055003493,5.24397029056814,0,0.00497281551361084,17,Climate Zone info missing,"",23.6094109449965,18.8560297094319,7.1,13.238,flat (<20 m),<200 m,tropics (0-23.5),,TRUE,8538,8.06603040625623,2.56788073115752,8.07684728660543,8.46487363465883,12.3660446085607,,,,,,TRUE,0.482752229085128,2023-06,3.60294555854453,0.378975889890395,FALSE,FALSE,33,17,29,16,39,22,FALSE,,,,FALSE,TRUE
919250-99999,HIVA-OA,-9.8,-139.033,53,A,FALSE,46.2690754647357,195.319072389654,0,0.153496146202087,63,Climate Zone info missing,"",6.73092453526434,-142.319072389654,-10,9.8,flat (<20 m),<200 m,tropics (0-23.5),,TRUE,24824,2.11922551176035,2.72855092370046,2.67302708801875,3.45482372950394,6.95422823411159,,,,,,TRUE,0.759901953392492,2024-02,3.88387674889785,0.529837672704245,FALSE,TRUE,53,63,8,0,263,264,FALSE,,,,FALSE,TRUE
919290-99999,BORA-BORA,-16.433,-151.75,3,A,FALSE,1.63976142783213,1.57299192384759,0,0.00488638877868652,1,Af,A,1.36023857216787,1.42700807615241,2,16.433,flat (<20 m),<200 m,tropics (0-23.5),A tropical,TRUE,25125,1.04935523984242,2.40098712842313,2.00167740579182,2.62023971572879,5.24894473274926,,,,,,TRUE,0.859409873551708,2023-04,7.37233216030999,0.329716315647685,FALSE,TRUE,,0,5,0,9,8,FALSE,,,,FALSE,TRUE
919380-99999,TAHITI FAA A,-17.554,-149.607,1.5,A,FALSE,98.6609791729337,277.304255913079,0,0.252174615859985,-1,Af,A,-97.1609791729337,-275.804255913079,2.5,17.554,flat (<20 m),<200 m,tropics (0-23.5),A tropical,TRUE,8474,4.4609641989398,2.67070152575201,4.56085920536425,5.19923133879778,9.01271706965398,,,,,,TRUE,0.879279576070882,2023-09,4.10395042412638,0.605996161301979,FALSE,FALSE,5,-1,3,-5,6,2,FALSE,,,,FALSE,TRUE
919440-99999,HAO,-18.075,-140.946,3,A,FALSE,0.254381354106652,0.145389225678494,0,0,7,Af,A,2.74561864589335,2.85461077432151,-4,18.075,flat (<20 m),<200 m,tropics (0-23.5),A tropical,TRUE,17628,3.98980476737409,2.47741962170351,4.0821271817972,4.69636049403676,8.19575023077329,,,,,,TRUE,0.295664872321999,2023-04,1.45015783595166,0.576672775871576,FALSE,FALSE,4,7,3,3,4,7,FALSE,,,,TRUE,TRUE
919480-99999,MANGAREVA,-23.133,-134.967,89,A,FALSE,1.39439221408432,4.22425407759021,0,0.019182562828064,24,Af,A,87.6056077859157,84.7757459224098,65,23.133,flat (<20 m),<200 m,tropics (0-23.5),A tropical,FALSE,24496,0.569421743705875,2.65094891439645,2.02652177275992,2.71136209019401,5.36815633004858,,,,,,TRUE,0.46116469547698,2023-08,2.63693847390574,0.494653457625206,FALSE,TRUE,,24,14,0,301,320,FALSE,,,,FALSE,TRUE
919540-99999,TUBUAI MATAURA,-23.365,-149.524,2.1,A,TRUE,0.595747289466841,5.85580001835489,0,0.00590169429779053,5,Climate Zone info missing,"",1.50425271053316,-3.75580001835489,-2.9,23.365,flat (<20 m),<200 m,tropics (0-23.5),,TRUE,25262,2.31035497217407,2.8061471060517,2.82418087227376,3.63481635939527,7.05636137003978,,,,,,TRUE,0.556619598647562,2023-03,2.83852296222124,0.554639857395452,FALSE,FALSE,7,5,1,5,9,11,FALSE,,,,FALSE,TRUE
919580-99999,RAPA,-27.617,-144.333,2,A,FALSE,1.73854643596437,9.73072162767102,0,0.0190297365188599,1,Cfa,C,0.261453564035629,-7.73072162767102,1,27.617,flat (<20 m),<200 m,subtropics (23.5-45),C temperate,TRUE,20907,1.33198446016001,3.02256700196123,2.48703995430621,3.30297697613343,6.5083172578417,,,,,,TRUE,0.70039613513249,2023-03,3.79807242052992,0.521585480036669,FALSE,TRUE,,0,10,0,194,224,FALSE,,,,FALSE,TRUE
920350-99999,PORT MORESBY JACKSONS INTL,-9.443,147.22,44.5,A,FALSE,126.276168865642,63.9796241580968,107.792236328125,0.614536643028259,39,Af,A,-81.7761688656422,-19.4796241580968,5.5,9.443,hilly (50-150 m),<200 m,tropics (0-23.5),A tropical,TRUE,5126,18.1284979032823,4.29692157313741,18.1903680956052,18.6306835434678,23.9291353739634,,,,,,TRUE,2.9036233803992,2023-01,13.5196482676899,0.429541260675912,FALSE,FALSE,53,39,46,38,55,41,FALSE,,,,TRUE,TRUE
930040-99999,CAPE REINGA AWS,-34.433,172.683,216,A,FALSE,11.482811169589,18.5002810592812,0,0.131709933280945,202,Climate Zone info missing,"",204.517188830411,197.499718940719,14,34.433,flat (<20 m),200-500 m,subtropics (23.5-45),,TRUE,17205,1.03255492348287,3.77391451333441,2.64861972405482,3.91251487106528,7.98841191894287,,,,,,TRUE,-0.96466923622803,2023-09,-4.53143861415979,0.434546950854145,FALSE,TRUE,180,202,9,0,180,202,FALSE,,,,FALSE,TRUE
931190-99999,AUCKLAND INTL,-37.008,174.792,7,A,FALSE,61.7106062117288,5.04002704797255,79.9532470703125,0.706130027770996,10,Cfb,C,-54.7106062117288,1.95997295202745,-3,37.008,hilly (50-150 m),<200 m,subtropics (23.5-45),C temperate,TRUE,23168,3.87729342175535,1.96036252619322,3.92414716352991,4.34468176466679,7.06232076277034,,,,,,TRUE,-0.47203778872724,2023-01,-4.42120391563995,0.301982109628183,FALSE,FALSE,13,10,5,6,18,14,FALSE,,,,FALSE,TRUE
932450-99999,TAUPO AWS,-38.733,176.067,401,A,TRUE,547.422549765338,480.635668780878,124.771240234375,0.890657901763916,374,Cfb,C,-146.422549765338,-79.6356687808783,27,38.733,hilly (50-150 m),200-500 m,subtropics (23.5-45),C temperate,FALSE,25631,8.65819952311196,2.89288308555174,8.6680929022653,9.12868364107841,13.2357311890148,-47.3973014606997,4.36838025810397,47.3973014606997,47.5981742015136,55.232664580422,TRUE,-1.13060815061778,2024-06,-4.70941656783013,0.518618966215616,FALSE,TRUE,367,374,347,356,401,404,FALSE,,,,FALSE,TRUE
934980-99999,CASTLEPOINT,-40.9,176.2,120,A,FALSE,35.8815131983144,51.3351431171705,1.6258544921875,0.206215143203735,111,Cfb,C,84.1184868016856,68.6648568828295,9,40.9,flat (<20 m),<200 m,subtropics (23.5-45),C temperate,TRUE,25546,3.90903659213146,6.88628634109021,4.85162203653361,7.9183110796452,17.8426711550661,,,,,,TRUE,-0.737612940256525,2022-12,-1.77996899287738,1.12219105658194,FALSE,TRUE,100,111,20,8,156,152,FALSE,,,,TRUE,TRUE
936780-99999,KAIKOURA,-42.417,173.7,101,A,FALSE,160.715888979035,67.6506025248174,120.421142578125,0.186331272125244,73,Cfb,C,-59.7158889790347,33.3493974751827,28,42.417,hilly (50-150 m),<200 m,subtropics (23.5-45),C temperate,FALSE,25596,13.6616536448993,4.43533565546893,13.6704788472601,14.3635724708156,22.1387258926496,,,,,,TRUE,-1.56448984785449,2024-05,-4.7381576281362,0.762539962317407,FALSE,TRUE,69,73,7,0,71,87,FALSE,,,,FALSE,TRUE
938050-99999,PUYSEGUR POINT AWS,-46.15,166.6,44,A,FALSE,17.9361011564857,62.3480782173321,0,0.0340118408203125,-34,Cfb,C,26.0638988435144,-18.3480782173321,78,46.15,flat (<20 m),<200 m,mid-latitude (45-66.5),C temperate,FALSE,21923,0.759352637744269,4.74634686154885,3.58008555750689,4.80659935616955,9.89839149899738,,,,,,TRUE,-3.2307291146415,2023-07,-9.89826098403064,0.883878068570764,FALSE,TRUE,,0,,0,,3,TRUE,,,,FALSE,TRUE
938910-99999,DUNEDIN AERODROME AWS,-45.917,170.183,2,A,FALSE,98.5032418212387,156.161969811302,105.200500488281,0.602603077888489,1,Cfb,C,-96.5032418212387,-154.161969811302,1,45.917,hilly (50-150 m),<200 m,mid-latitude (45-66.5),C temperate,TRUE,25331,3.20747876206433,3.17217561863505,3.66851987113592,4.51112191324934,8.35153652996789,,,,,,TRUE,-1.75661308978912,2023-08,-10.4681901858318,0.474623790993819,FALSE,TRUE,8,1,7,-1,19,3,FALSE,,,,FALSE,TRUE
939290-99999,ENDERBY ISLAND AWS,-50.483,166.3,40,A,TRUE,24.1308771503266,17.4805648463033,0,0.0911978483200073,-30,Climate Zone info missing,"",15.8691228496734,22.5194351536967,70,50.483,flat (<20 m),<200 m,mid-latitude (45-66.5),,FALSE,25351,2.45568055518989,3.39489499971724,3.34262609333484,4.18989551406221,7.9579624185218,,,,,,TRUE,-3.82702739945953,2024-01,-16.0723017341913,0.673485869217527,FALSE,TRUE,,0,3,0,35,35,FALSE,,,,FALSE,TRUE
941220-99999,CAPE FOURCROY,-11.783,130.017,7,A,FALSE,2.38303894869808,5.04002704797255,0,0.0119054317474365,-4,Aw,A,4.61696105130192,1.95997295202745,11,11.783,flat (<20 m),<200 m,tropics (0-23.5),A tropical,TRUE,25781,-0.0116773791802054,2.77090838238007,2.11891728479684,2.77087924873965,5.62459359646157,,,,,,TRUE,-0.4211391912517,2022-10,-3.95019325393219,0.261145737168217,FALSE,TRUE,,0,14,0,21,17,FALSE,,,,FALSE,TRUE
941820-99999,COCONUT ISLAND,-10.05,143.067,4,A,TRUE,0.66545445246338,-0.466440502108263,0,0.00950884819030762,7,Climate Zone info missing,"",3.33454554753662,4.46644050210826,-3,10.05,flat (<20 m),<200 m,tropics (0-23.5),,TRUE,25395,1.38051480926397,2.49910460374818,2.21038596489178,2.8550129638752,5.66222485168055,,,,,,TRUE,-0.560406558273935,2023-06,-5.53348221260755,0.286450565738915,FALSE,TRUE,4,7,4,0,9,7,FALSE,,,,FALSE,TRUE
941880-99999,CAPE FLATTERY,-14.967,145.317,19,A,TRUE,48.7379040147502,7.89523244431075,49.53857421875,0.57117223739624,36,Aw,A,-29.7379040147502,11.1047675556893,-17,14.967,gentle (20-50 m),<200 m,tropics (0-23.5),A tropical,TRUE,25690,-2.71904978570954,2.45635827640783,3.05970460658119,3.66424519562955,6.49869036155883,-16.900933935902,3.39857154843613,16.9037548515002,17.239240321808,21.9366656465339,TRUE,-0.46839113021895,2023-10,-5.10135690841283,0.259697606242177,FALSE,TRUE,31,36,12,0,159,145,FALSE,,,,FALSE,TRUE
942030-99999,BROOME INTL,-17.945,122.232,17.1,A,FALSE,10.3503685158795,7.89523244431075,9.27044677734375,0.400995135307312,14,BSh,B,6.74963148412047,9.20476755568925,3.1,17.945,flat (<20 m),<200 m,tropics (0-23.5),B arid,TRUE,24568,-10.0025460718066,2.68161356014778,10.0188764846524,10.3557562014889,13.8663167951485,,,,,,TRUE,-0.364879750908396,2023-03,-2.54498622162589,0.388253196849666,FALSE,FALSE,8,14,8,13,13,15,FALSE,,,,FALSE,TRUE
942380-99999,TENNANT CREEK AIRPORT,-19.633,134.183,377,A,FALSE,335.864098357365,355.210574584593,10.1069946289063,0.999974846839905,364,BWh,B,41.1359016426354,21.7894254154069,13,19.633,flat (<20 m),200-500 m,tropics (0-23.5),B arid,TRUE,25754,-1.0588057098437,3.19867236811788,2.54755349996733,3.36929921073728,6.69493087602168,,,,,,TRUE,-0.451742038384897,2024-07,-2.42554244858802,0.372487431541649,FALSE,TRUE,368,364,356,363,383,381,FALSE,,,,FALSE,TRUE
942480-99999,CENTRE ISLAND,-15.75,136.8,13,A,FALSE,3.31074170652058,0.757218953465251,0,0.26977527141571,0,Aw,A,9.68925829347942,12.2427810465347,13,15.75,flat (<20 m),<200 m,tropics (0-23.5),A tropical,TRUE,25676,0.410317285790085,2.84731241460152,1.95807394578791,2.87667038635175,5.16976392250929,,,,,,TRUE,-0.226411576830662,2022-08,-3.16722199120338,0.154427099903583,FALSE,TRUE,,0,6,0,9,10,FALSE,,,,FALSE,TRUE
942680-99999,KOWANYAMA AIRPORT,-15.483,141.75,11,A,TRUE,10.729177155935,15.2371891777518,1.4462890625,0.992265582084656,13,Aw,A,0.270822844064996,-4.23718917775183,-2,15.483,flat (<20 m),<200 m,tropics (0-23.5),A tropical,TRUE,25721,-1.37636801015689,2.94337378620332,2.4691688148517,3.24923088141264,6.47163737900443,-2.043306157705,3.89981133843114,3.40523045805887,4.40261708999195,8.7803604570243,TRUE,0.26332019718243,2024-03,2.45384374301469,0.277071361019014,FALSE,TRUE,18,13,13,8,28,18,FALSE,,,,FALSE,TRUE
942890-99999,HOLMES REEF,-16.467,147.867,8,A,FALSE,-0.0495418765582538,-0.466440502108263,0,0,-86,Climate Zone info missing,"",8.04954187655825,8.46644050210826,94,16.467,flat (<20 m),<200 m,tropics (0-23.5),,FALSE,25038,0.172137467675506,2.44377488856671,1.75714466327061,2.44978131572747,4.58329864849728,,,,,,TRUE,-0.381654817305716,2023-11,-3.66589241097321,0.294466589997649,FALSE,TRUE,,,,,,,,,,,TRUE,TRUE
942980-99999,MARION REEF,-19.083,152.383,8,A,FALSE,-0.394094425083999,0.145389225678494,0,0,-32,Climate Zone info missing,"",8.394094425084,7.85461077432151,40,19.083,flat (<20 m),<200 m,tropics (0-23.5),,FALSE,25739,-2.21110135228436,2.57508023005033,2.69233028098041,3.39407568495012,6.05892287187855,,,,,,TRUE,-1.2506149386197,2023-02,-10.0711618596262,0.351227918318456,FALSE,TRUE,,,,,,,,,,,FALSE,TRUE
943020-99999,LEARMONTH,-22.236,114.089,5.8,A,FALSE,50.3387788037964,48.0720512356411,45.34130859375,0.643866419792175,4,BWh,B,-44.5387788037964,-42.2720512356411,1.8,22.236,gentle (20-50 m),<200 m,tropics (0-23.5),B arid,TRUE,21078,-1.25821065269038,2.63683765077913,2.30175342233752,2.92158809164476,5.51084253046882,,,,,,TRUE,,"",,,FALSE,FALSE,6,4,6,2,9,7,FALSE,,,,FALSE,TRUE
943170-99999,NEWMAN AERO,-23.417,119.8,524,A,FALSE,572.603166999562,532.029365914966,16.690673828125,0.999585032463074,527,BWh,B,-48.6031669995616,-8.02936591496587,-3,23.417,flat (<20 m),500-1000 m,tropics (0-23.5),B arid,TRUE,25589,-0.616112540363818,2.92621051585754,2.17208226643289,2.99031236176829,5.82746833543519,,,,,,TRUE,-0.332474561923464,2023-05,-2.91603793088393,0.322485540833613,FALSE,TRUE,512,527,505,521,519,528,FALSE,,,,FALSE,TRUE
943210-99999,WULUNGURRU,-23.267,129.367,455,A,FALSE,441.894269848139,479.412009325305,14.5382080078125,0.949692010879517,453,BWh,B,13.1057301518612,-24.4120093253048,2,23.267,flat (<20 m),200-500 m,tropics (0-23.5),B arid,TRUE,25742,0.231729793016564,3.37863530700432,2.47905306953404,3.38650731419725,6.50482969312233,,,,,,TRUE,-0.301431972733178,2023-08,-2.77636292550876,0.307084625036203,FALSE,TRUE,445,452,435,448,455,457,FALSE,,,,FALSE,TRUE
943260-99999,ALICE SPRINGS,-23.807,133.902,545.3,A,FALSE,583.751533159259,532.641195642753,36.4801635742188,0.999595642089844,543,BWh,B,-38.4515331592594,12.6588043572473,2.29999999999995,23.807,gentle (20-50 m),500-1000 m,subtropics (23.5-45),B arid,TRUE,25741,2.32454795192,2.99437123107614,3.00218633562618,3.79070361862955,7.20165094617119,,,,,,TRUE,-0.266043735828892,2023-10,-2.40549056106608,0.312819900841248,FALSE,FALSE,528,543,526,541,532,545,FALSE,,,,FALSE,TRUE
943320-99999,MOUNT ISA,-20.664,139.489,341.7,A,FALSE,395.397998822865,383.354742062784,23.42724609375,0.975874304771423,340,BSh,B,-53.6979988228652,-41.654742062784,1.69999999999999,20.664,gentle (20-50 m),200-500 m,tropics (0-23.5),B arid,TRUE,25732,-1.13032106830217,2.44789759636951,2.0075283121575,2.69621873928618,5.18051500969867,,,,,,TRUE,0.341729408562768,2022-07,2.05073062339381,0.333275764904929,FALSE,FALSE,334,340,329,336,340,342,FALSE,,,,FALSE,TRUE
943430-99999,HUGHENDEN AIRPORT,-20.817,144.233,316,A,FALSE,362.275146600139,326.046690893424,28.1010131835938,1,320,BSh,B,-46.2751466001387,-10.0466908934244,-4,20.817,gentle (20-50 m),200-500 m,tropics (0-23.5),B arid,TRUE,25664,2.26008090974814,2.87045765492206,2.91208521010463,3.65337813720592,6.83773445426421,,,,,,TRUE,-0.594521354739609,2023-02,-4.80024344349409,0.350307301240196,FALSE,TRUE,309,320,304,316,321,325,FALSE,,,,FALSE,TRUE
943880-99999,LADY ELLIOT ISLAND,-24.117,152.717,4,A,FALSE,0.748704721413531,-1.07827022989502,0,0,3,Climate Zone info missing,"",3.25129527858647,5.07827022989502,1,24.117,flat (<20 m),<200 m,subtropics (23.5-45),,TRUE,25460,-1.13727038165277,2.40033556718114,1.97618882901219,2.65608140981322,4.8588845044623,,,,,,TRUE,-0.292075169615683,2024-01,-3.59973576459902,0.22949277008888,FALSE,TRUE,,0,8,0,10,5,FALSE,,,,FALSE,TRUE
943940-99999,CATO ISLAND,-23.25,155.533,7,A,FALSE,-0.141555331713684,-0.262497259512678,0,0,-10,Climate Zone info missing,"",7.14155533171368,7.26249725951268,17,23.25,flat (<20 m),<200 m,tropics (0-23.5),,TRUE,24118,2.08788944618981,2.45656948775995,2.52152534927256,3.22393637820323,6.01462126614032,,,,,,TRUE,-0.483441981548621,2023-10,-4.9577656529653,0.275805778160434,FALSE,TRUE,,0,,0,,9,FALSE,,,,FALSE,TRUE
944030-99999,GERALDTON,-28.796,114.708,36.9,A,FALSE,91.8659249240311,40.3222080170089,25.234619140625,0.77415931224823,37,Csa,C,-54.9659249240312,-3.42220801700887,-0.100000000000001,28.796,gentle (20-50 m),<200 m,subtropics (23.5-45),C temperate,TRUE,25696,-6.89809509866527,2.56664605516841,6.93356922167338,7.360104047715,11.0676511690273,,,,,,TRUE,-0.428981592244862,2022-12,-3.65476918297078,0.317855269448809,FALSE,FALSE,33,37,18,33,41,37,FALSE,,,,FALSE,TRUE
944290-99999,MOUNT MAGNET AERO,-28.117,117.833,408,A,FALSE,443.410301061652,417.209320333651,19.2321166992188,1,412,BWh,B,-35.4103010616521,-9.20932033365119,-4,28.117,flat (<20 m),200-500 m,subtropics (23.5-45),B arid,TRUE,23471,0.582218105755572,2.75282672169636,2.0618237884374,2.81366487227911,5.37145295720396,,,,,,TRUE,-0.268070733910278,2023-08,-2.88349994239497,0.260197284633209,FALSE,TRUE,404,412,394,403,417,422,FALSE,,,,FALSE,TRUE
944490-99999,LAVERTON AERO,-28.617,122.417,465,A,FALSE,481.689491712894,469.418790438121,23.0909423828125,1,463,BWh,B,-16.6894917128938,-4.41879043812111,2,28.617,gentle (20-50 m),200-500 m,subtropics (23.5-45),B arid,TRUE,25711,-2.80815533901828,3.21051606144783,3.38080518958751,4.26529587412082,8.11624945892578,,,,,,TRUE,-0.371671439637989,2022-12,-2.79881099981011,0.35961378477387,FALSE,TRUE,467,463,446,459,467,467,FALSE,,,,FALSE,TRUE
944570-99999,WARBURTON AIRFIELD,-26.133,126.583,460,A,FALSE,464.150372849674,488.997341727297,21.8690185546875,1,459,BWh,B,-4.15037284967349,-28.9973417272973,1,26.133,gentle (20-50 m),200-500 m,subtropics (23.5-45),B arid,TRUE,25163,-2.64251716418773,3.29856381680854,3.29016564061659,4.22646280178993,7.88112828012857,,,,,,TRUE,-0.403392725542797,2023-01,-3.77949034635193,0.301883805035204,FALSE,TRUE,449,459,436,455,466,464,FALSE,,,,FALSE,TRUE
944740-99999,PUKATJA,-26.267,132.183,704,A,FALSE,689.798434369153,715.578284250993,56.968505859375,1,705,BWh,B,14.2015656308474,-11.578284250993,-1,26.267,hilly (50-150 m),500-1000 m,subtropics (23.5-45),B arid,TRUE,24963,-1.16287701522493,2.90136363719882,2.31713002866553,3.12567699743285,5.8893988605003,,,,,,TRUE,1.15282190115147,2022-09,8.27002986509396,0.3219248519364,FALSE,TRUE,712,705,694,694,778,765,FALSE,,,,FALSE,TRUE
944760-99999,OODNADATTA AIRPORT,-27.55,135.45,117,A,FALSE,145.865076647606,123.327107753412,21.39599609375,1,119,BWh,B,-28.8650766476065,-6.32710775341224,-2,27.55,gentle (20-50 m),<200 m,subtropics (23.5-45),B arid,TRUE,25229,0.846815929536665,3.13703433884151,2.41546712670751,3.24926016120871,6.30110492455415,,,,,,TRUE,-1.32929987544825,2023-05,-10.4213897977138,0.36077988613998,FALSE,TRUE,117,119,106,109,136,125,FALSE,,,,FALSE,TRUE
945150-99999,ROMA AIRPORT,-26.55,148.783,304,A,FALSE,344.761918968889,304.224763935697,19.9239501953125,1,305,BSh,B,-40.7619189688885,-0.224763935696728,-1,26.55,flat (<20 m),200-500 m,subtropics (23.5-45),B arid,TRUE,25677,4.14294382192762,2.8258634204799,4.35284167437028,5.01489547094718,8.41840979830653,,,,,,TRUE,-0.170053616887759,2023-12,-1.61721710784192,0.297414775254499,FALSE,TRUE,292,305,287,302,300,311,FALSE,,,,FALSE,TRUE
945880-99999,GLEN INNES AIRPORT,-29.683,151.7,1045,A,FALSE,1112.9938075343,1078.59725607114,63.1605224609375,0.9996737241745,1039,Cfb,C,-67.9938075343007,-33.5972560711355,6,29.683,hilly (50-150 m),1000-2000 m,subtropics (23.5-45),C temperate,TRUE,25030,-1.99261358364785,2.75400246668752,2.69211115598599,3.39922571517347,6.53772826915737,,,,,,TRUE,-0.357778818940398,2024-01,-4.19594673804249,0.241173537065149,FALSE,TRUE,1045,1039,1028,1031,1061,1063,FALSE,,,,FALSE,TRUE
945956-99999,TELFER,-21.715,122.229,295.7,A,FALSE,286.445703059276,303.001104480123,18.9560546875,1,301,BWh,B,9.25429694072386,-7.30110448012323,-5.30000000000001,21.715,flat (<20 m),200-500 m,tropics (0-23.5),B arid,TRUE,24470,-3.2437309707021,2.97902848237533,3.6010061828631,4.4040933954672,7.67529957392185,,,,,,TRUE,0.53363512907896,2022-08,2.42587340335737,0.439952990407841,FALSE,FALSE,286,301,282,295,288,301,FALSE,,,,FALSE,TRUE
945960-99999,BALLINA AIRPORT AWS,-28.833,153.55,2,A,FALSE,41.5827624781398,26.454067520509,35.3363647460938,0.773350358009338,12,Cfa,C,-39.5827624781398,-24.454067520509,-10,28.833,gentle (20-50 m),<200 m,subtropics (23.5-45),C temperate,TRUE,25487,0.776371655651037,2.61366628922413,2.08575893699841,2.72648792226708,5.27899376966428,,,,,,TRUE,-0.389616844348841,2023-06,-4.6814307994972,0.235398727015817,FALSE,TRUE,8,12,6,0,28,29,FALSE,,,,FALSE,TRUE
946050-99999,MANDURAH,-32.517,115.717,4,A,TRUE,22.5132726421612,-0.466440502108263,21.49951171875,0.613867998123169,2,Csa,C,-18.5132726421612,4.46644050210826,2,32.517,gentle (20-50 m),<200 m,subtropics (23.5-45),C temperate,TRUE,25191,-0.963005440620643,1.9580777894338,1.69157174936295,2.18203939199119,4.21756549407049,,,,,,TRUE,-0.338529805266315,2022-12,-5.17329531906378,0.177206787903175,FALSE,TRUE,,0,2,0,13,13,FALSE,,,,FALSE,TRUE
946380-99999,ESPERANCE,-33.833,121.893,27,A,FALSE,73.9746853060168,30.9408188576119,4.46893310546875,0.697777628898621,11,Csb,C,-46.9746853060168,-3.94081885761193,16,33.833,flat (<20 m),<200 m,subtropics (23.5-45),C temperate,TRUE,25681,-1.30983386708381,2.58289414283332,2.25173431708711,2.89598811031596,5.48315232615697,,,,,,TRUE,-0.614408052308414,2023-05,-5.41274811428142,0.321058428014861,FALSE,FALSE,7,11,5,9,10,13,FALSE,,,,FALSE,TRUE
946470-99999,EUCLA,-31.68,128.879,102.3,A,FALSE,42.4531061989823,38.282775591053,11.8309936523438,0.448119044303894,69,BSk,B,59.8468938010177,64.017224408947,33.3,31.68,flat (<20 m),<200 m,subtropics (23.5-45),B arid,FALSE,25568,-8.98113833899453,2.83032176508435,9.01330417941436,9.41654150140215,12.9631906156712,,,,,,TRUE,-0.49941388511796,2023-05,-6.35609393110036,0.222236454409662,FALSE,FALSE,55,69,46,58,76,82,TRUE,,,,FALSE,TRUE
946510-99999,NULLARBOR,-31.45,130.9,65,A,TRUE,31.8476592573662,44.8089593541118,3.18310546875,0.62194561958313,63,BWk,B,33.1523407426338,20.1910406458882,2,31.45,flat (<20 m),<200 m,subtropics (23.5-45),B arid,TRUE,25515,-2.78270636593937,2.85785035760345,3.25858968237619,3.98878970204903,7.11553522407609,-2.75062073995847,3.74633495596337,3.72270408236794,4.64762197126361,8.36866089337433,TRUE,-0.643958044576457,2022-08,-5.90177279032224,0.235710254970463,FALSE,TRUE,53,63,46,57,58,65,FALSE,,,,FALSE,TRUE
947290-99999,BATHURST AIRPORT AWS,-33.417,149.65,745,A,FALSE,892.662211754906,814.082870424661,87.1366577148438,0.997090816497803,735,Cfb,C,-147.662211754906,-69.0828704246609,10,33.417,hilly (50-150 m),500-1000 m,subtropics (23.5-45),C temperate,TRUE,25496,-2.15926253726352,3.94782442841474,3.38578021420696,4.49968011503041,9.25042813627567,,,,,,TRUE,-0.425082247516619,2022-08,-1.47544944993545,0.622374834500353,FALSE,TRUE,734,735,708,714,756,763,FALSE,,,,TRUE,TRUE
948300-99999,PORT FAIRY AWS,-38.4,142.233,10,A,FALSE,14.2973872480664,3.00059462201669,7.1246337890625,0.290298104286194,-2,Cfb,C,-4.29738724806636,6.99940537798331,12,38.4,flat (<20 m),<200 m,subtropics (23.5-45),C temperate,TRUE,23769,-0.27638283805792,2.13318384682969,1.58393262206365,2.15096939816164,4.18801303666324,,,,,,TRUE,-0.516039392946808,2022-11,-4.99487805590901,0.266754857342391,FALSE,TRUE,,0,4,0,6,8,FALSE,,,,FALSE,TRUE
949050-99999,MT HOTHAM AIRPORT,-37.05,147.333,1293,A,FALSE,1130.08401226782,1323.94097691363,266.0791015625,0.997270584106445,1294,Cfb,C,162.915987732177,-30.940976913625,-1,37.05,rough (150-300 m),1000-2000 m,subtropics (23.5-45),C temperate,TRUE,24261,-0.249730227972614,5.19410473784369,3.98596839858963,5.19999780713154,9.87138565598457,,,,,,TRUE,5.40022060836954,2024-02,11.9127305248342,1.22758308921263,FALSE,TRUE,1287,1294,1197,1228,1318,1332,FALSE,,,,FALSE,TRUE
949950-99999,LORD HOWE ISLAND AERO,-31.542,159.079,7,A,FALSE,1.06059448499233,3.20453786461228,0,0.00656402111053467,4,Climate Zone info missing,"",5.93940551500767,3.79546213538772,3,31.542,flat (<20 m),<200 m,subtropics (23.5-45),,TRUE,25314,0.618673798254447,2.8461370933227,2.16992410316966,2.9125476171194,5.8166531361922,,,,,,TRUE,-0.542939098502202,2023-06,-3.5974666709312,0.426873634632274,FALSE,FALSE,6,4,5,1,13,7,FALSE,,,,FALSE,TRUE
949960-99999,NORFOLK ISLAND INTL,-29.042,167.939,113.1,A,FALSE,1.32707501096195,10.9543810832445,0,0.0131701231002808,109,Cfa,C,111.772924989038,102.145618916755,4.09999999999999,29.042,flat (<20 m),<200 m,subtropics (23.5-45),C temperate,TRUE,25404,2.78840537007143,2.55348905778838,3.05607169376383,3.78090653303315,6.96998462319256,,,,,,TRUE,-0.699164833782066,2023-06,-6.73328074004792,0.293695875292403,FALSE,FALSE,91,109,89,108,106,113,FALSE,,,,FALSE,TRUE
949980-99999,MACQUARIE ISLAND,-54.499,158.937,8.3,A,FALSE,8.29022310434756,18.5002810592812,0,0.0427640676498413,5,ET,E,0.00977689565243978,-10.2002810592812,3.3,54.499,flat (<20 m),<200 m,mid-latitude (45-66.5),E polar,TRUE,25572,1.16567527783227,3.37940062179782,2.65412979112606,3.57473087380391,7.33906489180987,,,,,,TRUE,-0.615499156434871,2023-02,-3.89010262240616,0.447518916157021,FALSE,FALSE,10,5,3,1,10,6,FALSE,,,,FALSE,TRUE
951010-99999,TRUSCOTT,-14.083,126.383,52,A,FALSE,14.005812143418,18.9081675444724,9.89324951171875,0.259583473205566,47,Aw,A,37.994187856582,33.0918324555276,5,14.083,flat (<20 m),<200 m,tropics (0-23.5),A tropical,TRUE,25089,1.22427847673032,2.56755239955246,2.0500144864,2.84445431593421,5.5679799902797,,,,,,TRUE,1.07200739113031,2024-07,4.69773838325421,0.456392971967805,FALSE,TRUE,39,47,25,33,52,56,FALSE,,,,FALSE,TRUE
951460-99999,NGAYAWILI,-12,135.567,9,A,TRUE,8.02772584483488,10.9543810832445,3.4268798828125,0.278370141983032,1,Aw,A,0.972274155165117,-1.95438108324453,8,12,flat (<20 m),<200 m,tropics (0-23.5),A tropical,TRUE,24297,-0.439049205774047,2.62538781782537,2.05719955931965,2.66179295127273,5.29486125656637,,,,,,TRUE,-0.555974230439595,2023-03,-8.45871245360965,0.185906850795499,FALSE,TRUE,,0,8,0,33,32,FALSE,,,,FALSE,TRUE
952140-99999,WYNDHAM AERO,-15.5,128.15,4,A,FALSE,41.3250451383755,32.7763080409722,45.2821655273438,0.80794107913971,12,BSh,B,-37.3250451383755,-28.7763080409722,-8,15.5,gentle (20-50 m),<200 m,tropics (0-23.5),B arid,TRUE,25004,0.478131815341285,2.97887400800584,2.14279088604484,3.01694307165094,5.98926293841963,,,,,,TRUE,0.318948080782081,2022-07,1.82211040194642,0.350086449691933,FALSE,TRUE,6,13,2,0,31,38,FALSE,,,,FALSE,TRUE
953510-99999,BLACKALL AIRPORT,-24.417,145.433,282,A,FALSE,290.31066650245,280.363404552013,8.98004150390625,1,283,BSh,B,-8.31066650244986,1.63659544798679,-1,24.417,flat (<20 m),200-500 m,subtropics (23.5-45),B arid,TRUE,25654,-1.27193831193551,2.73584249067728,2.24179475871973,3.01701333146944,5.71831998856285,,,,,,TRUE,-0.282356342079253,2023-11,-2.79109658356545,0.286132820155181,FALSE,TRUE,268,283,263,280,277,286,FALSE,,,,FALSE,TRUE
954850-99999,TIBOOBURRA,-29.451,142.058,178,A,FALSE,160.899915889346,174.312918402309,17.7546997070313,1,176,BWh,B,17.1000841106545,3.68708159769136,2,29.451,flat (<20 m),<200 m,subtropics (23.5-45),B arid,TRUE,25455,-2.63992820010062,2.59181821243841,3.01665373749461,3.69952411130003,6.47000144630294,,,,,,TRUE,-0.213176066803583,2023-02,-3.5240148607566,0.171098305063478,FALSE,FALSE,166,176,154,173,168,176,FALSE,,,,FALSE,TRUE
956630-99999,CUMMINS AERO,-34.25,135.717,58,A,FALSE,87.6496373793548,80.7029700509348,30.9935913085938,0.931600570678711,61,Csb,C,-29.6496373793548,-22.7029700509348,-3,34.25,gentle (20-50 m),<200 m,subtropics (23.5-45),C temperate,TRUE,25642,3.25005357978522,2.54934104756105,3.46270428667033,4.13058526015799,7.5394761077497,,,,,,TRUE,-0.213596537085856,2024-04,-1.84564137191383,0.283480059911791,FALSE,TRUE,60,61,37,60,60,68,FALSE,,,,FALSE,TRUE
956870-99999,RENMARK AERO,-34.2,140.683,32,A,FALSE,39.5417367456012,36.0393999225016,12.9932250976563,0.972916126251221,36,BSk,B,-7.5417367456012,-4.03939992250157,-4,34.2,flat (<20 m),<200 m,subtropics (23.5-45),B arid,TRUE,25633,1.04930661516636,2.47285905065637,1.99333290303047,2.68623113229892,5.1899129481602,,,,,,TRUE,-0.34652147065341,2023-01,-4.44608736280949,0.220443425179057,FALSE,TRUE,23,36,7,22,39,46,FALSE,,,,FALSE,TRUE
957730-99999,ARMIDALE AIRPORT AWS,-30.533,151.617,1081,A,FALSE,983.832011074755,1026.99961569445,67.3489990234375,0.999619007110596,1089,Cfb,C,97.1679889252446,54.0003843055477,-8,30.533,hilly (50-150 m),1000-2000 m,subtropics (23.5-45),C temperate,TRUE,25305,-2.64296861166683,3.15329428998755,3.39721679649819,4.11438391800736,7.48732759925374,,,,,,TRUE,-0.674347970096388,2023-06,-5.94299212659222,0.320940033153275,FALSE,TRUE,1079,1089,1055,1064,1084,1089,FALSE,,,,FALSE,TRUE
958050-99999,CAPE BORDA AWS,-35.75,136.6,158,A,FALSE,51.7130057314425,79.0714241101702,26.5278930664063,0.356305599212647,145,Csb,C,106.286994268558,78.9285758898299,13,35.75,gentle (20-50 m),<200 m,subtropics (23.5-45),C temperate,TRUE,25572,0.606454519318528,2.80156292793911,2.06226592765207,2.86639756410665,5.5331289203136,,,,,,TRUE,-0.628442732020176,2024-05,-3.58438984198087,0.404901918036458,FALSE,TRUE,128,145,10,0,157,172,FALSE,,,,TRUE,TRUE
959090-99999,THREDBO AWS,-36.5,148.283,1368,A,FALSE,1177.27695659642,1542.56813297609,300.739074707031,0.999823570251465,1859,Cfb,C,190.723043403583,-174.568132976093,-491,36.5,mountain (>300 m),1000-2000 m,subtropics (23.5-45),C temperate,FALSE,18795,582.770741770862,11.0837466308915,582.770741770862,582.876127806977,600.873370654858,,,,,,FALSE,0.898243730169237,2023-03,1.16767371921237,2.17579353653483,FALSE,TRUE,1862,1859,1439,1446,2099,2096,TRUE,1,32.5856553425727,5.83337502640577,TRUE,FALSE
959400-99999,PT PERPENDICULAR AWS,-35.083,150.8,84,A,TRUE,37.5624516431452,12.5859270240092,55.9791870117188,0.513509869575501,16,Cfb,C,46.4375483568548,71.4140729759908,68,35.083,hilly (50-150 m),<200 m,subtropics (23.5-45),C temperate,FALSE,25206,0.114888426916658,3.89856773675066,2.77352776919886,3.90018291417851,7.8290684270479,,,,,,TRUE,-0.670025987387631,2023-06,-3.62295369945341,0.523086915876937,FALSE,TRUE,10,16,7,0,68,80,FALSE,,,,FALSE,TRUE
959590-99999,LIAWENEE AWS,-41.9,146.667,1056,A,FALSE,956.66892212491,1157.11540447044,139.026672363281,0.884268045425415,1056,Cfb,C,99.3310778750898,-101.115404470436,0,41.9,hilly (50-150 m),1000-2000 m,subtropics (23.5-45),C temperate,TRUE,25631,-0.691939797485512,2.92571982044648,2.30864608204159,3.00637376034573,5.92592498085844,,,,,,TRUE,-0.694694846960624,2022-11,-4.24923355303544,0.422121862589018,FALSE,TRUE,1052,1056,1012,1023,1090,1090,FALSE,,,,FALSE,TRUE
960750-99999,BINAKA,1.166,97.705,6.1,A,FALSE,51.8611832436408,39.0985485614354,28.6511840820313,0.331125497817993,8,Af,A,-45.7611832436408,-32.9985485614354,-1.9,1.166,gentle (20-50 m),<200 m,tropics (0-23.5),A tropical,TRUE,8344,5.84263471330057,4.64589299602178,6.18903839072292,7.4644567997983,12.7329905042523,,,,,,TRUE,-2.59038269884544,2024-07,-6.20663324969969,0.83471427894367,FALSE,FALSE,7,8,7,6,10,9,FALSE,,,,FALSE,TRUE
961450-99999,TAREMPA,3.2,106.25,3,A,TRUE,19.5744186502271,53.7824620283175,0,0.214669346809387,379,Af,A,-16.5744186502271,-50.7824620283175,-376,3.2,flat (<20 m),<200 m,tropics (0-23.5),A tropical,FALSE,9726,1.4272979764798,2.94253326075061,2.55037301846722,3.27028917091955,6.46190040856903,-1.74021349288431,3.89096778014075,3.37488221977373,4.26220795511585,8.21132377262143,TRUE,-0.687748628544218,2022-11,-3.41536107851332,0.519933114634389,FALSE,TRUE,362,379,10,0,455,453,FALSE,,,,FALSE,TRUE
961790-99999,DABO,-0.479,104.579,30,A,FALSE,15.7102518603448,15.4411324203474,1.58978271484375,0.222632169723511,29,Af,A,14.2897481396552,14.5588675796526,1,0.479,flat (<20 m),<200 m,tropics (0-23.5),A tropical,TRUE,9690,3.73050731407903,3.03829170999222,4.08931069313246,4.81112758939955,8.59602703576137,,,,,,TRUE,-0.893595603771089,2022-11,-4.51776191931195,0.510707285814164,FALSE,FALSE,25,29,22,24,31,33,FALSE,,,,FALSE,TRUE
964710-99999,KOTA KINABALU INTL,5.937,116.051,3,A,FALSE,62.7112027457134,49.0917674486191,45.2113647460938,0.358848214149475,8,Af,A,-59.7112027457134,-46.0917674486191,-5,5.937,gentle (20-50 m),<200 m,tropics (0-23.5),A tropical,TRUE,13080,0.673401514745934,2.88229532937736,2.30396442166771,2.95980756573501,5.74883265610928,,,,,,TRUE,1.97567742904534,2022-08,10.7162721695974,0.398268257179489,FALSE,FALSE,14,8,9,5,17,12,FALSE,,,,FALSE,TRUE
965250-99999,TANJUNG SELOR,2.85,117.333,50,A,FALSE,146.918252298823,74.7886160156628,75.5226440429688,0.986572623252869,6,Af,A,-96.9182522988228,-24.7886160156628,44,2.85,hilly (50-150 m),<200 m,tropics (0-23.5),A tropical,FALSE,8346,-43.5575198782664,3.88496310494095,43.5666471863589,43.7304089606821,49.9232842066069,,,,,,FALSE,-0.354268404686939,2023-10,-1.7604386536258,0.569189027515007,FALSE,TRUE,23,6,2,2,45,13,FALSE,,,,TRUE,FALSE
965650-99999,PUTUSSIBAU/PAGSUMA,0.883,112.933,0,A,FALSE,202.49557419264,64.1835674006924,77.4573364257813,0.999101161956787,32,Af,A,-202.49557419264,-64.1835674006924,-32,0.883,hilly (50-150 m),<200 m,tropics (0-23.5),A tropical,FALSE,5153,33.0302093976,4.89813094282323,33.0407550959085,33.3913426461794,41.0318505217651,,,,,,TRUE,-0.739165578688472,2022-12,-2.17726409417275,0.908843753347511,FALSE,TRUE,27,32,14,29,55,46,FALSE,,,,TRUE,TRUE
965810-99999,SUPADIO,-0.151,109.404,3,A,FALSE,10.0611833711053,8.50706217209751,5.77435302734375,0.978614926338196,3,Af,A,-7.06118337110532,-5.50706217209751,0,0.151,flat (<20 m),<200 m,tropics (0-23.5),A tropical,TRUE,9798,2.86137696957769,3.21070024519007,3.40466831635442,4.30058392712184,8.18583068347843,,,,,,TRUE,-0.75778938544532,2023-07,-5.55971267719463,0.385514895658205,FALSE,FALSE,32,3,19,0,40,4,FALSE,,,,FALSE,TRUE
966330-99999,SULTAN AJI MUHAMMAD SULAIMAN,-1.268,116.894,3.7,A,TRUE,-2.22998193508996,-0.874326987299435,1.2725830078125,0.247458338737488,7,Af,A,5.92998193508996,4.57432698729943,-3.3,1.268,flat (<20 m),<200 m,tropics (0-23.5),A tropical,TRUE,9701,4.84370749713475,3.02529693532395,5.00427191711574,5.71077756643785,9.78959580578865,,,,,,TRUE,1.62235060044049,2023-11,6.20457903692328,0.739566764614796,FALSE,FALSE,5,7,5,5,7,8,FALSE,,,,FALSE,TRUE
966450-99999,ISKANDAR,-2.705,111.673,25,A,TRUE,14.2663177697022,12.9938135092004,4.870361328125,0.827617406845093,26,Af,A,10.7336822302978,12.0061864907996,-1,2.705,flat (<20 m),<200 m,tropics (0-23.5),A tropical,TRUE,9663,2.23123315730624,3.7444843728823,3.34279998163559,4.35868255387758,8.57141973956338,2.86060264557015,4.54291428222043,4.25560947611634,5.36833138773529,10.2860607815154,TRUE,-0.938556760485628,2023-05,-4.467421131879,0.594221883522076,FALSE,FALSE,16,26,11,25,19,30,FALSE,,,,FALSE,TRUE
967490-99999,SOEKARNO HATTA INTL,-6.126,106.656,10.4,A,FALSE,36.309714342436,19.5199972722591,46.86181640625,0.792990565299988,11,Af,A,-25.909714342436,-9.11999727225913,-0.6,6.126,gentle (20-50 m),<200 m,tropics (0-23.5),A tropical,TRUE,10248,0.250099034169896,2.88463147151943,2.16149087813474,2.89531281218963,5.69962208110389,,,,,,TRUE,-1.17018534715251,2022-11,-4.72025025145483,0.640094362242874,FALSE,FALSE,15,11,10,7,18,12,FALSE,,,,FALSE,TRUE
969370-99999,SURABAYA/GEDANGAN,-7.217,113.717,3,A,FALSE,21.089653210449,0.145389225678494,0,0.250439047813416,-7,Aw,A,-18.089653210449,2.85461077432151,10,7.217,flat (<20 m),<200 m,tropics (0-23.5),A tropical,TRUE,5239,1.82225267050037,2.95988415634486,2.67274799636302,3.47560739508953,6.60295657432351,,,,,,TRUE,-1.00577488627517,2023-07,-6.56048070094652,0.433620812163774,FALSE,TRUE,,0,,0,,0,FALSE,,,,FALSE,TRUE
969950-99999,CHRISTMAS ISLAND,-10.451,105.69,279.2,A,TRUE,13.5039205698429,49.0917674486191,0,0.0740892887115479,260,Climate Zone info missing,"",265.696079430157,230.108232551381,19.2,10.451,flat (<20 m),200-500 m,tropics (0-23.5),,TRUE,24776,-20.9993192167725,2.36581930189546,20.9993192167725,21.1321622800165,24.5951709231947,,,,,,TRUE,-1.10186494185175,2023-08,-7.47124745586326,0.417138464192428,FALSE,FALSE,263,260,261,259,285,265,FALSE,,,,TRUE,TRUE
969960-99999,COCOS KEELING ISLANDS,-12.188,96.834,3,A,FALSE,0.772604320155201,0.145389225678494,0,0,6,Climate Zone info missing,"",2.2273956798448,2.85461077432151,-3,12.188,flat (<20 m),<200 m,tropics (0-23.5),,TRUE,24366,0.670264877562587,2.25320007649493,1.80080145440467,2.35073546584179,4.68276276750961,,,,,,TRUE,-1.26094447022544,2023-07,-10.7652220512352,0.331297350431812,FALSE,FALSE,20,6,3,5,41,10,FALSE,,,,TRUE,TRUE
970140-99999,SAM RATULANGI,1.549,124.926,80.5,A,FALSE,217.547939806789,198.174277785992,189.085998535156,0.715775609016419,87,Af,A,-137.047939806789,-117.674277785992,-6.5,1.549,rough (150-300 m),<200 m,tropics (0-23.5),A tropical,TRUE,7066,3.17196820732009,3.0518184072524,3.64283913534987,4.40155197778079,8.0426122900537,,,,,,TRUE,-0.653654342802077,2023-04,-3.79738177080589,0.460810633630047,FALSE,FALSE,87,87,79,85,93,89,FALSE,1,31.3444001433353,1.2575822484738,TRUE,TRUE
970160-99999,BITUNG,1.433,125.183,3,A,FALSE,78.9338520449134,63.1638511877145,154.386657714844,0.449248194694519,2,Af,A,-75.9338520449134,-60.1638511877145,1,1.433,rough (150-300 m),<200 m,tropics (0-23.5),A tropical,TRUE,8349,2.40610063289341,4.19273577827716,3.89069876792484,4.83386471019275,9.32500955440005,,,,,,TRUE,-1.56311921694946,2022-11,-2.95553221297583,1.36555996441817,FALSE,TRUE,,0,5,0,110,114,FALSE,1,31.3444001433353,3.02929569396801,TRUE,TRUE
972400-99999,MATARAM-LOMBOK INTL AIRPORT /,-8.75,116.267,96,A,FALSE,143.99134810626,141.681999587015,116.7568359375,0.714066982269287,97,Aw,A,-47.9913481062595,-45.6819995870149,-1,8.75,hilly (50-150 m),<200 m,tropics (0-23.5),A tropical,TRUE,8346,-0.449728147874695,3.40331160178984,2.4089824972902,3.43269536541362,6.00652624281762,,,,,,TRUE,2.00519383028167,2024-07,5.90970322854995,0.678610668838502,FALSE,TRUE,111,97,90,90,122,98,FALSE,,,,FALSE,TRUE
972840-99999,RUTENG/SATAR TACIK,-8.633,120.45,1170,A,FALSE,483.580348300006,1124.68842889774,149.709533691406,0.637256026268005,1482,Aw,A,686.419651699994,45.3115711022622,-312,8.633,hilly (50-150 m),1000-2000 m,tropics (0-23.5),A tropical,FALSE,5449,-37.4852697904301,5.55257205431193,37.4852697904301,37.894206015787,48.7129236543502,,,,,,TRUE,10.0674075400381,2022-08,24.8308329787268,0.875850034619993,TRUE,TRUE,1475,1482,1258,1265,1950,1939,TRUE,,,,TRUE,FALSE
973720-99999,EL TARI,-10.172,123.671,105,A,FALSE,178.5099368955,212.042418282492,115.349731445313,0.881710171699524,102,Aw,A,-73.5099368954995,-107.042418282492,3,10.172,hilly (50-150 m),<200 m,tropics (0-23.5),A tropical,TRUE,10234,-4.239302564989,3.06621615822347,4.45934323899168,5.23186860454535,8.72772242587967,,,,,,TRUE,-0.313632367971037,2023-04,-2.20666603087727,0.40200296934602,FALSE,FALSE,94,102,89,102,96,108,FALSE,,,,FALSE,TRUE
974600-99999,LABUHA/TALIABU,-1.617,124.55,3,A,FALSE,43.4182516615001,75.196502500854,0,0.0437688827514648,-42,Af,A,-40.4182516615001,-72.196502500854,45,1.617,flat (<20 m),<200 m,tropics (0-23.5),A tropical,FALSE,9702,19.3210193883257,4.37522190451416,19.3225988959518,19.8101586026999,26.5161697803103,,,,,,TRUE,0.285755559695633,2023-05,1.6797871288613,0.481155476312078,FALSE,TRUE,,0,,0,,0,FALSE,,,,TRUE,TRUE
975600-99999,FRANS KAISIEPO,-1.19,136.108,14,A,FALSE,5.20996315319197,12.5859270240092,3.4525146484375,0.120559573173523,13,Af,A,8.79003684680803,1.41407297599078,1,1.19,flat (<20 m),<200 m,tropics (0-23.5),A tropical,TRUE,9827,-0.117440558033535,3.21884697405483,2.39281869547605,3.22082501689055,6.08685708589087,,,,,,TRUE,-0.849014623844376,2023-04,-6.90581868562713,0.347732267628967,FALSE,FALSE,16,13,14,12,19,16,FALSE,,,,FALSE,TRUE
976000-99999,SANANA / NAMNIWEL,-3.143,126.977,2,A,TRUE,166.030761412536,27.6777269760826,48.9942626953125,0.568015217781067,7,Af,A,-164.030761412536,-25.6777269760826,-5,3.143,gentle (20-50 m),<200 m,tropics (0-23.5),A tropical,TRUE,7376,4.25509813794152,3.58319874387986,4.72973653340667,5.56268215107174,9.92175537113611,,,,,,TRUE,-0.585268505360204,2023-03,-2.86917526351052,0.576956499267682,FALSE,FALSE,7,7,7,6,10,9,FALSE,,,,FALSE,TRUE
976300-99999,FAK-FAK / TOREA / SIBORU,-2.883,132.25,130,A,FALSE,224.115549541,374.381239388578,83.9711303710938,0.42632532119751,307,Af,A,-94.1155495410003,-244.381239388578,-177,2.883,hilly (50-150 m),<200 m,tropics (0-23.5),A tropical,FALSE,6322,3.3685654874734,4.91314620310296,4.67540215017372,5.95671224769644,11.5775580920795,,,,,,TRUE,-2.68627407543022,2024-06,-1.43410321944955,3.74627717028804,FALSE,TRUE,318,307,248,252,436,429,TRUE,,,,FALSE,TRUE
976900-99999,SENTANI,-2.577,140.516,88.1,A,FALSE,132.533083816211,282.606780220565,42.8327026367188,0.52903687953949,83,Af,A,-44.4330838162115,-194.506780220565,5.09999999999999,2.577,gentle (20-50 m),<200 m,tropics (0-23.5),A tropical,TRUE,9878,3.6130507307776,3.9217319864295,4.29518615624446,5.33221908430804,10.2409129662308,,,,,,TRUE,-0.809742168898673,2024-07,-3.93715105134277,0.411334062797773,FALSE,FALSE,80,83,78,83,85,88,FALSE,,,,FALSE,TRUE
979000-99999,SAUMLAKI,-7.983,131.3,24,A,FALSE,11.8604248297074,20.3357702426415,0,0.208275198936462,30,Am,A,12.1395751702926,3.66422975735853,-6,7.983,flat (<20 m),<200 m,tropics (0-23.5),A tropical,TRUE,9677,2.35212736329263,3.00479598171309,2.96184089053209,3.81580515862025,7.43489940797542,,,,,,TRUE,-0.571704165409705,2022-12,-4.35283442803764,0.355672200314823,FALSE,TRUE,30,30,9,0,73,70,FALSE,,,,FALSE,TRUE
979800-99999,MOPAH,-8.52,140.418,3,A,TRUE,8.31691098960909,4.22425407759021,1.9886474609375,0.624308586120606,5,Aw,A,-5.31691098960909,-1.22425407759021,-2,8.52,flat (<20 m),<200 m,tropics (0-23.5),A tropical,TRUE,9760,2.57568003212697,3.54276666062351,3.41066349033137,4.37995859071362,8.7104393549261,2.59527281378691,4.60984359128717,4.21141687243153,5.28998313727019,10.2449778732383,TRUE,-1.28328793074034,2023-04,-7.68445255447387,0.472341571040372,FALSE,FALSE,13,5,13,2,29,8,FALSE,,,,FALSE,TRUE
983240-99999,IBA/LUZON ISLAND,15.333,119.967,5,A,FALSE,195.134497780205,59.4928728209939,131.473266601563,0.549322843551636,11,Am,A,-190.134497780205,-54.4928728209939,-6,15.333,hilly (50-150 m),<200 m,tropics (0-23.5),A tropical,TRUE,7664,3.17117857981709,3.07084708738526,3.59583612177958,4.41420943974467,8.08056720925525,,,,,,TRUE,-0.705672382552533,2022-07,-2.95838418988507,0.477066085578255,FALSE,TRUE,11,11,5,0,23,21,FALSE,,,,FALSE,TRUE
983280-99999,BAGUIO,16.375,120.62,1295.7,A,TRUE,612.673632576492,1136.72108021088,187.732238769531,0.827891111373901,1288,Am,A,683.026367423509,158.978919789123,7.70000000000005,16.375,rough (150-300 m),1000-2000 m,tropics (0-23.5),A tropical,TRUE,7978,206.870736780229,6.03557152960007,206.870736780229,206.958752638325,216.756902788675,209.810720498592,4.99809388138666,209.810720498592,209.870236687713,217.970697116059,FALSE,-1.41754717600213,2024-04,-5.88334008528846,0.590186393645853,FALSE,FALSE,1286,1288,1282,1286,1289,1291,FALSE,,,,TRUE,FALSE
984400-99999,DAET,14.129,122.98,3,A,FALSE,26.0675413016932,-5.36107832440232,34.8272705078125,0.292877912521362,2,Af,A,-23.0675413016932,8.36107832440232,1,14.129,gentle (20-50 m),<200 m,tropics (0-23.5),A tropical,TRUE,8103,1.74967381126482,3.03844835398254,2.59696358065242,3.50605012710183,6.64641912156659,,,,,,TRUE,-0.56767150809597,2022-07,-2.81448450857997,0.40339288162036,FALSE,FALSE,13,1,10,-1,14,4,FALSE,,,,FALSE,TRUE
985580-99999,GUIUAN,11.036,125.742,2.1,A,FALSE,18.0285129382868,-2.30192968546853,0,0.171353578567505,6,Af,A,-15.9285129382868,4.40192968546853,-3.9,11.036,flat (<20 m),<200 m,tropics (0-23.5),A tropical,TRUE,7718,51.5395834808891,3.42214450486832,51.5395834808891,51.6530562602472,56.9321045153177,,,,,,FALSE,-0.992510127176271,2023-10,-5.98411430185893,0.469115799545908,FALSE,FALSE,9,6,6,3,13,6,FALSE,,,,TRUE,FALSE
987410-99999,DIPOLOG,8.601,123.334,3.7,A,FALSE,122.608775438733,2.38876489422994,31.1842041015625,0.479328870773315,-17,Af,A,-118.908775438733,1.31123510577006,20.7,8.601,gentle (20-50 m),<200 m,tropics (0-23.5),A tropical,FALSE,7329,2.49551596257011,2.97779886809365,3.11664156160811,3.88505805979136,7.47354434235099,,,,,,TRUE,-1.02521448826644,2023-08,-5.11556430726246,0.566847427404809,FALSE,FALSE,,0,,0,,0,FALSE,,,,FALSE,TRUE
987510-99999,MALAYBALAY,8.15,125.133,627,A,FALSE,874.124886317575,669.691054666986,273.267272949219,1,603,Af,A,-247.124886317575,-42.6910546669863,24,8.15,rough (150-300 m),500-1000 m,tropics (0-23.5),A tropical,FALSE,7530,-19.9266255201513,5.48540207015827,19.9394401148245,20.6677537367771,29.5293049338218,,,,,,TRUE,-3.1360213389584,2023-07,-4.11453969254536,2.15577160063939,FALSE,TRUE,604,603,583,585,682,702,FALSE,,,,TRUE,TRUE
999999-40504,WEATHER SERVICE BUILDING,6.967,158.217,36.6,A,FALSE,17.0996152005272,59.4928728209939,0,0.0781631469726563,5,Af,A,19.5003847994728,-22.8928728209939,31.6,6.967,flat (<20 m),<200 m,tropics (0-23.5),A tropical,FALSE,5297,5.19039120661662,4.27100607639205,5.68251253602194,6.72147379983734,11.5240707472773,,,,,,TRUE,-0.920273150726913,2023-11,-5.11606906721853,0.508774511737931,FALSE,TRUE,,0,9,0,49,60,FALSE,,,,FALSE,TRUE
A00017-04868,MARSHALL COUNTY AIRPORT,41.019,-89.386,173.1,A,FALSE,201.324892180944,182.470648106132,21.3040161132813,0.945908427238464,168,Dfa,D,-28.2248921809436,-9.37064810613208,5.09999999999999,41.019,gentle (20-50 m),<200 m,subtropics (23.5-45),D continental,TRUE,24902,0.185808359878193,2.90561865270178,2.11994214744367,2.91149540060196,5.57946074257047,,,,,,TRUE,0.283989810961127,2023-07,2.45372860062079,0.327356694734199,FALSE,FALSE,164,166,159,165,170,168,FALSE,,,,FALSE,TRUE
A00032-25715,ATKA AIRPORT,52.22,-174.206,17.1,A,FALSE,79.3851561344853,142.293829314802,0,0.326038360595703,12,ET,E,-62.2851561344853,-125.193829314802,5.1,52.22,flat (<20 m),<200 m,mid-latitude (45-66.5),E polar,TRUE,17263,-8.66358521881522,3.63240100410796,8.694407653071,9.39421532567875,14.7590054200662,,,,,,TRUE,-1.42459925945899,2022-11,-4.45878159940325,0.690207866122979,FALSE,FALSE,8,12,6,11,9,12,FALSE,,,,TRUE,TRUE
