date,id,alt_arco,alt_api,diff
2023-07-10T00:00:00Z,896610-99999,546.726893920272,546.760188021906,0.0332941016340556
2023-07-10T01:00:00Z,896610-99999,558.679096549627,558.706647454971,0.0275509053436736
2023-07-10T02:00:00Z,896610-99999,566.043785727778,566.047239961759,0.00345423398096045
2023-07-10T03:00:00Z,896610-99999,566.329847713005,566.33794217526,0.00809446225514421
2023-07-10T04:00:00Z,896610-99999,557.538953788503,557.563246921512,0.0242931330086549
2023-07-10T06:00:00Z,896610-99999,553.256057787529,553.296842291098,0.0407845035692844
2023-07-10T07:00:00Z,896610-99999,563.613610150225,563.635202995829,0.0215928456043457
2023-07-10T08:00:00Z,896610-99999,553.319422584019,553.362306771442,0.0428841874228283
2023-07-10T09:00:00Z,896610-99999,536.92429037594,536.932945370617,0.00865499467727204
2023-07-10T10:00:00Z,896610-99999,534.35520818046,534.405794557874,0.0505863774137652
2023-07-10T11:00:00Z,896610-99999,536.032618545251,536.040564938302,0.00794639305070177
2023-07-10T12:00:00Z,896610-99999,528.06317767288,528.097977920493,0.0348002476129068
2023-07-10T13:00:00Z,896610-99999,527.343427554481,527.377217338267,0.0337897837858918
2023-07-10T14:00:00Z,896610-99999,523.934909118892,523.930107682913,-0.00480143597872029
2023-07-10T15:00:00Z,896610-99999,522.840008973237,522.83833895771,-0.00167001552711099
2023-07-10T16:00:00Z,896610-99999,525.335078809435,525.328957341791,-0.00612146764410682
2023-07-10T17:00:00Z,896610-99999,521.867146635722,521.868118355965,0.000971720242773699
2023-07-10T18:00:00Z,896610-99999,526.079712204079,526.104284313127,0.0245721090477673
2023-07-10T19:00:00Z,896610-99999,522.014485753988,522.020230980523,0.00574522653482745
2023-07-10T20:00:00Z,896610-99999,521.953638470691,521.951088698237,-0.00254977245401733
2023-07-10T21:00:00Z,896610-99999,521.618122682611,521.665328840818,0.0472061582069046
2023-07-10T22:00:00Z,896610-99999,519.170126353792,519.185948667864,0.0158223140721248
2023-07-10T23:00:00Z,896610-99999,526.79169202512,526.840675197273,0.0489831721539531
2023-07-11T00:00:00Z,896610-99999,525.019942708048,525.030687342032,0.0107446339837907
2023-07-11T01:00:00Z,896610-99999,523.541649564993,523.583503598773,0.0418540337807372
2023-07-11T02:00:00Z,896610-99999,522.952525243109,522.950764708473,-0.00176053463621884
2023-07-11T03:00:00Z,896610-99999,526.889060364804,526.880967600544,-0.00809276426025463
2023-07-11T04:00:00Z,896610-99999,528.0014171015,528.002447164587,0.00103006308688691
2023-07-11T05:00:00Z,896610-99999,524.191817282795,524.194149241723,0.00233195892747062
2023-07-11T06:00:00Z,896610-99999,526.724849572376,526.749956333773,0.0251067613974101
2023-07-11T07:00:00Z,896610-99999,520.101900210717,520.09488177591,-0.00701843480646858
2023-07-11T08:00:00Z,896610-99999,519.370480147451,519.363334403124,-0.00714574432686277
2023-07-11T09:00:00Z,896610-99999,520.546888936165,520.557721153152,0.0108322169878647
2023-07-11T11:00:00Z,896610-99999,528.144649313984,528.148000895952,0.003351581968559
2023-07-11T12:00:00Z,896610-99999,525.877550139435,525.878071754913,0.000521615478419335
2023-07-11T13:00:00Z,896610-99999,524.795126005416,524.801024962689,0.00589895727239309
2023-07-11T14:00:00Z,896610-99999,524.204724535934,524.236778648941,0.0320541130070069
2023-07-11T15:00:00Z,896610-99999,523.117264884463,523.139603318114,0.0223384336503614
2023-07-11T16:00:00Z,896610-99999,523.764752314981,523.774561890057,0.00980957507567837
2023-07-11T17:00:00Z,896610-99999,523.403347740494,523.407658886212,0.0043111457177929
2023-07-11T18:00:00Z,896610-99999,527.949914130823,527.969052096044,0.019137965220807
2023-07-11T19:00:00Z,896610-99999,524.371742812253,524.369590684839,-0.00215212741466075
2023-07-11T20:00:00Z,896610-99999,523.60335139959,523.624900331079,0.0215489314888373
2023-07-11T21:00:00Z,896610-99999,529.837164098519,529.844915612895,0.00775151437585464
2023-07-11T22:00:00Z,896610-99999,529.448133122013,529.438862874391,-0.00927024762233941
2023-07-11T23:00:00Z,896610-99999,531.32544359823,531.326901636144,0.0014580379141762
2023-07-12T00:00:00Z,896610-99999,528.819025753036,528.851991495333,0.0329657422961418
2023-07-12T01:00:00Z,896610-99999,530.587780533567,530.59913055609,0.011350022523402
2023-07-12T02:00:00Z,896610-99999,533.667614540567,533.696427746047,0.028813205479878
2023-07-12T03:00:00Z,896610-99999,529.037015360927,529.064210474414,0.0271951134865276
2023-07-12T04:00:00Z,896610-99999,531.615038685021,531.618970696568,0.00393201154736289
2023-07-12T05:00:00Z,896610-99999,531.521755752571,531.567521879877,0.0457661273055692
2023-07-12T06:00:00Z,896610-99999,531.107659156269,531.112246280828,0.00458712455940713
2023-07-12T07:00:00Z,896610-99999,534.508388571546,534.552753028304,0.0443644567574211
2023-07-12T08:00:00Z,896610-99999,533.081053259446,533.132884598613,0.0518313391671654
2023-07-12T11:00:00Z,896610-99999,534.983437149413,535.027744633226,0.0443074838128723
2023-07-12T12:00:00Z,896610-99999,529.675258982106,529.67202502012,-0.00323396198655246
2023-07-12T13:00:00Z,896610-99999,526.003395099329,526.036536920946,0.0331418216172779
2023-07-12T14:00:00Z,896610-99999,526.528864642761,526.559084096512,0.0302194537511014
2023-07-12T15:00:00Z,896610-99999,526.080418314892,526.11634070624,0.0359223913479809
2023-07-12T16:00:00Z,896610-99999,524.638438363345,524.66119151796,0.0227531546150885
2023-07-12T17:00:00Z,896610-99999,526.31029229036,526.341305521231,0.0310132308708262
2023-07-12T18:00:00Z,896610-99999,527.836610882996,527.844860392293,0.00824950929688839
2023-07-12T19:00:00Z,896610-99999,530.248844356245,530.246289814705,-0.0025545415404622
2023-07-12T20:00:00Z,896610-99999,533.022424945977,533.026851138489,0.00442619251271026
2023-07-12T21:00:00Z,896610-99999,534.441940348544,534.491627933041,0.0496875844968372
2023-07-12T22:00:00Z,896610-99999,538.301323640134,538.301746136763,0.000422496628971203
2023-07-12T23:00:00Z,896610-99999,537.521939207846,537.516052118526,-0.00588708931923065
2023-07-13T00:00:00Z,896610-99999,533.127727933863,533.148753033244,0.0210250993806085
2023-07-13T01:00:00Z,896610-99999,533.345119670114,533.393482779369,0.0483631092552059
2023-07-13T02:00:00Z,896610-99999,534.190827103971,534.234229854773,0.0434027508018744
2023-07-13T03:00:00Z,896610-99999,534.943609718878,534.973065901095,0.0294561822169044
2023-07-13T05:00:00Z,896610-99999,535.395724844452,535.393239767106,-0.00248507734625036
2023-07-13T06:00:00Z,896610-99999,533.834876508274,533.8559771801,0.0211006718266162
2023-07-13T07:00:00Z,896610-99999,532.570139120837,532.563062487609,-0.00707663322828012
2023-07-13T08:00:00Z,896610-99999,531.472360780856,531.492859347308,0.020498566452261
2023-07-13T09:00:00Z,896610-99999,529.051226118149,529.067935632155,0.0167095140069478
2023-07-13T10:00:00Z,896610-99999,521.833956656107,521.831848243109,-0.00210841299747244
2023-07-13T11:00:00Z,896610-99999,528.915565483343,528.905870072064,-0.00969541127903994
2023-07-13T13:00:00Z,896610-99999,526.953624194315,526.983428229178,0.0298040348629911
2023-07-13T14:00:00Z,896610-99999,529.747527689583,529.741139055247,-0.00638863433596271
2023-07-13T15:00:00Z,896610-99999,532.358973035971,532.402716468308,0.043743432336214
2023-07-13T16:00:00Z,896610-99999,529.457444845721,529.473221592914,0.0157767471922625
2023-07-13T17:00:00Z,896610-99999,526.557580622499,526.576104392512,0.0185237700137577
2023-07-13T19:00:00Z,896610-99999,527.593666061943,527.598775116283,0.00510905434055076
2023-07-13T20:00:00Z,896610-99999,527.210777401869,527.208031686183,-0.00274571568559168
2023-07-13T21:00:00Z,896610-99999,532.639002157487,532.683695680348,0.0446935228613938
2023-07-13T22:00:00Z,896610-99999,530.795015939566,530.818141668511,0.0231257289448195
2023-07-13T23:00:00Z,896610-99999,535.66295307277,535.707466236216,0.0445131634456857
2023-07-14T00:00:00Z,896610-99999,532.994989443478,533.023841173654,0.0288517301760294
2023-07-14T01:00:00Z,896610-99999,535.094861226077,535.088490065071,-0.00637116100631374
2023-07-14T02:00:00Z,896610-99999,534.97938734896,535.008681644233,0.0292942952729618
2023-07-14T03:00:00Z,896610-99999,532.607955452956,532.627980304465,0.0200248515087651
2023-07-14T05:00:00Z,896610-99999,530.906908137676,530.955007383984,0.0480992463081975
2023-07-14T07:00:00Z,896610-99999,528.384088047747,528.403158924731,0.0190708769833918
2023-07-14T08:00:00Z,896610-99999,526.832890894888,526.842496969476,0.00960607458796403
2023-07-14T09:00:00Z,896610-99999,526.834916148617,526.867098919744,0.0321827711264859
2023-07-14T10:00:00Z,896610-99999,529.538232469002,529.539348933394,0.00111646439177093
2023-07-14T11:00:00Z,896610-99999,522.30354080189,522.33602475868,0.0324839567898607
2023-07-14T12:00:00Z,896610-99999,522.046653736989,522.058531007133,0.0118772701433727
2023-07-14T13:00:00Z,896610-99999,523.548502844473,523.569097848985,0.0205950045110512
2023-07-14T14:00:00Z,896610-99999,521.61306247032,521.658218411929,0.0451559416094369
2023-07-14T15:00:00Z,896610-99999,521.275458555564,521.295813861276,0.0203553057124282
2023-07-14T16:00:00Z,896610-99999,515.367530861712,515.405701380383,0.0381705186700856
2023-07-14T17:00:00Z,896610-99999,518.550761852313,518.54097692975,-0.00978492256331265
2023-07-14T18:00:00Z,896610-99999,521.527471412255,521.564700548872,0.037229136617384
2023-07-14T19:00:00Z,896610-99999,522.774047260027,522.764982128081,-0.00906513194638592
2023-07-14T20:00:00Z,896610-99999,522.830014863441,522.834519711862,0.00450484842031074
2023-07-14T21:00:00Z,896610-99999,520.167982645919,520.203509912691,0.0355272667718509
2023-07-14T22:00:00Z,896610-99999,528.637784663616,528.677181804129,0.0393971405125058
2023-07-14T23:00:00Z,896610-99999,528.332143919902,528.3428648652,0.0107209452980896
2023-07-15T00:00:00Z,896610-99999,523.735643126848,523.732504857157,-0.00313826969068032
2023-07-15T01:00:00Z,896610-99999,522.877581049135,522.915236654955,0.0376556058204187
2023-07-15T02:00:00Z,896610-99999,523.439583472103,523.469049170888,0.0294656987852022
2023-07-15T03:00:00Z,896610-99999,521.840312623725,521.866346649493,0.0260340257688085
2023-07-15T05:00:00Z,896610-99999,527.065120483446,527.096017164724,0.0308966812777953
2023-07-15T06:00:00Z,896610-99999,527.882489194336,527.92830187641,0.0458126820734606
2023-07-15T08:00:00Z,896610-99999,532.390316890787,532.434299183823,0.0439822930362652
2023-07-15T09:00:00Z,896610-99999,531.755985960204,531.755541851973,-0.000444108231249629
2023-07-15T10:00:00Z,896610-99999,527.317442683683,527.344065948725,0.0266232650412803
2023-07-15T11:00:00Z,896610-99999,527.861100696814,527.897568927012,0.0364682301977837
2023-07-15T13:00:00Z,896610-99999,529.610977026486,529.635024086092,0.0240470596057776
2023-07-15T14:00:00Z,896610-99999,524.483121113727,524.479196114198,-0.00392499952863545
2023-07-15T15:00:00Z,896610-99999,528.246530852095,528.242236411312,-0.00429444078315555
2023-07-15T16:00:00Z,896610-99999,524.952687063287,524.997208583277,0.0445215199900986
2023-07-15T18:00:00Z,896610-99999,528.035061809779,528.054025283794,0.0189634740149813
2023-07-15T19:00:00Z,896610-99999,528.83674241096,528.848756848355,0.0120144373947824
2023-07-15T21:00:00Z,896610-99999,532.915174477428,532.934386390925,0.0192119134970881
2023-07-15T22:00:00Z,896610-99999,528.584165110566,528.625529497552,0.0413643869864018
2023-07-15T23:00:00Z,896610-99999,539.115722978414,539.130770762352,0.0150477839374616
2023-07-16T00:00:00Z,896610-99999,531.434001270795,531.431719484456,-0.00228178633824427
2023-07-16T01:00:00Z,896610-99999,534.621972853031,534.640150042165,0.0181771891340077
2023-07-16T02:00:00Z,896610-99999,542.67732870182,542.707198108617,0.0298694067970473
2023-07-16T03:00:00Z,896610-99999,540.578301340725,540.593632677341,0.0153313366163275
2023-07-16T04:00:00Z,896610-99999,536.370519900052,536.404181378834,0.0336614787820508
2023-07-16T05:00:00Z,896610-99999,532.758500975427,532.773543635948,0.0150426605212033
2023-07-16T06:00:00Z,896610-99999,538.391992926421,538.422664272928,0.030671346506665
2023-07-16T07:00:00Z,896610-99999,533.348130773517,533.386515650077,0.0383848765601442
2023-07-16T08:00:00Z,896610-99999,532.939504900827,532.93611157635,-0.00339332447720153
2023-07-16T09:00:00Z,896610-99999,528.352082477416,528.360404855311,0.00832237789506962
2023-07-16T10:00:00Z,896610-99999,523.127631189422,523.14238699301,0.0147558035878319
2023-07-16T11:00:00Z,896610-99999,527.141259216815,527.172686849077,0.0314276322618525
2023-07-16T12:00:00Z,896610-99999,527.988101099283,527.984309284833,-0.00379181445009635
2023-07-16T13:00:00Z,896610-99999,528.383181637847,528.412188434156,0.0290067963090905
2023-07-16T14:00:00Z,896610-99999,526.474645606576,526.502818723061,0.0281731164849361
2023-07-16T15:00:00Z,896610-99999,525.633867643257,525.661233812438,0.0273661691813913
2023-07-16T16:00:00Z,896610-99999,528.972678092958,528.995219996468,0.0225419035103869
2023-07-16T17:00:00Z,896610-99999,525.263729007151,525.294301090974,0.0305720838231309
2023-07-16T18:00:00Z,896610-99999,529.343103490426,529.343924231623,0.000820741197117059
2023-07-16T19:00:00Z,896610-99999,525.023444571397,525.065727268601,0.0422826972037456
2023-07-16T20:00:00Z,896610-99999,528.021186245989,528.046398131431,0.0252118854421042
2023-07-16T21:00:00Z,896610-99999,528.571093914963,528.585335791806,0.0142418768436983
2023-07-16T22:00:00Z,896610-99999,523.312745009841,523.352217786981,0.0394727771393946
2023-07-16T23:00:00Z,896610-99999,527.742684122053,527.792903654838,0.0502195327846948
2023-07-10T00:00:00Z,725375-14822,191.832961988385,191.844308484707,0.0113464963216359
2023-07-10T01:00:00Z,725375-14822,190.91971194845,190.886996666131,-0.0327152823186907
2023-07-10T02:00:00Z,725375-14822,190.3768387501,190.37689750887,5.87587704785619e-05
2023-07-10T03:00:00Z,725375-14822,193.146852848751,193.15147591213,0.004623063379114
2023-07-10T04:00:00Z,725375-14822,188.910767035272,188.876259266407,-0.0345077688648132
2023-07-10T05:00:00Z,725375-14822,191.336564884372,191.307468047102,-0.0290968372708562
2023-07-10T06:00:00Z,725375-14822,189.004135053092,188.987800380318,-0.0163346727744056
2023-07-10T07:00:00Z,725375-14822,191.653232734102,191.622139716268,-0.0310930178333138
2023-07-10T08:00:00Z,725375-14822,194.044630557351,194.005477823157,-0.0391527341944595
2023-07-10T09:00:00Z,725375-14822,191.110485738586,191.115586445527,0.00510070694173237
2023-07-10T10:00:00Z,725375-14822,192.873835756928,192.829340039095,-0.0444957178327456
2023-07-10T11:00:00Z,725375-14822,190.668481962408,190.649441381974,-0.0190405804347051
2023-07-10T12:00:00Z,725375-14822,189.455141694509,189.419873924655,-0.0352677698537036
2023-07-10T13:00:00Z,725375-14822,192.439360134144,192.435319060362,-0.00404107378227536
2023-07-10T14:00:00Z,725375-14822,189.851593377505,189.816124865169,-0.0354685123359388
2023-07-10T15:00:00Z,725375-14822,190.184407242252,190.153673996732,-0.0307332455193716
2023-07-10T16:00:00Z,725375-14822,190.436081442966,190.446895456619,0.0108140136525492
2023-07-10T17:00:00Z,725375-14822,190.059470907873,190.017553213417,-0.0419176944561173
2023-07-10T18:00:00Z,725375-14822,190.803682056901,190.817456709837,0.0137746529352683
2023-07-10T19:00:00Z,725375-14822,189.444904500512,189.411950213467,-0.0329542870451292
2023-07-10T20:00:00Z,725375-14822,190.851591678218,190.8312372949,-0.0203543833176525
2023-07-10T21:00:00Z,725375-14822,191.581319866796,191.554638236139,-0.0266816306576061
2023-07-10T22:00:00Z,725375-14822,191.494942526914,191.443135873979,-0.051806652935511
2023-07-10T23:00:00Z,725375-14822,192.787865138897,192.755651977192,-0.032213161705414
2023-07-11T00:00:00Z,725375-14822,190.777971261041,190.779176691573,0.00120543053205324
2023-07-11T01:00:00Z,725375-14822,191.855616321335,191.856787618601,0.00117129726564258
2023-07-11T02:00:00Z,725375-14822,192.232618019311,192.203279303793,-0.0293387155180938
2023-07-11T03:00:00Z,725375-14822,188.362152216858,188.362352129006,0.000199912147849091
2023-07-11T04:00:00Z,725375-14822,191.118477038879,191.096733020285,-0.0217440185942337
2023-07-11T05:00:00Z,725375-14822,189.727552983673,189.690799230963,-0.0367537527102115
2023-07-11T06:00:00Z,725375-14822,190.301641576733,190.282636256065,-0.0190053206687821
2023-07-11T07:00:00Z,725375-14822,192.236326368726,192.227537310302,-0.00878905842319
2023-07-11T08:00:00Z,725375-14822,188.304845563287,188.282447181714,-0.0223983815729412
2023-07-11T09:00:00Z,725375-14822,192.052942044981,192.063746352347,0.0108043073656745
2023-07-11T10:00:00Z,725375-14822,188.288828451237,188.263703002604,-0.0251254486327923
2023-07-11T11:00:00Z,725375-14822,188.475016425849,188.43226406836,-0.0427523574883537
2023-07-11T12:00:00Z,725375-14822,191.346580198852,191.355462358609,0.00888215975723483
2023-07-11T13:00:00Z,725375-14822,189.938745803705,189.95253213751,0.0137863338053705
2023-07-11T14:00:00Z,725375-14822,191.038940278224,191.017898256972,-0.0210420212519864
2023-07-11T15:00:00Z,725375-14822,189.519484186326,189.517168536506,-0.00231564981962151
2023-07-11T16:00:00Z,725375-14822,191.448274001202,191.411201191758,-0.0370728094445383
2023-07-11T17:00:00Z,725375-14822,192.937021237237,192.925038225161,-0.0119830120752908
2023-07-11T18:00:00Z,725375-14822,188.861822968047,188.842154039124,-0.0196689289224423
2023-07-11T19:00:00Z,725375-14822,186.576141826665,186.565624328027,-0.0105174986373129
2023-07-11T20:00:00Z,725375-14822,199.458039863695,199.47040504965,0.012365185955332
2023-07-11T21:00:00Z,725375-14822,202.591385989133,202.591745593215,0.000359604081438647
2023-07-11T22:00:00Z,725375-14822,193.493487487931,193.505035490583,0.0115480026514376
2023-07-11T23:00:00Z,725375-14822,193.910339616306,193.883046618748,-0.0272929975583622
2023-07-12T00:00:00Z,725375-14822,192.639670185042,192.641396371396,0.00172618635400568
2023-07-12T01:00:00Z,725375-14822,189.9899777791,189.990297810249,0.000320031148760336
2023-07-12T02:00:00Z,725375-14822,191.400045971391,191.343397171073,-0.0566488003187828
2023-07-12T03:00:00Z,725375-14822,190.819952647817,190.807782012436,-0.0121706353804996
2023-07-12T04:00:00Z,725375-14822,193.82055101447,193.775683326163,-0.0448676883064252
2023-07-12T05:00:00Z,725375-14822,194.168945389952,194.124887201037,-0.044058188914363
2023-07-12T06:00:00Z,725375-14822,192.690476811296,192.672811935896,-0.0176648753994186
2023-07-12T07:00:00Z,725375-14822,189.193449908023,189.143454314427,-0.0499955935967762
2023-07-12T08:00:00Z,725375-14822,192.724929608033,192.717338288096,-0.00759131993734741
2023-07-12T09:00:00Z,725375-14822,192.169955028116,192.169743272438,-0.000211755678350301
2023-07-12T10:00:00Z,725375-14822,190.41801698818,190.424534253305,0.00651726512555229
2023-07-12T11:00:00Z,725375-14822,190.860975595271,190.859387051415,-0.00158854385571772
2023-07-12T12:00:00Z,725375-14822,193.319633492238,193.269734569118,-0.049898923120054
2023-07-12T13:00:00Z,725375-14822,188.376657258914,188.347527681912,-0.0291295770017541
2023-07-12T14:00:00Z,725375-14822,192.362024893804,192.375442743094,0.0134178492906756
2023-07-12T15:00:00Z,725375-14822,189.966234434941,189.973014366218,0.00677993127763443
2023-07-12T16:00:00Z,725375-14822,188.497385370461,188.465457068907,-0.03192830155416
2023-07-12T17:00:00Z,725375-14822,193.852705879647,193.840516676391,-0.012189203256014
2023-07-12T18:00:00Z,725375-14822,190.651775512387,190.626632185072,-0.0251433273157033
2023-07-12T19:00:00Z,725375-14822,192.592606561898,192.559217466824,-0.0333890950736873
2023-07-12T20:00:00Z,725375-14822,194.793810286221,194.791934729294,-0.0018755569268194
2023-07-12T21:00:00Z,725375-14822,187.97997252995,187.932224058406,-0.0477484715441676
2023-07-12T22:00:00Z,725375-14822,192.978357690285,192.984714042695,0.00635635241013688
2023-07-12T23:00:00Z,725375-14822,189.960480858621,189.914196873126,-0.0462839854949664
2023-07-13T00:00:00Z,725375-14822,191.351636144727,191.309493266652,-0.0421428780755377
2023-07-13T01:00:00Z,725375-14822,193.122605568378,193.113813444909,-0.00879212346984559
2023-07-13T02:00:00Z,725375-14822,201.349718005633,201.30620727396,-0.0435107316731944
2023-07-13T03:00:00Z,725375-14822,195.279534547017,195.288449541534,0.00891499451705613
2023-07-13T04:00:00Z,725375-14822,194.924644204843,194.879724614352,-0.044919590491844
2023-07-13T05:00:00Z,725375-14822,200.888541777751,200.886686400663,-0.00185537708748029
2023-07-13T06:00:00Z,725375-14822,195.603509354998,195.556964881241,-0.0465444737571659
2023-07-13T07:00:00Z,725375-14822,185.032172408371,185.029735770121,-0.0024366382497476
2023-07-13T08:00:00Z,725375-14822,182.196181306779,182.205425294457,0.00924398767776324
2023-07-13T09:00:00Z,725375-14822,182.510168477894,182.471365791974,-0.0388026859193928
2023-07-13T10:00:00Z,725375-14822,188.927250533357,188.912969169323,-0.0142813640333372
2023-07-13T11:00:00Z,725375-14822,194.146493060383,194.12074418737,-0.0257488730128159
2023-07-13T12:00:00Z,725375-14822,192.779039799163,192.78959980364,0.0105600044770426
2023-07-13T13:00:00Z,725375-14822,191.761088509592,191.708394736639,-0.0526937729526935
2023-07-13T14:00:00Z,725375-14822,191.74321424104,191.748522129724,0.00530788868388754
2023-07-13T15:00:00Z,725375-14822,190.959970423802,190.906979124004,-0.0529912997975544
2023-07-13T16:00:00Z,725375-14822,190.165431866525,190.149145314579,-0.0162865519459672
2023-07-13T17:00:00Z,725375-14822,191.639230249846,191.645558937479,0.00632868763321426
2023-07-13T18:00:00Z,725375-14822,191.199219389432,191.172008068372,-0.0272113210592124
2023-07-13T19:00:00Z,725375-14822,190.743989508413,190.749072497824,0.00508298941113594
2023-07-13T20:00:00Z,725375-14822,192.80461977115,192.750427547674,-0.0541922234758374
2023-07-13T21:00:00Z,725375-14822,192.95496280039,192.92631615583,-0.0286466445604958
2023-07-13T22:00:00Z,725375-14822,193.982279369678,193.928185581201,-0.0540937884773882
2023-07-13T23:00:00Z,725375-14822,192.943452713882,192.909328199203,-0.0341245146785809
2023-07-14T00:00:00Z,725375-14822,195.559392977782,195.526646201648,-0.0327467761341609
2023-07-14T01:00:00Z,725375-14822,191.471438278322,191.463435345599,-0.00800293272277486
2023-07-14T02:00:00Z,725375-14822,191.878696838257,191.88912682542,0.0104299871636329
2023-07-14T03:00:00Z,725375-14822,190.649503881809,190.642792789963,-0.00671109184548868
2023-07-14T04:00:00Z,725375-14822,188.001766137508,187.993688209145,-0.00807792836357635
2023-07-14T05:00:00Z,725375-14822,192.964563488409,192.976811475392,0.0122479869835104
2023-07-14T06:00:00Z,725375-14822,192.445700553697,192.405680242024,-0.0400203116732882
2023-07-14T07:00:00Z,725375-14822,192.747664464421,192.725957340121,-0.0217071242995246
2023-07-14T08:00:00Z,725375-14822,186.782997383248,186.735767246868,-0.0472301363804206
2023-07-14T09:00:00Z,725375-14822,189.41309856884,189.414874120012,0.00177555117150519
2023-07-14T10:00:00Z,725375-14822,191.462265131235,191.451294764223,-0.0109703670116801
2023-07-14T11:00:00Z,725375-14822,192.523503939806,192.514604229217,-0.00889971058913375
2023-07-14T12:00:00Z,725375-14822,191.783996690875,191.754832657136,-0.0291640337396757
2023-07-14T13:00:00Z,725375-14822,192.937339118191,192.943457409002,0.00611829081162796
2023-07-14T14:00:00Z,725375-14822,192.732589790407,192.715656360273,-0.016933430133605
2023-07-14T15:00:00Z,725375-14822,191.518387897055,191.514558524832,-0.00382937222300939
2023-07-14T16:00:00Z,725375-14822,191.908221688622,191.868510658617,-0.0397110300049235
2023-07-14T17:00:00Z,725375-14822,194.364330378561,194.328020449141,-0.0363099294196729
2023-07-14T18:00:00Z,725375-14822,193.891826426445,193.841621834453,-0.0502045919916156
2023-07-14T19:00:00Z,725375-14822,194.730753925262,194.722897972006,-0.00785595325510258
2023-07-14T20:00:00Z,725375-14822,191.417921450185,191.396165395266,-0.0217560549191091
2023-07-14T21:00:00Z,725375-14822,191.443056902346,191.454595790662,0.0115388883164087
2023-07-14T22:00:00Z,725375-14822,194.061508948638,194.064672346265,0.00316339762704843
2023-07-14T23:00:00Z,725375-14822,189.31182270935,189.317765093651,0.0059423843015054
2023-07-15T00:00:00Z,725375-14822,185.190691246525,185.15858236688,-0.032108879645051
2023-07-15T01:00:00Z,725375-14822,190.931059255001,190.944383997114,0.0133247421123315
2023-07-15T02:00:00Z,725375-14822,192.095145456054,192.054926232593,-0.0402192234610084
2023-07-15T03:00:00Z,725375-14822,190.964773894435,190.97854255445,0.013768660015046
2023-07-15T04:00:00Z,725375-14822,190.266127044176,190.237591964594,-0.0285350795813599
2023-07-15T05:00:00Z,725375-14822,192.32923509219,192.30888408276,-0.0203510094301294
2023-07-15T06:00:00Z,725375-14822,190.95106940654,190.936147075472,-0.0149223310682203
2023-07-15T07:00:00Z,725375-14822,191.071515408438,191.039548655974,-0.031966752464399
2023-07-15T08:00:00Z,725375-14822,190.057308032049,190.015785308964,-0.041522723084654
2023-07-15T09:00:00Z,725375-14822,189.392962898155,189.388926780197,-0.00403611795869097
2023-07-15T10:00:00Z,725375-14822,190.746482976751,190.759459952848,0.0129769760975194
2023-07-15T11:00:00Z,725375-14822,196.135448683013,196.096742691529,-0.0387059914835959
2023-07-15T12:00:00Z,725375-14822,192.817334677069,192.769048836644,-0.0482858404245405
2023-07-15T13:00:00Z,725375-14822,191.957634632975,191.963883997679,0.00624936470430271
2023-07-15T14:00:00Z,725375-14822,188.433008237936,188.424238913726,-0.0087693242099931
2023-07-15T15:00:00Z,725375-14822,189.988517816734,189.985997308608,-0.00252050812599691
2023-07-15T16:00:00Z,725375-14822,191.20247435942,191.175244603093,-0.0272297563271025
2023-07-15T17:00:00Z,725375-14822,191.533827126964,191.515516701078,-0.0183104258857725
2023-07-15T18:00:00Z,725375-14822,191.33522175744,191.280105697847,-0.0551160595931322
2023-07-15T19:00:00Z,725375-14822,187.687527332285,187.69576607005,0.00823873776525375
2023-07-15T20:00:00Z,725375-14822,191.91140613171,191.872645510314,-0.0387606213958804
2023-07-15T21:00:00Z,725375-14822,187.584572454622,187.598366565526,0.013794110904314
2023-07-15T22:00:00Z,725375-14822,188.947171085632,188.910332374791,-0.0368387108407831
2023-07-15T23:00:00Z,725375-14822,192.087606737801,192.061051719266,-0.0265550185348786
2023-07-16T00:00:00Z,725375-14822,192.975614391205,192.93465097531,-0.040963415895277
2023-07-16T01:00:00Z,725375-14822,188.55980797037,188.512739861495,-0.0470681088740719
2023-07-16T02:00:00Z,725375-14822,192.609129805089,192.56966785232,-0.0394619527690168
2023-07-16T03:00:00Z,725375-14822,191.039206542902,191.009324199669,-0.0298823432337372
2023-07-16T04:00:00Z,725375-14822,192.28187297799,192.259459422245,-0.022413555744464
2023-07-16T05:00:00Z,725375-14822,189.976885021869,189.950416473731,-0.0264685481379274
2023-07-16T06:00:00Z,725375-14822,187.198701488499,187.212331289633,0.0136298011339591
2023-07-16T07:00:00Z,725375-14822,190.634783450584,190.645670706925,0.0108872563410785
2023-07-16T08:00:00Z,725375-14822,193.946256108909,193.953070788006,0.0068146790974879
2023-07-16T09:00:00Z,725375-14822,190.633073527443,190.62968982744,-0.00338370000363852
2023-07-16T10:00:00Z,725375-14822,192.085045244479,192.061281237624,-0.0237640068551741
2023-07-16T11:00:00Z,725375-14822,191.966886011563,191.933623574868,-0.0332624366950256
2023-07-16T12:00:00Z,725375-14822,193.050566695808,193.052643238399,0.00207654259165224
2023-07-16T13:00:00Z,725375-14822,191.424572675285,191.386488211254,-0.0380844640303906
2023-07-16T14:00:00Z,725375-14822,191.992450585039,191.976899155702,-0.0155514293371368
2023-07-16T15:00:00Z,725375-14822,188.936479382253,188.895411982131,-0.0410674001224152
2023-07-16T16:00:00Z,725375-14822,191.524243506195,191.470636861086,-0.0536066451086867
2023-07-16T17:00:00Z,725375-14822,194.513726335218,194.507251181706,-0.00647515351167272
2023-07-16T18:00:00Z,725375-14822,194.035469409875,193.99211330243,-0.0433561074448789
2023-07-16T19:00:00Z,725375-14822,188.055508464143,188.011445647097,-0.0440628170460116
2023-07-16T20:00:00Z,725375-14822,188.780304570017,188.752967911275,-0.0273366587413193
2023-07-16T21:00:00Z,725375-14822,190.920341550396,190.875548107524,-0.0447934428717645
2023-07-16T22:00:00Z,725375-14822,190.485184204223,190.474569426419,-0.0106147778042782
2023-07-16T23:00:00Z,725375-14822,188.374355947751,188.374819490659,0.000463542908164527
2023-07-10T00:00:00Z,801120-99999,2117.1867615498,2117.12711657641,-0.0596449733920963
2023-07-10T03:00:00Z,801120-99999,2114.19305703163,2114.1479698032,-0.0450872284300203
2023-07-10T06:00:00Z,801120-99999,2107.99192342956,2107.93513083474,-0.0567925948166703
2023-07-10T09:00:00Z,801120-99999,2107.36856397895,2107.31871148637,-0.0498524925797028
2023-07-10T12:00:00Z,801120-99999,2108.5382722369,2108.51870440944,-0.0195678274558304
2023-07-10T15:00:00Z,801120-99999,2113.3894523152,2113.39682598135,0.00737366615203428
2023-07-10T21:00:00Z,801120-99999,2115.59677556671,2115.58683930306,-0.009936263646523
2023-07-11T00:00:00Z,801120-99999,2115.16584403903,2115.15568171795,-0.0101623210889557
2023-07-11T03:00:00Z,801120-99999,2111.28137401318,2111.22220884628,-0.0591651669051316
2023-07-11T06:00:00Z,801120-99999,2120.73590806748,2120.69815455446,-0.0377535130201068
2023-07-11T09:00:00Z,801120-99999,2108.56651604047,2108.56143557043,-0.00508047004632317
2023-07-11T12:00:00Z,801120-99999,2109.0681517528,2109.04020326283,-0.0279484899688214
2023-07-11T15:00:00Z,801120-99999,2115.92644671068,2115.88602072191,-0.0404259887718581
2023-07-11T18:00:00Z,801120-99999,2111.24443795613,2111.18577654446,-0.0586614116714372
2023-07-11T21:00:00Z,801120-99999,2113.80054333912,2113.78788170475,-0.0126616343718524
2023-07-12T00:00:00Z,801120-99999,2121.75197552008,2121.7339208622,-0.0180546578881149
2023-07-12T03:00:00Z,801120-99999,2118.51443368672,2118.51028997861,-0.00414370810904074
2023-07-12T06:00:00Z,801120-99999,2113.70016769136,2113.68696402683,-0.0132036645336484
2023-07-12T09:00:00Z,801120-99999,2106.30569793257,2106.31471066257,0.00901272999954017
2023-07-12T12:00:00Z,801120-99999,2110.93586114319,2110.93283576799,-0.0030253752029239
2023-07-12T15:00:00Z,801120-99999,2111.69192146504,2111.63101256306,-0.060908901980838
2023-07-12T18:00:00Z,801120-99999,2111.18412352865,2111.12996805979,-0.0541554688602446
2023-07-12T21:00:00Z,801120-99999,2116.8965636537,2116.84753701391,-0.0490266397810046
2023-07-13T00:00:00Z,801120-99999,2114.94374779638,2114.88844172308,-0.0553060733009261
2023-07-13T03:00:00Z,801120-99999,2117.70783905327,2117.71823918673,0.0104001334630084
2023-07-13T06:00:00Z,801120-99999,2110.47501715196,2110.47539320783,0.000376055862489011
2023-07-13T09:00:00Z,801120-99999,2111.67413550832,2111.65475986297,-0.0193756453477363
2023-07-13T15:00:00Z,801120-99999,2116.94899437027,2116.88043809817,-0.0685562721064343
2023-07-13T18:00:00Z,801120-99999,2115.03309599223,2115.03176678579,-0.00132920643363832
2023-07-13T21:00:00Z,801120-99999,2115.50670783639,2115.52597887645,0.0192710400565375
2023-07-14T00:00:00Z,801120-99999,2117.59989882849,2117.59792747975,-0.00197134873997129
2023-07-14T03:00:00Z,801120-99999,2119.88382872542,2119.88017058001,-0.00365814541783038
2023-07-14T06:00:00Z,801120-99999,2107.74852764766,2107.70650961205,-0.0420180356104538
2023-07-14T09:00:00Z,801120-99999,2115.40944474727,2115.36906592284,-0.0403788244311727
2023-07-14T12:00:00Z,801120-99999,2111.26509042518,2111.24306625147,-0.0220241737069955
2023-07-14T15:00:00Z,801120-99999,2118.57298079702,2118.50647050364,-0.0665102933794515
2023-07-14T18:00:00Z,801120-99999,2116.81303256597,2116.76232358998,-0.0507089759889823
2023-07-14T21:00:00Z,801120-99999,2115.6416407008,2115.65072580092,0.00908510011959152
2023-07-15T00:00:00Z,801120-99999,2114.94187635491,2114.89761250568,-0.0442638492272636
2023-07-15T03:00:00Z,801120-99999,2119.62512119466,2119.63995753007,0.0148363354096546
2023-07-15T06:00:00Z,801120-99999,2111.55394550072,2111.5195801863,-0.0343653144182099
2023-07-15T09:00:00Z,801120-99999,2104.82602262555,2104.78581055963,-0.0402120659132379
2023-07-15T12:00:00Z,801120-99999,2106.3330212976,2106.26659088258,-0.0664304150141106
2023-07-15T15:00:00Z,801120-99999,2117.14770459787,2117.14413083922,-0.00357375865178256
2023-07-15T18:00:00Z,801120-99999,2111.14420294768,2111.09220627811,-0.0519966695760559
2023-07-15T21:00:00Z,801120-99999,2117.6668320587,2117.62116740103,-0.0456646576644744
2023-07-16T00:00:00Z,801120-99999,2122.52049781025,2122.52034548857,-0.000152321688801749
2023-07-16T03:00:00Z,801120-99999,2122.91536939406,2122.89346233012,-0.0219070639363963
2023-07-16T06:00:00Z,801120-99999,2108.74596290269,2108.74515156555,-0.000811337138202362
2023-07-16T09:00:00Z,801120-99999,2111.80117629542,2111.8068748437,0.00569854827836025
2023-07-16T12:00:00Z,801120-99999,2115.51671373579,2115.51633395718,-0.000379778611204529
2023-07-16T15:00:00Z,801120-99999,2116.23599379386,2116.22581757186,-0.0101762219956072
2023-07-16T18:00:00Z,801120-99999,2114.06782551103,2114.0587980115,-0.00902749953183957
2023-07-16T21:00:00Z,801120-99999,2119.85697355863,2119.85641309171,-0.000560466917704616
2023-07-10T00:00:00Z,535430-99999,1457.11726764325,1457.1236387378,0.00637109455055906
2023-07-10T03:00:00Z,535430-99999,1456.93029725081,1456.95099271552,0.0206954647055682
2023-07-10T06:00:00Z,535430-99999,1456.1794485258,1456.16615748907,-0.013291036731971
2023-07-10T09:00:00Z,535430-99999,1451.19454122939,1451.21270525493,0.0181640255398179
2023-07-10T12:00:00Z,535430-99999,1457.06402860447,1457.12717668921,0.0631480847475814
2023-07-10T15:00:00Z,535430-99999,1462.03733931342,1462.08387541123,0.0465360978141689
2023-07-10T18:00:00Z,535430-99999,1462.80486209205,1462.87137737142,0.0665152793683319
2023-07-10T21:00:00Z,535430-99999,1458.71987057645,1458.75828487654,0.0384143000919721
2023-07-11T00:00:00Z,535430-99999,1457.83427859772,1457.82691225558,-0.00736634214536025
2023-07-11T03:00:00Z,535430-99999,1458.88717855097,1458.92099067167,0.0338121206984852
2023-07-11T06:00:00Z,535430-99999,1452.03274484412,1452.05337915668,0.0206343125578314
2023-07-11T09:00:00Z,535430-99999,1460.91543232309,1460.90934228477,-0.00609003831959853
2023-07-11T12:00:00Z,535430-99999,1461.45625520611,1461.52753012112,0.0712749150115997
2023-07-11T15:00:00Z,535430-99999,1459.56299982541,1459.62301299413,0.0600131687208432
2023-07-11T18:00:00Z,535430-99999,1463.11701925198,1463.17058346559,0.0535642136110255
2023-07-11T21:00:00Z,535430-99999,1459.55836918082,1459.55728779172,-0.00108138910582056
2023-07-12T00:00:00Z,535430-99999,1458.9781668399,1459.03365769711,0.0554908572059958
2023-07-12T03:00:00Z,535430-99999,1462.12524418008,1462.12575272642,0.000508546339915483
2023-07-12T06:00:00Z,535430-99999,1460.41996716005,1460.47086496512,0.0508978050727365
2023-07-12T12:00:00Z,535430-99999,1463.66358608621,1463.66498902268,0.00140293646768441
2023-07-12T15:00:00Z,535430-99999,1457.93862370907,1457.94548041378,0.00685670471125377
2023-07-12T18:00:00Z,535430-99999,1457.06971725029,1457.06976332718,4.60768933407962e-05
2023-07-12T21:00:00Z,535430-99999,1452.81459157304,1452.82082616515,0.00623459211533373
2023-07-13T00:00:00Z,535430-99999,1458.04488571171,1458.10553747105,0.0606517593400895
2023-07-13T03:00:00Z,535430-99999,1457.62807052285,1457.65611259553,0.0280420726851389
2023-07-13T06:00:00Z,535430-99999,1452.192214814,1452.1868043039,-0.0054105100975903
2023-07-13T09:00:00Z,535430-99999,1451.60175587705,1451.59954204044,-0.00221383661096297
2023-07-13T15:00:00Z,535430-99999,1460.97249399337,1461.0327513835,0.0602573901301184
2023-07-13T18:00:00Z,535430-99999,1455.30443178703,1455.37166357451,0.0672317874809778
2023-07-13T21:00:00Z,535430-99999,1454.80149152202,1454.79918656288,-0.00230495913683626
2023-07-14T00:00:00Z,535430-99999,1453.44076146524,1453.46332178535,0.0225603201135982
2023-07-14T03:00:00Z,535430-99999,1455.62924957475,1455.6565102005,0.0272606257490224
2023-07-14T06:00:00Z,535430-99999,1450.02378869431,1450.01944320709,-0.00434548721841566
2023-07-14T09:00:00Z,535430-99999,1447.32561291918,1447.3934905357,0.0678776165154886
2023-07-14T12:00:00Z,535430-99999,1454.8648854521,1454.91422608468,0.0493406325786054
2023-07-14T15:00:00Z,535430-99999,1456.15099648494,1456.17046549954,0.0194690145960976
2023-07-14T18:00:00Z,535430-99999,1458.79995390139,1458.7906661468,-0.00928775459578901
2023-07-14T21:00:00Z,535430-99999,1459.21837474139,1459.24714153604,0.0287667946574857
2023-07-15T00:00:00Z,535430-99999,1456.55438968547,1456.54805722517,-0.0063324603008823
2023-07-15T03:00:00Z,535430-99999,1455.79683108768,1455.84223837072,0.0454072830343648
2023-07-15T06:00:00Z,535430-99999,1451.0955675247,1451.12600929629,0.0304417715924501
2023-07-15T09:00:00Z,535430-99999,1450.78265512039,1450.85166343906,0.0690083186691481
2023-07-15T12:00:00Z,535430-99999,1453.40556508109,1453.40959284442,0.00402776332339272
2023-07-15T15:00:00Z,535430-99999,1455.68581653209,1455.75137351986,0.0655569877635571
2023-07-15T18:00:00Z,535430-99999,1457.61688770213,1457.62319596193,0.00630825980397276
2023-07-15T21:00:00Z,535430-99999,1455.75421033411,1455.82225482704,0.0680444929273563
2023-07-16T00:00:00Z,535430-99999,1455.03885059009,1455.1021358412,0.0632852511068904
2023-07-16T03:00:00Z,535430-99999,1455.62349189379,1455.61173031167,-0.0117615821109212
2023-07-16T06:00:00Z,535430-99999,1457.54984815763,1457.5561054919,0.00625733427432351
2023-07-16T09:00:00Z,535430-99999,1456.46577818008,1456.50588128037,0.040103100289798
2023-07-16T12:00:00Z,535430-99999,1455.23720049342,1455.28372769844,0.0465272050212207
2023-07-16T15:00:00Z,535430-99999,1456.46025716734,1456.49385177076,0.0335946034217614
2023-07-16T18:00:00Z,535430-99999,1457.73863496454,1457.78545201956,0.0468170550202558
2023-07-16T21:00:00Z,535430-99999,1458.14733380588,1458.19788362234,0.0505498164641267
2023-07-10T00:00:00Z,517470-99999,1108.35068309504,1108.30510726322,-0.0455758318144035
2023-07-10T03:00:00Z,517470-99999,1099.96220860284,1099.93123260508,-0.0309759977626527
2023-07-10T06:00:00Z,517470-99999,1108.42326447064,1108.41421039389,-0.0090540767425864
2023-07-10T09:00:00Z,517470-99999,1105.94469098007,1105.94695652837,0.00226554829782799
2023-07-10T12:00:00Z,517470-99999,1105.12945291757,1105.05679339785,-0.0726595197154438
2023-07-10T15:00:00Z,517470-99999,1104.06870580187,1104.07680465427,0.00809885239937103
2023-07-10T18:00:00Z,517470-99999,1105.66659076373,1105.66601689817,-0.000573865555452358
2023-07-10T21:00:00Z,517470-99999,1107.16916743229,1107.15210201183,-0.0170654204584935
2023-07-11T00:00:00Z,517470-99999,1110.06254233538,1109.99031454475,-0.0722277906279487
2023-07-11T03:00:00Z,517470-99999,1098.13838964558,1098.1112181311,-0.0271715144870086
2023-07-11T06:00:00Z,517470-99999,1094.66598678092,1094.65951068855,-0.00647609237626057
2023-07-11T09:00:00Z,517470-99999,1081.23433048089,1081.16359820076,-0.0707322801288228
2023-07-11T12:00:00Z,517470-99999,1097.918209285,1097.85098625195,-0.0672230330446837
2023-07-11T15:00:00Z,517470-99999,1088.14111721873,1088.10554493114,-0.0355722875942774
2023-07-11T18:00:00Z,517470-99999,1086.36630979849,1086.36033854679,-0.00597125169633728
2023-07-11T21:00:00Z,517470-99999,1093.7425570006,1093.72439730077,-0.0181596998365876
2023-07-12T00:00:00Z,517470-99999,1097.92007897734,1097.90336743769,-0.0167115396557165
2023-07-12T03:00:00Z,517470-99999,1092.97136956837,1092.94109697708,-0.0302725912879396
2023-07-12T06:00:00Z,517470-99999,1094.82224013393,1094.77043808338,-0.0518020505448931
2023-07-12T09:00:00Z,517470-99999,1089.49867258221,1089.43664814251,-0.0620244397002807
2023-07-12T12:00:00Z,517470-99999,1102.1341947074,1102.09931890135,-0.034875806050195
2023-07-12T15:00:00Z,517470-99999,1091.39947462982,1091.35011151763,-0.0493631121914859
2023-07-12T18:00:00Z,517470-99999,1096.91839044087,1096.92369813092,0.00530769004353715
2023-07-12T21:00:00Z,517470-99999,1095.50026521533,1095.4706919526,-0.0295732627257621
2023-07-13T00:00:00Z,517470-99999,1104.02579545014,1103.99402024275,-0.0317752073915472
2023-07-13T03:00:00Z,517470-99999,1096.64557739418,1096.57910068763,-0.0664767065529759
2023-07-13T06:00:00Z,517470-99999,1101.16875393097,1101.13080205465,-0.0379518763172655
2023-07-13T09:00:00Z,517470-99999,1098.7006855591,1098.70684612876,0.00616056965941425
2023-07-13T12:00:00Z,517470-99999,1109.05062022658,1109.05674752145,0.00612729486488206
2023-07-13T15:00:00Z,517470-99999,1101.23750376758,1101.18478466691,-0.0527191006690373
2023-07-13T18:00:00Z,517470-99999,1099.49721384696,1099.43418954444,-0.0630243025195796
2023-07-13T21:00:00Z,517470-99999,1094.0474202312,1094.01264308339,-0.0347771478102459
2023-07-14T00:00:00Z,517470-99999,1102.82308280642,1102.79209876793,-0.0309840384850304
2023-07-14T03:00:00Z,517470-99999,1099.45157362087,1099.38856655692,-0.0630070639515452
2023-07-14T06:00:00Z,517470-99999,1099.50538821834,1099.49518245173,-0.0102057666058499
2023-07-14T09:00:00Z,517470-99999,1099.15675999641,1099.12184054357,-0.0349194528362204
2023-07-14T12:00:00Z,517470-99999,1103.90333246816,1103.86283058258,-0.0405018855781236
2023-07-14T15:00:00Z,517470-99999,1097.91624218278,1097.84846800834,-0.0677741744361811
2023-07-14T18:00:00Z,517470-99999,1098.73502811957,1098.67556049431,-0.0594676252674162
2023-07-14T21:00:00Z,517470-99999,1094.92380884594,1094.87981199346,-0.0439968524704
2023-07-15T00:00:00Z,517470-99999,1097.19386475882,1097.12640844063,-0.0674563181876238
2023-07-15T03:00:00Z,517470-99999,1098.88343355224,1098.81384819897,-0.0695853532647561
2023-07-15T06:00:00Z,517470-99999,1101.41195989162,1101.35853819818,-0.0534216934349843
2023-07-15T09:00:00Z,517470-99999,1097.9390514979,1097.92271432956,-0.0163371683402147
2023-07-15T12:00:00Z,517470-99999,1097.88542319416,1097.88453157052,-0.000891623646566586
2023-07-15T15:00:00Z,517470-99999,1097.15206121028,1097.10760983868,-0.0444513715979156
2023-07-15T18:00:00Z,517470-99999,1096.88983079136,1096.87453406055,-0.0152967308158622
2023-07-15T21:00:00Z,517470-99999,1086.98534895374,1086.95283243909,-0.0325165146521158
2023-07-16T00:00:00Z,517470-99999,1097.43952082833,1097.37153373027,-0.0679870980593478
2023-07-16T03:00:00Z,517470-99999,1095.29367169966,1095.25163203942,-0.0420396602444271
2023-07-16T06:00:00Z,517470-99999,1099.89758114809,1099.88371596638,-0.0138651817119353
2023-07-16T09:00:00Z,517470-99999,1098.1713164777,1098.1453312644,-0.0259852132976448
2023-07-16T12:00:00Z,517470-99999,1100.61264714435,1100.58827688791,-0.0243702564473551
2023-07-16T15:00:00Z,517470-99999,1094.63243599335,1094.56475379566,-0.0676821976906012
2023-07-16T18:00:00Z,517470-99999,1092.55933072204,1092.53709104092,-0.0222396811179806
2023-07-16T21:00:00Z,517470-99999,1092.60393317647,1092.55089325,-0.0530399264782773
2023-07-10T00:00:00Z,407620-99999,1448.0694551306,1448.07663476656,0.00717963595843685
2023-07-10T03:00:00Z,407620-99999,1449.25344138033,1449.28934611402,0.0359047336853564
2023-07-10T06:00:00Z,407620-99999,1451.00425623978,1451.03582576187,0.0315695220901944
2023-07-10T09:00:00Z,407620-99999,1456.56338688009,1456.56883845048,0.00545157038482103
2023-07-10T12:00:00Z,407620-99999,1452.19164989467,1452.21461982646,0.0229699317962968
2023-07-10T15:00:00Z,407620-99999,1451.06496244951,1451.07334997907,0.00838752956155986
2023-07-10T18:00:00Z,407620-99999,1450.00410813515,1450.09134107614,0.0872329409833128
2023-07-10T21:00:00Z,407620-99999,1446.51836729411,1446.5916297186,0.0732624244924409
2023-07-11T00:00:00Z,407620-99999,1446.90389593722,1446.9688139285,0.0649179912873024
2023-07-11T03:00:00Z,407620-99999,1449.33909840686,1449.40574952849,0.0666511216325034
2023-07-11T06:00:00Z,407620-99999,1454.08080750054,1454.16137120719,0.0805637066555391
2023-07-11T09:00:00Z,407620-99999,1451.98975944191,1451.9963625509,0.0066031089900207
2023-07-11T12:00:00Z,407620-99999,1447.69656350669,1447.75354679849,0.0569832917997246
2023-07-11T15:00:00Z,407620-99999,1447.59374925945,1447.60482616517,0.0110769057264406
2023-07-11T18:00:00Z,407620-99999,1448.41607800952,1448.46718948812,0.051111478603616
2023-07-11T21:00:00Z,407620-99999,1443.53815203893,1443.56621525668,0.0280632177493771
2023-07-12T00:00:00Z,407620-99999,1449.34171463381,1449.35086008295,0.00914544914508042
2023-07-12T03:00:00Z,407620-99999,1445.43880550381,1445.46727829568,0.0284727918751742
2023-07-12T06:00:00Z,407620-99999,1450.14211168124,1450.18847188806,0.0463602068123237
2023-07-12T09:00:00Z,407620-99999,1453.59930888915,1453.62179954803,0.0224906588878184
2023-07-12T12:00:00Z,407620-99999,1447.00210603755,1447.01946634144,0.0173603038892907
2023-07-12T15:00:00Z,407620-99999,1446.95349710947,1447.01181630971,0.0583192002457054
2023-07-12T18:00:00Z,407620-99999,1439.42736471972,1439.43677625805,0.00941153832673081
2023-07-12T21:00:00Z,407620-99999,1442.18269097832,1442.21446818978,0.0317772114633499
2023-07-13T00:00:00Z,407620-99999,1445.96686577255,1446.03460918838,0.0677434158301367
2023-07-13T03:00:00Z,407620-99999,1443.31263468564,1443.36529717936,0.0526624937208453
2023-07-13T06:00:00Z,407620-99999,1450.46380846622,1450.53279965078,0.0689911845663573
2023-07-13T09:00:00Z,407620-99999,1455.45433479661,1455.48822104621,0.033886249602574
2023-07-13T12:00:00Z,407620-99999,1455.66839135931,1455.72769338542,0.0593020261046604
2023-07-13T15:00:00Z,407620-99999,1447.29207092352,1447.30457049131,0.0124995677870174
2023-07-13T18:00:00Z,407620-99999,1442.48783333106,1442.50784621283,0.0200128817632503
2023-07-13T21:00:00Z,407620-99999,1446.64513525173,1446.66585860018,0.0207233484486551
2023-07-14T00:00:00Z,407620-99999,1454.00174271736,1454.03713932951,0.0353966121479061
2023-07-14T03:00:00Z,407620-99999,1447.54040799512,1447.61125120096,0.0708432058336257
2023-07-14T06:00:00Z,407620-99999,1451.03729234701,1451.11960652002,0.0823141730102179
2023-07-14T09:00:00Z,407620-99999,1458.44500499684,1458.53016998554,0.0851649887010808
2023-07-14T12:00:00Z,407620-99999,1454.92797667998,1455.00260229455,0.0746256145628195
2023-07-14T15:00:00Z,407620-99999,1445.39244949691,1445.40823542182,0.0157859249027297
2023-07-14T18:00:00Z,407620-99999,1444.78013932244,1444.84640168918,0.0662623667401476
2023-07-14T21:00:00Z,407620-99999,1443.47668798281,1443.52767508161,0.050987098799169
2023-07-15T00:00:00Z,407620-99999,1453.52578735939,1453.60514512666,0.0793577672700394
2023-07-15T03:00:00Z,407620-99999,1449.01277625813,1449.08981078577,0.0770345276400803
2023-07-15T06:00:00Z,407620-99999,1450.17948267162,1450.2540780875,0.0745954158862787
2023-07-15T09:00:00Z,407620-99999,1453.9494735131,1453.98039886277,0.0309253496636757
2023-07-15T12:00:00Z,407620-99999,1450.54196888613,1450.57182704675,0.0298581606166408
2023-07-15T15:00:00Z,407620-99999,1449.96199614594,1450.01874300369,0.05674685775125
2023-07-15T18:00:00Z,407620-99999,1448.29610768676,1448.36481600997,0.0687083232110126
2023-07-15T21:00:00Z,407620-99999,1442.89449851114,1442.97551823562,0.0810197244820756
2023-07-16T00:00:00Z,407620-99999,1451.1190345206,1451.12263841175,0.0036038911587184
2023-07-16T03:00:00Z,407620-99999,1454.43671076692,1454.51006306263,0.0733522957145851
2023-07-16T06:00:00Z,407620-99999,1452.45665128248,1452.48587633099,0.0292250485033492
2023-07-16T09:00:00Z,407620-99999,1456.90538172658,1456.96312001514,0.0577382885614952
2023-07-16T12:00:00Z,407620-99999,1455.94144036332,1455.94727428166,0.0058339183372027
2023-07-16T15:00:00Z,407620-99999,1456.96254823018,1457.03831138843,0.0757631582539489
2023-07-16T18:00:00Z,407620-99999,1449.43837635872,1449.49418340422,0.055807045495385
2023-07-16T21:00:00Z,407620-99999,1446.57468745749,1446.58582266401,0.0111352065237043
2023-07-10T00:00:00Z,470030-99999,2.28995506737181,2.27435729439385,-0.0155977729779551
2023-07-10T03:00:00Z,470030-99999,-4.41332281649711,-4.44001752178967,-0.0266947052925559
2023-07-10T06:00:00Z,470030-99999,-7.28412779790935,-7.30588577324258,-0.0217579753332302
2023-07-10T09:00:00Z,470030-99999,-0.231567300823272,-0.250542110335076,-0.0189748095118034
2023-07-10T12:00:00Z,470030-99999,-4.76377440580205,-4.7582443335891,0.00553007221294877
2023-07-10T15:00:00Z,470030-99999,-2.29373045855813,-2.28174725989025,0.0119831986678776
2023-07-10T18:00:00Z,470030-99999,6.14589885747728,6.10328415172954,-0.042614705747738
2023-07-10T21:00:00Z,470030-99999,5.11310285999223,5.11660674473883,0.0035038847466069
2023-07-11T00:00:00Z,470030-99999,-7.67308409015872,-7.66238135210709,0.0107027380516342
2023-07-11T03:00:00Z,470030-99999,-4.06478541866019,-4.0830207573571,-0.0182353386969112
2023-07-11T06:00:00Z,470030-99999,-1.21756899824683,-1.22111028584139,-0.00354128759455818
2023-07-11T09:00:00Z,470030-99999,-7.1296036020498,-7.14934399040729,-0.0197403883574907
2023-07-11T12:00:00Z,470030-99999,2.08153552668264,2.09360398366363,0.0120684569809839
2023-07-11T15:00:00Z,470030-99999,2.18387199817103,2.13974925030247,-0.0441227478685562
2023-07-11T18:00:00Z,470030-99999,4.22853029993297,4.18732858538245,-0.0412017145505246
2023-07-11T21:00:00Z,470030-99999,1.47571421332329,1.42918383636855,-0.0465303769547347
2023-07-12T00:00:00Z,470030-99999,6.71584350129903,6.65796719761281,-0.0578763036862284
2023-07-12T03:00:00Z,470030-99999,-3.98947903967756,-4.03411550731259,-0.0446364676350299
2023-07-12T06:00:00Z,470030-99999,-4.66206182236063,-4.64884713046189,0.0132146918987388
2023-07-12T09:00:00Z,470030-99999,-0.603199574542387,-0.63606001420419,-0.0328604396618033
2023-07-12T12:00:00Z,470030-99999,2.86164940383965,2.8710226001611,0.00937319632144806
2023-07-12T15:00:00Z,470030-99999,-0.357108215203525,-0.380990305625488,-0.0238820904219637
2023-07-12T18:00:00Z,470030-99999,-3.04253076778677,-3.08672810939395,-0.0441973416071733
2023-07-12T21:00:00Z,470030-99999,2.39296336963309,2.37085192028975,-0.0221114493433419
2023-07-13T00:00:00Z,470030-99999,2.9277780559673,2.93424791896831,0.0064698630010156
2023-07-13T03:00:00Z,470030-99999,2.91871534589608,2.86904253090857,-0.0496728149875025
2023-07-13T06:00:00Z,470030-99999,-4.33900137184875,-4.32576005676295,0.0132413150858071
2023-07-13T09:00:00Z,470030-99999,-1.61692634310248,-1.63731906104978,-0.0203927179473027
2023-07-13T12:00:00Z,470030-99999,7.73430619947422,7.72168713766523,-0.0126190618089908
2023-07-13T15:00:00Z,470030-99999,-3.26884891632379,-3.29293584220224,-0.02408692587845
2023-07-13T18:00:00Z,470030-99999,-0.401396782427554,-0.457200523134958,-0.0558037407074039
2023-07-13T21:00:00Z,470030-99999,-3.63099932813444,-3.67023272869093,-0.0392334005564976
2023-07-14T00:00:00Z,470030-99999,-9.14930661961499,-9.1831512872002,-0.033844667585214
2023-07-14T03:00:00Z,470030-99999,-16.2582053230698,-16.3040125831671,-0.0458072600972201
2023-07-14T06:00:00Z,470030-99999,-20.8846654960343,-20.9005426467019,-0.0158771506676203
2023-07-14T09:00:00Z,470030-99999,-13.1770233901359,-13.2022893533399,-0.0252659632040206
2023-07-14T12:00:00Z,470030-99999,-4.18371789724903,-4.17143844468959,0.0122794525594401
2023-07-14T15:00:00Z,470030-99999,-5.84504411046731,-5.85232429124763,-0.00728018078031312
2023-07-14T18:00:00Z,470030-99999,-2.46868019658844,-2.47491869025407,-0.00623849366563434
2023-07-14T21:00:00Z,470030-99999,-1.91056301538697,-1.91667717974539,-0.00611416435842216
2023-07-15T00:00:00Z,470030-99999,-10.015672371584,-10.0528347476354,-0.0371623760513842
2023-07-15T03:00:00Z,470030-99999,-4.23702661320894,-4.22398189620944,0.0130447169995023
2023-07-15T09:00:00Z,470030-99999,-8.23521990343957,-8.22780113987803,0.00741876356154592
2023-07-15T12:00:00Z,470030-99999,-0.24429603553989,-0.283084794184603,-0.0387887586447135
2023-07-15T15:00:00Z,470030-99999,-2.91716215881715,-2.94580504220764,-0.0286428833904893
2023-07-15T18:00:00Z,470030-99999,-4.99146881114692,-5.03546319598655,-0.0439943848396354
2023-07-15T21:00:00Z,470030-99999,-14.9285608238594,-14.9759884755936,-0.0474276517342389
2023-07-16T00:00:00Z,470030-99999,-10.2204139105407,-10.2222960101527,-0.00188209961197572
2023-07-16T03:00:00Z,470030-99999,-8.37012837072606,-8.36102151024328,0.00910686048278819
2023-07-16T06:00:00Z,470030-99999,-10.584055088595,-10.6102141759702,-0.0261590873751345
2023-07-16T09:00:00Z,470030-99999,-11.4510868979369,-11.4814737492098,-0.0303868512728798
2023-07-16T12:00:00Z,470030-99999,-6.48835161165563,-6.50507107565439,-0.0167194639987542
2023-07-16T15:00:00Z,470030-99999,0.652153501915493,0.63275437619096,-0.019399125724533
2023-07-16T18:00:00Z,470030-99999,-5.84691152945588,-5.89902531281156,-0.0521137833556793
2023-07-16T21:00:00Z,470030-99999,-2.68625086638596,-2.69358720581587,-0.00733633942991219
2023-07-10T00:00:00Z,308590-99999,676.548580868489,676.564052014811,0.0154711463217154
2023-07-10T03:00:00Z,308590-99999,677.641056575249,677.686762334275,0.0457057590261911
2023-07-10T06:00:00Z,308590-99999,677.953038610357,677.954838094814,0.00179948445622813
2023-07-10T09:00:00Z,308590-99999,680.456983674556,680.476368472616,0.0193847980596047
2023-07-10T12:00:00Z,308590-99999,680.153977035835,680.207313959895,0.0533369240599768
2023-07-10T15:00:00Z,308590-99999,681.192257371771,681.24418848619,0.0519311144191761
2023-07-10T18:00:00Z,308590-99999,679.369503437775,679.439821759952,0.070318322176945
2023-07-10T21:00:00Z,308590-99999,680.339920794124,680.336438441136,-0.00348235298793043
2023-07-11T00:00:00Z,308590-99999,677.768397624005,677.823231552122,0.0548339281173185
2023-07-11T03:00:00Z,308590-99999,679.111501186239,679.181922229543,0.0704210433042363
2023-07-11T06:00:00Z,308590-99999,676.952115576053,676.994512170592,0.0423965945391274
2023-07-11T09:00:00Z,308590-99999,678.254186787224,678.249884784484,-0.00430200273967785
2023-07-11T12:00:00Z,308590-99999,678.345534068729,678.409798758575,0.0642646898465955
2023-07-11T15:00:00Z,308590-99999,681.952955742246,682.025089183369,0.0721334411233556
2023-07-11T18:00:00Z,308590-99999,679.452367074684,679.520261611066,0.0678945363820276
2023-07-11T21:00:00Z,308590-99999,679.191453097417,679.222572327175,0.0311192297583602
2023-07-12T00:00:00Z,308590-99999,680.026290276547,680.05389746323,0.0276071866828715
2023-07-12T03:00:00Z,308590-99999,681.868611459437,681.925766178547,0.057154719109576
2023-07-12T06:00:00Z,308590-99999,680.209859520404,680.263790066467,0.0539305460634978
2023-07-12T09:00:00Z,308590-99999,681.588290658142,681.633696739209,0.0454060810660621
2023-07-12T12:00:00Z,308590-99999,682.569554709929,682.5702389522,0.000684242270949653
2023-07-12T15:00:00Z,308590-99999,680.028067100193,680.08824050452,0.0601734043261786
2023-07-12T18:00:00Z,308590-99999,677.514471019826,677.529658473621,0.0151874537949652
2023-07-12T21:00:00Z,308590-99999,677.801772672029,677.816031028542,0.014258356513551
2023-07-13T00:00:00Z,308590-99999,677.407719195906,677.464476316615,0.0567571207085393
2023-07-13T03:00:00Z,308590-99999,675.812691518491,675.815738396885,0.00304687839457074
2023-07-13T06:00:00Z,308590-99999,682.120245771765,682.1797874835,0.0595417117344823
2023-07-13T09:00:00Z,308590-99999,679.919768615085,679.9450713634,0.0253027483149708
2023-07-13T12:00:00Z,308590-99999,679.896992497291,679.954374811294,0.0573823140028935
2023-07-13T15:00:00Z,308590-99999,681.596740076853,681.6449316427,0.0481915658471053
2023-07-13T18:00:00Z,308590-99999,677.422192803669,677.481292408129,0.0590996044605845
2023-07-13T21:00:00Z,308590-99999,682.406592339075,682.464177506704,0.0575851676289858
2023-07-14T00:00:00Z,308590-99999,679.917471598182,679.922141329239,0.00466973105687885
2023-07-14T03:00:00Z,308590-99999,677.732210377827,677.759554425434,0.0273440476073574
2023-07-14T06:00:00Z,308590-99999,682.587888223515,682.602414493777,0.0145262702616265
2023-07-14T09:00:00Z,308590-99999,678.500663330104,678.547799226947,0.047135896842633
2023-07-14T12:00:00Z,308590-99999,681.394627094956,681.424328077093,0.029700982136319
2023-07-14T15:00:00Z,308590-99999,679.605853022604,679.609413849181,0.00356082657742718
2023-07-14T18:00:00Z,308590-99999,680.011432281193,680.07968811652,0.0682558353271361
2023-07-14T21:00:00Z,308590-99999,680.703968455445,680.740948628045,0.036980172600579
2023-07-15T00:00:00Z,308590-99999,678.120802424103,678.188803212944,0.0680007888416867
2023-07-15T03:00:00Z,308590-99999,676.705912089971,676.755273077694,0.049360987723162
2023-07-15T06:00:00Z,308590-99999,679.431940988098,679.442980056865,0.011039068767559
2023-07-15T09:00:00Z,308590-99999,678.701434977731,678.72705296367,0.0256179859396752
2023-07-15T12:00:00Z,308590-99999,678.731865397675,678.737931168208,0.00606577053304136
2023-07-15T15:00:00Z,308590-99999,679.949570354332,679.99952092501,0.0499505706782202
2023-07-15T18:00:00Z,308590-99999,679.167501951795,679.216793710058,0.0492917582632799
2023-07-15T21:00:00Z,308590-99999,678.976155945947,679.04488333061,0.0687273846631342
2023-07-16T00:00:00Z,308590-99999,676.474454750693,676.476773029665,0.00231827897209769
2023-07-16T03:00:00Z,308590-99999,678.498558581218,678.499124989864,0.00056640864545443
2023-07-16T06:00:00Z,308590-99999,679.388376806901,679.411969432191,0.0235926252896661
2023-07-16T09:00:00Z,308590-99999,681.709557473343,681.758310159926,0.0487526865831569
2023-07-16T12:00:00Z,308590-99999,681.452229842556,681.452425360307,0.000195517751308216
2023-07-16T15:00:00Z,308590-99999,683.167631526726,683.237158815663,0.0695272889369107
2023-07-16T18:00:00Z,308590-99999,683.93349948008,683.934785464936,0.00128598485594011
2023-07-16T21:00:00Z,308590-99999,681.530847447816,681.588516042418,0.0576685946019779
2023-07-10T00:00:00Z,509490-99999,141.485779426564,141.480068680481,-0.00571074608251365
2023-07-10T03:00:00Z,509490-99999,138.789951514599,138.805031112823,0.0150795982235934
2023-07-10T06:00:00Z,509490-99999,142.208760895633,142.238395207948,0.029634312314613
2023-07-10T09:00:00Z,509490-99999,138.98951781457,138.973434177598,-0.0160836369726383
2023-07-10T12:00:00Z,509490-99999,133.979073525133,133.979676406384,0.000602881251637655
2023-07-10T15:00:00Z,509490-99999,131.606644737662,131.605772572777,-0.000872164884754056
2023-07-10T18:00:00Z,509490-99999,133.517841274225,133.525178235049,0.00733696082312463
2023-07-10T21:00:00Z,509490-99999,133.50859828529,133.534526572353,0.0259282870636923
2023-07-11T00:00:00Z,509490-99999,135.773127482982,135.743584409631,-0.029543073350851
2023-07-11T03:00:00Z,509490-99999,134.994463717213,135.00258867661,0.00812495939732116
2023-07-11T06:00:00Z,509490-99999,136.34428151369,136.353174153231,0.00889263954076114
2023-07-11T09:00:00Z,509490-99999,138.601403214771,138.57267267087,-0.0287305439007071
2023-07-11T12:00:00Z,509490-99999,134.953003770075,134.920534798243,-0.0324689718326283
2023-07-11T15:00:00Z,509490-99999,136.549096430584,136.535490867419,-0.0136055631644183
2023-07-11T18:00:00Z,509490-99999,133.981051165561,133.974908231263,-0.00614293429859458
2023-07-11T21:00:00Z,509490-99999,135.946371382885,135.946353579345,-1.7803539748229e-05
2023-07-12T00:00:00Z,509490-99999,136.103693594693,136.082804588247,-0.0208890064458274
2023-07-12T03:00:00Z,509490-99999,137.096231852271,137.074472404379,-0.0217594478926628
2023-07-12T06:00:00Z,509490-99999,133.654706749922,133.632804046617,-0.0219027033051304
2023-07-12T09:00:00Z,509490-99999,135.778241486576,135.798361255593,0.0201197690168726
2023-07-12T12:00:00Z,509490-99999,135.084236327551,135.062603043079,-0.0216332844715055
2023-07-12T15:00:00Z,509490-99999,138.938526586455,138.945298227038,0.0067716405838496
2023-07-12T18:00:00Z,509490-99999,141.71065950483,141.679623971572,-0.0310355332572385
2023-07-12T21:00:00Z,509490-99999,138.222397171792,138.258598913512,0.0362017417204186
2023-07-13T00:00:00Z,509490-99999,135.259308531059,135.280585515015,0.021276983956227
2023-07-13T03:00:00Z,509490-99999,136.813806314369,136.843739583642,0.0299332692725329
2023-07-13T06:00:00Z,509490-99999,134.65318154221,134.684616993907,0.0314354516973765
2023-07-13T09:00:00Z,509490-99999,138.446000754244,138.448598667012,0.00259791276792498
2023-07-13T12:00:00Z,509490-99999,136.245954537254,136.233939340837,-0.0120151964171384
2023-07-13T15:00:00Z,509490-99999,134.350030547328,134.381598738345,0.0315681910171008
2023-07-13T18:00:00Z,509490-99999,134.658442274683,134.66320062789,0.00475835320750662
2023-07-13T21:00:00Z,509490-99999,135.053437562844,135.078193953397,0.024756390552767
2023-07-14T00:00:00Z,509490-99999,133.950369543665,133.959253768535,0.00888422487005869
2023-07-14T03:00:00Z,509490-99999,134.235415556769,134.216722587794,-0.0186929689743067
2023-07-14T06:00:00Z,509490-99999,136.118357733505,136.094623738045,-0.0237339954605318
2023-07-14T09:00:00Z,509490-99999,130.959415562813,130.932272510236,-0.0271430525767471
2023-07-14T12:00:00Z,509490-99999,134.338670312814,134.337903555926,-0.000766756888566533
2023-07-14T15:00:00Z,509490-99999,136.437035298466,136.474119576223,0.0370842777575717
2023-07-14T18:00:00Z,509490-99999,133.910666297089,133.889804526071,-0.0208617710179908
2023-07-14T21:00:00Z,509490-99999,134.815960898895,134.834976922473,0.0190160235786436
2023-07-15T00:00:00Z,509490-99999,142.607871337462,142.574748554372,-0.0331227830898513
2023-07-15T03:00:00Z,509490-99999,138.638729126121,138.621397436182,-0.0173316899388283
2023-07-15T06:00:00Z,509490-99999,138.31586069766,138.328886389623,0.013025691963378
2023-07-15T09:00:00Z,509490-99999,134.274080925214,134.278811429598,0.00473050438390033
2023-07-15T12:00:00Z,509490-99999,135.909540551778,135.904023649182,-0.00551690259601401
2023-07-15T15:00:00Z,509490-99999,133.23693208044,133.240339501386,0.00340742094599023
2023-07-15T18:00:00Z,509490-99999,134.437502158482,134.421759624683,-0.0157425337992834
2023-07-15T21:00:00Z,509490-99999,135.220325640682,135.215493595791,-0.00483204489069067
2023-07-16T00:00:00Z,509490-99999,136.934670788251,136.92503551793,-0.00963527032098455
2023-07-16T03:00:00Z,509490-99999,139.163041211488,139.179949327033,0.0169081155448225
2023-07-16T06:00:00Z,509490-99999,138.226478703487,138.202301183553,-0.0241775199334029
2023-07-16T09:00:00Z,509490-99999,136.910533370296,136.8892806369,-0.0212527333959827
2023-07-16T12:00:00Z,509490-99999,138.805002410882,138.808302524972,0.00330011408971131
2023-07-16T15:00:00Z,509490-99999,135.870682344414,135.906482803398,0.0358004589843404
2023-07-16T18:00:00Z,509490-99999,137.766273381516,137.748577203784,-0.0176961777328302
2023-07-16T21:00:00Z,509490-99999,135.594039098284,135.598731552919,0.00469245463509083
2023-07-10T00:00:00Z,412400-99999,30.4471217327472,30.3763668639954,-0.0707548687518198
2023-07-10T03:00:00Z,412400-99999,28.6425616070868,28.6346659280134,-0.00789567907338551
2023-07-10T06:00:00Z,412400-99999,29.4960130340898,29.4562700427099,-0.0397429913798746
2023-07-10T09:00:00Z,412400-99999,12.204057061139,12.18907555002,-0.0149815111190321
2023-07-10T12:00:00Z,412400-99999,14.3400123772623,14.2691053941807,-0.0709069830816134
2023-07-10T15:00:00Z,412400-99999,10.6764175197937,10.6588827783036,-0.0175347414900813
2023-07-10T18:00:00Z,412400-99999,15.3037810233632,15.2647519933582,-0.0390290300049827
2023-07-10T21:00:00Z,412400-99999,31.3129320099817,31.2547362956756,-0.0581957143060805
2023-07-11T00:00:00Z,412400-99999,12.0200294314833,12.0197216340118,-0.000307797471435833
2023-07-11T03:00:00Z,412400-99999,10.9047351978305,10.8567304738576,-0.0480047239728947
2023-07-11T06:00:00Z,412400-99999,12.419807612232,12.3770755121671,-0.0427321000649386
2023-07-11T09:00:00Z,412400-99999,9.3506802084553,9.33229884700435,-0.0183813614509489
2023-07-11T12:00:00Z,412400-99999,11.7031484478701,11.6967789740526,-0.00636947381744335
2023-07-11T15:00:00Z,412400-99999,7.62935346020748,7.58737906508412,-0.0419743951233613
2023-07-11T18:00:00Z,412400-99999,12.7005413970351,12.6609850964789,-0.0395563005561854
2023-07-11T21:00:00Z,412400-99999,11.4357919556608,11.4036837948632,-0.0321081607975486
2023-07-12T00:00:00Z,412400-99999,10.2700556234391,10.2090643974115,-0.0609912260275962
2023-07-12T03:00:00Z,412400-99999,10.8040036688458,10.7479658729553,-0.0560377958904894
2023-07-12T06:00:00Z,412400-99999,32.9032633745501,32.9024072929564,-0.000856081593781255
2023-07-12T09:00:00Z,412400-99999,31.6070497516396,31.5912677503219,-0.0157820013176391
2023-07-12T12:00:00Z,412400-99999,8.10542912220764,8.09706255159252,-0.00836657061512369
2023-07-12T15:00:00Z,412400-99999,7.73989408296202,7.71788450101352,-0.0220095819485096
2023-07-12T18:00:00Z,412400-99999,11.4948864786389,11.4369273940221,-0.0579590846168259
2023-07-12T21:00:00Z,412400-99999,7.43132273370578,7.36892528512654,-0.0623974485792473
2023-07-13T00:00:00Z,412400-99999,10.0179258329543,10.0069949718633,-0.0109308610910261
2023-07-13T03:00:00Z,412400-99999,29.801089038069,29.7628409399585,-0.0382480981104791
2023-07-13T06:00:00Z,412400-99999,29.6378672507187,29.6031079893008,-0.0347592614178751
2023-07-13T09:00:00Z,412400-99999,31.7624486215068,31.7027453460592,-0.0597032754476743
2023-07-13T15:00:00Z,412400-99999,28.3772684698189,28.3119270360389,-0.0653414337800058
2023-07-13T18:00:00Z,412400-99999,26.212532936324,26.2010670056314,-0.0114659306925944
2023-07-13T21:00:00Z,412400-99999,31.1677464825978,31.144897085715,-0.022849396882819
2023-07-14T00:00:00Z,412400-99999,31.0736585871033,31.0423859995116,-0.0312725875917081
2023-07-14T03:00:00Z,412400-99999,28.9954556741358,28.9480532356128,-0.0474024385229726
2023-07-14T06:00:00Z,412400-99999,30.5506288707042,30.5081246792027,-0.0425041915014717
2023-07-14T09:00:00Z,412400-99999,29.9845524324517,29.9300434553317,-0.0545089771199727
2023-07-14T12:00:00Z,412400-99999,28.482652054869,28.4413511585871,-0.0413008962818395
2023-07-14T15:00:00Z,412400-99999,35.4957315070385,35.4274514888126,-0.0682800182258987
2023-07-14T18:00:00Z,412400-99999,30.4295774866666,30.3620001016941,-0.0675773849725161
2023-07-14T21:00:00Z,412400-99999,31.2752810876493,31.2722181675546,-0.0030629200947061
2023-07-15T03:00:00Z,412400-99999,28.4458953940609,28.4466132052449,0.000717811184003381
2023-07-15T06:00:00Z,412400-99999,29.707863715762,29.7009040446422,-0.00695967111975904
2023-07-15T09:00:00Z,412400-99999,33.0751767210634,33.0632300193399,-0.0119467017234953
2023-07-15T12:00:00Z,412400-99999,33.7414237518135,33.7279769110936,-0.0134468407199222
2023-07-15T15:00:00Z,412400-99999,33.7856860806773,33.7310684959424,-0.0546175847349488
2023-07-15T18:00:00Z,412400-99999,27.8039891478267,27.7364221857654,-0.0675669620612709
2023-07-15T21:00:00Z,412400-99999,29.5754674719831,29.5257751650279,-0.0496923069551869
2023-07-16T00:00:00Z,412400-99999,29.8580933341338,29.8333020843596,-0.0247912497742817
2023-07-16T03:00:00Z,412400-99999,28.3693106267842,28.3280510339111,-0.0412595928731321
2023-07-16T06:00:00Z,412400-99999,31.9935287314594,31.9638396180199,-0.0296891134394599
2023-07-16T09:00:00Z,412400-99999,34.2750036450653,34.24229743228,-0.0327062127852713
2023-07-16T12:00:00Z,412400-99999,34.7876233153865,34.7720933058877,-0.0155300094988462
2023-07-16T15:00:00Z,412400-99999,36.7146299694599,36.6869918934631,-0.0276380759968262
2023-07-16T18:00:00Z,412400-99999,25.8305032972537,25.7671475664393,-0.0633557308143651
2023-07-16T21:00:00Z,412400-99999,28.829835646769,28.7688366760205,-0.0609989707485426
2023-07-10T00:00:00Z,723759-53990,141.672734302983,141.653516667999,-0.0192176349843862
2023-07-10T01:00:00Z,723759-53990,143.614583708517,143.596665104807,-0.0179186037100294
2023-07-10T02:00:00Z,723759-53990,143.071543881054,143.050119957687,-0.021423923366882
2023-07-10T03:00:00Z,723759-53990,139.935305983695,139.933100367393,-0.00220561630163729
2023-07-10T04:00:00Z,723759-53990,141.745659604859,141.753859724403,0.00820011954374422
2023-07-10T05:00:00Z,723759-53990,142.256470875004,142.243969145845,-0.0125017291581173
2023-07-10T06:00:00Z,723759-53990,142.600365661897,142.561066582956,-0.0392990789416672
2023-07-10T07:00:00Z,723759-53990,144.172116192312,144.123921846495,-0.0481943458174783
2023-07-10T08:00:00Z,723759-53990,145.695925904919,145.652597917622,-0.0433279872968058
2023-07-10T09:00:00Z,723759-53990,143.693710688214,143.699492896387,0.00578220817283182
2023-07-10T10:00:00Z,723759-53990,144.138249232324,144.096427574061,-0.0418216582629896
2023-07-10T11:00:00Z,723759-53990,145.474405194446,145.471199823407,-0.00320537103851848
2023-07-10T12:00:00Z,723759-53990,137.250329686507,137.230199335582,-0.0201303509244894
2023-07-10T13:00:00Z,723759-53990,138.803246365048,138.755866600823,-0.0473797642250986
2023-07-10T14:00:00Z,723759-53990,143.518797718704,143.483654634424,-0.035143084280719
2023-07-10T15:00:00Z,723759-53990,143.936748603633,143.899440271984,-0.0373083316496547
2023-07-10T16:00:00Z,723759-53990,138.048631883139,138.034114436463,-0.0145174466763365
2023-07-10T17:00:00Z,723759-53990,139.004882117259,138.998732161357,-0.00614995590166245
2023-07-10T18:00:00Z,723759-53990,140.046886613673,140.021994074136,-0.024892539537035
2023-07-10T19:00:00Z,723759-53990,137.642576156285,137.612800734053,-0.029775422232035
2023-07-10T20:00:00Z,723759-53990,141.276683258079,141.238554204357,-0.0381290537223151
2023-07-10T21:00:00Z,723759-53990,137.489145366245,137.426513378579,-0.0626319876658386
2023-07-10T22:00:00Z,723759-53990,140.492817594329,140.458949007,-0.0338685873297493
2023-07-10T23:00:00Z,723759-53990,135.698994575757,135.700020108071,0.00102553231425873
2023-07-11T00:00:00Z,723759-53990,133.0828858364,133.040530393941,-0.0423554424592396
2023-07-11T01:00:00Z,723759-53990,137.557039122243,137.517525586201,-0.0395135360422216
2023-07-11T02:00:00Z,723759-53990,141.57470515188,141.549844308172,-0.0248608437076996
2023-07-11T03:00:00Z,723759-53990,139.035939360976,139.045695324201,0.00975596322530237
2023-07-11T04:00:00Z,723759-53990,141.472818935689,141.417600489605,-0.055218446084325
2023-07-11T05:00:00Z,723759-53990,143.734282202664,143.710783667724,-0.0234985349401882
2023-07-11T06:00:00Z,723759-53990,141.329270102969,141.332577510664,0.00330740769513227
2023-07-11T07:00:00Z,723759-53990,136.789248240822,136.781532713146,-0.00771552767577077
2023-07-11T08:00:00Z,723759-53990,143.12099945514,143.074116557726,-0.0468828974137239
2023-07-11T09:00:00Z,723759-53990,156.903119465165,156.900826921476,-0.0022925436884691
2023-07-11T10:00:00Z,723759-53990,146.116355840873,146.088744443716,-0.0276113971567895
2023-07-11T11:00:00Z,723759-53990,144.231723300576,144.213665735174,-0.0180575654018469
2023-07-11T12:00:00Z,723759-53990,154.933832924566,154.913742568162,-0.0200903564040118
2023-07-11T13:00:00Z,723759-53990,143.902105401124,143.886086842263,-0.0160185588606225
2023-07-11T14:00:00Z,723759-53990,145.543506889273,145.490673612489,-0.052833276783872
2023-07-11T15:00:00Z,723759-53990,139.48004529275,139.46617095581,-0.0138743369401482
2023-07-11T16:00:00Z,723759-53990,142.210863070738,142.214214025753,0.00335095501506544
2023-07-11T17:00:00Z,723759-53990,144.656143701432,144.60853048528,-0.047613216151575
2023-07-11T18:00:00Z,723759-53990,128.421444620729,128.386116950377,-0.0353276703516485
2023-07-11T19:00:00Z,723759-53990,139.824089044624,139.793652407837,-0.0304366367876412
2023-07-11T20:00:00Z,723759-53990,140.446723006086,140.432343622739,-0.0143793833469204
2023-07-11T21:00:00Z,723759-53990,143.631349788305,143.63163458635,0.000284798044873469
2023-07-11T22:00:00Z,723759-53990,145.818781227993,145.805725671338,-0.013055556654308
2023-07-11T23:00:00Z,723759-53990,144.140495461585,144.102410865672,-0.0380845959132046
2023-07-12T00:00:00Z,723759-53990,146.052957816116,146.003836612299,-0.0491212038171227
2023-07-12T01:00:00Z,723759-53990,142.842019397321,142.808801081706,-0.0332183156144481
2023-07-12T02:00:00Z,723759-53990,142.689790608286,142.637975051232,-0.0518155570533452
2023-07-12T03:00:00Z,723759-53990,143.336756061792,143.285673737836,-0.0510823239562512
2023-07-12T04:00:00Z,723759-53990,142.755217298101,142.75729828099,0.00208098288931069
2023-07-12T05:00:00Z,723759-53990,141.1151925594,141.068266460182,-0.0469260992180125
2023-07-12T06:00:00Z,723759-53990,141.147097243991,141.096713849635,-0.0503833943559755
2023-07-12T07:00:00Z,723759-53990,145.683343149942,145.638555227323,-0.044787922618724
2023-07-12T10:00:00Z,723759-53990,137.887818646564,137.877349400649,-0.0104692459150613
2023-07-12T11:00:00Z,723759-53990,140.174122772682,140.179263074901,0.00514030221921757
2023-07-12T12:00:00Z,723759-53990,145.646282036898,145.585167049354,-0.0611149875439025
2023-07-12T13:00:00Z,723759-53990,143.382878137672,143.384680477798,0.00180234012668734
2023-07-12T14:00:00Z,723759-53990,141.269376099352,141.250661429371,-0.0187146699807101
2023-07-12T15:00:00Z,723759-53990,143.344296475874,143.334627420492,-0.00966905538226115
2023-07-12T16:00:00Z,723759-53990,141.122952389493,141.095372552606,-0.0275798368870426
2023-07-12T17:00:00Z,723759-53990,140.391794226083,140.366287619052,-0.0255066070311329
2023-07-12T18:00:00Z,723759-53990,140.759062295267,140.745520052886,-0.0135422423811349
2023-07-12T19:00:00Z,723759-53990,137.79510866249,137.750516082089,-0.0445925804013143
2023-07-12T20:00:00Z,723759-53990,139.337220684069,139.286182371437,-0.0510383126324712
2023-07-12T21:00:00Z,723759-53990,144.676922321195,144.640720461232,-0.0362018599631142
2023-07-12T22:00:00Z,723759-53990,142.166331847389,142.125872314656,-0.0404595327327399
2023-07-12T23:00:00Z,723759-53990,144.009058030128,144.006885437919,-0.00217259220937649
2023-07-13T00:00:00Z,723759-53990,142.674984163822,142.681932902289,0.00694873846714472
2023-07-13T01:00:00Z,723759-53990,138.889446014941,138.872343778328,-0.0171022366129421
2023-07-13T02:00:00Z,723759-53990,138.073262833715,138.011952685217,-0.0613101484973697
2023-07-13T03:00:00Z,723759-53990,141.675846450135,141.685232111219,0.00938566108442274
2023-07-13T04:00:00Z,723759-53990,138.604592167948,138.57061401857,-0.0339781493782425
2023-07-13T05:00:00Z,723759-53990,142.027847355191,142.029404472362,0.00155711717138729
2023-07-13T06:00:00Z,723759-53990,144.891443771522,144.872807287082,-0.018636484439611
2023-07-13T07:00:00Z,723759-53990,139.751224377785,139.749191837711,-0.00203254007399778
2023-07-13T08:00:00Z,723759-53990,143.379645898538,143.333270599113,-0.0463752994247955
2023-07-13T09:00:00Z,723759-53990,144.295703223022,144.23686403185,-0.0588391911719555
2023-07-13T10:00:00Z,723759-53990,137.438275394984,137.414060136355,-0.0242152586291411
2023-07-13T11:00:00Z,723759-53990,152.481452053371,152.434467021344,-0.046985032027294
2023-07-13T12:00:00Z,723759-53990,146.154863633305,146.123835709112,-0.031027924192756
2023-07-13T13:00:00Z,723759-53990,136.119912885766,136.118485161481,-0.00142772428526428
2023-07-13T14:00:00Z,723759-53990,131.5702088474,131.545358119587,-0.0248507278136572
2023-07-13T15:00:00Z,723759-53990,142.766545792202,142.770785527728,0.00423973552514667
2023-07-13T16:00:00Z,723759-53990,138.893296702336,138.899714183134,0.00641748079863191
2023-07-13T17:00:00Z,723759-53990,138.483380768139,138.459891117995,-0.0234896501435173
2023-07-13T18:00:00Z,723759-53990,138.838474459741,138.780665019328,-0.0578094404133083
2023-07-13T19:00:00Z,723759-53990,138.675620648073,138.620410172795,-0.0552104752775904
2023-07-13T20:00:00Z,723759-53990,137.258758271949,137.211200190707,-0.0475580812418741
2023-07-13T21:00:00Z,723759-53990,139.556644035907,139.498458441338,-0.0581855945686129
2023-07-13T22:00:00Z,723759-53990,141.388677333424,141.39502931172,0.00635197829660683
2023-07-13T23:00:00Z,723759-53990,136.359093823407,136.366253901611,0.00716007820420828
2023-07-14T00:00:00Z,723759-53990,138.89628481852,138.86439098608,-0.0318938324394367
2023-07-14T01:00:00Z,723759-53990,142.78354587696,142.757358608768,-0.0261872681924444
2023-07-14T02:00:00Z,723759-53990,140.857545931488,140.840488957815,-0.017056973673391
2023-07-14T03:00:00Z,723759-53990,140.423482939301,140.42534142439,0.00185848508891695
2023-07-14T04:00:00Z,723759-53990,141.837648175275,141.803676683813,-0.033971491461898
2023-07-14T05:00:00Z,723759-53990,142.904546862529,142.912562756864,0.00801589433481809
2023-07-14T06:00:00Z,723759-53990,147.353836646963,147.338700024222,-0.0151366227412097
2023-07-14T07:00:00Z,723759-53990,153.422788113685,153.411775465648,-0.011012648036683
2023-07-14T08:00:00Z,723759-53990,150.395184945776,150.33850379643,-0.0566811493460193
2023-07-14T09:00:00Z,723759-53990,145.207065156535,145.144866045469,-0.0621991110660645
2023-07-14T10:00:00Z,723759-53990,143.82263046036,143.766713416921,-0.0559170434390239
2023-07-14T11:00:00Z,723759-53990,144.306689316538,144.293528956573,-0.0131603599645018
2023-07-14T12:00:00Z,723759-53990,154.170310742648,154.171658909301,0.00134816665277526
2023-07-14T13:00:00Z,723759-53990,150.797320906608,150.771071966714,-0.0262489398941455
2023-07-14T14:00:00Z,723759-53990,138.763932121646,138.745280399188,-0.0186517224578324
2023-07-14T15:00:00Z,723759-53990,138.948607992257,138.911949516947,-0.0366584753098209
2023-07-14T16:00:00Z,723759-53990,144.528058501542,144.531661339291,0.00360283774986669
2023-07-14T17:00:00Z,723759-53990,140.201159559085,140.172835389107,-0.0283241699787311
2023-07-14T18:00:00Z,723759-53990,138.734326063163,138.73609805749,0.00177199432732778
2023-07-14T19:00:00Z,723759-53990,143.724664310711,143.691367520252,-0.0332967904592465
2023-07-14T20:00:00Z,723759-53990,153.310844395243,153.268389072919,-0.0424553223240878
2023-07-14T21:00:00Z,723759-53990,146.797256526424,146.740666584206,-0.0565899422182667
2023-07-14T22:00:00Z,723759-53990,140.48981907852,140.467125840832,-0.0226932376872355
2023-07-14T23:00:00Z,723759-53990,147.163943435242,147.13417522224,-0.0297682130018586
2023-07-15T00:00:00Z,723759-53990,142.575484457126,142.565302207357,-0.0101822497687465
2023-07-15T01:00:00Z,723759-53990,140.133377994731,140.137876243162,0.00449824843141755
2023-07-15T02:00:00Z,723759-53990,144.297293603487,144.261344657861,-0.0359489456261883
2023-07-15T03:00:00Z,723759-53990,154.519333478829,154.490332224686,-0.0290012541431963
2023-07-15T04:00:00Z,723759-53990,148.60392310485,148.595649843286,-0.00827326156411345
2023-07-15T05:00:00Z,723759-53990,144.846211195968,144.84130456141,-0.00490663455747153
2023-07-15T06:00:00Z,723759-53990,144.197273614257,144.147011545137,-0.0502620691200946
2023-07-15T07:00:00Z,723759-53990,136.572688052159,136.566331931899,-0.00635612025982368
2023-07-15T08:00:00Z,723759-53990,130.760762095306,130.759174642729,-0.00158745257661508
2023-07-15T09:00:00Z,723759-53990,139.956548115922,139.900064846353,-0.0564832695687585
2023-07-15T10:00:00Z,723759-53990,137.758472809236,137.744517309711,-0.0139554995244282
2023-07-15T11:00:00Z,723759-53990,139.028585522936,139.016168839999,-0.0124166829369301
2023-07-15T12:00:00Z,723759-53990,142.363063791945,142.304500650708,-0.0585631412369025
2023-07-15T13:00:00Z,723759-53990,139.444888588021,139.410999936011,-0.0338886520096935
2023-07-15T14:00:00Z,723759-53990,143.226704429361,143.167254638324,-0.0594497910369398
2023-07-15T16:00:00Z,723759-53990,139.858813640428,139.82210404642,-0.0367095940077036
2023-07-15T17:00:00Z,723759-53990,139.605401055446,139.602289541273,-0.00311151417301403
2023-07-15T18:00:00Z,723759-53990,137.808907240418,137.751782411128,-0.0571248292899611
2023-07-15T19:00:00Z,723759-53990,142.840041433742,142.829241075733,-0.010800358009277
2023-07-15T20:00:00Z,723759-53990,141.292029736251,141.246822157521,-0.0452075787293893
2023-07-15T21:00:00Z,723759-53990,143.246806727158,143.233207118066,-0.0135996090922959
2023-07-15T22:00:00Z,723759-53990,142.36146318704,142.305645370019,-0.0558178170206816
2023-07-15T23:00:00Z,723759-53990,139.371072932753,139.363831897074,-0.00724103567932843
2023-07-16T00:00:00Z,723759-53990,140.210275128884,140.165063775436,-0.0452113534474563
2023-07-16T01:00:00Z,723759-53990,140.535591308652,140.477180018705,-0.0584112899477702
2023-07-16T02:00:00Z,723759-53990,143.345881902448,143.311262583147,-0.034619319301612
2023-07-16T03:00:00Z,723759-53990,139.865891008224,139.812553520909,-0.0533374873154457
2023-07-16T04:00:00Z,723759-53990,141.274711060806,141.21798362946,-0.0567274313458483
2023-07-16T05:00:00Z,723759-53990,141.31107771685,141.290986206613,-0.0200915102373358
2023-07-16T06:00:00Z,723759-53990,141.548403235259,141.518035169829,-0.0303680654296556
2023-07-16T07:00:00Z,723759-53990,140.045148098018,139.983909331629,-0.0612387663886977
2023-07-16T08:00:00Z,723759-53990,141.251140492625,141.211854148098,-0.039286344526289
2023-07-16T09:00:00Z,723759-53990,145.099460303097,145.055487771815,-0.0439725312821224
2023-07-16T10:00:00Z,723759-53990,136.500656203099,136.447643372433,-0.0530128306654376
2023-07-16T11:00:00Z,723759-53990,136.321872937681,136.28670893151,-0.0351640061714704
2023-07-16T12:00:00Z,723759-53990,137.758588360969,137.713954242113,-0.0446341188556403
2023-07-16T13:00:00Z,723759-53990,145.52684702221,145.497146297367,-0.0297007248432806
2023-07-16T14:00:00Z,723759-53990,136.877682051996,136.850006772703,-0.0276752792931347
2023-07-16T15:00:00Z,723759-53990,142.942626349834,142.896268048254,-0.046358301580085
2023-07-16T16:00:00Z,723759-53990,145.693672984012,145.697243511183,0.00357052717100714
2023-07-16T17:00:00Z,723759-53990,148.378043237738,148.338743836177,-0.0392994015613795
2023-07-16T18:00:00Z,723759-53990,145.777984455102,145.724326719855,-0.0536577352472705
2023-07-16T19:00:00Z,723759-53990,135.842786215731,135.818554234182,-0.0242319815484677
2023-07-16T20:00:00Z,723759-53990,142.533570843056,142.527974673229,-0.00559616982684474
2023-07-16T21:00:00Z,723759-53990,138.673944439755,138.618618401229,-0.055326038526232
2023-07-16T22:00:00Z,723759-53990,141.969916361502,141.933355294838,-0.0365610666643477
2023-07-16T23:00:00Z,723759-53990,136.180356334002,136.125952987098,-0.054403346904536
2023-07-10T00:00:00Z,710990-99999,14.6454679096985,14.7011572982611,0.055689388562671
2023-07-10T01:00:00Z,710990-99999,12.2879558541954,12.3495756670878,0.061619812892431
2023-07-10T02:00:00Z,710990-99999,14.011444435062,14.0531551970762,0.0417107620141959
2023-07-10T03:00:00Z,710990-99999,15.4063184788724,15.4466921832208,0.040373704348438
2023-07-10T04:00:00Z,710990-99999,23.8287279427106,23.879654518995,0.0509265762844038
2023-07-10T05:00:00Z,710990-99999,21.8634683523481,21.8749499606055,0.0114816082573448
2023-07-10T06:00:00Z,710990-99999,20.5761346996723,20.5857764099002,0.00964171022789628
2023-07-10T07:00:00Z,710990-99999,22.8752146405717,22.9265894118051,0.0513747712333839
2023-07-10T08:00:00Z,710990-99999,24.6530530718566,24.6727359291374,0.0196828572808023
2023-07-10T09:00:00Z,710990-99999,22.4804074677154,22.5355487454983,0.055141277782834
2023-07-10T10:00:00Z,710990-99999,18.4862417721164,18.5181702378183,0.0319284657019452
2023-07-10T11:00:00Z,710990-99999,17.0435100308226,17.1161414382972,0.0726314074745105
2023-07-10T12:00:00Z,710990-99999,14.1044089875903,14.1505374825979,0.0461284950075829
2023-07-10T13:00:00Z,710990-99999,17.5638543637668,17.6112882753157,0.0474339115489286
2023-07-10T14:00:00Z,710990-99999,15.6633770137659,15.6746217100843,0.0112446963183181
2023-07-10T15:00:00Z,710990-99999,15.9523995463276,15.9681589785246,0.0157594321970027
2023-07-10T16:00:00Z,710990-99999,14.3813389897717,14.4534070148929,0.0720680251212151
2023-07-10T17:00:00Z,710990-99999,16.7053867965463,16.7541385958057,0.0487517992594597
2023-07-10T18:00:00Z,710990-99999,16.6623792408247,16.6942739856293,0.0318947448045996
2023-07-10T19:00:00Z,710990-99999,16.5745154104663,16.5895145803745,0.0149991699082292
2023-07-10T20:00:00Z,710990-99999,20.142698973359,20.20063927351,0.0579403001510173
2023-07-10T21:00:00Z,710990-99999,18.414548075406,18.4346324295024,0.0200843540963724
2023-07-10T22:00:00Z,710990-99999,15.0462715329253,15.0616988975493,0.0154273646239567
2023-07-10T23:00:00Z,710990-99999,15.9992334078903,16.0369632216391,0.0377298137487774
2023-07-11T00:00:00Z,710990-99999,15.3578610851081,15.4067207646456,0.0488596795375145
2023-07-11T01:00:00Z,710990-99999,17.5353952565412,17.5614227307326,0.0260274741913946
2023-07-11T02:00:00Z,710990-99999,17.451866730999,17.4818187088672,0.0299519778682225
2023-07-11T03:00:00Z,710990-99999,13.923905364513,13.9402818939989,0.0163765294859459
2023-07-11T04:00:00Z,710990-99999,14.0426618160306,14.0733042388798,0.0306424228492155
2023-07-11T05:00:00Z,710990-99999,18.0010096087609,18.0239738481791,0.0229642394182612
2023-07-11T06:00:00Z,710990-99999,15.8108146747454,15.8447042979386,0.0338896231932075
2023-07-11T07:00:00Z,710990-99999,23.1286404971762,23.1388160375201,0.0101755403438446
2023-07-11T08:00:00Z,710990-99999,22.1036317412427,22.1305096592775,0.0268779180348773
2023-07-11T09:00:00Z,710990-99999,20.952380957523,20.9728895185273,0.0205085610043341
2023-07-11T10:00:00Z,710990-99999,14.6999016834166,14.7644702324462,0.0645685490296852
2023-07-11T11:00:00Z,710990-99999,17.416512760603,17.4797695423359,0.0632567817329246
2023-07-11T12:00:00Z,710990-99999,17.5302757799552,17.5744022954401,0.0441265154848658
2023-07-11T13:00:00Z,710990-99999,19.6724895613722,19.7415000777351,0.0690105163628907
2023-07-11T14:00:00Z,710990-99999,16.329861267794,16.3944910496258,0.0646297818317336
2023-07-11T15:00:00Z,710990-99999,19.6617578682546,19.7142619777495,0.0525041094949224
2023-07-11T16:00:00Z,710990-99999,18.2592207610633,18.3188465535314,0.0596257924681112
2023-07-11T17:00:00Z,710990-99999,19.1549583240147,19.1636507414442,0.00869241742950777
2023-07-11T18:00:00Z,710990-99999,17.8941305820097,17.9215433855542,0.027412803544479
2023-07-11T19:00:00Z,710990-99999,18.6395359765791,18.6649964967663,0.0254605201871563
2023-07-11T20:00:00Z,710990-99999,17.3327087949223,17.3892483345173,0.0565395395949864
2023-07-11T21:00:00Z,710990-99999,24.360874140648,24.4206706559746,0.0597965153265889
2023-07-11T22:00:00Z,710990-99999,21.8031667305892,21.8324739330336,0.0293072024444037
2023-07-11T23:00:00Z,710990-99999,19.6084053440124,19.6312646674939,0.0228593234814767
2023-07-12T00:00:00Z,710990-99999,17.7477532094529,17.7854969002361,0.0377436907832447
2023-07-12T01:00:00Z,710990-99999,15.8438786150155,15.8989678667916,0.055089251776133
2023-07-12T02:00:00Z,710990-99999,18.6782543129522,18.7371185279207,0.0588642149684624
2023-07-12T03:00:00Z,710990-99999,19.7428528847237,19.812558824441,0.0697059397172168
2023-07-12T04:00:00Z,710990-99999,19.9357367869736,19.9785919331883,0.042855146214702
2023-07-12T05:00:00Z,710990-99999,19.1805753511177,19.1928137805577,0.0122384294399218
2023-07-12T06:00:00Z,710990-99999,20.5513789670495,20.6050759437593,0.0536969767097837
2023-07-12T07:00:00Z,710990-99999,18.2051541907035,18.2295018360733,0.0243476453698221
2023-07-12T08:00:00Z,710990-99999,19.2551181640995,19.3132761389278,0.0581579748283723
2023-07-12T09:00:00Z,710990-99999,21.0076718297353,21.0218249041241,0.0141530743887408
2023-07-12T10:00:00Z,710990-99999,18.1986414123922,18.2389467239137,0.0403053115215748
2023-07-12T11:00:00Z,710990-99999,19.5141798992761,19.5551215213147,0.0409416220386163
2023-07-12T12:00:00Z,710990-99999,17.4412923367045,17.5026737596265,0.061381422921972
2023-07-12T13:00:00Z,710990-99999,16.5093035697082,16.5534460890639,0.0441425193556348
2023-07-12T14:00:00Z,710990-99999,14.9148761060211,14.9821651561872,0.0672890501661208
2023-07-12T15:00:00Z,710990-99999,18.1754012826577,18.1931784495755,0.0177771669177744
2023-07-12T16:00:00Z,710990-99999,16.1258817520977,16.1687956890176,0.0429139369198985
2023-07-12T17:00:00Z,710990-99999,17.8402503409779,17.8500737685799,0.00982342760194754
2023-07-12T18:00:00Z,710990-99999,18.554072019162,18.5670142207955,0.012942201633507
2023-07-12T19:00:00Z,710990-99999,19.0789338881506,19.1140429503352,0.0351090621846382
2023-07-12T20:00:00Z,710990-99999,23.878123800362,23.9499591979371,0.0718353975751072
2023-07-12T21:00:00Z,710990-99999,28.2813745519654,28.3316090473854,0.050234495420078
2023-07-12T22:00:00Z,710990-99999,19.8778931048022,19.903078873173,0.025185768370811
2023-07-12T23:00:00Z,710990-99999,17.1931558961866,17.2170479241498,0.0238920279632353
2023-07-13T00:00:00Z,710990-99999,13.7164223979196,13.7521691865379,0.0357467886183009
2023-07-13T01:00:00Z,710990-99999,15.1914099629956,15.1969496530184,0.00553969002279686
2023-07-13T02:00:00Z,710990-99999,15.3269211720519,15.3986066810349,0.071685508983089
2023-07-13T03:00:00Z,710990-99999,19.9472104453424,19.9576282690996,0.0104178237571801
2023-07-13T04:00:00Z,710990-99999,20.7796462837798,20.8082800405344,0.0286337567546688
2023-07-13T05:00:00Z,710990-99999,18.4593533925678,18.5114292556786,0.0520758631107618
2023-07-13T06:00:00Z,710990-99999,19.2041717476958,19.2138007432403,0.00962899554455632
2023-07-13T07:00:00Z,710990-99999,17.445505685864,17.4812737837676,0.0357680979036381
2023-07-13T08:00:00Z,710990-99999,20.6171690224561,20.6398225929609,0.0226535705047581
2023-07-13T09:00:00Z,710990-99999,16.8607824601618,16.914937745826,0.0541552856642333
2023-07-13T10:00:00Z,710990-99999,15.8667083377287,15.8952458985465,0.0285375608178295
2023-07-13T12:00:00Z,710990-99999,17.9898917972398,18.0407819063666,0.0508901091267227
2023-07-13T13:00:00Z,710990-99999,18.6031767978397,18.6323503929989,0.0291735951591932
2023-07-13T14:00:00Z,710990-99999,17.7583894699542,17.7974385445777,0.0390490746235095
2023-07-13T15:00:00Z,710990-99999,16.4382402296231,16.4494600224378,0.0112197928147069
2023-07-13T16:00:00Z,710990-99999,16.6979062966521,16.7402739904529,0.0423676938008128
2023-07-13T17:00:00Z,710990-99999,16.5387677453234,16.5964923089033,0.0577245635798995
2023-07-13T18:00:00Z,710990-99999,18.5968728878258,18.6386116158062,0.0417387279803982
2023-07-13T19:00:00Z,710990-99999,22.906741244222,22.9760467738441,0.0693055296221203
2023-07-13T20:00:00Z,710990-99999,19.9461764670066,19.9993513263362,0.0531748593295376
2023-07-13T21:00:00Z,710990-99999,23.2798620475232,23.2846257739312,0.00476372640795475
2023-07-13T22:00:00Z,710990-99999,18.7591183162865,18.8229745640853,0.0638562477987925
2023-07-13T23:00:00Z,710990-99999,19.2070611837413,19.2360818727944,0.0290206890531017
2023-07-14T00:00:00Z,710990-99999,17.0404449011884,17.1122162999653,0.0717713987768676
2023-07-14T01:00:00Z,710990-99999,13.2466688849203,13.2744005650464,0.0277316801260756
2023-07-14T02:00:00Z,710990-99999,15.8422769517395,15.8587550088764,0.0164780571368635
2023-07-14T03:00:00Z,710990-99999,16.1581801631537,16.1681322696003,0.00995210644660816
2023-07-14T04:00:00Z,710990-99999,16.9664439015732,17.0021924185288,0.035748516955536
2023-07-14T05:00:00Z,710990-99999,13.9937776327078,14.011045677847,0.0172680451392289
2023-07-14T06:00:00Z,710990-99999,17.1990924935664,17.2183437269579,0.0192512333915005
2023-07-14T07:00:00Z,710990-99999,14.441701469031,14.4886543318106,0.046952862779639
2023-07-14T08:00:00Z,710990-99999,18.5137318779246,18.5587059514902,0.0449740735655588
2023-07-14T09:00:00Z,710990-99999,19.8060998172058,19.8721540216118,0.0660542044060186
2023-07-14T10:00:00Z,710990-99999,14.4191653350448,14.4667651849053,0.0475998498604753
2023-07-14T11:00:00Z,710990-99999,17.1579499123442,17.1680105324499,0.0100606201056976
2023-07-14T12:00:00Z,710990-99999,17.3799892588623,17.4031845499229,0.0231952910606452
2023-07-14T13:00:00Z,710990-99999,17.172211638866,17.1940315723646,0.0218199334986338
2023-07-14T14:00:00Z,710990-99999,18.7085414928352,18.7376101286353,0.0290686358000372
2023-07-14T15:00:00Z,710990-99999,16.4556661425773,16.4726879723193,0.0170218297420561
2023-07-14T16:00:00Z,710990-99999,16.9304120331415,16.9467231434237,0.0163111102821425
2023-07-14T17:00:00Z,710990-99999,17.3530387454137,17.4262782155093,0.0732394700956753
2023-07-14T18:00:00Z,710990-99999,18.8765901175412,18.9048964307797,0.0283063132385486
2023-07-14T19:00:00Z,710990-99999,16.6808912637455,16.7004143354571,0.0195230717115535
2023-07-14T20:00:00Z,710990-99999,15.1960492017233,15.2424892930177,0.0464400912943876
2023-07-14T21:00:00Z,710990-99999,18.3905069251715,18.4590637896481,0.0685568644765837
2023-07-14T22:00:00Z,710990-99999,16.6348374024203,16.6585464508714,0.0237090484510887
2023-07-14T23:00:00Z,710990-99999,15.5646068659064,15.6356324706078,0.0710256047013935
2023-07-15T00:00:00Z,710990-99999,15.0767365322841,15.101812351875,0.0250758195909615
2023-07-15T01:00:00Z,710990-99999,14.4438790963239,14.5061736050854,0.0622945087615285
2023-07-15T02:00:00Z,710990-99999,15.4778790882269,15.4977699294565,0.0198908412295857
2023-07-15T03:00:00Z,710990-99999,16.4011478185118,16.4382143483051,0.0370665297932717
2023-07-15T04:00:00Z,710990-99999,17.6587625395723,17.687946233206,0.0291836936337724
2023-07-15T05:00:00Z,710990-99999,19.6494670695039,19.7061895000846,0.0567224305806597
2023-07-15T06:00:00Z,710990-99999,23.077491286852,23.0976170932367,0.0201258063846907
2023-07-15T07:00:00Z,710990-99999,20.4372241927947,20.4509470664724,0.0137228736776081
2023-07-15T08:00:00Z,710990-99999,20.2166143046067,20.2601979010522,0.0435835964454796
2023-07-15T09:00:00Z,710990-99999,18.4828286399196,18.5114904451441,0.0286618052244876
2023-07-15T10:00:00Z,710990-99999,18.7670795854972,18.8015804993104,0.0345009138132291
2023-07-15T11:00:00Z,710990-99999,19.669367231616,19.6844982193767,0.0151309877606352
2023-07-15T12:00:00Z,710990-99999,17.1843653014801,17.2201713686613,0.0358060671811487
2023-07-15T13:00:00Z,710990-99999,13.5812515492012,13.6254502700807,0.0441987208794661
2023-07-15T14:00:00Z,710990-99999,16.7756998296835,16.8308349525379,0.0551351228543417
2023-07-15T15:00:00Z,710990-99999,16.7019260218776,16.7499991742326,0.0480731523549878
2023-07-15T16:00:00Z,710990-99999,13.2801651681268,13.293952693282,0.0137875251551378
2023-07-15T17:00:00Z,710990-99999,16.7150000666408,16.7248751933189,0.00987512667808588
2023-07-15T18:00:00Z,710990-99999,16.9367648741517,16.9518867723388,0.0151218981870649
2023-07-15T19:00:00Z,710990-99999,18.4381648427995,18.469471225211,0.0313063824114934
2023-07-15T20:00:00Z,710990-99999,15.6816157170574,15.7154978335867,0.0338821165292629
2023-07-15T21:00:00Z,710990-99999,16.5621617539235,16.567832668654,0.00567091473050141
2023-07-15T22:00:00Z,710990-99999,16.1642020258626,16.20451633569,0.0403143098274121
2023-07-15T23:00:00Z,710990-99999,16.8024788487598,16.8152458331884,0.0127669844285947
2023-07-16T00:00:00Z,710990-99999,19.348518596679,19.3824302516846,0.0339116550056247
2023-07-16T01:00:00Z,710990-99999,14.8801313032139,14.9485400327688,0.0684087295549425
2023-07-16T02:00:00Z,710990-99999,16.1196102221925,16.1567204319811,0.037110209788608
2023-07-16T03:00:00Z,710990-99999,18.471673049803,18.5278915920996,0.0562185422965165
2023-07-16T04:00:00Z,710990-99999,19.3829031552819,19.4263836883552,0.0434805330732431
2023-07-16T05:00:00Z,710990-99999,19.4114510297318,19.475275531547,0.0638245018152368
2023-07-16T06:00:00Z,710990-99999,20.9584375341329,20.9739607674821,0.0155232333491284
2023-07-16T07:00:00Z,710990-99999,18.9734550082081,19.0423439329028,0.0688889246946793
2023-07-16T08:00:00Z,710990-99999,17.1953203790876,17.2457689769302,0.0504485978425855
2023-07-16T09:00:00Z,710990-99999,16.6916463911548,16.7554448866483,0.0637984954935718
2023-07-16T10:00:00Z,710990-99999,21.7137641454928,21.7661256344133,0.0523614889205497
2023-07-16T11:00:00Z,710990-99999,15.5844989089738,15.6553004100656,0.0708015010917436
2023-07-16T12:00:00Z,710990-99999,20.2644971054362,20.2831793501073,0.0186822446710693
2023-07-16T13:00:00Z,710990-99999,18.0252463203735,18.0560060070251,0.0307596866516207
2023-07-16T14:00:00Z,710990-99999,17.9329781733811,17.9840834374911,0.0511052641100065
2023-07-16T15:00:00Z,710990-99999,17.5219593208213,17.5692470258114,0.0472877049901079
2023-07-16T16:00:00Z,710990-99999,17.4815322304778,17.5408877054719,0.059355474994085
2023-07-16T17:00:00Z,710990-99999,15.9234643287256,15.9580348979183,0.0345705691927289
2023-07-16T18:00:00Z,710990-99999,16.3930784564357,16.4600222098461,0.0669437534104098
2023-07-16T19:00:00Z,710990-99999,18.4115571297671,18.444242840689,0.0326857109219354
2023-07-16T20:00:00Z,710990-99999,17.5391974985354,17.5984914777596,0.0592939792241793
2023-07-16T21:00:00Z,710990-99999,16.3310208318799,16.3820898064958,0.0510689746159088
2023-07-16T22:00:00Z,710990-99999,14.2133797642793,14.256194980653,0.0428152163737821
2023-07-16T23:00:00Z,710990-99999,19.0907386605487,19.1056855208751,0.0149468603264538
2023-07-10T01:00:00Z,719170-99999,11.2204600475096,11.2024841109187,-0.0179759365909433
2023-07-10T02:00:00Z,719170-99999,9.49422418197599,9.50035882342459,0.00613464144859677
2023-07-10T03:00:00Z,719170-99999,8.79375425334158,8.75306939025757,-0.0406848630840102
2023-07-10T07:00:00Z,719170-99999,11.0594635646237,11.0342774109286,-0.0251861536951026
2023-07-10T08:00:00Z,719170-99999,10.8775595728206,10.8788710651201,0.00131149229940775
2023-07-10T11:00:00Z,719170-99999,14.9596094176966,14.9727894162834,0.0131799985867929
2023-07-10T13:00:00Z,719170-99999,13.9321001731935,13.9428822812299,0.0107821080363522
2023-07-10T14:00:00Z,719170-99999,12.9806313745409,12.9496157411127,-0.0310156334281544
2023-07-10T15:00:00Z,719170-99999,11.6106482906401,11.6201621561567,0.00951386551662381
2023-07-10T16:00:00Z,719170-99999,13.69257218986,13.6770748782687,-0.0154973115913606
2023-07-10T17:00:00Z,719170-99999,10.9418883966348,10.9022336168939,-0.0396547797408289
2023-07-10T19:00:00Z,719170-99999,8.55939352395237,8.51539930582283,-0.0439942181295407
2023-07-10T20:00:00Z,719170-99999,7.9014693888906,7.85717372889801,-0.0442956599925992
2023-07-10T21:00:00Z,719170-99999,9.2356970772843,9.19804997236525,-0.0376471049190457
2023-07-10T22:00:00Z,719170-99999,13.1071357893485,13.0796234692749,-0.0275123200736971
2023-07-11T02:00:00Z,719170-99999,8.32126911618164,8.3228374230838,0.0015683069021577
2023-07-11T07:00:00Z,719170-99999,7.97966843238731,7.93183383436082,-0.0478345980264976
2023-07-11T08:00:00Z,719170-99999,7.59387276772074,7.60195605440146,0.00808328668071567
2023-07-11T09:00:00Z,719170-99999,8.44417242162493,8.3941994109355,-0.0499730106894276
2023-07-11T11:00:00Z,719170-99999,7.15019259726932,7.10717551748715,-0.0430170797821745
2023-07-11T13:00:00Z,719170-99999,6.71506077762462,6.66752747473382,-0.0475333028907983
2023-07-11T15:00:00Z,719170-99999,7.56466855226876,7.56514317102821,0.00047461875945487
2023-07-11T16:00:00Z,719170-99999,8.57492287303302,8.58341652713639,0.00849365410337555
2023-07-11T17:00:00Z,719170-99999,9.54279194263424,9.50068383285677,-0.0421081097774731
2023-07-11T19:00:00Z,719170-99999,8.30689146731808,8.32487305220272,0.0179815848846374
2023-07-11T20:00:00Z,719170-99999,6.04093000135029,6.02850720903678,-0.0124227923135152
2023-07-11T22:00:00Z,719170-99999,12.4212127287992,12.4204158080094,-0.000796920789753131
2023-07-12T01:00:00Z,719170-99999,7.63767028267833,7.64085120225531,0.00318091957697675
2023-07-12T02:00:00Z,719170-99999,9.72573717293463,9.72697284326139,0.00123567032676419
2023-07-12T03:00:00Z,719170-99999,7.27215891040689,7.28967815005407,0.0175192396471857
2023-07-12T07:00:00Z,719170-99999,7.06160221476571,7.02770569266116,-0.0338965221045555
2023-07-12T08:00:00Z,719170-99999,7.51697417150513,7.50125380191517,-0.0157203695899568
2023-07-12T10:00:00Z,719170-99999,7.92548153780493,7.9199593864146,-0.00552215139032342
2023-07-12T11:00:00Z,719170-99999,8.6729468009267,8.65454924007386,-0.0183975608528328
2023-07-12T14:00:00Z,719170-99999,7.47037245732997,7.43747369996291,-0.0328987573670645
2023-07-12T15:00:00Z,719170-99999,8.31854482614386,8.30134777199908,-0.0171970541447877
2023-07-12T16:00:00Z,719170-99999,8.60741618239106,8.57615157159552,-0.0312646107955459
2023-07-12T17:00:00Z,719170-99999,5.16404069599284,5.13947105968833,-0.0245696363045056
2023-07-12T19:00:00Z,719170-99999,5.16055973553881,5.17824484930864,0.0176851137698293
2023-07-12T20:00:00Z,719170-99999,4.52710101704184,4.54252692711273,0.0154259100708885
2023-07-12T22:00:00Z,719170-99999,5.98074262526345,5.99515651140075,0.0144138861373051
2023-07-13T01:00:00Z,719170-99999,8.31522601798878,8.2687312801572,-0.0464947378315799
2023-07-13T02:00:00Z,719170-99999,9.38945777358509,9.34942980689252,-0.0400279666925769
2023-07-13T03:00:00Z,719170-99999,9.13053539213882,9.121055196067,-0.00948019607182005
2023-07-13T07:00:00Z,719170-99999,9.5688930221279,9.5414085251862,-0.0274844969416961
2023-07-13T08:00:00Z,719170-99999,8.41228638750337,8.36493542552461,-0.0473509619787649
2023-07-13T09:00:00Z,719170-99999,8.96204591272496,8.97822828264819,0.0161823699232286
2023-07-13T10:00:00Z,719170-99999,12.0557347458937,12.0694509972276,0.0137162513339604
2023-07-13T11:00:00Z,719170-99999,9.69042286624617,9.67054981710677,-0.0198730491393917
2023-07-13T13:00:00Z,719170-99999,9.53451700229462,9.54107811215388,0.00656110985926262
2023-07-13T15:00:00Z,719170-99999,8.40144631047372,8.39755677490751,-0.00388953556620208
2023-07-13T17:00:00Z,719170-99999,8.52452583220867,8.48246850733474,-0.0420573248739231
2023-07-13T19:00:00Z,719170-99999,11.3913454777275,11.4004652885471,0.00911981081961244
2023-07-13T20:00:00Z,719170-99999,9.82259682788171,9.81511684396278,-0.00747998391892679
2023-07-13T21:00:00Z,719170-99999,11.2899828782041,11.2555930715091,-0.034389806694918
2023-07-13T22:00:00Z,719170-99999,10.5453778708715,10.5119423378351,-0.0334355330363962
2023-07-13T23:00:00Z,719170-99999,11.2174676029776,11.2111394257515,-0.00632817722612344
2023-07-14T01:00:00Z,719170-99999,8.20727855609761,8.18654290192143,-0.0207356541761783
2023-07-14T02:00:00Z,719170-99999,8.59923808968571,8.57258527984271,-0.0266528098430001
2023-07-14T03:00:00Z,719170-99999,6.12759127702947,6.11574814901621,-0.011843128013254
2023-07-14T07:00:00Z,719170-99999,8.9851405374836,8.95344862864988,-0.0316919088337215
2023-07-14T08:00:00Z,719170-99999,7.51397884106248,7.49659416139568,-0.0173846796668045
2023-07-14T10:00:00Z,719170-99999,7.90882766663987,7.91299907424755,0.00417140760768575
2023-07-14T11:00:00Z,719170-99999,8.33112704403015,8.28068758501735,-0.0504394590128072
2023-07-14T15:00:00Z,719170-99999,8.72346381711776,8.70130027530601,-0.0221635418117501
2023-07-14T16:00:00Z,719170-99999,10.9794412514079,10.9961369247235,0.0166956733155246
2023-07-14T17:00:00Z,719170-99999,8.62082092525154,8.60031604378065,-0.0205048814708846
2023-07-14T19:00:00Z,719170-99999,9.6164526959204,9.63320614720337,0.0167534512829661
2023-07-14T20:00:00Z,719170-99999,12.1523861143518,12.1243361177853,-0.0280499965664944
2023-07-14T21:00:00Z,719170-99999,10.0772889514847,10.0754537340715,-0.00183521741320192
2023-07-14T22:00:00Z,719170-99999,9.05964856507805,9.01223968984633,-0.0474088752317243
2023-07-14T23:00:00Z,719170-99999,8.92034784378043,8.92807653881707,0.00772869503663287
2023-07-15T01:00:00Z,719170-99999,7.13206463201976,7.1244243479324,-0.0076402840873584
2023-07-15T02:00:00Z,719170-99999,9.95155402578669,9.91888720806659,-0.0326668177200986
2023-07-15T07:00:00Z,719170-99999,6.74054244181741,6.70900185098026,-0.0315405908371531
2023-07-15T08:00:00Z,719170-99999,5.55263226978076,5.53607772904149,-0.0165545407392642
2023-07-15T10:00:00Z,719170-99999,8.57671149071408,8.54057511347529,-0.0361363772387904
2023-07-15T11:00:00Z,719170-99999,8.39180404811398,8.35061959761114,-0.0411844505028398
2023-07-15T13:00:00Z,719170-99999,6.10037809741627,6.07849387394364,-0.0218842234726253
2023-07-15T16:00:00Z,719170-99999,7.5278791131565,7.51391185189104,-0.0139672612654635
2023-07-15T17:00:00Z,719170-99999,7.15583541486973,7.15951302542172,0.00367761055198912
2023-07-15T19:00:00Z,719170-99999,6.44440570059331,6.43669779489829,-0.00770790569501401
2023-07-15T21:00:00Z,719170-99999,6.1652378494025,6.1765991335335,0.0113612841309987
2023-07-15T22:00:00Z,719170-99999,6.21626229138931,6.1762100932495,-0.0400521981398185
2023-07-15T23:00:00Z,719170-99999,4.92647623608721,4.89259974018071,-0.0338764959064974
2023-07-16T01:00:00Z,719170-99999,4.93874982520541,4.9267842514119,-0.0119655737935034
2023-07-16T02:00:00Z,719170-99999,4.87034176060399,4.83139307432262,-0.0389486862813726
2023-07-16T03:00:00Z,719170-99999,6.65247263934722,6.60922982256449,-0.0432428167827368
2023-07-16T07:00:00Z,719170-99999,6.22578929990087,6.23011249597963,0.00432319607875797
2023-07-16T08:00:00Z,719170-99999,7.9750370117425,7.97272910392488,-0.0023079078176238
2023-07-16T10:00:00Z,719170-99999,9.83269267829459,9.82514602952381,-0.00754664877078426
2023-07-16T11:00:00Z,719170-99999,6.16633000179138,6.14457196522392,-0.0217580365674621
2023-07-16T13:00:00Z,719170-99999,8.21582611611635,8.18288272856827,-0.0329433875480731
2023-07-16T14:00:00Z,719170-99999,8.67206413516959,8.654569501835,-0.0174946333345929
2023-07-16T15:00:00Z,719170-99999,7.62218761516274,7.63810210852168,0.0159144933589346
2023-07-16T16:00:00Z,719170-99999,7.55301425541717,7.50374865604331,-0.0492655993738538
2023-07-16T19:00:00Z,719170-99999,9.56975912925461,9.56210170605783,-0.00765742319677543
2023-07-16T20:00:00Z,719170-99999,7.6505398539833,7.61689034024269,-0.0336495137406132
2023-07-16T22:00:00Z,719170-99999,10.2807301200386,10.2754874576667,-0.00524266237189863
2023-07-16T23:00:00Z,719170-99999,9.08474405646709,9.0680185023835,-0.0167255540835924
2023-07-10T06:00:00Z,622710-99999,408.228236624481,408.265598453099,0.0373618286183728
2023-07-10T09:00:00Z,622710-99999,401.601551469603,401.64253306711,0.0409815975062315
2023-07-10T12:00:00Z,622710-99999,406.012585180527,406.044113018447,0.03152783792018
2023-07-10T15:00:00Z,622710-99999,408.144939675766,408.200710807774,0.055771132008374
2023-07-10T18:00:00Z,622710-99999,409.014398177499,409.017710991181,0.00331281368232794
2023-07-11T06:00:00Z,622710-99999,414.669149959814,414.686670172467,0.0175202126523004
2023-07-11T09:00:00Z,622710-99999,411.163120167053,411.227162703229,0.0640425361753501
2023-07-11T12:00:00Z,622710-99999,406.765364073862,406.784494696354,0.0191306224919572
2023-07-11T15:00:00Z,622710-99999,407.186082342116,407.239618789037,0.0535364469208162
2023-07-11T18:00:00Z,622710-99999,410.28913771127,410.342443320792,0.0533056095217148
2023-07-12T06:00:00Z,622710-99999,406.733324333729,406.77273900396,0.0394146702315084
2023-07-12T09:00:00Z,622710-99999,403.66931420756,403.726891508742,0.0575773011822776
2023-07-12T12:00:00Z,622710-99999,404.058608573153,404.106221803194,0.0476132300411223
2023-07-12T15:00:00Z,622710-99999,405.122837493794,405.119872789336,-0.00296470445800878
2023-07-12T18:00:00Z,622710-99999,403.421705834996,403.445284167734,0.023578332737145
2023-07-13T06:00:00Z,622710-99999,407.733043891647,407.740527376802,0.00748348515548969
2023-07-13T09:00:00Z,622710-99999,406.006713267494,406.027409400788,0.0206961332937681
2023-07-13T12:00:00Z,622710-99999,400.502447792137,400.569207599932,0.0667598077948242
2023-07-13T15:00:00Z,622710-99999,408.971218104814,409.004944016472,0.0337259116587916
2023-07-13T18:00:00Z,622710-99999,408.344620314763,408.371784792632,0.0271644778694053
2023-07-14T06:00:00Z,622710-99999,406.108825084482,406.137624657129,0.028799572647074
2023-07-14T09:00:00Z,622710-99999,402.001423618546,402.072857236381,0.0714336178346571
2023-07-14T12:00:00Z,622710-99999,401.889756759106,401.914697273404,0.0249405142978389
2023-07-14T15:00:00Z,622710-99999,408.239526473644,408.275449772196,0.035923298551495
2023-07-14T18:00:00Z,622710-99999,405.709294157578,405.752462618845,0.0431684612676122
2023-07-15T06:00:00Z,622710-99999,407.393772558903,407.409129628128,0.0153570692247627
2023-07-15T09:00:00Z,622710-99999,405.873846890922,405.936703591366,0.0628567004446836
2023-07-15T12:00:00Z,622710-99999,402.879504798031,402.916923806571,0.0374190085400414
2023-07-15T15:00:00Z,622710-99999,408.28791047519,408.301031381149,0.0131209059582602
2023-07-15T18:00:00Z,622710-99999,411.060352175689,411.071468232508,0.01111605681848
2023-07-16T09:00:00Z,622710-99999,407.030618880569,407.034404782382,0.0037859018132167
2023-07-16T12:00:00Z,622710-99999,406.653664135665,406.663000042184,0.00933590651897021
2023-07-16T15:00:00Z,622710-99999,409.812447591277,409.84176938062,0.0293217893427595
2023-07-16T18:00:00Z,622710-99999,408.49004575024,408.562612208653,0.0725664584124957
2023-07-10T00:00:00Z,590070-99999,1240.71212656416,1240.77586826979,0.0637417056286722
2023-07-10T03:00:00Z,590070-99999,1237.10425161822,1237.11741603035,0.0131644121265708
2023-07-10T06:00:00Z,590070-99999,1239.61051832579,1239.67695906858,0.0664407427893821
2023-07-10T09:00:00Z,590070-99999,1240.22097300996,1240.29657932391,0.0756063139504022
2023-07-10T12:00:00Z,590070-99999,1253.87507950901,1253.93570045916,0.0606209501522699
2023-07-10T18:00:00Z,590070-99999,1238.5326044642,1238.60569221595,0.0730877517521549
2023-07-10T21:00:00Z,590070-99999,1238.25264432649,1238.25772512461,0.00508079812402684
2023-07-11T00:00:00Z,590070-99999,1243.32500085804,1243.37971841604,0.0547175579936265
2023-07-11T03:00:00Z,590070-99999,1238.25925722929,1238.31639424037,0.057137011083114
2023-07-11T06:00:00Z,590070-99999,1240.13544106483,1240.15514461169,0.0197035468586364
2023-07-11T09:00:00Z,590070-99999,1241.20930750477,1241.28078354754,0.0714760427722467
2023-07-11T12:00:00Z,590070-99999,1247.48201772774,1247.48524239758,0.00322466984493985
2023-07-11T18:00:00Z,590070-99999,1242.98829790088,1243.04547043626,0.0571725353765942
2023-07-11T21:00:00Z,590070-99999,1244.60489150457,1244.64713813588,0.0422466313029872
2023-07-12T00:00:00Z,590070-99999,1242.67414202691,1242.72128194586,0.0471399189500517
2023-07-12T03:00:00Z,590070-99999,1241.15275255775,1241.17816130112,0.0254087433722816
2023-07-12T06:00:00Z,590070-99999,1234.81530506736,1234.86337556872,0.0480705013637817
2023-07-12T09:00:00Z,590070-99999,1238.99735007888,1239.01474169399,0.0173916151111371
2023-07-12T12:00:00Z,590070-99999,1252.83657426387,1252.90298587865,0.0664116147777349
2023-07-12T18:00:00Z,590070-99999,1242.958922505,1242.98103279799,0.0221102929938297
2023-07-12T21:00:00Z,590070-99999,1242.98576528331,1243.01169163063,0.0259263473162719
2023-07-13T00:00:00Z,590070-99999,1247.31897957246,1247.33056511059,0.0115855381352503
2023-07-13T03:00:00Z,590070-99999,1245.15233908403,1245.17578420303,0.0234451189965057
2023-07-13T06:00:00Z,590070-99999,1241.59889225883,1241.67444198157,0.0755497227416981
2023-07-13T09:00:00Z,590070-99999,1245.39937762965,1245.43528972395,0.0359120943014659
2023-07-13T18:00:00Z,590070-99999,1245.43580944359,1245.45703733875,0.0212278951573808
2023-07-13T21:00:00Z,590070-99999,1247.56976838445,1247.60016145813,0.0303930736849907
2023-07-14T00:00:00Z,590070-99999,1248.7063631458,1248.73148203593,0.0251188901263504
2023-07-14T03:00:00Z,590070-99999,1246.30005296605,1246.33285446526,0.0328014992103363
2023-07-14T06:00:00Z,590070-99999,1238.2760994937,1238.28104014119,0.00494064748681922
2023-07-14T09:00:00Z,590070-99999,1256.17475398106,1256.2222920638,0.047538082745632
2023-07-14T12:00:00Z,590070-99999,1247.09410990187,1247.11482605468,0.020716152808518
2023-07-14T18:00:00Z,590070-99999,1248.41208951929,1248.41510547043,0.00301595113728581
2023-07-14T21:00:00Z,590070-99999,1243.88027352759,1243.94413406121,0.0638605336150704
2023-07-15T00:00:00Z,590070-99999,1245.1228326799,1245.16005673109,0.0372240511840118
2023-07-15T03:00:00Z,590070-99999,1241.6286935136,1241.65210427214,0.023410758543605
2023-07-15T06:00:00Z,590070-99999,1241.10503510681,1241.14557084522,0.0405357384045146
2023-07-15T09:00:00Z,590070-99999,1242.51504553987,1242.54902441094,0.0339788710668927
2023-07-15T12:00:00Z,590070-99999,1246.04537040641,1246.11385495179,0.0684845453865819
2023-07-15T18:00:00Z,590070-99999,1248.99910531341,1249.01511800718,0.0160126937655605
2023-07-15T21:00:00Z,590070-99999,1249.77984897104,1249.85586563967,0.0760166686313823
2023-07-16T00:00:00Z,590070-99999,1243.99703400684,1244.06219690024,0.0651628934056134
2023-07-16T03:00:00Z,590070-99999,1241.85960538389,1241.93214388069,0.0725384968045546
2023-07-16T06:00:00Z,590070-99999,1236.15748078513,1236.22500016428,0.0675193791557831
2023-07-16T09:00:00Z,590070-99999,1242.74027951934,1242.75917272789,0.0188932085486613
2023-07-16T12:00:00Z,590070-99999,1245.949015684,1246.00543776473,0.0564220807227684
2023-07-16T18:00:00Z,590070-99999,1249.71496675953,1249.76514837686,0.0501816173239149
2023-07-16T21:00:00Z,590070-99999,1246.07367065488,1246.08459875044,0.0109280955584836
2023-07-10T00:00:00Z,605500-99999,1375.52127285963,1375.52367826949,0.0024054098664692
2023-07-10T03:00:00Z,605500-99999,1371.06088337391,1371.02245897697,-0.0384243969406271
2023-07-10T06:00:00Z,605500-99999,1372.9634670429,1372.9258224878,-0.037644555096449
2023-07-10T09:00:00Z,605500-99999,1368.46470826618,1368.40839633584,-0.0563119303444637
2023-07-10T12:00:00Z,605500-99999,1371.26784485139,1371.24822253051,-0.0196223208793072
2023-07-10T15:00:00Z,605500-99999,1368.88214602514,1368.86619369886,-0.0159523262830135
2023-07-10T18:00:00Z,605500-99999,1372.44586123787,1372.37690312603,-0.0689581118438127
2023-07-10T21:00:00Z,605500-99999,1369.52864019485,1369.51735820115,-0.0112819936998676
2023-07-11T00:00:00Z,605500-99999,1367.5155839911,1367.46437432533,-0.0512096657648726
2023-07-11T03:00:00Z,605500-99999,1367.87494395248,1367.83643935099,-0.0385046014891941
2023-07-11T06:00:00Z,605500-99999,1367.38447906586,1367.32014214825,-0.0643369176093529
2023-07-11T09:00:00Z,605500-99999,1370.89108475392,1370.82523248368,-0.0658522702381106
2023-07-11T12:00:00Z,605500-99999,1372.11284328204,1372.08254058071,-0.030302701328992
2023-07-11T15:00:00Z,605500-99999,1371.15129433056,1371.12131604228,-0.0299782882780164
2023-07-11T18:00:00Z,605500-99999,1367.20177833412,1367.13305419102,-0.0687241430982795
2023-07-11T21:00:00Z,605500-99999,1364.07427817677,1364.05204272548,-0.0222354512952734
2023-07-12T00:00:00Z,605500-99999,1371.26767643837,1371.22246813216,-0.0452083062084512
2023-07-12T03:00:00Z,605500-99999,1359.5281420107,1359.48096769305,-0.0471743176562995
2023-07-12T06:00:00Z,605500-99999,1366.93420251792,1366.94301890813,0.00881639020599323
2023-07-12T09:00:00Z,605500-99999,1376.30587733463,1376.31149691285,0.00561957821628312
2023-07-12T12:00:00Z,605500-99999,1377.41240294499,1377.41627714528,0.00387420028914676
2023-07-12T15:00:00Z,605500-99999,1364.81018395373,1364.78083951641,-0.0293444373248803
2023-07-12T18:00:00Z,605500-99999,1364.34574278486,1364.32675310094,-0.0189896839226549
2023-07-12T21:00:00Z,605500-99999,1360.91330008977,1360.88702181395,-0.0262782758161393
2023-07-13T00:00:00Z,605500-99999,1378.83481533443,1378.8322600009,-0.00255533352856219
2023-07-13T03:00:00Z,605500-99999,1373.22056088686,1373.19921838406,-0.0213425028034635
2023-07-13T06:00:00Z,605500-99999,1369.81227561778,1369.75844818945,-0.0538274283233022
2023-07-13T09:00:00Z,605500-99999,1371.34256792259,1371.27229165663,-0.0702762659664131
2023-07-13T12:00:00Z,605500-99999,1371.06939311524,1371.04329762294,-0.0260954923003283
2023-07-13T15:00:00Z,605500-99999,1368.99982517131,1368.98198670565,-0.017838465651721
2023-07-13T18:00:00Z,605500-99999,1368.9499874436,1368.89914245241,-0.0508449911901607
2023-07-13T21:00:00Z,605500-99999,1367.71598811403,1367.66072571138,-0.0552624026508966
2023-07-14T00:00:00Z,605500-99999,1370.78673747462,1370.78470155,-0.00203592461571134
2023-07-14T03:00:00Z,605500-99999,1369.79547981129,1369.77930155545,-0.0161782558341201
2023-07-14T06:00:00Z,605500-99999,1369.26300463822,1369.26325857687,0.00025393864916623
2023-07-14T09:00:00Z,605500-99999,1369.82049759546,1369.81699861922,-0.0034989762314126
2023-07-14T12:00:00Z,605500-99999,1368.15802663974,1368.10784433494,-0.0501823047975449
2023-07-14T15:00:00Z,605500-99999,1368.56423367948,1368.52052512614,-0.0437085533430945
2023-07-14T18:00:00Z,605500-99999,1369.096777973,1369.08843457034,-0.00834340265669198
2023-07-14T21:00:00Z,605500-99999,1368.78561027165,1368.74981618604,-0.0357940856101777
2023-07-15T00:00:00Z,605500-99999,1369.48470751418,1369.49076218279,0.00605466860633896
2023-07-15T03:00:00Z,605500-99999,1370.7344978821,1370.72676982733,-0.00772805477140537
2023-07-15T06:00:00Z,605500-99999,1371.12340738683,1371.13377670873,0.0103693219011802
2023-07-15T09:00:00Z,605500-99999,1375.09358353426,1375.07391567036,-0.0196678639040329
2023-07-15T12:00:00Z,605500-99999,1376.56272200859,1376.54415705636,-0.0185649522220501
2023-07-15T15:00:00Z,605500-99999,1373.31530728377,1373.28767201383,-0.0276352699463587
2023-07-15T18:00:00Z,605500-99999,1370.65726135715,1370.66390347689,0.00664211974549289
2023-07-15T21:00:00Z,605500-99999,1368.23881759746,1368.17017496042,-0.0686426370427853
2023-07-16T00:00:00Z,605500-99999,1369.12311521086,1369.10477353687,-0.0183416739810127
2023-07-16T03:00:00Z,605500-99999,1365.91842149837,1365.92785016571,0.00942866734362724
2023-07-16T06:00:00Z,605500-99999,1369.64824518593,1369.62452815216,-0.0237170337663883
2023-07-16T09:00:00Z,605500-99999,1370.92794915479,1370.89217640747,-0.0357727473201521
2023-07-16T12:00:00Z,605500-99999,1373.32216218471,1373.33467935076,0.0125171660477008
2023-07-16T15:00:00Z,605500-99999,1371.75327109643,1371.76340926945,0.0101381730221419
2023-07-16T18:00:00Z,605500-99999,1372.7925678463,1372.72827675329,-0.0642910930127982
2023-07-16T21:00:00Z,605500-99999,1370.1479288449,1370.13338107538,-0.0145477695168665
2023-07-10T00:00:00Z,872170-99999,441.479513077353,441.47767416681,-0.00183891054393825
2023-07-10T01:00:00Z,872170-99999,441.563025981803,441.592537029275,0.0295110474716012
2023-07-10T02:00:00Z,872170-99999,441.268298725407,441.306703199935,0.0384044745277947
2023-07-10T03:00:00Z,872170-99999,442.375856095067,442.385352085283,0.00949599021612357
2023-07-10T04:00:00Z,872170-99999,438.687407565508,438.71310459355,0.025697028042714
2023-07-10T05:00:00Z,872170-99999,439.220929583641,439.220798496148,-0.000131087492945881
2023-07-10T06:00:00Z,872170-99999,440.449480942362,440.445168673865,-0.004312268497074
2023-07-10T07:00:00Z,872170-99999,441.889945801305,441.924525534157,0.0345797328523645
2023-07-10T08:00:00Z,872170-99999,436.39851426993,436.383143834192,-0.0153704357379638
2023-07-10T09:00:00Z,872170-99999,438.534198333249,438.522407860223,-0.0117904730253713
2023-07-10T10:00:00Z,872170-99999,441.323705263134,441.356513721012,0.0328084578777066
2023-07-10T11:00:00Z,872170-99999,437.197573290933,437.220717768437,0.023144477504502
2023-07-10T12:00:00Z,872170-99999,436.183792753655,436.167736993722,-0.0160557599323283
2023-07-10T13:00:00Z,872170-99999,443.72294545692,443.768588503365,0.0456430464448658
2023-07-10T14:00:00Z,872170-99999,439.604776070632,439.589567432632,-0.0152086379999901
2023-07-10T15:00:00Z,872170-99999,444.205690903835,444.196261914372,-0.00942898946306059
2023-07-10T16:00:00Z,872170-99999,437.442313201032,437.46479823718,0.0224850361474296
2023-07-10T17:00:00Z,872170-99999,437.287688367186,437.266407385203,-0.0212809819834092
2023-07-10T18:00:00Z,872170-99999,437.18308581566,437.211977623298,0.0288918076380469
2023-07-10T19:00:00Z,872170-99999,435.640019969859,435.647874229947,0.00785426008866352
2023-07-10T20:00:00Z,872170-99999,435.525675898268,435.54602054928,0.0203446510118965
2023-07-10T21:00:00Z,872170-99999,431.167347000369,431.165115816879,-0.00223118348981188
2023-07-10T22:00:00Z,872170-99999,437.203206005934,437.237274614407,0.0340686084723529
2023-07-10T23:00:00Z,872170-99999,436.786947246006,436.789296947428,0.00234970142179236
2023-07-11T00:00:00Z,872170-99999,437.05277638966,437.074498080821,0.0217216911612468
2023-07-11T01:00:00Z,872170-99999,435.885916115484,435.934569822749,0.0486537072650322
2023-07-11T02:00:00Z,872170-99999,433.244536898694,433.248990912917,0.00445401422325631
2023-07-11T03:00:00Z,872170-99999,438.113585857165,438.110431717604,-0.00315413956019484
2023-07-11T04:00:00Z,872170-99999,432.42014791666,432.469376306244,0.0492283895844139
2023-07-11T05:00:00Z,872170-99999,432.720699866922,432.759721666154,0.0390217992318753
2023-07-11T06:00:00Z,872170-99999,436.125419927058,436.158001465232,0.0325815381746679
2023-07-11T08:00:00Z,872170-99999,430.74600969712,430.762165840741,0.0161561436208331
2023-07-11T09:00:00Z,872170-99999,428.988165325701,428.997380343814,0.0092150181130819
2023-07-11T10:00:00Z,872170-99999,437.874979883857,437.886598077381,0.0116181935248392
2023-07-11T11:00:00Z,872170-99999,432.327211708317,432.315218759628,-0.0119929486887713
2023-07-11T12:00:00Z,872170-99999,434.137530821942,434.128380474616,-0.00915034732605591
2023-07-11T13:00:00Z,872170-99999,435.818082879059,435.864456040491,0.0463731614320295
2023-07-11T14:00:00Z,872170-99999,435.512738594435,435.512435822695,-0.00030277174010962
2023-07-11T15:00:00Z,872170-99999,436.254424587727,436.298554794078,0.044130206351042
2023-07-11T16:00:00Z,872170-99999,434.265078568885,434.266328128752,0.00124955986643727
2023-07-11T17:00:00Z,872170-99999,439.339985839487,439.377986273682,0.0380004341956237
2023-07-11T18:00:00Z,872170-99999,438.415528005187,438.409799176566,-0.00572882862070401
2023-07-11T19:00:00Z,872170-99999,438.83565357274,438.87405154958,0.0383979768402583
2023-07-11T20:00:00Z,872170-99999,439.274412791509,439.274310604383,-0.000102187126628905
2023-07-11T21:00:00Z,872170-99999,432.796806460303,432.81564533939,0.0188388790871272
2023-07-11T22:00:00Z,872170-99999,444.692223082103,444.718145723374,0.0259226412704834
2023-07-11T23:00:00Z,872170-99999,436.565100386394,436.601197060398,0.0360966740040567
2023-07-12T00:00:00Z,872170-99999,440.026708104441,440.046905097429,0.0201969929875645
2023-07-12T01:00:00Z,872170-99999,439.094481413808,439.143476697222,0.0489952834131486
2023-07-12T02:00:00Z,872170-99999,434.994972911972,435.00986897841,0.0148960664382116
2023-07-12T03:00:00Z,872170-99999,439.766835020674,439.808811042036,0.0419760213617906
2023-07-12T04:00:00Z,872170-99999,436.985977426209,437.031467439291,0.0454900130818601
2023-07-12T05:00:00Z,872170-99999,439.479317087861,439.496291680445,0.016974592584063
2023-07-12T06:00:00Z,872170-99999,437.835400122626,437.84335088697,0.00795076434371822
2023-07-12T07:00:00Z,872170-99999,432.687211907445,432.701991381845,0.0147794743995178
2023-07-12T08:00:00Z,872170-99999,435.201510182283,435.240791013629,0.0392808313466162
2023-07-12T09:00:00Z,872170-99999,437.212783746681,437.236533674584,0.0237499279026565
2023-07-12T10:00:00Z,872170-99999,444.967691598926,444.972934591507,0.0052429925810884
2023-07-12T11:00:00Z,872170-99999,433.119941535807,433.117520111206,-0.00242142460086825
2023-07-12T12:00:00Z,872170-99999,440.806341104368,440.849590841913,0.0432497375455228
2023-07-12T13:00:00Z,872170-99999,441.624571240685,441.65292301211,0.0283517714252071
2023-07-12T14:00:00Z,872170-99999,440.740982286333,440.724931946091,-0.0160503402421455
2023-07-12T15:00:00Z,872170-99999,443.725452401378,443.747731404939,0.0222790035617777
2023-07-12T16:00:00Z,872170-99999,440.32457175451,440.303637516382,-0.0209342381280067
2023-07-12T17:00:00Z,872170-99999,440.042531116914,440.05870002152,0.0161689046060474
2023-07-12T18:00:00Z,872170-99999,435.820503767298,435.842745397196,0.0222416298980193
2023-07-12T19:00:00Z,872170-99999,436.534467535017,436.5656585966,0.0311910615837405
2023-07-12T20:00:00Z,872170-99999,434.39791050051,434.409923912615,0.0120134121049773
2023-07-12T21:00:00Z,872170-99999,437.292840376563,437.272741179692,-0.0200991968712287
2023-07-12T22:00:00Z,872170-99999,440.92404124493,440.921246543476,-0.00279470145375171
2023-07-12T23:00:00Z,872170-99999,435.776985007407,435.805353250904,0.0283682434964589
2023-07-13T00:00:00Z,872170-99999,433.639639861725,433.678478348641,0.03883848691612
2023-07-13T01:00:00Z,872170-99999,435.479579267443,435.504624965762,0.0250456983188769
2023-07-13T02:00:00Z,872170-99999,430.639088033316,430.670780959402,0.031692926086464
2023-07-13T03:00:00Z,872170-99999,436.105882822033,436.153394844686,0.0475120226536774
2023-07-13T04:00:00Z,872170-99999,434.249774535066,434.254632248553,0.00485771348689923
2023-07-13T05:00:00Z,872170-99999,433.396985954078,433.409923211148,0.0129372570705755
2023-07-13T06:00:00Z,872170-99999,435.991618868738,436.016437281608,0.0248184128691378
2023-07-13T07:00:00Z,872170-99999,437.258570862427,437.305282191598,0.0467113291713872
2023-07-13T08:00:00Z,872170-99999,433.502292548341,433.514543393432,0.0122508450914438
2023-07-13T09:00:00Z,872170-99999,433.497420281617,433.490906885557,-0.00651339606071133
2023-07-13T10:00:00Z,872170-99999,437.091541992684,437.092426649379,0.000884656694779551
2023-07-13T12:00:00Z,872170-99999,441.253744985718,441.253985778241,0.000240792523754863
2023-07-13T13:00:00Z,872170-99999,442.016274165935,442.014027350478,-0.00224681545779504
2023-07-13T14:00:00Z,872170-99999,439.509307303726,439.512726060281,0.00341875655476542
2023-07-13T15:00:00Z,872170-99999,437.904445287677,437.891459797362,-0.0129854903150886
2023-07-13T16:00:00Z,872170-99999,435.847578740179,435.867218101845,0.0196393616665205
2023-07-13T17:00:00Z,872170-99999,438.385923311465,438.405536665478,0.0196133540130177
2023-07-13T18:00:00Z,872170-99999,437.735690389282,437.713963523058,-0.0217268662244123
2023-07-13T19:00:00Z,872170-99999,441.590674934481,441.634131576395,0.0434566419143607
2023-07-13T20:00:00Z,872170-99999,442.695442785029,442.710256345658,0.0148135606291362
2023-07-13T21:00:00Z,872170-99999,443.372143777722,443.354311986688,-0.0178317910346664
2023-07-13T22:00:00Z,872170-99999,443.201231310928,443.242785169691,0.0415538587628248
2023-07-13T23:00:00Z,872170-99999,441.984655584722,441.971419695194,-0.0132358895272091
2023-07-14T00:00:00Z,872170-99999,440.979209855278,441.024709471588,0.0454996163092005
2023-07-14T01:00:00Z,872170-99999,437.877343895957,437.89476812911,0.0174242331528944
2023-07-14T02:00:00Z,872170-99999,439.148876967823,439.173870493489,0.0249935256662752
2023-07-14T03:00:00Z,872170-99999,441.165326159016,441.158246559877,-0.0070795991384216
2023-07-14T04:00:00Z,872170-99999,446.390081320953,446.384816686428,-0.0052646345243943
2023-07-14T05:00:00Z,872170-99999,444.250010800496,444.242188078372,-0.00782272212336466
2023-07-14T06:00:00Z,872170-99999,443.83890546328,443.832000114118,-0.00690534916253682
2023-07-14T07:00:00Z,872170-99999,438.522638109693,438.561385574448,0.0387474647541808
2023-07-14T08:00:00Z,872170-99999,436.642796957256,436.632451679232,-0.010345278023749
2023-07-14T09:00:00Z,872170-99999,437.270283905021,437.290186473077,0.0199025680556701
2023-07-14T10:00:00Z,872170-99999,443.939269687352,443.977012062735,0.0377423753832886
2023-07-14T11:00:00Z,872170-99999,444.822582815849,444.859708483365,0.0371256675165341
2023-07-14T12:00:00Z,872170-99999,443.011216732661,443.05151383283,0.0402971001687433
2023-07-14T13:00:00Z,872170-99999,443.494765622268,443.475859129036,-0.0189064932324641
2023-07-14T14:00:00Z,872170-99999,439.766956360756,439.779175317591,0.0122189568356248
2023-07-14T15:00:00Z,872170-99999,438.115058807588,438.129724215577,0.0146654079892414
2023-07-14T16:00:00Z,872170-99999,438.134247988038,438.135724778171,0.00147679013286961
2023-07-14T17:00:00Z,872170-99999,441.946143756349,441.982361671967,0.0362179156177831
2023-07-14T18:00:00Z,872170-99999,440.914425654032,440.917871298855,0.00344564482355736
2023-07-14T19:00:00Z,872170-99999,443.200224682877,443.203521068404,0.00329638552705092
2023-07-14T20:00:00Z,872170-99999,444.560181241837,444.557370686435,-0.00281055540148145
2023-07-14T21:00:00Z,872170-99999,448.255277535978,448.266608592347,0.0113310563689879
2023-07-14T22:00:00Z,872170-99999,452.450164809207,452.474280733495,0.0241159242871731
2023-07-14T23:00:00Z,872170-99999,447.159593634847,447.157677047592,-0.00191658725526622
2023-07-15T00:00:00Z,872170-99999,446.412115134947,446.458276067683,0.0461609327355745
2023-07-15T01:00:00Z,872170-99999,442.670329849961,442.651834563404,-0.0184952865564014
2023-07-15T02:00:00Z,872170-99999,437.947332593024,437.962690702699,0.0153581096751054
2023-07-15T03:00:00Z,872170-99999,436.313405881737,436.313797891865,0.000392010127939102
2023-07-15T04:00:00Z,872170-99999,437.805253145189,437.847802131096,0.0425489859075583
2023-07-15T05:00:00Z,872170-99999,436.681599974354,436.70631990994,0.0247199355862904
2023-07-15T06:00:00Z,872170-99999,440.152137786272,440.148643423573,-0.00349436269920034
2023-07-15T07:00:00Z,872170-99999,441.511811789248,441.498276413082,-0.0135353761656347
2023-07-15T08:00:00Z,872170-99999,441.486846299597,441.490636359241,0.00379005964418866
2023-07-15T09:00:00Z,872170-99999,438.999164195851,439.007351892143,0.00818769629165672
2023-07-15T10:00:00Z,872170-99999,438.740645253016,438.752232769322,0.0115875163058945
2023-07-15T11:00:00Z,872170-99999,440.632820905963,440.645034816094,0.0122139101314929
2023-07-15T12:00:00Z,872170-99999,440.413724499716,440.416209197958,0.00248469824168751
2023-07-15T13:00:00Z,872170-99999,441.984248547539,441.972645718263,-0.0116028292765122
2023-07-15T14:00:00Z,872170-99999,437.356644418053,437.336645332034,-0.0199990860185153
2023-07-15T15:00:00Z,872170-99999,437.297195570077,437.29239381125,-0.00480175882660205
2023-07-15T16:00:00Z,872170-99999,440.038396673244,440.023154264924,-0.0152424083203755
2023-07-15T17:00:00Z,872170-99999,440.498664465177,440.487056505791,-0.0116079593855147
2023-07-15T18:00:00Z,872170-99999,440.230550635385,440.213843916482,-0.0167067189033219
2023-07-15T19:00:00Z,872170-99999,442.915178705512,442.919010297451,0.00383159193933125
2023-07-15T20:00:00Z,872170-99999,442.591925271644,442.581372002978,-0.0105532686662286
2023-07-15T21:00:00Z,872170-99999,443.007129802982,443.040635927905,0.0335061249232354
2023-07-15T22:00:00Z,872170-99999,442.687899113781,442.732837031544,0.0449379177629226
2023-07-15T23:00:00Z,872170-99999,438.459696877614,438.457602181607,-0.00209469600633838
2023-07-16T00:00:00Z,872170-99999,439.996314786968,440.015841517275,0.01952673030695
2023-07-16T01:00:00Z,872170-99999,440.039793972481,440.032351809243,-0.00744216323852243
2023-07-16T02:00:00Z,872170-99999,437.58682500886,437.584127795374,-0.00269721348581697
2023-07-16T03:00:00Z,872170-99999,438.95023865232,438.971935256088,0.0216966037677366
2023-07-16T04:00:00Z,872170-99999,437.901427655056,437.900357971729,-0.00106968332670476
2023-07-16T05:00:00Z,872170-99999,436.012626396309,436.054298581146,0.0416721848362727
2023-07-16T06:00:00Z,872170-99999,440.170499354788,440.183412158252,0.0129128034638484
2023-07-16T07:00:00Z,872170-99999,437.001579158002,437.000483562553,-0.00109559544910098
2023-07-16T08:00:00Z,872170-99999,440.568259611609,440.572504408667,0.0042447970580497
2023-07-16T09:00:00Z,872170-99999,441.433170274738,441.422020629089,-0.0111496456491977
2023-07-16T10:00:00Z,872170-99999,442.718245554594,442.707219864239,-0.0110256903548134
2023-07-16T11:00:00Z,872170-99999,441.934613198045,441.932326033082,-0.00228716496314974
2023-07-16T12:00:00Z,872170-99999,444.166478448332,444.209242032233,0.0427635839008644
2023-07-16T13:00:00Z,872170-99999,445.578274594086,445.62399175053,0.0457171564442547
2023-07-16T14:00:00Z,872170-99999,442.324851977648,442.360506017059,0.0356540394116109
2023-07-16T15:00:00Z,872170-99999,438.701389602759,438.698579750173,-0.00280985258598321
2023-07-16T16:00:00Z,872170-99999,435.631796862736,435.61603392586,-0.0157629368753192
2023-07-16T17:00:00Z,872170-99999,439.930065018094,439.920627161349,-0.00943785674502351
2023-07-16T18:00:00Z,872170-99999,436.441292172579,436.451233679083,0.00994150650393522
2023-07-16T19:00:00Z,872170-99999,439.07815968493,439.07388558613,-0.00427409880001051
2023-07-16T20:00:00Z,872170-99999,435.085182642852,435.112851615585,0.0276689727327266
2023-07-16T21:00:00Z,872170-99999,433.972728119325,433.952224725298,-0.0205033940266617
2023-07-16T22:00:00Z,872170-99999,446.143357773054,446.129699613533,-0.0136581595211283
2023-07-16T23:00:00Z,872170-99999,440.912951257273,440.920368762387,0.00741750511338069
2023-07-10T03:00:00Z,485660-99999,6.70813798026304,6.69755459283783,-0.0105833874252053
2023-07-10T06:00:00Z,485660-99999,11.7638679143692,11.7967514408203,0.0328835264510801
2023-07-10T09:00:00Z,485660-99999,8.28781864102785,8.28864426957595,0.00082562854810142
2023-07-10T12:00:00Z,485660-99999,12.6951176438686,12.7143847280663,0.0192670841977218
2023-07-10T21:00:00Z,485660-99999,12.0524643530731,12.0690263559647,0.0165620028916251
2023-07-11T03:00:00Z,485660-99999,11.8475322806515,11.8524977509103,0.00496547025873895
2023-07-11T06:00:00Z,485660-99999,12.3255071576171,12.3257028089904,0.000195651373353201
2023-07-11T09:00:00Z,485660-99999,6.68323755468794,6.70316616525107,0.019928610563138
2023-07-11T12:00:00Z,485660-99999,8.41922828204896,8.41931908202648,9.0799977511935e-05
2023-07-11T15:00:00Z,485660-99999,19.8208602248138,19.8168461764281,-0.00401404838560993
2023-07-11T21:00:00Z,485660-99999,11.5300118270285,11.5390173810956,0.00900555406709103
2023-07-12T00:00:00Z,485660-99999,6.92527891124619,6.95958005294266,0.0343011416964725
2023-07-12T03:00:00Z,485660-99999,3.20996985267288,3.22584406095115,0.015874208278273
2023-07-12T06:00:00Z,485660-99999,7.99610191480639,7.99207541275842,-0.00402650204797084
2023-07-12T09:00:00Z,485660-99999,9.69366279213321,9.70745674573166,0.0137939535984444
2023-07-12T12:00:00Z,485660-99999,9.19751199590765,9.19347440629932,-0.004037589608334
2023-07-12T15:00:00Z,485660-99999,11.8403686058122,11.8260974200642,-0.0142711857479974
2023-07-12T18:00:00Z,485660-99999,17.0580891432099,17.0554681536307,-0.00262098957923485
2023-07-13T03:00:00Z,485660-99999,9.29937171050648,9.33766609460523,0.0382943840987515
2023-07-13T06:00:00Z,485660-99999,8.48855916304774,8.51124872273442,0.0226895596866807
2023-07-13T09:00:00Z,485660-99999,10.2067308488632,10.2369451117462,0.0302142628829838
2023-07-13T15:00:00Z,485660-99999,14.2609771765086,14.2939090864953,0.0329319099866972
2023-07-13T18:00:00Z,485660-99999,14.2120836714629,14.2586861152018,0.0466024437389763
2023-07-13T21:00:00Z,485660-99999,8.11199587504866,8.12850404820194,0.0165081731532819
2023-07-14T00:00:00Z,485660-99999,6.48395615611919,6.50530014315736,0.0213439870381684
2023-07-14T06:00:00Z,485660-99999,7.59555855876488,7.62645122425603,0.0308926654911499
2023-07-14T09:00:00Z,485660-99999,8.81968076739879,8.85742902352095,0.0377482561221605
2023-07-14T15:00:00Z,485660-99999,8.86639263798314,8.91714358002686,0.0507509420437202
2023-07-14T18:00:00Z,485660-99999,12.2182944417611,12.2266088813315,0.0083144395704231
2023-07-14T21:00:00Z,485660-99999,8.12922274437057,8.15806472024265,0.0288419758720799
2023-07-15T00:00:00Z,485660-99999,9.8016941554952,9.79085763006821,-0.0108365254269849
2023-07-15T03:00:00Z,485660-99999,10.4680261464829,10.4886478849708,0.0206217384879128
2023-07-15T09:00:00Z,485660-99999,4.74936143110868,4.76108452217936,0.011723091070678
2023-07-15T12:00:00Z,485660-99999,8.464363379585,8.47271620606239,0.00835282647739
2023-07-15T15:00:00Z,485660-99999,8.04362890882694,8.06223652776734,0.0186076189403988
2023-07-15T18:00:00Z,485660-99999,11.417330358536,11.4632581325822,0.0459277740462039
2023-07-15T21:00:00Z,485660-99999,8.88685988352758,8.90680445527032,0.0199445717427462
2023-07-16T00:00:00Z,485660-99999,8.1916136113675,8.19926685180147,0.00765324043397442
2023-07-16T03:00:00Z,485660-99999,9.16692419567641,9.1937515905024,0.0268273948259914
2023-07-16T06:00:00Z,485660-99999,-2.39667342596894,-2.34716148055308,0.0495119454158584
2023-07-16T09:00:00Z,485660-99999,9.15105814072923,9.15453028271689,0.00347214198766466
2023-07-16T12:00:00Z,485660-99999,6.58556872473262,6.57456751010861,-0.0110012146240095
2023-07-16T15:00:00Z,485660-99999,7.15840645416093,7.19486571543694,0.0364592612760077
2023-07-16T18:00:00Z,485660-99999,7.42858199525578,7.44856472504925,0.0199827297934725
2023-07-16T21:00:00Z,485660-99999,10.4292931681172,10.4554473938049,0.026154225687673
2023-07-10T00:00:00Z,875530-99999,3.5623867307238,3.50381770742971,-0.0585690232940879
2023-07-10T01:00:00Z,875530-99999,5.14697194973686,5.08260782896771,-0.0643641207691559
2023-07-10T02:00:00Z,875530-99999,4.50762778172107,4.44135994896749,-0.0662678327535788
2023-07-10T04:00:00Z,875530-99999,9.28821195723596,9.23678996583624,-0.0514219913997174
2023-07-10T05:00:00Z,875530-99999,7.39307407618794,7.36412806263742,-0.0289460135505157
2023-07-10T06:00:00Z,875530-99999,5.98345911434882,5.9076972320865,-0.0757618822623218
2023-07-10T07:00:00Z,875530-99999,4.73891410157189,4.70481437002545,-0.0340997315464389
2023-07-10T08:00:00Z,875530-99999,6.94486887505234,6.91138823521409,-0.0334806398382517
2023-07-10T10:00:00Z,875530-99999,3.62313315941342,3.61136139866184,-0.0117717607515786
2023-07-10T11:00:00Z,875530-99999,6.9386943321612,6.92304292848819,-0.0156514036730187
2023-07-10T12:00:00Z,875530-99999,5.34502219745006,5.31851365496722,-0.0265085424828362
2023-07-10T13:00:00Z,875530-99999,6.39297212870541,6.35500123537294,-0.0379708933324769
2023-07-10T14:00:00Z,875530-99999,2.55017021634878,2.47453583081532,-0.0756343855334611
2023-07-10T16:00:00Z,875530-99999,5.52479277903771,5.4727271776559,-0.052065601381817
2023-07-10T17:00:00Z,875530-99999,7.83249787288857,7.78942860682758,-0.0430692660609946
2023-07-10T18:00:00Z,875530-99999,3.58255694489894,3.54982149150134,-0.032735453397601
2023-07-10T20:00:00Z,875530-99999,6.04511835878746,6.00269609017021,-0.042422268617246
2023-07-10T22:00:00Z,875530-99999,8.36532177085753,8.29530791385687,-0.0700138570006619
2023-07-10T23:00:00Z,875530-99999,5.60878159180292,5.57787312623069,-0.0309084655722343
2023-07-11T00:00:00Z,875530-99999,5.22513472894565,5.18782102947677,-0.0373136994688803
2023-07-11T01:00:00Z,875530-99999,6.3653873259551,6.29100635351857,-0.0743809724365292
2023-07-11T02:00:00Z,875530-99999,7.4263970802154,7.40695830937573,-0.0194387708396677
2023-07-11T04:00:00Z,875530-99999,4.78733325256546,4.72703432299149,-0.0602989295739649
2023-07-11T05:00:00Z,875530-99999,4.20894605842613,4.1760835378743,-0.0328625205518298
2023-07-11T06:00:00Z,875530-99999,6.7675268938064,6.69258196617735,-0.0749449276290521
2023-07-11T07:00:00Z,875530-99999,5.8807773716007,5.85045690643449,-0.0303204651662137
2023-07-11T08:00:00Z,875530-99999,3.97082398122396,3.91435981998895,-0.0564641612350081
2023-07-11T10:00:00Z,875530-99999,8.4988473551416,8.44812722845321,-0.0507201266883897
2023-07-11T11:00:00Z,875530-99999,7.86585072662313,7.85018351424511,-0.0156672123780197
2023-07-11T12:00:00Z,875530-99999,8.5500874112002,8.52549324106793,-0.0245941701322678
2023-07-11T13:00:00Z,875530-99999,8.32540762985568,8.30273611750491,-0.0226715123507706
2023-07-11T14:00:00Z,875530-99999,7.27562026110473,7.21978856507494,-0.0558316960297898
2023-07-11T16:00:00Z,875530-99999,6.17528575327204,6.1635341626241,-0.0117515906479477
2023-07-11T17:00:00Z,875530-99999,6.24357569954273,6.17748950293354,-0.066086196609187
2023-07-11T18:00:00Z,875530-99999,-3.5072903737959,-3.55865672923822,-0.051366355442326
2023-07-11T19:00:00Z,875530-99999,10.6403177896649,10.6183256361484,-0.0219921535164289
2023-07-11T20:00:00Z,875530-99999,14.173688914046,14.1178692747798,-0.0558196392661934
2023-07-11T22:00:00Z,875530-99999,7.87035873307558,7.82728968149132,-0.0430690515842542
2023-07-11T23:00:00Z,875530-99999,6.7775407033639,6.76627823585328,-0.0112624675106199
2023-07-12T00:00:00Z,875530-99999,6.73725753085045,6.7037311388018,-0.0335263920486435
2023-07-12T01:00:00Z,875530-99999,8.18755245349796,8.13556508765557,-0.0519873658423844
2023-07-12T02:00:00Z,875530-99999,3.09160683155645,3.03132518552546,-0.0602816460309947
2023-07-12T04:00:00Z,875530-99999,3.61070472580314,3.55807205635482,-0.0526326694483226
2023-07-12T05:00:00Z,875530-99999,6.28303662599547,6.25846745229256,-0.0245691737029139
2023-07-12T06:00:00Z,875530-99999,5.69367964741845,5.65634660054692,-0.0373330468715292
2023-07-12T07:00:00Z,875530-99999,3.9991717877635,3.97972627841401,-0.0194455093494987
2023-07-12T08:00:00Z,875530-99999,1.36858376161242,1.30827031109,-0.0603134505224157
2023-07-12T10:00:00Z,875530-99999,6.68658155588105,6.64670709076429,-0.0398744651167551
2023-07-12T11:00:00Z,875530-99999,7.51262785412694,7.47786065240758,-0.034767201719351
2023-07-12T12:00:00Z,875530-99999,9.69033067930265,9.62044559785134,-0.0698850814513126
2023-07-12T13:00:00Z,875530-99999,4.75662752376455,4.74165155953619,-0.0149759642283609
2023-07-12T14:00:00Z,875530-99999,7.83580387756273,7.76274481394358,-0.0730590636191462
2023-07-12T16:00:00Z,875530-99999,4.47485295418805,4.43816613303951,-0.0366868211485389
2023-07-12T17:00:00Z,875530-99999,3.95605719403291,3.91363719908953,-0.0424199949433794
2023-07-12T18:00:00Z,875530-99999,7.44555954208998,7.41531666849839,-0.0302428735915941
2023-07-12T19:00:00Z,875530-99999,5.57820704074524,5.51398351704168,-0.0642235237035589
2023-07-12T20:00:00Z,875530-99999,2.47527509258285,2.40145346435416,-0.0738216282286928
2023-07-12T22:00:00Z,875530-99999,4.47937538172334,4.44395816424306,-0.0354172174802763
2023-07-12T23:00:00Z,875530-99999,7.51773910596597,7.49121915887745,-0.0265199470885165
2023-07-13T00:00:00Z,875530-99999,2.61571063810817,2.54847060445615,-0.0672400336520251
2023-07-13T01:00:00Z,875530-99999,4.1986447290731,4.15177413570746,-0.0468705933656306
2023-07-13T02:00:00Z,875530-99999,3.74696119968666,3.67343836387728,-0.0735228358093751
2023-07-13T04:00:00Z,875530-99999,5.39992074796747,5.37840358065502,-0.0215171673124521
2023-07-13T05:00:00Z,875530-99999,7.03481696653615,6.96957233987276,-0.0652446266633868
2023-07-13T06:00:00Z,875530-99999,3.70450862608406,3.66018292041618,-0.0443257056678803
2023-07-13T07:00:00Z,875530-99999,2.89737676271965,2.84480685091606,-0.0525699118035909
2023-07-13T08:00:00Z,875530-99999,3.04702299352818,2.97864767333699,-0.0683753201911816
2023-07-13T09:00:00Z,875530-99999,5.0960136137876,5.02641325961467,-0.0696003541729287
2023-07-13T10:00:00Z,875530-99999,2.21907736728756,2.16152737349375,-0.0575499937938018
2023-07-13T12:00:00Z,875530-99999,4.66597872739962,4.59529557895665,-0.0706831484429706
2023-07-13T13:00:00Z,875530-99999,5.2519602020941,5.22646930090831,-0.0254909011857905
2023-07-13T14:00:00Z,875530-99999,2.50952066325516,2.45827821989675,-0.051242443358408
2023-07-13T16:00:00Z,875530-99999,6.0863753535795,6.0572056955548,-0.0291696580247027
2023-07-13T17:00:00Z,875530-99999,5.93708766222488,5.86804376006949,-0.0690439021553937
2023-07-13T18:00:00Z,875530-99999,5.45549762928912,5.39212218053393,-0.063375448755183
2023-07-13T19:00:00Z,875530-99999,5.21699807375426,5.1739319018665,-0.0430661718877641
2023-07-13T20:00:00Z,875530-99999,1.85699577925292,1.8044173337738,-0.0525784454791189
2023-07-13T22:00:00Z,875530-99999,5.37722025155172,5.36320950603837,-0.0140107455133549
2023-07-13T23:00:00Z,875530-99999,4.51391347113423,4.47210048267353,-0.0418129884607001
2023-07-14T00:00:00Z,875530-99999,3.93266981797265,3.89148049508481,-0.0411893228878419
2023-07-14T01:00:00Z,875530-99999,4.62183849185236,4.5524197775891,-0.0694187142632625
2023-07-14T02:00:00Z,875530-99999,4.97797538261733,4.95493644543509,-0.023038937182239
2023-07-14T04:00:00Z,875530-99999,5.79745389294678,5.73068078130218,-0.0667731116446007
2023-07-14T05:00:00Z,875530-99999,5.86420116229188,5.79931777391496,-0.0648833883769191
2023-07-14T06:00:00Z,875530-99999,7.85199274809265,7.83566167528246,-0.0163310728101891
2023-07-14T07:00:00Z,875530-99999,3.89786253041852,3.88403694304426,-0.0138255873742561
2023-07-14T08:00:00Z,875530-99999,2.3302711269842,2.25551473594317,-0.0747563910410207
2023-07-14T10:00:00Z,875530-99999,6.58144636064257,6.55757608487483,-0.0238702757677425
2023-07-14T11:00:00Z,875530-99999,2.81882232726987,2.76335465605353,-0.0554676712163449
2023-07-14T12:00:00Z,875530-99999,3.97342963825817,3.92105112259589,-0.052378515662276
2023-07-14T13:00:00Z,875530-99999,5.75368144082177,5.68751666976624,-0.0661647710555231
2023-07-14T14:00:00Z,875530-99999,5.1833572021251,5.11262173956733,-0.0707354625577663
2023-07-14T16:00:00Z,875530-99999,5.50901638148507,5.49185684911789,-0.0171595323671792
2023-07-14T17:00:00Z,875530-99999,4.60984950672258,4.54652523155302,-0.0633242751695544
2023-07-14T18:00:00Z,875530-99999,5.47734439707578,5.43997561486189,-0.0373687822138917
2023-07-14T19:00:00Z,875530-99999,4.05605733960443,4.03202592813673,-0.0240314114676998
2023-07-14T20:00:00Z,875530-99999,3.21560671941486,3.16111648238203,-0.0544902370328302
2023-07-14T22:00:00Z,875530-99999,6.84127934281303,6.80454301338996,-0.0367363294230696
2023-07-14T23:00:00Z,875530-99999,3.79296388601814,3.77841556746484,-0.014548318553306
2023-07-15T00:00:00Z,875530-99999,5.1122347867198,5.05522686174724,-0.057007924972563
2023-07-15T01:00:00Z,875530-99999,5.39246127876495,5.37599869460073,-0.0164625841642252
2023-07-15T02:00:00Z,875530-99999,4.25466733386474,4.19258301999568,-0.0620843138690574
2023-07-15T04:00:00Z,875530-99999,5.69471512133906,5.62250030384125,-0.0722148174978106
2023-07-15T05:00:00Z,875530-99999,7.69935887125424,7.63093226660204,-0.0684266046522044
2023-07-15T06:00:00Z,875530-99999,6.08847887218639,6.01244819474582,-0.076030677440567
2023-07-15T07:00:00Z,875530-99999,3.44891725264412,3.39190569274453,-0.0570115598995846
2023-07-15T08:00:00Z,875530-99999,4.53094838685002,4.4707502584837,-0.06019812836632
2023-07-15T10:00:00Z,875530-99999,5.55236259321726,5.47824320027367,-0.0741193929435884
2023-07-15T11:00:00Z,875530-99999,4.49373531628787,4.42660036352456,-0.0671349527633183
2023-07-15T12:00:00Z,875530-99999,4.24272954121001,4.22690472859992,-0.0158248126100862
2023-07-15T13:00:00Z,875530-99999,3.20007744086074,3.18624303740704,-0.0138344034536999
2023-07-15T14:00:00Z,875530-99999,3.81711685334164,3.79251907365506,-0.0245977796865846
2023-07-15T16:00:00Z,875530-99999,7.72269152350022,7.65719246700093,-0.0654990564992897
2023-07-15T17:00:00Z,875530-99999,4.14257449039742,4.12841476234715,-0.0141597280502719
2023-07-15T18:00:00Z,875530-99999,5.17779387714581,5.14051383357223,-0.0372800435735794
2023-07-15T19:00:00Z,875530-99999,5.18902998349993,5.12600155191234,-0.063028431587588
2023-07-15T20:00:00Z,875530-99999,4.57560659406281,4.51838087849386,-0.0572257155689533
2023-07-15T22:00:00Z,875530-99999,6.12712873671297,6.11095258996548,-0.0161761467474966
2023-07-15T23:00:00Z,875530-99999,3.2519134712224,3.18840526300393,-0.0635082082184724
2023-07-16T00:00:00Z,875530-99999,2.05096064392573,2.03844271712985,-0.0125179267958861
2023-07-16T01:00:00Z,875530-99999,5.50894290206559,5.49318156867462,-0.0157613333909676
2023-07-16T02:00:00Z,875530-99999,4.95566239213082,4.89801760205391,-0.0576447900769095
2023-07-16T04:00:00Z,875530-99999,4.24541472879118,4.17837807315109,-0.0670366556400843
2023-07-16T05:00:00Z,875530-99999,5.81236274441808,5.75168548508839,-0.0606772593296912
2023-07-16T06:00:00Z,875530-99999,6.46295051106258,6.41361247750999,-0.0493380335525835
2023-07-16T07:00:00Z,875530-99999,4.67115669063156,4.61432483215679,-0.0568318584747702
2023-07-16T08:00:00Z,875530-99999,3.48656916895736,3.43913414750533,-0.0474350214520358
2023-07-16T10:00:00Z,875530-99999,2.59188766101332,2.54446523683838,-0.0474224241749441
2023-07-16T11:00:00Z,875530-99999,3.68145981935493,3.61786839418917,-0.0635914251657672
2023-07-16T12:00:00Z,875530-99999,5.55213988995818,5.53772389290688,-0.014415997051298
2023-07-16T13:00:00Z,875530-99999,4.77914799182187,4.72105236538022,-0.0580956264416539
2023-07-16T14:00:00Z,875530-99999,2.73728795533711,2.67910882821733,-0.0581791271197769
2023-07-16T16:00:00Z,875530-99999,4.35692239866504,4.33097968893223,-0.0259427097328162
2023-07-16T17:00:00Z,875530-99999,5.47296317944213,5.45597068903028,-0.0169924904118499
2023-07-16T18:00:00Z,875530-99999,3.49033909447114,3.41476482984597,-0.0755742646251747
2023-07-16T19:00:00Z,875530-99999,2.57926583217409,2.5170617795791,-0.0622040525949963
2023-07-16T20:00:00Z,875530-99999,3.1783036284775,3.15240798471495,-0.0258956437625537
2023-07-16T22:00:00Z,875530-99999,3.77784841690498,3.72466932205726,-0.0531790948477173
2023-07-16T23:00:00Z,875530-99999,6.21936973933058,6.18385566424776,-0.035514075082812
2023-07-10T00:00:00Z,704540-25704,2.02747163472658,2.09185791915048,0.0643862844238967
2023-07-10T01:00:00Z,704540-25704,7.27096895056949,7.31908886020081,0.0481199096313176
2023-07-10T02:00:00Z,704540-25704,6.07214336709666,6.13387072638426,0.0617273592876018
2023-07-10T03:00:00Z,704540-25704,8.04427153115348,8.04880122942946,0.00452969827598082
2023-07-10T04:00:00Z,704540-25704,4.57930202309724,4.58984147849898,0.0105394554017337
2023-07-10T05:00:00Z,704540-25704,3.55298569897032,3.58365766397615,0.0306719650058369
2023-07-10T06:00:00Z,704540-25704,5.06361484201445,5.08890276575315,0.0252879237386949
2023-07-10T07:00:00Z,704540-25704,2.79114390366953,2.8320511963141,0.0409072926445688
2023-07-10T08:00:00Z,704540-25704,6.21338493593792,6.23180855655756,0.018423620619636
2023-07-10T09:00:00Z,704540-25704,6.96068617764504,7.03203574029593,0.0713495626508944
2023-07-10T10:00:00Z,704540-25704,0.843094385287316,0.884787581719657,0.041693196432341
2023-07-10T11:00:00Z,704540-25704,3.13526380914065,3.17046747945476,0.0352036703141181
2023-07-10T12:00:00Z,704540-25704,-2.13587734624387,-2.08536519424762,0.0505121519962444
2023-07-10T13:00:00Z,704540-25704,-1.29386009451812,-1.28013386900602,0.0137262255121016
2023-07-10T14:00:00Z,704540-25704,-3.07018824041779,-3.00364586478706,0.0665423756307311
2023-07-10T15:00:00Z,704540-25704,-1.58462542969646,-1.54422854427241,0.0403968854240517
2023-07-10T16:00:00Z,704540-25704,1.33386839461353,1.35933557285117,0.0254671782376406
2023-07-10T17:00:00Z,704540-25704,0.397030795644632,0.405163399519516,0.00813260387488413
2023-07-10T18:00:00Z,704540-25704,-1.41158888335773,-1.35728250778401,0.0543063755737165
2023-07-10T19:00:00Z,704540-25704,3.42556502813146,3.48646252182765,0.0608974936961886
2023-07-10T20:00:00Z,704540-25704,0.056254066768517,0.068226902063671,0.011972835295154
2023-07-10T21:00:00Z,704540-25704,-2.62286420872896,-2.56016697549709,0.0626972332318658
2023-07-10T22:00:00Z,704540-25704,4.16875034102604,4.21096865936688,0.0422183183408436
2023-07-10T23:00:00Z,704540-25704,1.57628469083417,1.63642627091035,0.0601415800761771
2023-07-11T00:00:00Z,704540-25704,2.36646684089454,2.38736045755407,0.020893616659535
2023-07-11T01:00:00Z,704540-25704,1.66186252046722,1.67001113013585,0.00814860966863051
2023-07-11T02:00:00Z,704540-25704,1.78690267395783,1.85236291744106,0.0654602434832299
2023-07-11T03:00:00Z,704540-25704,0.349008245059892,0.411840537036703,0.062832291976811
2023-07-11T04:00:00Z,704540-25704,1.39881105008756,1.42819755274929,0.0293865026617297
2023-07-11T05:00:00Z,704540-25704,-1.1476122704707,-1.08997018397004,0.0576420865006568
2023-07-11T06:00:00Z,704540-25704,-0.26942288887652,-0.213686416620973,0.0557364722555462
2023-07-11T07:00:00Z,704540-25704,0.666523382692773,0.715667272135519,0.0491438894427461
2023-07-11T08:00:00Z,704540-25704,0.680815922253899,0.720382042583509,0.03956612032961
2023-07-11T09:00:00Z,704540-25704,1.18527849814903,1.23389668326647,0.0486181851174408
2023-07-11T10:00:00Z,704540-25704,3.45730691401777,3.49106308109361,0.0337561670758433
2023-07-11T11:00:00Z,704540-25704,3.3567435088439,3.36954936363811,0.0128058547942089
2023-07-11T12:00:00Z,704540-25704,0.836629529620232,0.867991325528024,0.0313617959077916
2023-07-11T13:00:00Z,704540-25704,2.18694828559866,2.19180902907541,0.00486074347674759
2023-07-11T14:00:00Z,704540-25704,-1.00237532391204,-0.958456349985212,0.0439189739268286
2023-07-11T15:00:00Z,704540-25704,2.63299958901244,2.64654232557941,0.0135427365669685
2023-07-11T16:00:00Z,704540-25704,1.36729177830558,1.37208714877254,0.00479537046696521
2023-07-11T17:00:00Z,704540-25704,-0.11101868425736,-0.0969036498531963,0.0141150344041634
2023-07-11T18:00:00Z,704540-25704,-0.900393463953265,-0.837409444060214,0.0629840198930509
2023-07-11T19:00:00Z,704540-25704,4.6854076867093,4.7015216992283,0.0161140125190045
2023-07-11T20:00:00Z,704540-25704,1.08368197941456,1.08967064560265,0.00598866618808813
2023-07-11T21:00:00Z,704540-25704,-0.694067745623627,-0.625317844916204,0.0687499007074237
2023-07-11T22:00:00Z,704540-25704,0.264419800095766,0.331359578614901,0.066939778519135
2023-07-11T23:00:00Z,704540-25704,2.76516275730391,2.82393943504485,0.0587766777409442
2023-07-12T00:00:00Z,704540-25704,0.604609722190922,0.631348141061174,0.0267384188702522
2023-07-12T01:00:00Z,704540-25704,3.09756255477888,3.11289014566102,0.0153275908821442
2023-07-12T02:00:00Z,704540-25704,3.19258866277933,3.25939643263033,0.0668077698509961
2023-07-12T03:00:00Z,704540-25704,1.48473610020401,1.53203231289898,0.0472962126949668
2023-07-12T04:00:00Z,704540-25704,1.98894527194985,2.04062548818948,0.0516802162396388
2023-07-12T05:00:00Z,704540-25704,6.2218370734162,6.26901343639385,0.0471763629776518
2023-07-12T06:00:00Z,704540-25704,1.83480230008622,1.86349964050615,0.0286973404199244
2023-07-12T07:00:00Z,704540-25704,3.55192485790242,3.58439506062918,0.0324702027267634
2023-07-12T08:00:00Z,704540-25704,2.44023409116336,2.50893674620565,0.0687026550422871
2023-07-12T09:00:00Z,704540-25704,-2.35952022148351,-2.32062928208939,0.0388909393941219
2023-07-12T10:00:00Z,704540-25704,-3.82082417054031,-3.75267598308507,0.0681481874552423
2023-07-12T11:00:00Z,704540-25704,-3.05507752077359,-3.01104745328377,0.0440300674898273
2023-07-12T12:00:00Z,704540-25704,-0.435535862045263,-0.371766312767889,0.0637695492773744
2023-07-12T13:00:00Z,704540-25704,1.52622331905025,1.59120182245301,0.0649785034027559
2023-07-12T14:00:00Z,704540-25704,-3.48067738638542,-3.46964259727431,0.0110347891111138
2023-07-12T15:00:00Z,704540-25704,-1.82612226043128,-1.77246441029813,0.0536578501331491
2023-07-12T16:00:00Z,704540-25704,-0.853553535417412,-0.817815505719594,0.0357380296978178
2023-07-12T17:00:00Z,704540-25704,0.632210259935881,0.651900915792673,0.0196906558567918
2023-07-12T18:00:00Z,704540-25704,-1.16107697917982,-1.13866404519392,0.0224129339858976
2023-07-12T19:00:00Z,704540-25704,-0.552900393860377,-0.531723917300283,0.0211764765600933
2023-07-12T20:00:00Z,704540-25704,-5.92565195711576,-5.90914783672334,0.0165041203924181
2023-07-12T21:00:00Z,704540-25704,-4.59669873401271,-4.58902918432601,0.0076695496867023
2023-07-12T22:00:00Z,704540-25704,-3.44802149149212,-3.39875248852619,0.0492690029659277
2023-07-12T23:00:00Z,704540-25704,-2.45437628710296,-2.40788225088086,0.0464940362221
2023-07-13T00:00:00Z,704540-25704,-3.38812563030948,-3.35370092066239,0.03442470964709
2023-07-13T01:00:00Z,704540-25704,2.74234880063861,2.75251246532795,0.0101636646893368
2023-07-13T02:00:00Z,704540-25704,1.2456594223957,1.31145933891287,0.0657999165171717
2023-07-13T03:00:00Z,704540-25704,0.382314873898913,0.449551582646748,0.0672367087478349
2023-07-13T04:00:00Z,704540-25704,-5.80099007587721,-5.7736201342564,0.0273699416208109
2023-07-13T05:00:00Z,704540-25704,-6.28069452332664,-6.27172389291371,0.00897063041293134
2023-07-13T06:00:00Z,704540-25704,-7.09481307408412,-7.09023826201366,0.00457481207045785
2023-07-13T07:00:00Z,704540-25704,-5.3329848907374,-5.29800963955673,0.0349752511806676
2023-07-13T08:00:00Z,704540-25704,-6.5761158021896,-6.54344945024831,0.0326663519412866
2023-07-13T09:00:00Z,704540-25704,-7.73035053315699,-7.71165649828923,0.0186940348677558
2023-07-13T10:00:00Z,704540-25704,-8.49471261148992,-8.43413100988745,0.0605816016024718
2023-07-13T11:00:00Z,704540-25704,-6.27489974491314,-6.2130638408231,0.0618359040900449
2023-07-13T12:00:00Z,704540-25704,-8.02860953955018,-7.99802559881447,0.0305839407357169
2023-07-13T13:00:00Z,704540-25704,-3.95156116692642,-3.89155326690174,0.0600079000246856
2023-07-13T14:00:00Z,704540-25704,-8.22204195304695,-8.17419215202329,0.0478498010236592
2023-07-13T15:00:00Z,704540-25704,0.252610202573706,0.28215855633362,0.0295483537599139
2023-07-13T16:00:00Z,704540-25704,2.05678056792783,2.12416677876304,0.0673862108352097
2023-07-13T17:00:00Z,704540-25704,2.42444824280632,2.46089654562852,0.0364483028222011
2023-07-13T18:00:00Z,704540-25704,-1.91399216337139,-1.88712008935092,0.0268720740204742
2023-07-13T19:00:00Z,704540-25704,-3.22409944455143,-3.19409451255073,0.0300049320006996
2023-07-13T20:00:00Z,704540-25704,-0.789122327693235,-0.747108075452047,0.0420142522411879
2023-07-13T21:00:00Z,704540-25704,3.6809526391329,3.7097903514458,0.0288377123128925
2023-07-13T22:00:00Z,704540-25704,-1.48017665981474,-1.41073484958904,0.0694418102256975
2023-07-13T23:00:00Z,704540-25704,-1.74916553605401,-1.69191806573826,0.0572474703157511
2023-07-14T00:00:00Z,704540-25704,-0.513893698201315,-0.473580327257146,0.040313370944169
2023-07-14T01:00:00Z,704540-25704,3.347867577959,3.39178032458691,0.0439127466279103
2023-07-14T02:00:00Z,704540-25704,-1.41361353371074,-1.38474460729713,0.0288689264136153
2023-07-14T03:00:00Z,704540-25704,0.03417206187126,0.0430611459928869,0.00888908412162692
2023-07-14T04:00:00Z,704540-25704,-1.43783573948052,-1.39367459609905,0.0441611433814657
2023-07-14T05:00:00Z,704540-25704,-1.38242091496425,-1.36779446840986,0.0146264465543879
2023-07-14T06:00:00Z,704540-25704,-3.31253740160622,-3.25388347921651,0.0586539223897153
2023-07-14T07:00:00Z,704540-25704,-0.444325163459347,-0.388872496556537,0.0554526669028093
2023-07-14T08:00:00Z,704540-25704,2.43224145681318,2.43811104314828,0.00586958633510193
2023-07-14T09:00:00Z,704540-25704,1.57133828718197,1.6133078686347,0.041969581452733
2023-07-14T10:00:00Z,704540-25704,-0.848237154536406,-0.794701257136019,0.053535897400387
2023-07-14T11:00:00Z,704540-25704,0.0820818111247874,0.148999670010475,0.066917858885688
2023-07-14T12:00:00Z,704540-25704,1.3438923858229,1.35849250041742,0.014600114594522
2023-07-14T13:00:00Z,704540-25704,1.21709540703527,1.23708122533926,0.0199858183039936
2023-07-14T14:00:00Z,704540-25704,-3.49593835973051,-3.4290981433321,0.0668402163984103
2023-07-14T15:00:00Z,704540-25704,-4.57679332710423,-4.55304183061941,0.0237514964848193
2023-07-14T16:00:00Z,704540-25704,1.40410112058329,1.43157488143397,0.0274737608506754
2023-07-14T17:00:00Z,704540-25704,-1.9224533412374,-1.86704409317436,0.0554092480630359
2023-07-14T18:00:00Z,704540-25704,-3.89160966338845,-3.83358469596515,0.0580249674232993
2023-07-14T19:00:00Z,704540-25704,2.32163459940794,2.36699406246028,0.0453594630523355
2023-07-14T20:00:00Z,704540-25704,5.04789623194303,5.11485232585969,0.0669560939166658
2023-07-14T21:00:00Z,704540-25704,3.77805283238629,3.79543954610531,0.01738671371902
2023-07-14T22:00:00Z,704540-25704,-0.364314139984387,-0.360447304064067,0.00386683592032
2023-07-14T23:00:00Z,704540-25704,0.633992443166122,0.642326674975521,0.00833423180939974
2023-07-15T00:00:00Z,704540-25704,-1.24237107143507,-1.22580888667809,0.0165621847569781
2023-07-15T01:00:00Z,704540-25704,4.49518745327035,4.51315629073172,0.0179688374613605
2023-07-15T02:00:00Z,704540-25704,0.25141636515783,0.294847459068706,0.0434310939108755
2023-07-15T03:00:00Z,704540-25704,4.08803544286032,4.11882798593071,0.0307925430703904
2023-07-15T04:00:00Z,704540-25704,2.00788542159074,2.04225438013776,0.0343689585470202
2023-07-15T05:00:00Z,704540-25704,4.12104110839374,4.16943526691022,0.04839415851648
2023-07-15T06:00:00Z,704540-25704,1.41968010534106,1.435102051565,0.0154219462239382
2023-07-15T07:00:00Z,704540-25704,2.80224206496536,2.81706237522195,0.0148203102565887
2023-07-15T08:00:00Z,704540-25704,4.31207485711121,4.33972639385936,0.0276515367481451
2023-07-15T09:00:00Z,704540-25704,5.29933594657535,5.31915203628247,0.0198160897071134
2023-07-15T10:00:00Z,704540-25704,6.19347291516087,6.22790430720906,0.0344313920481909
2023-07-15T11:00:00Z,704540-25704,2.70028633287376,2.72078250100654,0.0204961681327802
2023-07-15T12:00:00Z,704540-25704,-0.86418894110092,-0.857062213892185,0.00712672720873542
2023-07-15T13:00:00Z,704540-25704,1.73741085616111,1.78716704298579,0.0497561868246876
2023-07-15T14:00:00Z,704540-25704,0.249411557334952,0.28710078585123,0.0376892285162782
2023-07-15T15:00:00Z,704540-25704,9.98622703779631,10.0023725443476,0.0161455065512897
2023-07-15T16:00:00Z,704540-25704,10.7795054854813,10.837461269598,0.0579557841166221
2023-07-15T17:00:00Z,704540-25704,7.02356000523371,7.09173784570778,0.0681778404740783
2023-07-15T18:00:00Z,704540-25704,3.6617836924304,3.69181501704034,0.0300313246099364
2023-07-15T19:00:00Z,704540-25704,7.81019861307108,7.86068016297347,0.0504815499023934
2023-07-15T20:00:00Z,704540-25704,8.32901455216617,8.36100273338776,0.0319881812215854
2023-07-15T21:00:00Z,704540-25704,7.88364251814715,7.90808999709244,0.0244474789452909
2023-07-15T22:00:00Z,704540-25704,3.51088474842244,3.52051765714653,0.00963290872409317
2023-07-15T23:00:00Z,704540-25704,2.7767794908607,2.78504467993372,0.00826518907301477
2023-07-16T00:00:00Z,704540-25704,6.91010838403133,6.95861469541004,0.0485063113787092
2023-07-16T01:00:00Z,704540-25704,8.1732786436087,8.2420248944717,0.0687462508630006
2023-07-16T02:00:00Z,704540-25704,5.64323968159741,5.65346414840096,0.0102244668035496
2023-07-16T03:00:00Z,704540-25704,4.65473297350516,4.66947310350832,0.0147401300031618
2023-07-16T04:00:00Z,704540-25704,4.18228600659867,4.19182401121527,0.00953800461659426
2023-07-16T05:00:00Z,704540-25704,6.03410070989892,6.06419499945837,0.0300942895594432
2023-07-16T06:00:00Z,704540-25704,-0.503900918553356,-0.444058908500885,0.0598420100524706
2023-07-16T07:00:00Z,704540-25704,2.58505212968199,2.62714021144508,0.0420880817630902
2023-07-16T08:00:00Z,704540-25704,6.29004192365098,6.30672872479575,0.0166868011447718
2023-07-16T09:00:00Z,704540-25704,2.27791784476254,2.3073841889107,0.0294663441481617
2023-07-16T10:00:00Z,704540-25704,0.356454948728263,0.401680593392939,0.0452256446646757
2023-07-16T11:00:00Z,704540-25704,4.3943459870241,4.39846977480744,0.00412378778334244
2023-07-16T12:00:00Z,704540-25704,0.482246349782386,0.518579315131035,0.0363329653486488
2023-07-16T13:00:00Z,704540-25704,-1.26677860160564,-1.23560476273309,0.0311738388725544
2023-07-16T14:00:00Z,704540-25704,0.984678750333842,0.991328678149173,0.00664992781533158
2023-07-16T15:00:00Z,704540-25704,2.76345493349008,2.81626531024213,0.0528103767520491
2023-07-16T16:00:00Z,704540-25704,2.96764966669945,3.023056252417,0.0554065857175488
2023-07-16T17:00:00Z,704540-25704,7.07254217071351,7.12725311773003,0.0547109470165168
2023-07-16T18:00:00Z,704540-25704,2.56867409000947,2.60058830917939,0.03191421916992
2023-07-16T19:00:00Z,704540-25704,2.35340128306058,2.41024041342686,0.0568391303662779
2023-07-16T20:00:00Z,704540-25704,1.10434853676274,1.13110751969693,0.0267589829341901
2023-07-16T21:00:00Z,704540-25704,1.53418453967393,1.58200097911375,0.0478164394398206
2023-07-16T22:00:00Z,704540-25704,3.73159724101232,3.7407365412969,0.00913930028458054
2023-07-16T23:00:00Z,704540-25704,5.47525157651028,5.48156051387094,0.0063089373606573
2023-07-10T00:00:00Z,719250-99999,19.1727619170238,19.208294274823,0.0355323577992372
2023-07-10T03:00:00Z,719250-99999,21.4704758576556,21.519238728101,0.0487628704453265
2023-07-10T06:00:00Z,719250-99999,16.4777030487688,16.4844646668276,0.00676161805878905
2023-07-10T09:00:00Z,719250-99999,19.2952355351532,19.3550793146069,0.0598437794536899
2023-07-10T12:00:00Z,719250-99999,18.406819235601,18.439848609339,0.033029373738021
2023-07-10T15:00:00Z,719250-99999,20.9087084452025,20.9277944188928,0.0190859736903697
2023-07-10T18:00:00Z,719250-99999,19.0812324684389,19.0840290310839,0.00279656264508432
2023-07-10T21:00:00Z,719250-99999,29.6336639407386,29.6756525995192,0.041988658780614
2023-07-11T00:00:00Z,719250-99999,29.6591643608075,29.6792600575724,0.0200956967648409
2023-07-11T03:00:00Z,719250-99999,19.0432218751715,19.0832132931577,0.0399914179861689
2023-07-11T06:00:00Z,719250-99999,19.1252070042267,19.1291364641216,0.00392945989483096
2023-07-11T09:00:00Z,719250-99999,20.8010901059275,20.8511539468908,0.0500638409632686
2023-07-11T12:00:00Z,719250-99999,15.3992581277729,15.4513480457154,0.0520899179425278
2023-07-11T15:00:00Z,719250-99999,19.216975707325,19.2660472804719,0.0490715731469145
2023-07-11T18:00:00Z,719250-99999,19.6314733094876,19.6780306076207,0.0465572981331235
2023-07-11T21:00:00Z,719250-99999,18.629647826707,18.6631821260904,0.0335342993833585
2023-07-12T00:00:00Z,719250-99999,20.0516371849371,20.0838950539863,0.0322578690491966
2023-07-12T03:00:00Z,719250-99999,19.1913349823092,19.2570165806889,0.0656815983796939
2023-07-12T06:00:00Z,719250-99999,19.5392536496964,19.5684360119423,0.0291823622459049
2023-07-12T09:00:00Z,719250-99999,19.2459977576043,19.2537077700106,0.00771001240628166
2023-07-12T12:00:00Z,719250-99999,18.8006323040478,18.8171319840073,0.0164996799594945
2023-07-12T15:00:00Z,719250-99999,20.4945446459468,20.5146524735053,0.0201078275585367
2023-07-12T18:00:00Z,719250-99999,19.5765262865784,19.6307259430246,0.0541996564461478
2023-07-12T21:00:00Z,719250-99999,18.6730524629059,18.6877455252373,0.0146930623314816
2023-07-13T00:00:00Z,719250-99999,18.5074966118501,18.5638191197531,0.0563225079029728
2023-07-13T03:00:00Z,719250-99999,15.5169586639235,15.5375403694896,0.0205817055661264
2023-07-13T06:00:00Z,719250-99999,19.6219386231306,19.6574467836644,0.0355081605338548
2023-07-13T09:00:00Z,719250-99999,17.7716220640831,17.7837225415496,0.0121004774664577
2023-07-13T12:00:00Z,719250-99999,19.4295097923661,19.4872122642399,0.0577024718738031
2023-07-13T15:00:00Z,719250-99999,18.1170532837215,18.1436926990843,0.0266394153627871
2023-07-13T18:00:00Z,719250-99999,18.5868596414764,18.6243058739685,0.0374462324920906
2023-07-13T21:00:00Z,719250-99999,15.1845840979629,15.2168938071056,0.0323097091427815
2023-07-14T00:00:00Z,719250-99999,15.2979984450527,15.307938880662,0.00994043560923963
2023-07-14T03:00:00Z,719250-99999,18.3382970342094,18.3477606058974,0.00946357168805179
2023-07-14T06:00:00Z,719250-99999,18.6518305397846,18.6930356541277,0.0412051143430148
2023-07-14T09:00:00Z,719250-99999,15.8117168047599,15.8403631421564,0.0286463373964647
2023-07-14T12:00:00Z,719250-99999,19.0507731069645,19.0837948025316,0.0330216955671148
2023-07-14T15:00:00Z,719250-99999,25.6930551392163,25.7475604795256,0.0545053403092943
2023-07-14T18:00:00Z,719250-99999,15.7432719158825,15.796685108892,0.0534131930094262
2023-07-14T21:00:00Z,719250-99999,11.3183847049523,11.3235017634377,0.00511705848534305
2023-07-15T00:00:00Z,719250-99999,18.200910351693,18.2260603197623,0.0251499680693037
2023-07-15T03:00:00Z,719250-99999,17.3860534384086,17.4441358609501,0.0580824225414283
2023-07-15T06:00:00Z,719250-99999,17.3675617805191,17.4256748610363,0.058113080517213
2023-07-15T09:00:00Z,719250-99999,19.7894217769079,19.7977270624368,0.00830528552884147
2023-07-15T12:00:00Z,719250-99999,18.4217381252727,18.4485294598871,0.0267913346144439
2023-07-15T15:00:00Z,719250-99999,20.7476579187206,20.7534717968953,0.00581387817473811
2023-07-15T18:00:00Z,719250-99999,18.2628514983844,18.2830402998363,0.0201888014518978
2023-07-15T21:00:00Z,719250-99999,18.3077217660173,18.3329510804927,0.0252293144754709
2023-07-16T00:00:00Z,719250-99999,18.7243257213132,18.7501789917666,0.0258532704534211
2023-07-16T03:00:00Z,719250-99999,19.6829942096322,19.7044919714344,0.0214977618021841
2023-07-16T06:00:00Z,719250-99999,19.1768320448022,19.2268133247648,0.0499812799625126
2023-07-16T09:00:00Z,719250-99999,17.9201637155297,17.9851379658681,0.0649742503383948
2023-07-16T12:00:00Z,719250-99999,19.7138150656521,19.7833726443746,0.0695575787225238
2023-07-16T15:00:00Z,719250-99999,18.8427037570538,18.8673219850368,0.024618227983094
2023-07-16T18:00:00Z,719250-99999,19.575996402749,19.6134339414393,0.0374375386902877
2023-07-16T21:00:00Z,719250-99999,20.8850940971058,20.9212497041132,0.0361556070073199
2023-07-10T00:00:00Z,359250-99999,86.2532220566003,86.2658829664732,0.0126609098728636
2023-07-10T03:00:00Z,359250-99999,81.9292051253117,81.9432974974976,0.0140923721858854
2023-07-10T06:00:00Z,359250-99999,85.6275999024122,85.650467886525,0.0228679841128212
2023-07-10T09:00:00Z,359250-99999,86.5326085684383,86.5035148346667,-0.0290937337716173
2023-07-10T12:00:00Z,359250-99999,86.8490988891205,86.8257039720726,-0.0233949170478809
2023-07-10T15:00:00Z,359250-99999,89.7877296300474,89.763897057198,-0.0238325728494573
2023-07-10T18:00:00Z,359250-99999,90.6212646752785,90.6212954922102,3.0816931712252e-05
2023-07-10T21:00:00Z,359250-99999,86.5292574644308,86.5237814813448,-0.00547598308605757
2023-07-11T00:00:00Z,359250-99999,92.6693952949299,92.709866986944,0.0404716920140231
2023-07-11T03:00:00Z,359250-99999,86.560445834405,86.5978567225945,0.0374108881894983
2023-07-11T06:00:00Z,359250-99999,78.0016157569486,78.003621758224,0.00200600127544703
2023-07-11T09:00:00Z,359250-99999,81.4472842399491,81.4441509408529,-0.003133299096163
2023-07-11T12:00:00Z,359250-99999,89.5977101945947,89.6443151094232,0.0466049148285066
2023-07-11T15:00:00Z,359250-99999,91.5483889040233,91.5221881116276,-0.0262007923957555
2023-07-11T18:00:00Z,359250-99999,82.7070719568014,82.691889719026,-0.0151822377754343
2023-07-11T21:00:00Z,359250-99999,92.9360285270384,92.9691973642587,0.0331688372202876
2023-07-12T00:00:00Z,359250-99999,92.1843541357022,92.1799164609356,-0.00443767476659218
2023-07-12T06:00:00Z,359250-99999,82.8598314253798,82.8352638802875,-0.024567545092367
2023-07-12T09:00:00Z,359250-99999,80.2134256183943,80.2470521545486,0.033626536154344
2023-07-12T15:00:00Z,359250-99999,84.0570437350769,84.0489687073747,-0.00807502770220481
2023-07-12T18:00:00Z,359250-99999,86.5094290659851,86.5016079100209,-0.00782115596416588
2023-07-12T21:00:00Z,359250-99999,85.8713259305377,85.8570012746835,-0.0143246558542103
2023-07-13T00:00:00Z,359250-99999,86.8587090536603,86.8712258910622,0.012516837401833
2023-07-13T03:00:00Z,359250-99999,84.0481756424996,84.0762170868127,0.0280414443131178
2023-07-13T06:00:00Z,359250-99999,83.1807623526519,83.1982060952009,0.0174437425489771
2023-07-13T09:00:00Z,359250-99999,85.8348262591512,85.8565170932428,0.0216908340916859
2023-07-13T18:00:00Z,359250-99999,86.5615705738628,86.5890693028831,0.0274987290202944
2023-07-13T21:00:00Z,359250-99999,86.5785637178711,86.6192888647267,0.0407251468556638
2023-07-14T00:00:00Z,359250-99999,84.6022708937808,84.5914304385753,-0.0108404552054395
2023-07-14T03:00:00Z,359250-99999,85.9241933417742,85.9320442021491,0.00785086037492988
2023-07-14T06:00:00Z,359250-99999,84.3660582674938,84.3786980493385,0.0126397818447259
2023-07-14T09:00:00Z,359250-99999,80.6613631643277,80.6498398984748,-0.011523265852972
2023-07-14T12:00:00Z,359250-99999,81.8649484326137,81.8700093656988,0.00506093308509037
2023-07-14T15:00:00Z,359250-99999,81.2793115317866,81.3029825375498,0.0236710057632052
2023-07-14T18:00:00Z,359250-99999,84.6912289578831,84.6814819534651,-0.00974700441796017
2023-07-14T21:00:00Z,359250-99999,86.4294105434824,86.4043972031134,-0.0250133403690001
2023-07-15T00:00:00Z,359250-99999,87.4463546595982,87.444944754496,-0.00140990510216454
2023-07-15T03:00:00Z,359250-99999,85.9793392291699,86.004072169835,0.0247329406651176
2023-07-15T06:00:00Z,359250-99999,86.0732412599714,86.0686503255748,-0.00459093439661729
2023-07-15T09:00:00Z,359250-99999,85.8913446560412,85.9313513141485,0.0400066581074015
2023-07-15T12:00:00Z,359250-99999,86.8378447850147,86.8661735638139,0.0283287787991924
2023-07-15T15:00:00Z,359250-99999,89.6791989700231,89.6813963636777,0.0021973936546118
2023-07-15T18:00:00Z,359250-99999,89.3498920078678,89.3403729919471,-0.00951901592070215
2023-07-15T21:00:00Z,359250-99999,87.3146334147155,87.314913109645,0.000279694929474772
2023-07-16T00:00:00Z,359250-99999,87.688482518731,87.6956277426573,0.00714522392621575
2023-07-16T03:00:00Z,359250-99999,83.2441708889504,83.218528828555,-0.0256420603953131
2023-07-16T06:00:00Z,359250-99999,81.3133229484279,81.2909111936835,-0.0224117547444251
2023-07-16T09:00:00Z,359250-99999,75.7484487324266,75.7417920454757,-0.0066566869509046
2023-07-16T12:00:00Z,359250-99999,81.2744421527459,81.3108353910407,0.0363932382947922
2023-07-16T15:00:00Z,359250-99999,84.7028749036386,84.7430739542948,0.0401990506561276
2023-07-16T18:00:00Z,359250-99999,85.5036285974268,85.5393590880443,0.0357304906174534
2023-07-16T21:00:00Z,359250-99999,86.4493456558187,86.4679617765886,0.018616120769849
2023-07-10T00:00:00Z,408780-99999,1180.32602226174,1180.33439402778,0.00837176603613443
2023-07-10T03:00:00Z,408780-99999,1177.14253030268,1177.16252414575,0.0199938430653219
2023-07-10T06:00:00Z,408780-99999,1170.54442434327,1170.60241578001,0.0579914367431229
2023-07-10T09:00:00Z,408780-99999,1170.07596450322,1170.14254685942,0.066582356199433
2023-07-10T12:00:00Z,408780-99999,1172.00302105237,1172.02096709138,0.0179460390124859
2023-07-10T15:00:00Z,408780-99999,1174.1809088904,1174.23589341444,0.0549845240395825
2023-07-10T18:00:00Z,408780-99999,1175.99229695269,1176.05032402939,0.0580270767009097
2023-07-10T21:00:00Z,408780-99999,1175.26053578819,1175.31905461426,0.0585188260740779
2023-07-11T00:00:00Z,408780-99999,1175.92468023978,1175.98553302595,0.0608527861654693
2023-07-11T03:00:00Z,408780-99999,1177.36116681683,1177.40880842422,0.0476416073834116
2023-07-11T06:00:00Z,408780-99999,1169.53972363635,1169.58824769513,0.0485240587790941
2023-07-11T09:00:00Z,408780-99999,1170.47513370164,1170.48901081397,0.0138771123295101
2023-07-11T12:00:00Z,408780-99999,1171.34263968858,1171.4084989237,0.0658592351178413
2023-07-11T15:00:00Z,408780-99999,1172.96777717943,1172.99246882338,0.0246916439448341
2023-07-11T18:00:00Z,408780-99999,1176.60210444727,1176.66563506934,0.0635306220735856
2023-07-11T21:00:00Z,408780-99999,1175.6140598026,1175.64980883586,0.0357490332614816
2023-07-12T00:00:00Z,408780-99999,1174.9010534654,1174.95092769035,0.0498742249542374
2023-07-12T03:00:00Z,408780-99999,1171.53501036276,1171.57685169818,0.041841335424806
2023-07-12T06:00:00Z,408780-99999,1171.36571380969,1171.40101434386,0.0353005341701191
2023-07-12T09:00:00Z,408780-99999,1171.84917384073,1171.90166832115,0.0524944804249117
2023-07-12T12:00:00Z,408780-99999,1167.49237455183,1167.55433074068,0.0619561888440785
2023-07-12T15:00:00Z,408780-99999,1177.00727955894,1177.04268398703,0.0354044280904873
2023-07-12T18:00:00Z,408780-99999,1177.48759626378,1177.53191346409,0.0443172003051586
2023-07-12T21:00:00Z,408780-99999,1176.22530957409,1176.30312739418,0.0778178200928323
2023-07-13T00:00:00Z,408780-99999,1172.45519821497,1172.53024791412,0.0750496991440741
2023-07-13T03:00:00Z,408780-99999,1168.8156063846,1168.82902974369,0.0134233590927124
2023-07-13T06:00:00Z,408780-99999,1168.20877828229,1168.25867934457,0.0499010622797869
2023-07-13T09:00:00Z,408780-99999,1167.22653520325,1167.29257949157,0.0660442883233827
2023-07-13T12:00:00Z,408780-99999,1168.89301167874,1168.96042793902,0.0674162602804245
2023-07-13T15:00:00Z,408780-99999,1177.38452044696,1177.40124575304,0.0167253060819803
2023-07-13T18:00:00Z,408780-99999,1177.15803528085,1177.23213192291,0.0740966420521545
2023-07-13T21:00:00Z,408780-99999,1177.99941295398,1178.04533098734,0.0459180333662062
2023-07-14T00:00:00Z,408780-99999,1179.07617506525,1179.08023452671,0.00405946145269809
2023-07-14T03:00:00Z,408780-99999,1172.45603778719,1172.48448643129,0.0284486441039462
2023-07-14T06:00:00Z,408780-99999,1171.53888113807,1171.60700660123,0.0681254631633692
2023-07-14T09:00:00Z,408780-99999,1169.82531679328,1169.8869089409,0.0615921476223775
2023-07-14T12:00:00Z,408780-99999,1169.9055411856,1169.91333811204,0.00779692644459828
2023-07-14T15:00:00Z,408780-99999,1173.60501867883,1173.66180721558,0.0567885367545387
2023-07-14T18:00:00Z,408780-99999,1179.44970437365,1179.48616257742,0.0364582037616401
2023-07-14T21:00:00Z,408780-99999,1174.88591483215,1174.93969732995,0.0537824978057415
2023-07-15T00:00:00Z,408780-99999,1174.0768667742,1174.12521407432,0.0483473001177117
2023-07-15T03:00:00Z,408780-99999,1171.39732741596,1171.42590790901,0.0285804930485938
2023-07-15T06:00:00Z,408780-99999,1166.94633557219,1166.96093498192,0.0145994097240418
2023-07-15T09:00:00Z,408780-99999,1171.52536164869,1171.53432209644,0.00896044775026894
2023-07-15T12:00:00Z,408780-99999,1162.28806446871,1162.3325701562,0.0445056874948477
2023-07-15T15:00:00Z,408780-99999,1170.69865133247,1170.75183054599,0.0531792135122942
2023-07-15T18:00:00Z,408780-99999,1173.28145958037,1173.33399500319,0.0525354228154811
2023-07-15T21:00:00Z,408780-99999,1172.6711549709,1172.72590488559,0.0547499146864539
2023-07-16T00:00:00Z,408780-99999,1175.06085500224,1175.07495865184,0.0141036496042943
2023-07-16T03:00:00Z,408780-99999,1172.17988490398,1172.20419223711,0.0243073331253072
2023-07-16T06:00:00Z,408780-99999,1169.90851984704,1169.98393808844,0.0754182413993476
2023-07-16T09:00:00Z,408780-99999,1170.58857361588,1170.65759549652,0.0690218806450957
2023-07-16T12:00:00Z,408780-99999,1171.34111264988,1171.42881138023,0.0876987303488477
2023-07-16T15:00:00Z,408780-99999,1177.46834216868,1177.52835689182,0.060014723136419
2023-07-16T18:00:00Z,408780-99999,1174.06489811942,1174.1487463863,0.0838482668823417
2023-07-16T21:00:00Z,408780-99999,1174.35509586625,1174.37078615229,0.0156902860439914
2023-07-10T00:00:00Z,702910-26412,520.704766176742,520.659235255252,-0.0455309214900126
2023-07-10T01:00:00Z,702910-26412,524.520150493558,524.47690832416,-0.0432421693978995
2023-07-10T02:00:00Z,702910-26412,528.31023746972,528.276336259376,-0.0339012103440837
2023-07-10T03:00:00Z,702910-26412,528.295632435863,528.298071524765,0.00243908890217881
2023-07-10T04:00:00Z,702910-26412,533.909423112389,533.908038708928,-0.00138440346154312
2023-07-10T05:00:00Z,702910-26412,532.865292375443,532.839175366561,-0.026117008881215
2023-07-10T06:00:00Z,702910-26412,536.381756914254,536.354171652446,-0.0275852618078716
2023-07-10T07:00:00Z,702910-26412,534.887749764943,534.820176637686,-0.0675731272572193
2023-07-10T08:00:00Z,702910-26412,534.152588711744,534.116519754257,-0.036068957486691
2023-07-10T09:00:00Z,702910-26412,534.517168596102,534.494442602991,-0.0227259931108392
2023-07-10T10:00:00Z,702910-26412,534.043062403863,533.983844769627,-0.0592176342363473
2023-07-10T11:00:00Z,702910-26412,533.94559194953,533.906919244615,-0.0386727049153706
2023-07-10T12:00:00Z,702910-26412,534.361005095415,534.338931806566,-0.02207328884856
2023-07-10T13:00:00Z,702910-26412,531.223165472069,531.18575663635,-0.0374088357192477
2023-07-10T14:00:00Z,702910-26412,533.359496173407,533.350234156711,-0.00926201669619786
2023-07-10T15:00:00Z,702910-26412,528.899868032434,528.834794388785,-0.0650736436493844
2023-07-10T16:00:00Z,702910-26412,529.173841017096,529.12207082154,-0.0517701955554912
2023-07-10T17:00:00Z,702910-26412,531.166655954139,531.132768360884,-0.0338875932555993
2023-07-10T18:00:00Z,702910-26412,530.54434932218,530.518180111133,-0.026169211046863
2023-07-10T19:00:00Z,702910-26412,529.261231481443,529.22304683,-0.0381846514429753
2023-07-10T20:00:00Z,702910-26412,532.367812017843,532.315786944029,-0.0520250738142067
2023-07-10T21:00:00Z,702910-26412,533.117451759435,533.078998457657,-0.0384533017783042
2023-07-10T22:00:00Z,702910-26412,524.914836480164,524.915082987381,0.000246507217525505
2023-07-10T23:00:00Z,702910-26412,527.319327233759,527.270934371166,-0.0483928625931185
2023-07-11T00:00:00Z,702910-26412,529.724082100887,529.663057436189,-0.0610246646980386
2023-07-11T01:00:00Z,702910-26412,530.331609765974,530.312274056929,-0.0193357090448671
2023-07-11T02:00:00Z,702910-26412,526.903671437277,526.885036833009,-0.0186346042675041
2023-07-11T03:00:00Z,702910-26412,529.200287315953,529.165544625809,-0.0347426901435028
2023-07-11T04:00:00Z,702910-26412,529.941564725032,529.940823326474,-0.000741398558716355
2023-07-11T05:00:00Z,702910-26412,527.366206237787,527.34795027174,-0.0182559660473771
2023-07-11T06:00:00Z,702910-26412,531.951730886521,531.940728235863,-0.0110026506582699
2023-07-11T07:00:00Z,702910-26412,531.103098341011,531.090639462817,-0.0124588781936836
2023-07-11T08:00:00Z,702910-26412,532.851549416546,532.783669415024,-0.0678800015222123
2023-07-11T09:00:00Z,702910-26412,534.478098558707,534.468659579483,-0.00943897922377346
2023-07-11T10:00:00Z,702910-26412,539.660288791919,539.654406271811,-0.00588252010868473
2023-07-11T11:00:00Z,702910-26412,535.330653755387,535.27084085336,-0.0598129020269198
2023-07-11T12:00:00Z,702910-26412,533.29385327616,533.292520180363,-0.00133309579678098
2023-07-11T13:00:00Z,702910-26412,530.098093961982,530.038577217935,-0.0595167440471869
2023-07-11T14:00:00Z,702910-26412,527.152884344864,527.104858625264,-0.0480257195995364
2023-07-11T15:00:00Z,702910-26412,528.470655424262,528.416349731985,-0.0543056922762162
2023-07-11T16:00:00Z,702910-26412,526.062146506044,526.003639644899,-0.0585068611447923
2023-07-11T17:00:00Z,702910-26412,530.149121270424,530.146315225578,-0.0028060448458973
2023-07-11T18:00:00Z,702910-26412,527.073669855597,527.024796072309,-0.0488737832880588
2023-07-11T19:00:00Z,702910-26412,530.736831447014,530.67841073413,-0.0584207128836169
2023-07-11T20:00:00Z,702910-26412,529.530482979594,529.466237751849,-0.0642452277455732
2023-07-11T21:00:00Z,702910-26412,530.696996290604,530.631346317969,-0.0656499726349011
2023-07-11T22:00:00Z,702910-26412,523.496689583493,523.480293886177,-0.016395697316284
2023-07-11T23:00:00Z,702910-26412,524.798080453478,524.740900222773,-0.0571802307044891
2023-07-12T00:00:00Z,702910-26412,527.684621660063,527.631172158715,-0.0534495013482683
2023-07-12T01:00:00Z,702910-26412,526.336211464117,526.339270647352,0.00305918323442711
2023-07-12T02:00:00Z,702910-26412,531.164234876628,531.16246366515,-0.00177121147783055
2023-07-12T03:00:00Z,702910-26412,530.846741166895,530.824346303982,-0.0223948629130746
2023-07-12T04:00:00Z,702910-26412,535.232891689104,535.225490277363,-0.00740141174082964
2023-07-12T05:00:00Z,702910-26412,529.204122193506,529.182400187834,-0.0217220056714496
2023-07-12T06:00:00Z,702910-26412,535.454298505092,535.418337526537,-0.0359609785552948
2023-07-12T07:00:00Z,702910-26412,531.902022743547,531.833931984912,-0.0680907586341846
2023-07-12T08:00:00Z,702910-26412,533.415973645684,533.37910332478,-0.0368703209032901
2023-07-12T09:00:00Z,702910-26412,534.098744063432,534.052824109651,-0.0459199537814357
2023-07-12T10:00:00Z,702910-26412,532.257685030791,532.232929565613,-0.0247554651773498
2023-07-12T11:00:00Z,702910-26412,528.609996004797,528.551495530763,-0.0585004740338491
2023-07-12T12:00:00Z,702910-26412,532.944266707469,532.89098922098,-0.0532774864890371
2023-07-12T13:00:00Z,702910-26412,526.525982771203,526.470656147942,-0.0553266232611804
2023-07-12T14:00:00Z,702910-26412,523.608073803134,523.552598786206,-0.055475016927403
2023-07-12T15:00:00Z,702910-26412,529.247298514266,529.199668916227,-0.047629598039066
2023-07-12T16:00:00Z,702910-26412,528.457252255529,528.401765656653,-0.0554865988756319
2023-07-12T17:00:00Z,702910-26412,523.751278613932,523.710548926257,-0.0407296876742294
2023-07-12T18:00:00Z,702910-26412,516.325113312012,516.28619141487,-0.0389218971422451
2023-07-12T19:00:00Z,702910-26412,524.829568245886,524.825332419991,-0.00423582589462512
2023-07-12T20:00:00Z,702910-26412,525.593681084403,525.551366189062,-0.042314895341292
2023-07-12T21:00:00Z,702910-26412,517.751467640464,517.702472767957,-0.0489948725069098
2023-07-12T22:00:00Z,702910-26412,526.672030306216,526.647106254264,-0.0249240519527802
2023-07-12T23:00:00Z,702910-26412,528.644238090769,528.629652864856,-0.0145852259130379
2023-07-13T00:00:00Z,702910-26412,525.42653265719,525.396623852886,-0.0299088043040001
2023-07-13T01:00:00Z,702910-26412,524.767048841619,524.730553077597,-0.0364957640225612
2023-07-13T02:00:00Z,702910-26412,524.024016985523,524.010748702998,-0.0132682825244501
2023-07-13T03:00:00Z,702910-26412,525.852004371609,525.845656886129,-0.0063474854797505
2023-07-13T04:00:00Z,702910-26412,526.778784024642,526.768203428155,-0.010580596486875
2023-07-13T05:00:00Z,702910-26412,523.520407888978,523.472672088307,-0.0477358006711484
2023-07-13T06:00:00Z,702910-26412,526.919819541372,526.914140941081,-0.00567860029070744
2023-07-13T07:00:00Z,702910-26412,523.346191771738,523.296514585809,-0.0496771859296814
2023-07-13T08:00:00Z,702910-26412,526.310453509428,526.247022361705,-0.0634311477233496
2023-07-13T09:00:00Z,702910-26412,527.60723406668,527.604948311554,-0.00228575512517182
2023-07-13T10:00:00Z,702910-26412,529.439472160271,529.378806791606,-0.060665368664786
2023-07-13T11:00:00Z,702910-26412,527.653043751501,527.652185380783,-0.000858370717878643
2023-07-13T12:00:00Z,702910-26412,529.614199772799,529.594875894611,-0.019323878188743
2023-07-13T13:00:00Z,702910-26412,524.412539385473,524.396742637702,-0.0157967477711054
2023-07-13T14:00:00Z,702910-26412,528.392771991852,528.354015202379,-0.0387567894725862
2023-07-13T15:00:00Z,702910-26412,524.938089259873,524.940173374717,0.00208411484379667
2023-07-13T16:00:00Z,702910-26412,527.100516071331,527.102218625293,0.0017025539621045
2023-07-13T17:00:00Z,702910-26412,528.403009884448,528.401931472313,-0.00107841213548454
2023-07-13T18:00:00Z,702910-26412,527.954889226994,527.954077232279,-0.000811994714695175
2023-07-13T19:00:00Z,702910-26412,526.661822976146,526.607343097681,-0.0544798784645764
2023-07-13T20:00:00Z,702910-26412,524.441857324449,524.381029110422,-0.0608282140273104
2023-07-13T21:00:00Z,702910-26412,523.954019283541,523.949805254667,-0.00421402887377553
2023-07-13T22:00:00Z,702910-26412,526.131176936713,526.122636233387,-0.00854070332582069
2023-07-13T23:00:00Z,702910-26412,526.494810875721,526.493438253554,-0.00137262216765066
2023-07-14T00:00:00Z,702910-26412,524.497512275044,524.481524019506,-0.0159882555379909
2023-07-14T01:00:00Z,702910-26412,523.274923568091,523.265956463048,-0.00896710504355269
2023-07-14T02:00:00Z,702910-26412,524.034919297908,523.991492312699,-0.0434269852084981
2023-07-14T03:00:00Z,702910-26412,523.876202390161,523.852036035572,-0.0241663545892834
2023-07-14T04:00:00Z,702910-26412,523.625480979682,523.577878196775,-0.0476027829064378
2023-07-14T05:00:00Z,702910-26412,524.078217036239,524.027184790444,-0.0510322457947723
2023-07-14T06:00:00Z,702910-26412,525.991706446675,525.961230092957,-0.0304763537185409
2023-07-14T07:00:00Z,702910-26412,524.012799742554,523.997471979799,-0.0153277627543957
2023-07-14T08:00:00Z,702910-26412,524.966586768283,524.904958388247,-0.0616283800361543
2023-07-14T09:00:00Z,702910-26412,524.506379591986,524.505020332075,-0.0013592599104868
2023-07-14T10:00:00Z,702910-26412,528.712142539701,528.672026364592,-0.040116175108551
2023-07-14T11:00:00Z,702910-26412,530.520886523304,530.462864465231,-0.0580220580729929
2023-07-14T12:00:00Z,702910-26412,527.500935723981,527.496345305076,-0.00459041890496792
2023-07-14T13:00:00Z,702910-26412,526.238893705781,526.176079525929,-0.0628141798514434
2023-07-14T14:00:00Z,702910-26412,527.26494285513,527.225679971268,-0.039262883861511
2023-07-14T15:00:00Z,702910-26412,527.379716602412,527.362428956047,-0.0172876463651619
2023-07-14T16:00:00Z,702910-26412,526.898970410914,526.849222515963,-0.0497478949508832
2023-07-14T17:00:00Z,702910-26412,525.556009270225,525.551028169651,-0.00498110057390022
2023-07-14T18:00:00Z,702910-26412,524.929587947743,524.90609460496,-0.0234933427828992
2023-07-14T19:00:00Z,702910-26412,520.268847868142,520.20611616288,-0.0627317052624221
2023-07-14T20:00:00Z,702910-26412,521.693515528368,521.629214422877,-0.064301105491154
2023-07-14T21:00:00Z,702910-26412,518.604399711213,518.540016051254,-0.0643836599582528
2023-07-14T22:00:00Z,702910-26412,522.172320386867,522.134947658833,-0.0373727280338017
2023-07-14T23:00:00Z,702910-26412,521.018484359415,520.956247921927,-0.062236437487968
2023-07-15T00:00:00Z,702910-26412,523.02052587071,523.020817309611,0.000291438900717367
2023-07-15T01:00:00Z,702910-26412,524.052734843481,524.025350270913,-0.027384572568053
2023-07-15T02:00:00Z,702910-26412,519.893724497298,519.868486351592,-0.0252381457061119
2023-07-15T03:00:00Z,702910-26412,519.556265414564,519.545852075942,-0.0104133386220155
2023-07-15T04:00:00Z,702910-26412,523.550396872352,523.511445262365,-0.0389516099874072
2023-07-15T05:00:00Z,702910-26412,522.421636724973,522.415920858403,-0.00571586657031276
2023-07-15T06:00:00Z,702910-26412,529.147540947712,529.099707464616,-0.0478334830961558
2023-07-15T07:00:00Z,702910-26412,528.681414706072,528.655830235273,-0.0255844707986626
2023-07-15T08:00:00Z,702910-26412,528.349279083948,528.290261652796,-0.0590174311520286
2023-07-15T09:00:00Z,702910-26412,532.179205729511,532.171782259353,-0.00742347015773248
2023-07-15T10:00:00Z,702910-26412,526.608057501591,526.55964349565,-0.0484140059406855
2023-07-15T11:00:00Z,702910-26412,529.994255487873,529.957652496397,-0.0366029914763431
2023-07-15T12:00:00Z,702910-26412,529.335458196445,529.330707843854,-0.00475035259080414
2023-07-15T13:00:00Z,702910-26412,529.470254576834,529.455118705432,-0.0151358714017533
2023-07-15T14:00:00Z,702910-26412,528.073700500509,528.0258160096,-0.0478844909089276
2023-07-15T15:00:00Z,702910-26412,524.53015799412,524.53320989779,0.00305190366998431
2023-07-15T16:00:00Z,702910-26412,529.017181143663,528.988000187175,-0.0291809564878349
2023-07-15T17:00:00Z,702910-26412,524.486898292852,524.45984478706,-0.0270535057923098
2023-07-15T18:00:00Z,702910-26412,523.439769441714,523.419934579897,-0.019834861817003
2023-07-15T19:00:00Z,702910-26412,519.841408545868,519.821506676267,-0.0199018696005169
2023-07-15T20:00:00Z,702910-26412,524.723296802544,524.663263859527,-0.0600329430171769
2023-07-15T21:00:00Z,702910-26412,523.232104191348,523.210378499134,-0.0217256922144315
2023-07-15T22:00:00Z,702910-26412,521.362114570152,521.362313387058,0.000198816906504362
2023-07-15T23:00:00Z,702910-26412,522.67229340493,522.651727522289,-0.0205658826409945
2023-07-16T00:00:00Z,702910-26412,521.900831883044,521.902636758566,0.00180487552233899
2023-07-16T01:00:00Z,702910-26412,524.469086028491,524.459450000229,-0.00963602826175247
2023-07-16T02:00:00Z,702910-26412,524.34830148904,524.280504291819,-0.0677971972204432
2023-07-16T03:00:00Z,702910-26412,523.507154843033,523.440877233045,-0.0662776099882194
2023-07-16T04:00:00Z,702910-26412,525.663049111952,525.667514812068,0.00446570011513359
2023-07-16T05:00:00Z,702910-26412,522.516584424304,522.516037852818,-0.000546571485983805
2023-07-16T06:00:00Z,702910-26412,523.48132189936,523.458038451094,-0.0232834482662838
2023-07-16T07:00:00Z,702910-26412,524.686639934793,524.626663437189,-0.0599764976034294
2023-07-16T08:00:00Z,702910-26412,524.106550715011,524.076201554827,-0.0303491601838459
2023-07-16T09:00:00Z,702910-26412,526.678188627978,526.673704833468,-0.00448379451052006
2023-07-16T10:00:00Z,702910-26412,523.720963383017,523.68414288356,-0.0368204994570078
2023-07-16T11:00:00Z,702910-26412,524.717745716374,524.660744537498,-0.0570011788761349
2023-07-16T12:00:00Z,702910-26412,523.702129592422,523.640250068277,-0.0618795241456382
2023-07-16T13:00:00Z,702910-26412,525.029059192725,524.986108774191,-0.0429504185336782
2023-07-16T14:00:00Z,702910-26412,523.003786687395,523.001885626331,-0.00190106106470012
2023-07-16T15:00:00Z,702910-26412,522.913520280604,522.913281735285,-0.00023854531877987
2023-07-16T16:00:00Z,702910-26412,524.071566529685,524.049794115574,-0.0217724141110693
2023-07-16T17:00:00Z,702910-26412,522.861380303969,522.8273137985,-0.0340665054690135
2023-07-16T18:00:00Z,702910-26412,522.4377076094,522.41218540505,-0.0255222043496133
2023-07-16T19:00:00Z,702910-26412,521.390497999416,521.391564056598,0.00106605718133324
2023-07-16T20:00:00Z,702910-26412,523.523923098912,523.47368265345,-0.0502404454614407
2023-07-16T21:00:00Z,702910-26412,525.085791308866,525.052379953939,-0.0334113549276935
2023-07-16T22:00:00Z,702910-26412,520.218535830823,520.195226800009,-0.0233090308134933
2023-07-16T23:00:00Z,702910-26412,521.892795272113,521.85231993849,-0.0404753336226804
2023-07-10T00:00:00Z,919380-99999,7.26498805460615,7.33657440102391,0.0715863464177602
2023-07-10T03:00:00Z,919380-99999,6.97462534343615,7.01410609645068,0.03948075301453
2023-07-10T06:00:00Z,919380-99999,7.5504713062998,7.62129505061465,0.0708237443148505
2023-07-10T09:00:00Z,919380-99999,7.14174918252078,7.18256059679288,0.040811414272099
2023-07-10T12:00:00Z,919380-99999,4.32565183257164,4.37355225595286,0.0479004233812219
2023-07-10T15:00:00Z,919380-99999,6.78138817746591,6.85353817903646,0.0721500015705487
2023-07-10T18:00:00Z,919380-99999,4.99447252478373,5.06287185643494,0.0683993316512073
2023-07-11T00:00:00Z,919380-99999,5.8769294916642,5.91528161717383,0.0383521255096326
2023-07-11T03:00:00Z,919380-99999,8.61836855763305,8.65729877294096,0.0389302153079143
2023-07-11T06:00:00Z,919380-99999,7.53825716486938,7.54793924339323,0.00968207852385206
2023-07-11T09:00:00Z,919380-99999,7.03313787330154,7.09114906964905,0.0580111963475076
2023-07-11T12:00:00Z,919380-99999,4.45969275120625,4.47430121774337,0.0146084665371262
2023-07-11T15:00:00Z,919380-99999,5.68715448342262,5.75600313796983,0.0688486545472102
2023-07-11T18:00:00Z,919380-99999,5.77220764598248,5.84166447249582,0.0694568265133455
2023-07-11T21:00:00Z,919380-99999,8.71221388485805,8.76201812711317,0.0498042422551208
2023-07-12T00:00:00Z,919380-99999,7.78562498575958,7.81431336250104,0.0286883767414565
2023-07-12T03:00:00Z,919380-99999,8.26154847163332,8.3038723339384,0.0423238623050821
2023-07-12T06:00:00Z,919380-99999,5.83186532958418,5.88300855755828,0.0511432279741086
2023-07-12T09:00:00Z,919380-99999,3.08276772268717,3.10659890278875,0.0238311801015811
2023-07-12T12:00:00Z,919380-99999,4.61571619697179,4.62130277652699,0.00558657955519948
2023-07-12T15:00:00Z,919380-99999,5.49980222226657,5.51405169254876,0.0142494702821949
2023-07-12T18:00:00Z,919380-99999,6.93175287541443,6.98151003612458,0.0497571607101435
2023-07-12T21:00:00Z,919380-99999,8.9815124199411,8.99059187411895,0.00907945417785072
2023-07-13T00:00:00Z,919380-99999,6.04803814045677,6.09505948971625,0.0470213492594809
2023-07-13T03:00:00Z,919380-99999,5.96654965208148,6.02073362213449,0.0541839700530034
2023-07-13T06:00:00Z,919380-99999,4.73160115126079,4.74514081585384,0.0135396645930541
2023-07-13T09:00:00Z,919380-99999,6.4044250830504,6.46158247763144,0.05715739458104
2023-07-13T12:00:00Z,919380-99999,2.67573276687745,2.68589652750296,0.0101637606255167
2023-07-13T15:00:00Z,919380-99999,5.203809123594,5.22209493273654,0.0182858091425402
2023-07-13T18:00:00Z,919380-99999,7.29434436243298,7.33985345540232,0.0455090929693398
2023-07-13T21:00:00Z,919380-99999,8.44553736124408,8.51124993997104,0.0657125787269592
2023-07-14T00:00:00Z,919380-99999,7.19557453287688,7.24402233034289,0.0484477974660109
2023-07-14T03:00:00Z,919380-99999,7.68489201620872,7.69583228840388,0.0109402721951568
2023-07-14T06:00:00Z,919380-99999,3.7569030655871,3.78553613001789,0.0286330644307924
2023-07-14T09:00:00Z,919380-99999,5.52272640533433,5.56293876075328,0.0402123554189586
2023-07-14T12:00:00Z,919380-99999,1.55923596648722,1.60846329773443,0.0492273312472094
2023-07-14T15:00:00Z,919380-99999,5.07498823889662,5.1316126514733,0.0566244125766815
2023-07-14T18:00:00Z,919380-99999,4.8484234320923,4.92149010639103,0.0730666742987296
2023-07-14T21:00:00Z,919380-99999,5.24564020961304,5.28618783751212,0.0405476278990733
2023-07-15T00:00:00Z,919380-99999,2.52745443724308,2.55412488687723,0.0266704496341532
2023-07-15T03:00:00Z,919380-99999,5.9277121893375,5.97161376737085,0.0439015780333563
2023-07-15T06:00:00Z,919380-99999,2.3009778702443,2.32615858218354,0.0251807119392424
2023-07-15T09:00:00Z,919380-99999,6.19963802344631,6.2215249597686,0.0218869363222893
2023-07-15T12:00:00Z,919380-99999,5.30523423746348,5.30917754017351,0.0039433027100273
2023-07-15T15:00:00Z,919380-99999,4.29816230482588,4.34142256521146,0.0432602603855798
2023-07-15T18:00:00Z,919380-99999,4.8503951550812,4.85963459537763,0.00923944029642598
2023-07-15T21:00:00Z,919380-99999,5.54722767799903,5.6125372858987,0.065309607899664
2023-07-16T00:00:00Z,919380-99999,6.69368738478781,6.73585208090648,0.0421646961186752
2023-07-16T03:00:00Z,919380-99999,8.41434517138748,8.46273383605977,0.048388664672288
2023-07-16T06:00:00Z,919380-99999,1.09490244771578,1.14632140736552,0.0514189596497374
2023-07-16T09:00:00Z,919380-99999,5.22959167143569,5.26595816436152,0.0363664929258363
2023-07-16T12:00:00Z,919380-99999,4.82478429390856,4.8481807654813,0.0233964715727382
2023-07-16T15:00:00Z,919380-99999,2.0640895008062,2.11302200242709,0.0489325016208824
2023-07-16T18:00:00Z,919380-99999,5.5583385072607,5.59757519284177,0.0392366855810735
2023-07-16T21:00:00Z,919380-99999,5.1687960504584,5.23029113051815,0.0614950800597569
