id,hbin,bias,sd,n,agl_mid
AEM00041217,"(100,250]",-12.333525291752,2.5613271184943,459,175
AEM00041217,"(500,1e+03]",-17.9276072525225,9.32765141470411,1412,750
AEM00041217,"(1.5e+03,2e+03]",-23.0413475069964,20.3468936541288,574,1750
AEM00041217,"(3e+03,4e+03]",-37.6265515918911,47.595053254493,1409,3500
AEM00041217,"(5e+03,6e+03]",-50.581595072588,95.6316701781483,1406,5500
AEM00041217,"(1,100]",-12.0309303825982,2.62410642882506,499,50
AEM00041217,"(1e+03,1.5e+03]",-26.4911420411341,20.9941791023722,838,1250
AGM00060390,"(100,250]",-1.70351788058177,2.59867118672882,525,175
AGM00060390,"(500,1e+03]",-13.8827194545983,7.59397598837327,755,750
AGM00060390,"(1.5e+03,2e+03]",-33.833637910939,15.5736050432621,549,1750
AGM00060390,"(3e+03,4e+03]",-69.7491979618904,33.6798344803903,752,3500
AGM00060390,"(5e+03,6e+03]",-122.555485373174,63.5671020510927,783,5500
AGM00060390,"(1,100]",-0.782706714611647,2.43868144461045,219,50
AGM00060390,"(1e+03,1.5e+03]",-20.1120427142469,12.9189961119584,253,1250
AGM00060390,"(2e+03,3e+03]",-33.0485897431805,32.2928372089148,135,2500
AGM00060390,"(250,500]",-4.87075164027792,2.92775683606064,37,375
AGM00060390,"(4e+03,5e+03]",-91.5401764797092,51.648700589855,84,4500
AGM00060571,"(1,100]",1.00663276954114,2.54431971007128,161,50
AGM00060571,"(500,1e+03]",-8.16780562129573,5.62656050761442,340,750
AGM00060571,"(2e+03,3e+03]",-23.2242811640915,19.235380012785,350,2500
AGM00060571,"(5e+03,6e+03]",-23.1402532818896,67.5885677332125,238,5500
AGM00060571,"(4e+03,5e+03]",-32.3233313383413,53.3841593475373,135,4500
AGM00060571,"(3e+03,4e+03]",-13.8344506683288,25.9736676281048,30,3500
AGM00060630,"(500,1e+03]",-7.4915862587953,4.55292823940519,309,750
AGM00060630,"(1e+03,1.5e+03]",-19.7834582701937,9.78074913399291,374,1250
AGM00060630,"(2e+03,3e+03]",-41.4095074917391,26.4388327379729,388,2500
AGM00060630,"(5e+03,6e+03]",-59.3388541179561,76.3917485396799,398,5500
AGM00060630,"(250,500]",-5.98525291269139,4.12176644243298,70,375
AGM00060630,"(3e+03,4e+03]",-27.9834658691173,33.7721043718267,37,3500
AGM00060630,"(4e+03,5e+03]",-29.0722859269021,36.691498377151,33,4500
AGM00060656,"(250,500]",-5.21868298789151,3.87844164151584,364,375
AGM00060656,"(1e+03,1.5e+03]",-21.9353473490654,7.5455541380355,365,1250
AGM00060656,"(2e+03,3e+03]",-54.3138354516763,22.9825897832121,375,2500
AGM00060656,"(5e+03,6e+03]",-92.7596290798742,64.921605737927,388,5500
AGM00060656,"(3e+03,4e+03]",-64.9665462108195,33.4918370208659,36,3500
AGM00060656,"(4e+03,5e+03]",-94.8827478915231,42.1581173325626,32,4500
AGM00060680,"(100,250]",0.549590841853637,3.02782435522786,362,175
AGM00060680,"(1.5e+03,2e+03]",-19.9697083086066,14.1375814634819,373,1750
AGM00060680,"(4e+03,5e+03]",-33.0263127603832,61.7171654922654,393,4500
AGM00060680,"(2e+03,3e+03]",-15.4596148825975,33.292730447724,32,2500
AGM00060680,"(3e+03,4e+03]",-28.0691278333927,42.3929897824888,45,3500
AGM00060680,"(5e+03,6e+03]",-17.2780611050675,69.7881972814483,41,5500
AOM00066160,"(1e+03,1.5e+03]",-9.85445776153154,5.52955517796927,714,1250
AOM00066160,"(3e+03,4e+03]",-31.9418936265621,18.0371091097573,731,3500
AOM00066160,"(5e+03,6e+03]",-69.9387045688337,38.9672187739147,717,5500
AOM00066160,"(500,1e+03]",-0.78125398865704,2.34905779302715,37,750
AOM00066160,"(2e+03,3e+03]",-16.9734067594439,11.2587676140299,66,2500
AOM00066160,"(4e+03,5e+03]",-49.1125339976081,22.7184500490325,68,4500
AOM00066160,"(1.5e+03,2e+03]",-4.57991967837259,5.90247960191483,37,1750
AQM00091765,"(1,100]",-0.484049950714463,0.763425419670139,1970,50
AQM00091765,"(500,1e+03]",-7.61165572466889,2.45836345757824,5028,750
AQM00091765,"(1e+03,1.5e+03]",-11.3664485775711,4.17663015307813,4747,1250
AQM00091765,"(1.5e+03,2e+03]",-15.0508302929454,5.89532697258042,6425,1750
AQM00091765,"(2e+03,3e+03]",-25.9277580822117,8.4457933333425,11176,2500
AQM00091765,"(3e+03,4e+03]",-43.066409109556,10.4433781199315,12315,3500
AQM00091765,"(4e+03,5e+03]",-62.9359849050619,12.8481764241278,12001,4500
AQM00091765,"(5e+03,6e+03]",-84.5562460694348,15.6930382364811,13746,5500
AQM00091765,"(100,250]",-1.6205370304956,0.991531501628767,1020,175
AQM00091765,"(250,500]",-4.30304142066192,1.36771843391135,1051,375
ARM00087155,"(1,100]",0.4336170668447,2.7523076032513,511,50
ARM00087155,"(500,1e+03]",-8.61675139485346,6.03700083669148,731,750
ARM00087155,"(1e+03,1.5e+03]",-23.3817666366172,12.3838264892956,650,1250
ARM00087155,"(3e+03,4e+03]",-68.570578249598,30.574733056105,746,3500
ARM00087155,"(5e+03,6e+03]",-152.494080761846,69.4483194163173,729,5500
ARM00087155,"(1.5e+03,2e+03]",-28.9719092241326,14.0060063511435,93,1750
ARM00087155,"(100,250]",0.193531129828634,2.37354998456657,155,175
ARM00087155,"(2e+03,3e+03]",-53.8590145567454,16.2439492262758,54,2500
ARM00087155,"(4e+03,5e+03]",-118.7680274054,25.7074519526164,46,4500
ARM00087344,"(250,500]",-0.531776110045108,5.67932280027809,651,375
ARM00087344,"(500,1e+03]",-10.7843314680933,11.8318037603748,251,750
ARM00087344,"(2e+03,3e+03]",-48.3104960686651,36.5521659776036,767,2500
ARM00087344,"(5e+03,6e+03]",-128.371905577873,78.7524867116046,749,5500
ARM00087344,"(1e+03,1.5e+03]",-10.7626984611456,12.7813515631018,522,1250
ARM00087344,"(100,250]",0.452687857070403,3.50188404273261,110,175
ARM00087344,"(1.5e+03,2e+03]",-30.0104060583931,28.0834292193727,38,1750
ARM00087344,"(3e+03,4e+03]",-90.2741749342298,53.4430489353944,38,3500
ARM00087344,"(4e+03,5e+03]",-107.304787418509,59.4999359932595,41,4500
ARM00087418,"(1,100]",0.782742994420586,2.73103454521393,439,50
ARM00087418,"(500,1e+03]",-6.89595914196519,9.26481983351703,713,750
ARM00087418,"(2e+03,3e+03]",-36.6223866325589,40.0151316205941,737,2500
ARM00087418,"(5e+03,6e+03]",-105.482396597065,97.551033280816,581,5500
ARM00087418,"(100,250]",-0.297981046839761,3.26217726382074,252,175
ARM00087418,"(4e+03,5e+03]",-93.1839026511834,71.9298067536157,163,4500
ARM00087418,"(1e+03,1.5e+03]",-19.4486975394719,17.8169432966715,39,1250
ARM00087418,"(3e+03,4e+03]",-77.9459080750036,64.6414452518244,45,3500
ARM00087623,"(500,1e+03]",-8.1341954578485,8.4302419924062,660,750
ARM00087623,"(1e+03,1.5e+03]",-23.2080918990689,17.1666115578093,653,1250
ARM00087623,"(2e+03,3e+03]",-63.6516997693301,41.7230179998712,678,2500
ARM00087623,"(5e+03,6e+03]",-135.512806648354,88.7904048966799,660,5500
ARM00087623,"(3e+03,4e+03]",-79.9643129309042,56.8995333815672,44,3500
ARM00087623,"(1,100]",-0.0967106023917048,2.82473336906267,98,50
ARM00087623,"(250,500]",-4.49446955375161,5.27944261215486,32,375
ARM00087715,"(500,1e+03]",-4.27020966002171,7.08351231066781,486,750
ARM00087715,"(1e+03,1.5e+03]",-14.0296080363366,16.517031000502,715,1250
ARM00087715,"(2e+03,3e+03]",-43.5343200508914,42.7009388596948,734,2500
ARM00087715,"(5e+03,6e+03]",-96.0615274198202,90.1106518909874,731,5500
ARM00087715,"(250,500]",-2.96603085385727,5.68908799006697,262,375
ARM00087715,"(3e+03,4e+03]",-84.2156412212865,68.0403321104313,41,3500
ARM00087715,"(4e+03,5e+03]",-77.2646874241541,48.29948361107,36,4500
ARM00087860,"(1,100]",-0.212079499257799,3.96404110258824,361,50
ARM00087860,"(500,1e+03]",-2.63788265749003,6.65765246905507,703,750
ARM00087860,"(1e+03,1.5e+03]",-6.42578680469643,12.8225012065835,715,1250
ARM00087860,"(2e+03,3e+03]",-13.9142750125392,29.4875528029311,587,2500
ARM00087860,"(5e+03,6e+03]",-44.8781370038796,70.4172913702421,720,5500
ARM00087860,"(3e+03,4e+03]",-41.3489969249913,37.7505897794337,194,3500
ARM00087860,"(100,250]",-0.929170775667335,3.63291262289911,153,175
ARM00087860,"(1.5e+03,2e+03]",-18.429098651497,19.2052717769782,36,1750
ARM00087860,"(4e+03,5e+03]",-43.0941771342578,59.1956238617187,50,4500
ASM00094120,"(1,100]",-0.120453800756294,2.57379971905781,1160,50
ASM00094120,"(500,1e+03]",-7.88840639024107,5.29496498126497,1511,750
ASM00094120,"(1e+03,1.5e+03]",-17.2857824758967,7.82857865961396,849,1250
ASM00094120,"(3e+03,4e+03]",-38.2957877865866,20.1884851482559,1549,3500
ASM00094120,"(5e+03,6e+03]",-87.9580797359899,48.1712647165054,1579,5500
ASM00094120,"(1.5e+03,2e+03]",-14.6081397196469,10.6154646194112,715,1750
ASM00094120,"(100,250]",-0.0328976734944605,2.57144047513714,310,175
ASM00094120,"(250,500]",-3.89798102602963,2.95992256957973,39,375
ASM00094120,"(2e+03,3e+03]",-31.3938590775841,16.4679996846364,112,2500
ASM00094120,"(4e+03,5e+03]",-53.7949426469917,34.7356948754543,101,4500
ASM00094155,"(500,1e+03]",25.8634656684493,25.83858632977,397,750
ASM00094155,"(1e+03,1.5e+03]",22.870370129403,26.8920941810857,389,1250
ASM00094155,"(3e+03,4e+03]",3.42093603411264,30.2200484279573,407,3500
ASM00094155,"(5e+03,6e+03]",-44.3767205561063,32.7948796990736,403,5500
ASM00094155,"(2e+03,3e+03]",-6.43597238788408,14.6306662103276,44,2500
ASM00094155,"(1,100]",28.9008942443781,25.4176404147392,219,50
ASM00094170,"(1,100]",-2.51549945927275,2.51554831900991,250,50
ASM00094170,"(500,1e+03]",-5.58049999200036,3.79795513804815,429,750
ASM00094170,"(1e+03,1.5e+03]",-12.3149054075268,6.14841110052715,183,1250
ASM00094170,"(3e+03,4e+03]",-33.2137513939979,13.8997015084357,440,3500
ASM00094170,"(5e+03,6e+03]",-62.8671433657117,32.3762935106849,444,5500
ASM00094170,"(1.5e+03,2e+03]",-9.81817441336724,5.87136062203182,263,1750
ASM00094170,"(100,250]",-2.68686388737137,2.54255444960843,162,175
ASM00094170,"(2e+03,3e+03]",-21.2553770470335,7.10709242143559,37,2500
ASM00094170,"(4e+03,5e+03]",-48.7115965884659,24.068324432724,43,4500
ASM00094203,"(500,1e+03]",-2.96459552417759,5.82676417482331,750,750
ASM00094203,"(1e+03,1.5e+03]",-10.3109665893165,7.94314831729761,278,1250
ASM00094203,"(3e+03,4e+03]",-44.07513042221,22.0818019989552,794,3500
ASM00094203,"(5e+03,6e+03]",-72.1639168417996,53.7830735336192,767,5500
ASM00094203,"(1,100]",6.7025153093002,2.77060113778949,400,50
ASM00094203,"(1.5e+03,2e+03]",-19.3272035025501,9.81702089619668,482,1750
ASM00094203,"(100,250]",6.30711575799351,3.4294414927245,328,175
ASM00094203,"(250,500]",-2.93124652112419,2.21266739503472,31,375
ASM00094203,"(2e+03,3e+03]",-37.2292770997581,17.6597906380058,51,2500
ASM00094203,"(4e+03,5e+03]",-66.2440953048277,40.735391021488,57,4500
ASM00094299,"(1,100]",0.42492520254108,2.52781288418432,526,50
ASM00094299,"(500,1e+03]",-4.1509968133809,3.32095341539464,1490,750
ASM00094299,"(1e+03,1.5e+03]",-9.91075373795065,5.60361742766344,369,1250
ASM00094299,"(3e+03,4e+03]",-30.5056432566028,12.1251759904057,1567,3500
ASM00094299,"(5e+03,6e+03]",-94.047643264555,18.1907389086958,1534,5500
ASM00094299,"(1.5e+03,2e+03]",-6.72963104118226,6.24031117740492,1240,1750
ASM00094299,"(100,250]",-0.0615992698431561,2.45192604578454,917,175
ASM00094299,"(2e+03,3e+03]",-18.9284735604675,9.80804763420899,196,2500
ASM00094299,"(4e+03,5e+03]",-63.6696161329846,13.3616306149022,168,4500
ASM00094302,"(1,100]",-1.85870768055726,2.43751943585058,588,50
ASM00094302,"(500,1e+03]",-13.0478411101098,5.83658738810953,1459,750
ASM00094302,"(1e+03,1.5e+03]",-25.6295953436936,12.8044228789277,406,1250
ASM00094302,"(3e+03,4e+03]",-64.8154853065378,25.6704751546816,1510,3500
ASM00094302,"(5e+03,6e+03]",-118.710950718787,44.8108332236183,1479,5500
ASM00094302,"(1.5e+03,2e+03]",-29.4792003597089,11.8877905337981,1114,1750
ASM00094302,"(100,250]",-2.28546526272487,2.53651929099022,857,175
ASM00094302,"(250,500]",-4.51395174090511,2.7404068820503,45,375
ASM00094302,"(2e+03,3e+03]",-34.5465965706686,20.921479830916,109,2500
ASM00094302,"(4e+03,5e+03]",-87.8519307279674,47.8297384362867,98,4500
ASM00094312,"(1,100]",0.944613084364187,2.49381958591022,204,50
ASM00094312,"(500,1e+03]",-10.0075470287793,6.02615714099306,420,750
ASM00094312,"(1e+03,1.5e+03]",-18.7996870540705,8.19895331120548,137,1250
ASM00094312,"(3e+03,4e+03]",-52.5203075946607,24.0228350962194,440,3500
ASM00094312,"(5e+03,6e+03]",-76.9052095089912,60.6590876257591,443,5500
ASM00094312,"(1.5e+03,2e+03]",-25.6647601257255,11.1091853736699,298,1750
ASM00094312,"(100,250]",0.155958276751747,2.22890475510173,216,175
ASM00094312,"(2e+03,3e+03]",-24.9171465633119,24.9635263013413,32,2500
ASM00094312,"(4e+03,5e+03]",-40.9651149583042,60.5023158932938,35,4500
ASM00094326,"(1,100]",-1.00093960433517,0.475284474515979,34,50
ASM00094326,"(100,250]",-0.774210784388872,2.46265023541098,198,175
ASM00094326,"(500,1e+03]",-4.53327408961401,9.15686393028813,384,750
ASM00094326,"(1.5e+03,2e+03]",-24.2041346446653,21.0481248131484,101,1750
ASM00094326,"(2e+03,3e+03]",-23.1023102067506,34.6401030627194,607,2500
ASM00094326,"(3e+03,4e+03]",-54.3124348208475,50.2845050829756,192,3500
ASM00094326,"(4e+03,5e+03]",-73.4295465805343,69.9853288947039,195,4500
ASM00094326,"(5e+03,6e+03]",-51.0303113539323,93.9397926844792,576,5500
ASM00094326,"(250,500]",-1.60783732851239,3.67360433416051,337,375
ASM00094326,"(1e+03,1.5e+03]",-8.7207400813181,13.7600692343152,290,1250
ASM00094332,"(250,500]",-1.3228653516744,3.24503852574573,359,375
ASM00094332,"(1e+03,1.5e+03]",-5.05497768966361,7.4028358897139,426,1250
ASM00094332,"(2e+03,3e+03]",-16.1226318538081,26.3939025944927,447,2500
ASM00094332,"(5e+03,6e+03]",-18.8075006278973,75.8898142748066,445,5500
ASM00094332,"(500,1e+03]",-1.2242620281821,3.35269261393848,88,750
ASM00094332,"(3e+03,4e+03]",-20.1383924914562,30.1803536147262,43,3500
ASM00094332,"(4e+03,5e+03]",-29.8724246910722,42.1540259512318,44,4500
ASM00094403,"(1,100]",4.89746459791566,2.61071512355353,213,50
ASM00094403,"(500,1e+03]",-2.15779719087486,7.35100599050016,432,750
ASM00094403,"(1e+03,1.5e+03]",-9.29648378102638,12.2179796869474,275,1250
ASM00094403,"(3e+03,4e+03]",-48.452728150743,27.2858187508068,437,3500
ASM00094403,"(5e+03,6e+03]",-81.6065902055246,54.9804746450599,434,5500
ASM00094403,"(1.5e+03,2e+03]",-20.4288115812761,12.9803231801096,167,1750
ASM00094403,"(100,250]",4.37719311384965,2.6089896725021,218,175
ASM00094403,"(2e+03,3e+03]",-25.8464767690976,21.7322445462515,55,2500
ASM00094403,"(4e+03,5e+03]",-59.7002997281697,38.6950862411422,51,4500
ASM00094430,"(100,250]",3.77213358847593,3.29862444915836,92,175
ASM00094430,"(500,1e+03]",-0.546525907037075,8.20200893322274,169,750
ASM00094430,"(2e+03,3e+03]",-31.9057868017366,30.2303985620182,371,2500
ASM00094430,"(5e+03,6e+03]",-43.5436079560852,77.7818846765231,368,5500
ASM00094430,"(250,500]",1.68148234202595,3.88954154563389,274,375
ASM00094430,"(1e+03,1.5e+03]",-9.08599641704057,11.0596441975853,207,1250
ASM00094461,"(100,250]",-9.61113110415523,2.93132582872268,1014,175
ASM00094461,"(500,1e+03]",-14.7345379149291,6.87845839853639,1412,750
ASM00094461,"(2e+03,3e+03]",-24.1911574007693,23.8573988653538,1552,2500
ASM00094461,"(5e+03,6e+03]",-33.045377582363,73.9760072439313,1535,5500
ASM00094461,"(250,500]",-10.5206516493393,2.96929808463666,489,375
ASM00094461,"(1e+03,1.5e+03]",-17.0520007233544,6.97674991934159,132,1250
ASM00094461,"(1.5e+03,2e+03]",-22.2982133558581,14.1506172504321,63,1750
ASM00094461,"(3e+03,4e+03]",-45.3259436862274,45.3837962919826,105,3500
ASM00094461,"(4e+03,5e+03]",-46.0486912993597,56.8902030193265,109,4500
ASM00094510,"(250,500]",1.53322388463395,3.42997610011405,287,375
ASM00094510,"(1e+03,1.5e+03]",-1.11030387592423,8.52860090749661,768,1250
ASM00094510,"(2e+03,3e+03]",-10.3174636239515,25.400983660715,787,2500
ASM00094510,"(5e+03,6e+03]",-21.3417401429663,63.9869485523459,768,5500
ASM00094510,"(1.5e+03,2e+03]",-3.07911432835807,11.9387566717002,37,1750
ASM00094510,"(3e+03,4e+03]",-15.1813108040568,33.1608503513402,72,3500
ASM00094510,"(4e+03,5e+03]",-32.4641094250543,45.2859922896631,59,4500
ASM00094510,"(500,1e+03]",0.913330453362117,4.09927302911013,491,750
ASM00094578,"(100,250]",-1.18670519236972,2.39022370679385,1217,175
ASM00094578,"(500,1e+03]",-5.70228212531671,4.31142703168342,1455,750
ASM00094578,"(1e+03,1.5e+03]",-10.2481834590602,7.74582804332268,276,1250
ASM00094578,"(3e+03,4e+03]",-29.3424451234284,17.9148764732962,1513,3500
ASM00094578,"(5e+03,6e+03]",-72.6952033729701,37.2710304599742,1502,5500
ASM00094578,"(1,100]",-1.09130904742399,2.25576018158565,207,50
ASM00094578,"(1.5e+03,2e+03]",-10.7456810082992,8.90952026983885,1239,1750
ASM00094578,"(250,500]",-1.85454948583534,2.30122224608706,42,375
ASM00094578,"(2e+03,3e+03]",-16.2734054712775,13.596075264164,156,2500
ASM00094578,"(4e+03,5e+03]",-46.8408599051815,26.7200034004881,131,4500
ASM00094610,"(1,100]",4.28131493761788,2.7679873767281,470,50
ASM00094610,"(500,1e+03]",-2.35614488023247,6.75797117790486,1480,750
ASM00094610,"(1e+03,1.5e+03]",-7.09064164820497,9.65268962853142,712,1250
ASM00094610,"(3e+03,4e+03]",-39.7073387775599,25.6200475040331,1448,3500
ASM00094610,"(5e+03,6e+03]",-93.9213477359868,51.1795655133054,1514,5500
ASM00094610,"(100,250]",3.01839889606897,3.36438581420596,1021,175
ASM00094610,"(1.5e+03,2e+03]",-14.7199535879812,12.8487056010892,834,1750
ASM00094610,"(2e+03,3e+03]",-20.6109458540722,18.0465695361672,192,2500
ASM00094610,"(250,500]",-2.31728061514348,3.13970772792633,49,375
ASM00094610,"(4e+03,5e+03]",-57.2646100830736,33.6514639809989,74,4500
ASM00094637,"(250,500]",-2.33313028232576,5.45396961430832,368,375
ASM00094637,"(1e+03,1.5e+03]",-13.2968134429765,12.6546495502188,427,1250
ASM00094637,"(2e+03,3e+03]",-51.7671031727712,28.4086643485797,453,2500
ASM00094637,"(5e+03,6e+03]",-94.9283424147985,63.0503872026227,440,5500
ASM00094637,"(500,1e+03]",-6.29708479560274,7.91465283085313,88,750
ASM00094637,"(3e+03,4e+03]",-79.4625633840505,49.8603633021627,42,3500
ASM00094659,"(500,1e+03]",-5.23650937195772,4.884924983177,731,750
ASM00094659,"(1e+03,1.5e+03]",-12.5190140350129,10.6338254609745,727,1250
ASM00094659,"(2e+03,3e+03]",-34.4548115574174,23.5383606526417,558,2500
ASM00094659,"(5e+03,6e+03]",-67.9151769023875,63.3822437924409,742,5500
ASM00094659,"(3e+03,4e+03]",-41.1089403131967,30.5238684693943,256,3500
ASM00094659,"(1,100]",-1.25606763856548,2.24373237706366,289,50
ASM00094659,"(1.5e+03,2e+03]",-11.7509325477551,14.0772777475756,41,1750
ASM00094659,"(4e+03,5e+03]",-53.8134830125938,43.0675899347226,41,4500
ASM00094672,"(1,100]",3.20670039751436,2.37258659740985,259,50
ASM00094672,"(500,1e+03]",-2.2747584837364,6.23943300828887,1449,750
ASM00094672,"(1e+03,1.5e+03]",-5.72646900343708,11.116024376562,568,1250
ASM00094672,"(3e+03,4e+03]",-39.7684216690152,23.739832810807,1428,3500
ASM00094672,"(5e+03,6e+03]",-94.3897423010782,52.2227195446865,1483,5500
ASM00094672,"(100,250]",2.97019526050949,2.48245939372949,1075,175
ASM00094672,"(1.5e+03,2e+03]",-11.5144034003101,12.4392605405194,964,1750
ASM00094672,"(2e+03,3e+03]",-11.8489148496614,15.3805835941615,170,2500
ASM00094672,"(250,500]",1.90838661252653,2.36672252194856,114,375
ASM00094672,"(4e+03,5e+03]",-57.7603844757915,27.0508078676981,87,4500
ASM00094711,"(500,1e+03]",-4.31065029848075,4.61511765629699,391,750
ASM00094711,"(1e+03,1.5e+03]",-6.99240827610014,10.6721058426501,422,1250
ASM00094711,"(2e+03,3e+03]",-19.3015727647078,29.476812309397,431,2500
ASM00094711,"(5e+03,6e+03]",-13.7599657612764,67.9876645443486,430,5500
ASM00094711,"(250,500]",-2.27290102011282,2.68787272866943,37,375
ASM00094711,"(3e+03,4e+03]",-21.8825600374777,26.9716568741282,33,3500
ASM00094767,"(100,250]",-0.367450612837025,1.07638680797489,1226,175
ASM00094767,"(250,500]",-2.21680521047322,2.21089551394923,804,375
ASM00094767,"(500,1e+03]",-5.68337217970611,4.90107930906568,2029,750
ASM00094767,"(1e+03,1.5e+03]",-10.0239255043371,8.87934248904677,1655,1250
ASM00094767,"(1.5e+03,2e+03]",-12.5450730369768,12.3828841631819,2039,1750
ASM00094767,"(2e+03,3e+03]",-21.0086729258398,18.9018559535496,3031,2500
ASM00094767,"(3e+03,4e+03]",-38.9960635747757,25.2244502887777,3209,3500
ASM00094767,"(4e+03,5e+03]",-58.5050998381831,32.2035152823916,2360,4500
ASM00094767,"(5e+03,6e+03]",-79.5346413096509,40.5122881740912,2741,5500
ASM00094767,"(1,100]",-0.0179151284964099,0.696345252848976,631,50
ASM00094802,"(100,250]",-2.63478149971324,2.41589507170768,186,175
ASM00094802,"(500,1e+03]",-7.50511528070571,6.91248359633533,441,750
ASM00094802,"(1e+03,1.5e+03]",-14.3849965868094,13.7528864092619,384,1250
ASM00094802,"(3e+03,4e+03]",-58.1709007459802,27.4957479340258,324,3500
ASM00094802,"(5e+03,6e+03]",-106.209340752625,50.1940940424532,451,5500
ASM00094802,"(1,100]",-2.14919214163186,2.52903724700123,224,50
ASM00094802,"(2e+03,3e+03]",-31.2669312490864,21.1700511818004,153,2500
ASM00094802,"(1.5e+03,2e+03]",-22.699047416619,16.6950098919373,73,1750
ASM00094821,"(1,100]",-4.36947788632845,2.3914912738461,100,50
ASM00094821,"(500,1e+03]",-7.09968348078401,5.81421394022756,211,750
ASM00094821,"(1e+03,1.5e+03]",-11.000323024311,11.360927902512,183,1250
ASM00094821,"(3e+03,4e+03]",-49.0603149651946,27.8712725236129,150,3500
ASM00094821,"(5e+03,6e+03]",-81.9692600311132,54.6371027419635,220,5500
ASM00094821,"(2e+03,3e+03]",-25.0819382508016,22.1229700611128,83,2500
ASM00094821,"(100,250]",-4.1231022377447,2.47688458709238,88,175
ASM00094821,"(1.5e+03,2e+03]",-16.0563425536281,16.7580275409619,50,1750
ASM00094866,"(500,1e+03]",13.717304448048,5.78453738567585,1498,750
ASM00094866,"(1e+03,1.5e+03]",7.55776434403749,12.3149213382806,1487,1250
ASM00094866,"(2e+03,3e+03]",-10.9651024096585,24.1424861841806,1116,2500
ASM00094866,"(5e+03,6e+03]",-71.5984697236402,65.1174437480064,1498,5500
ASM00094866,"(1,100]",17.938665546237,2.37084377552778,775,50
ASM00094866,"(3e+03,4e+03]",-37.3352149242523,28.7550917590908,528,3500
ASM00094866,"(100,250]",17.3588568210856,2.51136194820471,204,175
ASM00094866,"(1.5e+03,2e+03]",1.19107490197717,15.0569857489072,93,1750
ASM00094866,"(4e+03,5e+03]",-40.0469474198407,29.9847821786441,84,4500
ASM00094910,"(500,1e+03]",4.02523803796023,4.92799859839194,409,750
ASM00094910,"(1e+03,1.5e+03]",-1.49419956840372,11.2323123515039,434,1250
ASM00094910,"(2e+03,3e+03]",-20.7495317823162,28.0498723170266,446,2500
ASM00094910,"(5e+03,6e+03]",-42.6298566726138,54.9030761138953,437,5500
ASM00094910,"(250,500]",5.69456088541304,2.94699520646942,32,375
ASM00094910,"(1.5e+03,2e+03]",0.767751642357084,10.1227049992532,32,1750
ASM00094910,"(3e+03,4e+03]",-32.275929559866,32.218954485012,37,3500
ASM00094910,"(4e+03,5e+03]",-60.9556649625121,41.562094766828,41,4500
ASM00094910,"(1,100]",7.07483654353047,2.19531756012152,69,50
ASM00094995,"(1,100]",-3.48167740524086,2.35833825778501,112,50
ASM00094995,"(500,1e+03]",-5.36449569887552,3.5545391954307,653,750
ASM00094995,"(1e+03,1.5e+03]",-6.60377738270761,7.41941568714449,211,1250
ASM00094995,"(3e+03,4e+03]",-18.7047447045202,18.6323552612547,645,3500
ASM00094995,"(5e+03,6e+03]",-55.1336180284215,41.7891734444024,667,5500
ASM00094995,"(100,250]",-3.83184812811125,2.46720034669759,524,175
ASM00094995,"(1.5e+03,2e+03]",-4.71885072083915,7.05380619311588,486,1750
ASM00094995,"(2e+03,3e+03]",-4.07750530235961,11.9350484816917,60,2500
ASM00094995,"(4e+03,5e+03]",-26.9893675440623,17.2429654907442,33,4500
ASM00094998,"(100,250]",-0.243632983715817,2.30848221165979,243,175
ASM00094998,"(500,1e+03]",-1.49320559247541,4.19758119002877,1256,750
ASM00094998,"(1e+03,1.5e+03]",-3.69677941611675,10.3635899981407,1418,1250
ASM00094998,"(3e+03,4e+03]",-44.9545024281324,39.9955741257805,196,3500
ASM00094998,"(5e+03,6e+03]",-67.8888004136811,75.2157400438329,1467,5500
ASM00094998,"(1,100]",0.00397976890831864,2.21674034257562,432,50
ASM00094998,"(2e+03,3e+03]",-17.6042494437436,29.3994725454653,1419,2500
ASM00094998,"(1.5e+03,2e+03]",-12.641829197528,15.4971181603563,73,1750
ASM00094998,"(250,500]",-0.527821894445471,2.4316739939311,214,375
ASM00094998,"(4e+03,5e+03]",-28.6410083608149,45.6335047666104,98,4500
ASM00095527,"(500,1e+03]",-3.50629014518672,4.33807938082934,427,750
ASM00095527,"(1e+03,1.5e+03]",-7.49985276266075,9.16555847341052,440,1250
ASM00095527,"(2e+03,3e+03]",-17.9510048709531,26.3707541115109,454,2500
ASM00095527,"(5e+03,6e+03]",-30.6255839162269,57.5199659385285,454,5500
ASM00095527,"(3e+03,4e+03]",-13.260021392131,32.8891652408576,66,3500
ASM00095527,"(1,100]",-1.20558124973428,2.36436986591576,69,50
ASM00095527,"(4e+03,5e+03]",-6.78703993814171,58.3121797293296,60,4500
ATM00094001,"(1,100]",-0.304485503216848,0.520611176860731,412,50
ATM00094001,"(500,1e+03]",-3.34777234939943,2.60926359857784,1663,750
ATM00094001,"(1e+03,1.5e+03]",-4.91978289610051,5.21159819816768,1587,1250
ATM00094001,"(1.5e+03,2e+03]",-6.67653484418418,7.71489589929794,1490,1750
ATM00094001,"(2e+03,3e+03]",-15.2054650850627,12.2460158582059,2251,2500
ATM00094001,"(3e+03,4e+03]",-29.2554692624349,17.7503490710433,2591,3500
ATM00094001,"(4e+03,5e+03]",-46.4692585895068,25.0801058580836,2010,4500
ATM00094001,"(5e+03,6e+03]",-62.7544087184557,32.0271587794118,2281,5500
ATM00094001,"(250,500]",-1.85170895944784,1.1822002158165,463,375
ATM00094001,"(100,250]",-0.899918820108357,0.620271046745742,501,175
ATM00095282,"(1,100]",-2.44136119331892,2.53659668401776,445,50
ATM00095282,"(500,1e+03]",-3.84051085019866,3.65932611850782,755,750
ATM00095282,"(1e+03,1.5e+03]",-6.67680549244941,7.23065646487647,653,1250
ATM00095282,"(3e+03,4e+03]",-24.9523027893606,19.750181416552,783,3500
ATM00095282,"(5e+03,6e+03]",-62.6656949969788,42.9723355389713,771,5500
ATM00095282,"(100,250]",-2.32275935860973,2.48249490387147,237,175
ATM00095282,"(1.5e+03,2e+03]",-4.13452907377214,7.67268272106971,137,1750
ATM00095282,"(2e+03,3e+03]",-18.1171873766147,14.1168798999943,76,2500
ATM00095282,"(4e+03,5e+03]",-55.4007037217584,32.7658585340881,67,4500
AUM00011010,"(1,100]",-0.434433150119638,0.575488989830362,496,50
AUM00011010,"(250,500]",-3.62535761120741,2.84051809186556,1187,375
AUM00011010,"(500,1e+03]",-9.25387668680645,7.74865628033608,2508,750
AUM00011010,"(1e+03,1.5e+03]",-15.9468049397331,12.9940533028441,1886,1250
AUM00011010,"(1.5e+03,2e+03]",-24.989874034816,19.9613056554247,1957,1750
AUM00011010,"(2e+03,3e+03]",-40.6449716575029,31.9970897665748,3363,2500
AUM00011010,"(3e+03,4e+03]",-59.8021405654443,45.4718717509385,3014,3500
AUM00011010,"(4e+03,5e+03]",-85.3692299018863,57.0194001196756,2791,4500
AUM00011010,"(5e+03,6e+03]",-110.203127535431,74.1825178722029,2867,5500
AUM00011010,"(100,250]",-1.37078300446245,1.25925591572148,538,175
AYM00089002,"(250,500]",-4.36358388404719,6.32680691462244,1645,375
AYM00089002,"(1e+03,1.5e+03]",-24.9775611783087,22.3531056306573,2211,1250
AYM00089002,"(2e+03,3e+03]",-66.3257513698945,49.0393132179809,3571,2500
AYM00089002,"(4e+03,5e+03]",-142.043707620712,93.8679131049582,2709,4500
AYM00089002,"(5e+03,6e+03]",-179.50820854324,111.795188008592,2329,5500
AYM00089002,"(500,1e+03]",-12.2003186598685,12.679561094511,1931,750
AYM00089002,"(1,100]",-0.0473448293570961,1.04248303536862,869,50
AYM00089002,"(100,250]",-1.37396656125283,2.87099204402437,840,175
AYM00089002,"(1.5e+03,2e+03]",-41.8142601605235,32.9882447063025,1590,1750
AYM00089002,"(3e+03,4e+03]",-102.307453750505,71.2017207711635,2568,3500
AYM00089062,"(250,500]",24.7326536385089,4.90104241662947,414,375
AYM00089062,"(1e+03,1.5e+03]",15.9768059274978,11.4350575438903,553,1250
AYM00089062,"(2e+03,3e+03]",-8.61777569703082,32.897601776246,604,2500
AYM00089062,"(5e+03,6e+03]",-76.0364667831308,80.4606655381005,433,5500
AYM00089062,"(500,1e+03]",20.6464101345119,6.40453191405401,247,750
AYM00089062,"(4e+03,5e+03]",-39.0799040781979,62.7039692175229,276,4500
AYM00089062,"(1,100]",27.4757790242252,4.5034087300488,53,50
AYM00089062,"(1.5e+03,2e+03]",0.476420921676975,18.6996008990908,48,1750
AYM00089062,"(3e+03,4e+03]",-38.8454713433277,45.6638442813932,90,3500
AYM00089512,"(250,500]",-7.15310192455648,4.26297131614643,591,375
AYM00089512,"(500,1e+03]",-12.1141826965963,9.50855361641332,270,750
AYM00089512,"(2e+03,3e+03]",-37.9141758189113,35.5826606556531,558,2500
AYM00089512,"(4e+03,5e+03]",-88.9800726316564,77.2633490901865,540,4500
AYM00089512,"(1e+03,1.5e+03]",-17.0605685655517,13.8950950067227,400,1250
AYM00089512,"(5e+03,6e+03]",-141.699759847585,91.3362065339564,113,5500
AYM00089532,"(250,500]",4.79987056225699,6.61036492381767,981,375
AYM00089532,"(1e+03,1.5e+03]",-1.38485945233077,11.6174583157694,1326,1250
AYM00089532,"(2e+03,3e+03]",-25.5887771967511,30.9775425994719,1246,2500
AYM00089532,"(4e+03,5e+03]",-74.5992783759231,68.8904516665104,822,4500
AYM00089532,"(5e+03,6e+03]",-89.6401079033749,80.6665482962449,596,5500
AYM00089532,"(500,1e+03]",3.12513834440675,7.67875037753247,481,750
AYM00089532,"(1,100]",7.23796687113492,5.76947603130704,46,50
AYM00089564,"(250,500]",-2.00992589572525,3.68629825287597,387,375
AYM00089564,"(1e+03,1.5e+03]",-6.55377884383879,11.1096107804774,698,1250
AYM00089564,"(2e+03,3e+03]",-27.2081958667172,34.988495617696,644,2500
AYM00089564,"(4e+03,5e+03]",-103.666836427812,83.8084030997558,419,4500
AYM00089564,"(500,1e+03]",-4.07453076066476,5.85121890957183,348,750
AYM00089564,"(5e+03,6e+03]",-110.975869424583,87.6909288119253,378,5500
AYM00089564,"(1,100]",-0.00209522852247734,2.07750163330063,74,50
AYM00089564,"(1.5e+03,2e+03]",-9.96458104571335,13.9758267432984,67,1750
AYM00089564,"(3e+03,4e+03]",-83.1346758061349,28.0056365680527,47,3500
AYM00089571,"(250,500]",-1.94993743137634,3.85749395187001,893,375
AYM00089571,"(1e+03,1.5e+03]",-7.38824598253676,11.1247760977567,1333,1250
AYM00089571,"(2e+03,3e+03]",-32.0015496415173,34.8780278431178,1280,2500
AYM00089571,"(4e+03,5e+03]",-102.342065969942,83.6686416210176,833,4500
AYM00089571,"(5e+03,6e+03]",-101.188464417414,85.5369079962289,702,5500
AYM00089571,"(500,1e+03]",-4.82173512705738,5.65799114131851,581,750
AYM00089571,"(1,100]",0.413726070809855,2.20592384110416,81,50
AYM00089571,"(1.5e+03,2e+03]",-21.2891030750263,14.513018999496,107,1750
AYM00089571,"(3e+03,4e+03]",-83.4626160184573,44.8282597527273,94,3500
AYM00089592,"(250,500]",-4.80127462229445,3.24008947305085,528,375
AYM00089592,"(1e+03,1.5e+03]",-9.74167158369648,8.2101674389622,669,1250
AYM00089592,"(2e+03,3e+03]",-38.5850709654672,25.5286029616317,691,2500
AYM00089592,"(5e+03,6e+03]",-121.130940463606,67.2819560538727,333,5500
AYM00089592,"(4e+03,5e+03]",-106.935972817136,66.5094762850989,487,4500
AYM00089592,"(500,1e+03]",-6.17843502714975,4.60602995358781,279,750
AYM00089592,"(1.5e+03,2e+03]",-13.8121526888436,12.5741038225414,62,1750
AYM00089592,"(3e+03,4e+03]",-65.8781992619082,36.8089213517215,79,3500
AYM00089611,"(250,500]",-3.59144551272407,3.62971354285144,1143,375
AYM00089611,"(1e+03,1.5e+03]",-11.1939189142494,10.6035232210992,1259,1250
AYM00089611,"(2e+03,3e+03]",-39.314820788695,32.1204946405542,1240,2500
AYM00089611,"(5e+03,6e+03]",-122.445553911329,80.26196435953,640,5500
AYM00089611,"(4e+03,5e+03]",-98.482280172632,71.2326797993934,943,4500
AYM00089611,"(500,1e+03]",-6.45888145851111,6.71880293221322,470,750
AYM00089611,"(100,250]",-1.68913532805001,2.32120142836461,46,175
AYM00089611,"(1,100]",-1.01194606620349,1.35537473389016,64,50
AYM00089611,"(1.5e+03,2e+03]",-30.9321362188036,14.4798938345442,60,1750
AYM00089611,"(3e+03,4e+03]",-91.8433021104824,29.4395205544026,99,3500
AYM00089625,"(1.5e+03,2e+03]",-122.252828693016,56.9752962453549,608,1750
AYM00089625,"(3e+03,4e+03]",-243.909767432512,113.744151778531,598,3500
AYM00089625,"(2e+03,3e+03]",-253.592278112864,75.4425033397944,103,2500
AYM00089625,"(1,100]",-6.19433237620929,2.12597378643911,63,50
AYM00089625,"(1e+03,1.5e+03]",-122.520878433402,21.7740140620704,46,1250
AYM00089642,"(250,500]",-0.622186049616996,3.87686642516492,592,375
AYM00089642,"(1e+03,1.5e+03]",-9.03621376621651,11.3205740643882,664,1250
AYM00089642,"(2e+03,3e+03]",-46.8141471564079,31.2201096985381,703,2500
AYM00089642,"(5e+03,6e+03]",-150.573787655528,76.6012931590056,342,5500
AYM00089642,"(4e+03,5e+03]",-135.114175606671,69.4122937782267,574,4500
AYM00089642,"(500,1e+03]",-5.23667197585804,7.31798958921221,321,750
AYM00089642,"(1,100]",2.19032109254536,2.92602023040868,34,50
AYM00089642,"(1.5e+03,2e+03]",-22.3926306118024,14.4571679832182,104,1750
AYM00089642,"(3e+03,4e+03]",-93.9724552233321,37.7024274607279,137,3500
AYM00089662,"(250,500]",8.49048730820073,2.88258824844778,189,375
AYM00089662,"(1e+03,1.5e+03]",6.75954009593464,5.20751879485669,169,1250
AYM00089662,"(2e+03,3e+03]",6.44909755977357,13.4019674652565,190,2500
AYM00089662,"(4e+03,5e+03]",-6.60289573122381,38.5442272958324,170,4500
BBM00078954,"(1,100]",-0.805862877962087,2.17612342647718,1631,50
BBM00078954,"(500,1e+03]",-5.94603350741904,2.65678567273979,2715,750
BBM00078954,"(1e+03,1.5e+03]",-9.70064726424614,4.64811015472878,1928,1250
BBM00078954,"(3e+03,4e+03]",-30.7563407542508,10.2822965796716,2764,3500
BBM00078954,"(5e+03,6e+03]",-72.0388316499628,15.9943747891994,2951,5500
BBM00078954,"(100,250]",-2.22292754076742,2.24641943740192,695,175
BBM00078954,"(1.5e+03,2e+03]",-12.4698945079331,4.99129697183417,945,1750
BBM00078954,"(250,500]",-4.27343382233629,1.35455055184239,217,375
BBM00078954,"(2e+03,3e+03]",-20.0523923325382,8.02234509163223,1727,2500
BBM00078954,"(4e+03,5e+03]",-49.189856704562,12.4555870468935,1795,4500
BEM00006458,"(500,1e+03]",-3.15448674372321,8.77531062297212,650,750
BEM00006458,"(1e+03,1.5e+03]",-12.4483577888661,12.8535531419313,687,1250
BEM00006458,"(2e+03,3e+03]",-30.1354241490051,23.7673421813417,549,2500
BEM00006458,"(5e+03,6e+03]",-99.0339936419408,70.17270143811,730,5500
BEM00006458,"(100,250]",1.64171652900586,8.19102159862534,138,175
BEM00006458,"(1,100]",5.53218275834018,6.92502728410127,327,50
BEM00006458,"(250,500]",-1.69304516492777,6.3901286631863,59,375
BEM00006458,"(3e+03,4e+03]",-56.2332316560199,33.1230124897511,334,3500
BEM00006458,"(1.5e+03,2e+03]",-21.2358878321708,16.3854012826733,71,1750
BEM00006458,"(4e+03,5e+03]",-62.6498315069166,50.3749555160656,88,4500
BGM00041977,"(100,250]",-3.36402052583721,2.86168288587236,64,175
BGM00041977,"(500,1e+03]",-12.8641520727318,3.99790822068579,313,750
BGM00041977,"(1.5e+03,2e+03]",-27.8781044323953,8.07272582414279,65,1750
BGM00041977,"(3e+03,4e+03]",-54.4322213328332,14.7460859661764,312,3500
BGM00041977,"(5e+03,6e+03]",-122.773204503124,40.9322364544036,297,5500
BGM00041977,"(1e+03,1.5e+03]",-23.5208627961076,5.58049038378623,248,1250
BGM00041977,"(1,100]",-4.03853239600548,2.72218113986748,218,50
BHM00078583,"(100,250]",-1.17659916527623,4.28485016767802,1007,175
BHM00078583,"(500,1e+03]",-6.5640633390438,3.46813575494202,2182,750
BHM00078583,"(1.5e+03,2e+03]",-13.076991589241,7.48402116822514,1527,1750
BHM00078583,"(3e+03,4e+03]",-35.4157023850564,17.9970899402731,2290,3500
BHM00078583,"(5e+03,6e+03]",-84.3926366171716,32.2256551957767,2332,5500
BHM00078583,"(1,100]",-0.991463526934064,2.82092507490995,941,50
BHM00078583,"(1e+03,1.5e+03]",-12.3866570810932,6.24156183172581,726,1250
BHM00078583,"(250,500]",-3.01568330918098,1.29733223832956,472,375
BHM00078583,"(2e+03,3e+03]",-23.5253613856558,13.3213544099381,1108,2500
BHM00078583,"(4e+03,5e+03]",-60.220423030713,25.6394813725637,1067,4500
BRM00082022,"(1,100]",5.17876893329253,4.50828067475527,685,50
BRM00082022,"(500,1e+03]",-1.33578590666654,7.35748113233841,872,750
BRM00082022,"(1e+03,1.5e+03]",-9.33627819832632,7.43623787670215,865,1250
BRM00082022,"(3e+03,4e+03]",-25.5037376460206,14.1139249816457,865,3500
BRM00082022,"(5e+03,6e+03]",-69.063857441594,29.3911207507364,849,5500
BRM00082026,"(250,500]",-21.7987352130312,4.86331405275598,1004,375
BRM00082026,"(1e+03,1.5e+03]",-29.0106689175607,7.27270536659556,1018,1250
BRM00082026,"(2e+03,3e+03]",-49.2915831419414,11.8159585284702,1017,2500
BRM00082026,"(5e+03,6e+03]",-100.704172999586,23.389234552798,1018,5500
BRM00082099,"(1,100]",-0.516320782602312,2.76699364906257,565,50
BRM00082099,"(500,1e+03]",-6.14175985649421,4.14685581166017,978,750
BRM00082099,"(1.5e+03,2e+03]",-12.4861142308118,6.67170365989334,884,1750
BRM00082099,"(3e+03,4e+03]",-31.2211601394311,13.0299394225787,978,3500
BRM00082099,"(5e+03,6e+03]",-79.8681681738529,27.2875643422027,977,5500
BRM00082099,"(100,250]",-0.326238460577817,2.83667635844808,413,175
BRM00082099,"(1e+03,1.5e+03]",-13.1036415013221,5.99466573135754,94,1250
BRM00082107,"(500,1e+03]",-35.1180662499344,3.08011953742558,346,750
BRM00082107,"(1e+03,1.5e+03]",-48.0180834304217,4.25705412648906,346,1250
BRM00082107,"(3e+03,4e+03]",-77.632375287667,8.30808398386176,346,3500
BRM00082107,"(5e+03,6e+03]",-141.589855836961,16.9867570764431,346,5500
BRM00082107,"(1,100]",-25.2283720021206,2.01958213068982,222,50
BRM00082193,"(1,100]",-3.31328794461069,3.05324133835567,591,50
BRM00082193,"(500,1e+03]",-10.9300795497883,3.79569909234432,845,750
BRM00082193,"(1.5e+03,2e+03]",-19.914575445274,5.21538942293288,729,1750
BRM00082193,"(3e+03,4e+03]",-40.6296051142582,11.0772317110312,845,3500
BRM00082193,"(5e+03,6e+03]",-86.7447162209852,24.6944401924417,845,5500
BRM00082193,"(1e+03,1.5e+03]",-18.4417847496957,6.3791780598249,116,1250
BRM00082193,"(100,250]",-3.64594799073981,3.18558374877699,254,175
BRM00082244,"(1,100]",12.9176602768957,3.9118868581948,898,50
BRM00082244,"(500,1e+03]",5.41877967030087,4.54755365192428,910,750
BRM00082244,"(1e+03,1.5e+03]",-2.85838734571954,6.00402918662559,904,1250
BRM00082244,"(3e+03,4e+03]",-22.8999739618109,11.5915711528152,906,3500
BRM00082244,"(5e+03,6e+03]",-71.3103252164461,25.0270625271895,903,5500
BRM00082332,"(1,100]",4.2693966064791,4.47368996290703,937,50
BRM00082332,"(500,1e+03]",-5.35212494033476,4.99110464025281,1092,750
BRM00082332,"(1e+03,1.5e+03]",-15.6662192173386,5.95882597119552,1091,1250
BRM00082332,"(3e+03,4e+03]",-37.1615984966026,12.6661665878586,1092,3500
BRM00082332,"(5e+03,6e+03]",-88.1786975259775,27.9262986093888,1091,5500
BRM00082400,"(1,100]",-1.77349745663847,3.4906698569353,486,50
BRM00082400,"(500,1e+03]",-7.67652799562079,4.18977447560165,531,750
BRM00082400,"(1e+03,1.5e+03]",-12.7261187374345,5.29854911085891,415,1250
BRM00082400,"(3e+03,4e+03]",-34.1875804608659,15.0378656712319,531,3500
BRM00082400,"(5e+03,6e+03]",-91.694708535487,13.3370684564832,526,5500
BRM00082400,"(1.5e+03,2e+03]",-12.3028172565057,6.06463070067109,113,1750
BRM00082400,"(100,250]",-4.81685636979161,10.8126048242389,42,175
BRM00082532,"(1,100]",2.49602091264292,4.5945150779702,1030,50
BRM00082532,"(500,1e+03]",-8.42128947340953,5.61908537846759,1043,750
BRM00082532,"(1e+03,1.5e+03]",-20.8274891496317,6.78548656559067,1009,1250
BRM00082532,"(3e+03,4e+03]",-47.1257914751202,12.0105944466978,1043,3500
BRM00082532,"(5e+03,6e+03]",-103.684685484366,25.2364004963984,1039,5500
BRM00082532,"(1.5e+03,2e+03]",-23.9967773338517,5.51236348351007,34,1750
BRM00082599,"(1,100]",15.016692768002,3.01664486625024,1122,50
BRM00082599,"(500,1e+03]",9.76333663041884,4.30111531269288,1171,750
BRM00082599,"(1e+03,1.5e+03]",5.11590648618076,7.48374928584266,1078,1250
BRM00082599,"(3e+03,4e+03]",-16.3676786969796,14.3292361059188,1171,3500
BRM00082599,"(5e+03,6e+03]",-71.2384753709903,27.4031277403149,1171,5500
BRM00082599,"(1.5e+03,2e+03]",5.27611147415736,6.7139689950035,93,1750
BRM00082599,"(100,250]",13.730414091841,3.07828074694495,49,175
BRM00082705,"(500,1e+03]",-8.45811021330526,4.13098188618525,895,750
BRM00082705,"(1e+03,1.5e+03]",-21.1609066273518,6.02117812925333,894,1250
BRM00082705,"(2e+03,3e+03]",-50.171925261005,12.6983004533107,880,2500
BRM00082705,"(5e+03,6e+03]",-113.429304858607,28.0146637402497,894,5500
BRM00082824,"(500,1e+03]",3.3635957249151,4.73219931528604,1003,750
BRM00082824,"(1e+03,1.5e+03]",-9.094766983866,5.89554893671906,1002,1250
BRM00082824,"(3e+03,4e+03]",-35.6429299660419,10.886071060456,1001,3500
BRM00082824,"(5e+03,6e+03]",-94.5303447231169,26.0299169568595,1001,5500
BRM00082824,"(1,100]",13.9358121649112,3.38430954404423,496,50
BRM00082917,"(500,1e+03]",-3.435796964081,5.44102143295823,702,750
BRM00082917,"(1e+03,1.5e+03]",-16.4233834461428,6.81083298512164,702,1250
BRM00082917,"(2e+03,3e+03]",-46.0358514621317,13.0107939920659,686,2500
BRM00082917,"(5e+03,6e+03]",-112.212464648447,30.8574089736069,702,5500
BRM00082965,"(500,1e+03]",-5.11487022793674,3.30852047267662,538,750
BRM00082965,"(1e+03,1.5e+03]",-14.9485512368468,5.3099739807184,679,1250
BRM00082965,"(2e+03,3e+03]",-34.0057578283538,11.838073300512,712,2500
BRM00082965,"(5e+03,6e+03]",-80.2660927246673,27.2887991693287,728,5500
BRM00082965,"(250,500]",-3.69187594618749,3.2109181561495,165,375
BRM00082965,"(3e+03,4e+03]",-46.2641188592776,14.2657324392939,52,3500
BRM00082965,"(4e+03,5e+03]",-64.8067421375329,18.4663193094033,59,4500
BRM00083208,"(100,250]",0.507251612166764,4.04276514796571,937,175
BRM00083208,"(500,1e+03]",-11.9909694031868,5.6544709907018,937,750
BRM00083208,"(2e+03,3e+03]",-37.7515984760049,13.3989153295505,937,2500
BRM00083208,"(5e+03,6e+03]",-87.2081535862043,32.9445098064043,934,5500
BRM00083378,"(250,500]",-6.83550459236412,4.71952510402794,962,375
BRM00083378,"(2e+03,3e+03]",-19.9958686830337,14.1236744727671,1345,2500
BRM00083378,"(4e+03,5e+03]",-52.3791356748698,33.3936401056149,1345,4500
BRM00083378,"(500,1e+03]",-4.83371489918271,4.93288205773841,383,750
BRM00083525,"(500,1e+03]",0.978459494764775,4.23798860273799,645,750
BRM00083525,"(2e+03,3e+03]",-10.0222330039853,12.4639394656136,646,2500
BRM00083525,"(4e+03,5e+03]",-40.9340140895395,33.468686299152,631,4500
BRM00083566,"(500,1e+03]",-2.02581761602984,6.4269120591335,1386,750
BRM00083566,"(2e+03,3e+03]",-17.2414831516675,14.9876935554064,1386,2500
BRM00083566,"(5e+03,6e+03]",-56.8370322525231,36.1801033035237,1286,5500
BRM00083566,"(4e+03,5e+03]",-55.0687116683771,31.0440847907456,100,4500
BRM00083566,"(1,100]",3.34266449770319,3.91643968928771,49,50
BRM00083612,"(100,250]",10.0792229644973,4.46955314650413,709,175
BRM00083612,"(500,1e+03]",-2.62802228505826,7.44985290481561,877,750
BRM00083612,"(2e+03,3e+03]",-29.8971198159189,18.956883002685,954,2500
BRM00083612,"(5e+03,6e+03]",-86.8339577628801,47.6648799025342,954,5500
BRM00083612,"(250,500]",9.74223811897463,4.67120480160777,245,375
BRM00083612,"(1e+03,1.5e+03]",-5.39552828590203,6.68004272660002,77,1250
BRM00083649,"(100,250]",-0.845881283953375,2.82660230323599,613,175
BRM00083649,"(500,1e+03]",-5.66742625976252,3.60501683921642,665,750
BRM00083649,"(1.5e+03,2e+03]",-11.4954952452231,6.49601484318398,651,1750
BRM00083649,"(3e+03,4e+03]",-35.0115568517013,11.8156244497387,662,3500
BRM00083649,"(5e+03,6e+03]",-96.4722915859675,22.7835175144073,658,5500
BRM00083649,"(1,100]",-1.00277743496284,2.4807660132477,52,50
BRM00083746,"(100,250]",-4.14684156413174,2.95840940319716,1158,175
BRM00083746,"(500,1e+03]",-10.6048347852206,7.13415070108924,1346,750
BRM00083746,"(1.5e+03,2e+03]",-19.4315711600297,12.9370485086773,1278,1750
BRM00083746,"(3e+03,4e+03]",-45.616341976168,23.7763505897233,1346,3500
BRM00083746,"(5e+03,6e+03]",-105.376324595045,46.0173906391985,1345,5500
BRM00083746,"(1,100]",-3.63450042455984,3.21704928525887,185,50
BRM00083746,"(1e+03,1.5e+03]",-19.7126796366187,10.7356575681084,68,1250
BRM00083768,"(100,250]",3.84778084312163,3.1602672913912,218,175
BRM00083768,"(500,1e+03]",-3.9100415372285,4.84098253618802,325,750
BRM00083768,"(2e+03,3e+03]",-31.9659382464627,14.9894174038694,354,2500
BRM00083768,"(5e+03,6e+03]",-85.7135694346483,39.977972298348,354,5500
BRM00083768,"(250,500]",3.73528648008738,3.26603640859565,136,375
BRM00083779,"(1,100]",1.4866418265406,3.29253120811708,846,50
BRM00083779,"(500,1e+03]",-5.33643762944929,6.23891251484944,1397,750
BRM00083779,"(2e+03,3e+03]",-29.9620423775156,16.2624476903925,1397,2500
BRM00083779,"(5e+03,6e+03]",-84.5791956109026,40.1932267914556,1396,5500
BRM00083779,"(100,250]",1.28361261360256,3.23637602632667,550,175
BRM00083827,"(500,1e+03]",-4.32207343614174,5.00690290212574,1170,750
BRM00083827,"(1e+03,1.5e+03]",-17.9723425451562,8.64849750520286,1213,1250
BRM00083827,"(2e+03,3e+03]",-51.9455344549946,20.8625879560748,1213,2500
BRM00083827,"(5e+03,6e+03]",-119.29830825907,49.6513970189849,1212,5500
BRM00083827,"(250,500]",-4.16707373821173,4.45523290946319,43,375
BRM00083840,"(500,1e+03]",-4.68487679208887,6.13242070400535,1299,750
BRM00083840,"(2e+03,3e+03]",-36.1994894065361,17.224274361194,1299,2500
BRM00083840,"(4e+03,5e+03]",-101.577960816763,40.6277509803381,1086,4500
BRM00083840,"(5e+03,6e+03]",-115.644464668473,49.9317102960412,205,5500
BRM00083899,"(100,250]",2.19326558008711,3.82655852670344,1024,175
BRM00083899,"(500,1e+03]",-3.72704016147181,6.43565585265029,1308,750
BRM00083899,"(1.5e+03,2e+03]",-13.1262438002518,13.4244427954433,1054,1750
BRM00083899,"(3e+03,4e+03]",-47.0862798564026,26.0310836590422,1306,3500
BRM00083899,"(5e+03,6e+03]",-119.572123778331,43.3437970284352,1298,5500
BRM00083899,"(1,100]",2.70437799147518,4.57118695548892,279,50
BRM00083899,"(1e+03,1.5e+03]",-13.6353027778227,10.9787606246317,253,1250
BRM00083928,"(500,1e+03]",-8.02774216201275,6.20218437977856,512,750
BRM00083928,"(1e+03,1.5e+03]",-20.3044999608724,11.0526570578609,510,1250
BRM00083928,"(3e+03,4e+03]",-53.4781585756798,30.0411513304118,484,3500
BRM00083928,"(5e+03,6e+03]",-119.033780604406,68.7143121648406,512,5500
BRM00083928,"(1,100]",0.0876390384272908,4.18521164041592,388,50
BRM00083928,"(100,250]",-0.259430647517294,3.18913937778599,41,175
BRM00083937,"(1,100]",-2.91249771894827,2.97147286075304,952,50
BRM00083937,"(500,1e+03]",-11.0581625440498,6.23786610641895,1339,750
BRM00083937,"(1e+03,1.5e+03]",-24.1618780380776,11.6754863632625,1324,1250
BRM00083937,"(3e+03,4e+03]",-64.1392846146966,26.4631590946744,1233,3500
BRM00083937,"(5e+03,6e+03]",-140.238140321239,56.5686810008929,1338,5500
BRM00083937,"(100,250]",-3.00710036789732,3.26550591120604,163,175
BRM00083937,"(2e+03,3e+03]",-48.5978052948593,23.6294635995686,105,2500
BUM00015614,"(100,250]",4.51601031822183,4.75788069403651,1108,175
BUM00015614,"(500,1e+03]",2.03300621802364,10.1805309806226,1399,750
BUM00015614,"(2e+03,3e+03]",-7.22790273492077,38.753280595919,1433,2500
BUM00015614,"(5e+03,6e+03]",-33.3093780854138,100.364049969348,1022,5500
BUM00015614,"(250,500]",4.24783808641561,4.68580533582589,219,375
BUM00015614,"(1e+03,1.5e+03]",-2.53380922347041,16.8303149246145,106,1250
BUM00015614,"(4e+03,5e+03]",-26.9984312132413,77.5739367168688,513,4500
BUM00015614,"(1,100]",4.70558045133843,6.05755101460408,72,50
BUM00015614,"(3e+03,4e+03]",-17.8996365726384,63.3599981268782,116,3500
BUM00015614,"(1.5e+03,2e+03]",1.20655969348886,21.5756798282614,52,1750
BXM00096315,"(100,250]",-40.1367345495948,3.83628669213745,552,175
BXM00096315,"(500,1e+03]",-47.7627512223631,4.12326064425446,607,750
BXM00096315,"(1.5e+03,2e+03]",-56.0743374560678,4.92173721191172,567,1750
BXM00096315,"(3e+03,4e+03]",-78.2508271274182,8.38719634621489,561,3500
BXM00096315,"(5e+03,6e+03]",-131.613456170456,15.8645731549195,594,5500
CAM00071043,"(500,1e+03]",-25.7212926126951,10.7271983851907,1435,750
CAM00071043,"(1e+03,1.5e+03]",-39.7332070000494,24.2672282856228,1483,1250
CAM00071043,"(2e+03,3e+03]",-87.1783741449612,69.7570416259811,1415,2500
CAM00071043,"(5e+03,6e+03]",-173.860579577693,161.924844366684,1492,5500
CAM00071043,"(250,500]",-22.4895457346651,6.46510579614252,70,375
CAM00071043,"(1,100]",-19.0811692760918,6.9922188100596,530,50
CAM00071043,"(100,250]",-18.5524039883597,8.05515010838717,233,175
CAM00071043,"(1.5e+03,2e+03]",-26.9718093071912,17.6791193763472,48,1750
CAM00071043,"(4e+03,5e+03]",-81.3541001973812,105.732919419068,108,4500
CAM00071043,"(3e+03,4e+03]",-43.6727856579499,51.5508830853376,243,3500
CAM00071081,"(1,100]",0.876364690958587,8.38784215281342,546,50
CAM00071081,"(500,1e+03]",-9.9654650187369,10.5828438622445,1337,750
CAM00071081,"(1e+03,1.5e+03]",-25.1987820027876,21.5740393733545,1301,1250
CAM00071081,"(2e+03,3e+03]",-76.5840221350508,54.2608459637151,1245,2500
CAM00071081,"(5e+03,6e+03]",-188.25596092266,113.059229805537,1239,5500
CAM00071081,"(4e+03,5e+03]",-197.35949177098,102.302973165187,205,4500
CAM00071081,"(100,250]",-0.259590099846422,7.71480187454211,566,175
CAM00071081,"(250,500]",-3.43689856498106,5.02807799492237,66,375
CAM00071081,"(1.5e+03,2e+03]",-35.4794946625779,26.883850045117,96,1750
CAM00071081,"(3e+03,4e+03]",-83.8135624848855,49.1129734373734,216,3500
CAM00071082,"(100,250]",-10.4290499994429,12.7746581141931,342,175
CAM00071082,"(500,1e+03]",-19.2275158125337,17.3026299868864,1457,750
CAM00071082,"(1e+03,1.5e+03]",-38.1116974625737,24.8681435642836,1462,1250
CAM00071082,"(2e+03,3e+03]",-103.37397275511,57.2763824552084,1501,2500
CAM00071082,"(5e+03,6e+03]",-228.921852048827,119.08850918636,1254,5500
CAM00071082,"(1,100]",2.21299043514942,19.9752308901069,654,50
CAM00071082,"(4e+03,5e+03]",-261.776643466803,108.277976551473,320,4500
CAM00071082,"(250,500]",-18.6473305626512,12.4972684782584,94,375
CAM00071082,"(1.5e+03,2e+03]",-69.2247407667697,41.1707901393619,56,1750
CAM00071082,"(3e+03,4e+03]",-156.012439420119,73.0417609943106,112,3500
CAM00071109,"(1,100]",10.340571912104,11.4260967262356,470,50
CAM00071109,"(500,1e+03]",2.40977486169902,11.4352018883884,1496,750
CAM00071109,"(1e+03,1.5e+03]",-1.89684719614665,16.5915925003228,1164,1250
CAM00071109,"(2e+03,3e+03]",-6.73217302842383,26.2385855812279,870,2500
CAM00071109,"(5e+03,6e+03]",-85.8820288015631,86.0583332985492,1490,5500
CAM00071109,"(100,250]",6.35413064090379,8.34312896237183,856,175
CAM00071109,"(1.5e+03,2e+03]",-14.6589018040453,19.1108149800221,391,1750
CAM00071109,"(3e+03,4e+03]",-50.7282849805187,39.7455483669779,784,3500
CAM00071109,"(250,500]",5.83948231651769,11.0104788586604,34,375
CAM00071109,"(4e+03,5e+03]",-62.0179773587037,44.6853222028476,57,4500
CAM00071119,"(500,1e+03]",-10.7228450162077,13.6008334305591,1517,750
CAM00071119,"(2e+03,3e+03]",-35.5925383876363,48.4065137636727,1558,2500
CAM00071119,"(4e+03,5e+03]",-87.2583505259624,115.033312773212,1404,4500
CAM00071119,"(1,100]",-2.18401081433608,5.75908645328285,565,50
CAM00071119,"(100,250]",-2.11578345115167,7.68772318840777,68,175
CAM00071119,"(250,500]",-3.44671131461993,11.6599587057152,40,375
CAM00071119,"(5e+03,6e+03]",-66.4907250186197,133.483470918975,293,5500
CAM00071119,"(1.5e+03,2e+03]",-16.4563631417252,35.945644154604,57,1750
CAM00071119,"(1e+03,1.5e+03]",-14.7214631180979,24.3884460417414,43,1250
CAM00071119,"(3e+03,4e+03]",-7.21158202109755,57.543348741943,105,3500
CAM00071603,"(500,1e+03]",18.6315339018249,18.8766330726143,1512,750
CAM00071603,"(1e+03,1.5e+03]",10.6106388198514,24.115451505732,1324,1250
CAM00071603,"(2e+03,3e+03]",-10.5220887067164,39.250214604777,896,2500
CAM00071603,"(5e+03,6e+03]",-123.959819658113,80.0967435588613,1533,5500
CAM00071603,"(1,100]",29.2894134748349,11.8092931027396,673,50
CAM00071603,"(100,250]",22.1354679890952,18.4422379071107,625,175
CAM00071603,"(250,500]",3.36243691894395,16.9216886956414,58,375
CAM00071603,"(4e+03,5e+03]",-131.217354218488,48.0272387911269,66,4500
CAM00071603,"(3e+03,4e+03]",-65.6512655056888,33.9896997860394,781,3500
CAM00071603,"(1.5e+03,2e+03]",-17.7990419113483,24.9854603376754,280,1750
CAM00071722,"(250,500]",10.0441653102566,4.38628515642445,256,375
CAM00071722,"(1e+03,1.5e+03]",-1.16591397023248,15.0028732423574,1496,1250
CAM00071722,"(2e+03,3e+03]",-31.7634940542429,40.3250014424506,1539,2500
CAM00071722,"(5e+03,6e+03]",-113.068985225635,89.7056499278398,1467,5500
CAM00071722,"(500,1e+03]",6.51679617905403,6.64314837261044,1269,750
CAM00071722,"(1,100]",11.9473935987141,2.11515556226479,211,50
CAM00071722,"(4e+03,5e+03]",-71.8268869079425,73.3084051734934,106,4500
CAM00071722,"(1.5e+03,2e+03]",-12.0514908287767,20.2692097702431,39,1750
CAM00071722,"(3e+03,4e+03]",-58.0214807355783,44.8259780584519,109,3500
CAM00071802,"(500,1e+03]",-5.14175361414439,5.65769318065998,1316,750
CAM00071802,"(1e+03,1.5e+03]",-15.7237299616067,13.8186822559354,1442,1250
CAM00071802,"(2e+03,3e+03]",-54.9186156457386,34.8388758491607,1204,2500
CAM00071802,"(5e+03,6e+03]",-153.606754454313,69.8593669220058,1459,5500
CAM00071802,"(250,500]",-1.60281020509556,2.56940234010765,151,375
CAM00071802,"(1,100]",0.0338626913452754,2.30750518246547,642,50
CAM00071802,"(100,250]",-0.532307345135322,2.24002120154989,117,175
CAM00071802,"(3e+03,4e+03]",-74.4979294386517,24.7363839609365,356,3500
CAM00071802,"(4e+03,5e+03]",-83.6298928495287,36.2722720629042,128,4500
CAM00071802,"(1.5e+03,2e+03]",-20.1405141638301,12.2199169676975,83,1750
CAM00071811,"(500,1e+03]",-7.28289968707917,6.46910876395903,1476,750
CAM00071811,"(1e+03,1.5e+03]",-16.5397988949088,14.0143893832744,1434,1250
CAM00071811,"(2e+03,3e+03]",-45.0082569039077,36.663585664116,1168,2500
CAM00071811,"(5e+03,6e+03]",-134.174541685715,80.6842187752735,1522,5500
CAM00071811,"(1,100]",-1.12640271183227,2.29883177408325,766,50
CAM00071811,"(100,250]",-1.6176088400842,2.52513685958605,450,175
CAM00071811,"(250,500]",-3.32920463448613,3.35216597237418,45,375
CAM00071811,"(4e+03,5e+03]",-93.4871696486749,39.2390129105592,105,4500
CAM00071811,"(3e+03,4e+03]",-69.2829404130929,28.0780703123497,483,3500
CAM00071811,"(1.5e+03,2e+03]",-28.8306373907519,12.4171089198623,113,1750
CAM00071815,"(500,1e+03]",-33.9322616157935,4.75881938441871,1491,750
CAM00071815,"(1e+03,1.5e+03]",-39.1686716121134,11.4490092913847,1339,1250
CAM00071815,"(2e+03,3e+03]",-62.4514866584633,33.0543191714005,1007,2500
CAM00071815,"(5e+03,6e+03]",-144.413972471676,72.1931229902021,1523,5500
CAM00071815,"(1,100]",-31.621676508133,2.26114979989378,471,50
CAM00071815,"(100,250]",-31.825856327614,2.36109236614672,644,175
CAM00071815,"(3e+03,4e+03]",-83.5656920302392,26.6191912892042,669,3500
CAM00071815,"(250,500]",-32.2206261138329,2.10639516954916,51,375
CAM00071815,"(4e+03,5e+03]",-110.087655891112,43.8096812892151,87,4500
CAM00071815,"(1.5e+03,2e+03]",-47.4647248936853,9.77939237480868,237,1750
CAM00071816,"(500,1e+03]",7.61745525502161,7.48329177792487,1454,750
CAM00071816,"(1e+03,1.5e+03]",0.163346930353559,14.9831430198134,1466,1250
CAM00071816,"(2e+03,3e+03]",-32.3351850752068,43.8514650673697,1257,2500
CAM00071816,"(5e+03,6e+03]",-115.417689948176,98.6085663251328,1519,5500
CAM00071816,"(1,100]",11.8960322696276,4.53363332826634,740,50
CAM00071816,"(4e+03,5e+03]",-108.251611693355,59.7589521710598,152,4500
CAM00071816,"(100,250]",10.4713906618386,5.42068044103469,418,175
CAM00071816,"(3e+03,4e+03]",-40.9679355084349,41.5821006697339,394,3500
CAM00071816,"(250,500]",4.1518545095874,8.52960063559035,62,375
CAM00071816,"(1.5e+03,2e+03]",-15.626403684244,18.9966493849708,94,1750
CAM00071823,"(250,500]",0.0223188104258613,4.52668874278284,1143,375
CAM00071823,"(1e+03,1.5e+03]",-7.78633964994027,12.8551761643194,1215,1250
CAM00071823,"(2e+03,3e+03]",-38.2991854737182,41.4176809814185,1450,2500
CAM00071823,"(4e+03,5e+03]",-131.736779071177,100.957201358156,504,4500
CAM00071823,"(500,1e+03]",-3.27486338884031,7.58504006511557,426,750
CAM00071823,"(5e+03,6e+03]",-108.706161604979,91.4881714898705,1016,5500
CAM00071823,"(100,250]",1.3457957027734,2.84842547946837,32,175
CAM00071823,"(1.5e+03,2e+03]",-14.7427024940778,15.7091476340596,52,1750
CAM00071823,"(3e+03,4e+03]",-47.9002401238569,46.2272127529175,112,3500
CAM00071845,"(250,500]",-14.7750722468407,4.62943523133428,1391,375
CAM00071845,"(500,1e+03]",-19.8735994652214,10.2065181533953,407,750
CAM00071845,"(2e+03,3e+03]",-54.7060380513364,45.6946805268538,1598,2500
CAM00071845,"(4e+03,5e+03]",-142.61882621216,104.027815021924,506,4500
CAM00071845,"(1e+03,1.5e+03]",-23.9059121397851,15.2084707775778,1159,1250
CAM00071845,"(5e+03,6e+03]",-124.783883910393,104.258672568394,1206,5500
CAM00071845,"(100,250]",-12.8955551951109,2.34418850367955,57,175
CAM00071845,"(3e+03,4e+03]",-57.0912280812853,53.5552347272578,156,3500
CAM00071845,"(1.5e+03,2e+03]",-28.7643610477075,26.0563274153594,87,1750
CAM00071867,"(250,500]",-7.57027262939841,5.74139825887648,904,375
CAM00071867,"(1e+03,1.5e+03]",-18.9900773539558,18.7559407754263,1452,1250
CAM00071867,"(2e+03,3e+03]",-54.893626808381,54.0081297692956,1510,2500
CAM00071867,"(5e+03,6e+03]",-130.89253461181,120.33284323332,1368,5500
CAM00071867,"(500,1e+03]",-9.1937837424166,8.10470294366522,595,750
CAM00071867,"(4e+03,5e+03]",-120.832681971097,110.011500799224,259,4500
CAM00071867,"(1.5e+03,2e+03]",-23.6835717471754,23.7124168946091,49,1750
CAM00071867,"(3e+03,4e+03]",-48.2844158032964,60.0512381780815,84,3500
CAM00071906,"(1,100]",-18.7778193224605,2.27556154938387,616,50
CAM00071906,"(500,1e+03]",-22.6645642133418,6.37874089647118,1475,750
CAM00071906,"(1e+03,1.5e+03]",-32.1674073220221,15.453439351425,1458,1250
CAM00071906,"(2e+03,3e+03]",-70.3714735520059,44.5598824905372,1343,2500
CAM00071906,"(5e+03,6e+03]",-161.731000674508,99.1101022928039,1448,5500
CAM00071906,"(4e+03,5e+03]",-146.012796097262,82.0344942586333,204,4500
CAM00071906,"(100,250]",-19.1496259141025,2.27399260213787,442,175
CAM00071906,"(250,500]",-19.2706140272401,2.42627677845886,58,375
CAM00071906,"(1.5e+03,2e+03]",-37.7375764580286,12.166791182453,98,1750
CAM00071906,"(3e+03,4e+03]",-77.3627362540485,38.1384491674807,299,3500
CAM00071907,"(1,100]",-3.56008833063086,5.4166573876681,487,50
CAM00071907,"(500,1e+03]",-11.2754650170674,8.8832755847156,1027,750
CAM00071907,"(1e+03,1.5e+03]",-25.4823608945327,18.2309490300865,972,1250
CAM00071907,"(2e+03,3e+03]",-73.0291966190739,45.6460763111839,874,2500
CAM00071907,"(5e+03,6e+03]",-182.698771971419,99.2600292568725,952,5500
CAM00071907,"(4e+03,5e+03]",-175.280093682313,82.544948315003,137,4500
CAM00071907,"(100,250]",-4.1334675383427,5.29744291006118,390,175
CAM00071907,"(250,500]",-6.48665441253729,5.12914457488226,51,375
CAM00071907,"(1.5e+03,2e+03]",-41.0598410725611,20.3497906375486,89,1750
CAM00071907,"(3e+03,4e+03]",-90.9184821631954,47.0965097258467,259,3500
CAM00071908,"(1,100]",1.53825717897297,6.69308526520083,248,50
CAM00071908,"(500,1e+03]",-6.18251693663245,12.0377821763391,1487,750
CAM00071908,"(2e+03,3e+03]",-19.5120429447697,43.7021540450158,1568,2500
CAM00071908,"(4e+03,5e+03]",-55.2842441100225,101.222402666625,993,4500
CAM00071908,"(100,250]",-0.979414494763741,4.26302061289308,1134,175
CAM00071908,"(5e+03,6e+03]",-39.5863890098542,119.891565090999,636,5500
CAM00071908,"(250,500]",-2.07136047223879,4.57294288213002,101,375
CAM00071908,"(1e+03,1.5e+03]",-7.10173100052122,14.2498134453589,41,1250
CAM00071908,"(1.5e+03,2e+03]",-4.64217139058096,21.1239087485183,44,1750
CAM00071908,"(3e+03,4e+03]",10.9193050306089,57.6300110085589,99,3500
CAM00071909,"(1,100]",14.515356552121,6.19483787516488,540,50
CAM00071909,"(500,1e+03]",8.19647743654894,7.70560562866583,1244,750
CAM00071909,"(1e+03,1.5e+03]",-2.10031087817419,15.6294465060969,1244,1250
CAM00071909,"(2e+03,3e+03]",-44.6919986574385,41.3921301513601,1260,2500
CAM00071909,"(5e+03,6e+03]",-149.559051621664,93.3219090974169,1163,5500
CAM00071909,"(4e+03,5e+03]",-157.090243852893,86.8467755980443,241,4500
CAM00071909,"(100,250]",13.9869165194877,4.70480542151937,418,175
CAM00071909,"(250,500]",11.3691335164238,4.15559515851049,82,375
CAM00071909,"(1.5e+03,2e+03]",-14.2476753228252,21.0281942297078,92,1750
CAM00071909,"(3e+03,4e+03]",-76.9295177116662,43.251173039267,197,3500
CAM00071913,"(1,100]",1.78119028628497,6.1782287656398,667,50
CAM00071913,"(500,1e+03]",-9.6815002814735,10.1325621119066,1477,750
CAM00071913,"(1e+03,1.5e+03]",-26.4605706629277,19.7041894939342,1395,1250
CAM00071913,"(2e+03,3e+03]",-84.7103436740643,51.8657527321731,1229,2500
CAM00071913,"(5e+03,6e+03]",-202.228300622026,111.711934554606,1456,5500
CAM00071913,"(100,250]",-0.54602451614842,3.56552599693594,605,175
CAM00071913,"(4e+03,5e+03]",-172.655202310889,101.22301013327,139,4500
CAM00071913,"(250,500]",-5.36368658020441,6.9175613888073,44,375
CAM00071913,"(1.5e+03,2e+03]",-42.1103991350252,25.2826164018969,128,1750
CAM00071913,"(3e+03,4e+03]",-87.7689843049072,50.1178716107333,374,3500
CAM00071917,"(1,100]",69.2966187398693,23.5479842131074,632,50
CAM00071917,"(500,1e+03]",52.1193594145479,25.6220040507403,1407,750
CAM00071917,"(1e+03,1.5e+03]",31.6992723186541,34.2737219381924,1496,1250
CAM00071917,"(2e+03,3e+03]",-34.1684991808957,77.5094231964472,1513,2500
CAM00071917,"(5e+03,6e+03]",-141.859487051435,152.538823771666,1197,5500
CAM00071917,"(4e+03,5e+03]",-261.263118587206,139.479836367761,438,4500
CAM00071917,"(100,250]",47.0819036756063,34.3629549732959,276,175
CAM00071917,"(250,500]",48.7096749076936,29.5759129051086,124,375
CAM00071917,"(1.5e+03,2e+03]",-20.7213197601135,24.1369965654524,56,1750
CAM00071917,"(3e+03,4e+03]",-72.8733032733174,44.351889292051,80,3500
CAM00071924,"(1,100]",24.8358769292609,9.41887599041478,690,50
CAM00071924,"(500,1e+03]",13.4358280040974,11.0234549729236,1411,750
CAM00071924,"(1e+03,1.5e+03]",-3.42575492366156,19.9423512078123,1455,1250
CAM00071924,"(2e+03,3e+03]",-60.5001232711256,48.3260051211921,1504,2500
CAM00071924,"(5e+03,6e+03]",-176.860039490791,98.7016575989475,1264,5500
CAM00071924,"(4e+03,5e+03]",-198.556247069209,102.895641477039,354,4500
CAM00071924,"(100,250]",21.8148353422697,7.62715952909553,249,175
CAM00071924,"(250,500]",17.9303930760218,7.66821323799982,111,375
CAM00071924,"(1.5e+03,2e+03]",-11.082122513966,28.6316097426232,69,1750
CAM00071924,"(3e+03,4e+03]",-73.1064435413386,42.1994850520615,146,3500
CAM00071925,"(1,100]",12.8185446483728,10.7774173582714,666,50
CAM00071925,"(500,1e+03]",-5.22850564165876,13.6581546414952,1303,750
CAM00071925,"(1e+03,1.5e+03]",-22.4882769197447,23.4262351864417,1262,1250
CAM00071925,"(2e+03,3e+03]",-83.8450864680008,59.2500134123563,1263,2500
CAM00071925,"(5e+03,6e+03]",-210.455758465445,124.768866391043,1279,5500
CAM00071925,"(100,250]",5.49586008085485,13.6360399862211,428,175
CAM00071925,"(4e+03,5e+03]",-203.16662025298,110.106817139978,190,4500
CAM00071925,"(250,500]",-1.57910908501417,12.8170911426669,75,375
CAM00071925,"(1.5e+03,2e+03]",-31.8306820028028,23.974084061549,116,1750
CAM00071925,"(3e+03,4e+03]",-87.3726201254132,46.3188643114354,253,3500
CAM00071926,"(1,100]",-23.7608726172117,12.8860885833531,485,50
CAM00071926,"(500,1e+03]",-34.6819354520526,17.7016100947569,1338,750
CAM00071926,"(1e+03,1.5e+03]",-50.8751675333081,30.3950396029108,1282,1250
CAM00071926,"(2e+03,3e+03]",-110.232743886757,70.0266642017026,1174,2500
CAM00071926,"(5e+03,6e+03]",-227.563378795037,140.775704213773,1297,5500
CAM00071926,"(4e+03,5e+03]",-251.130883688291,141.636857292824,118,4500
CAM00071926,"(100,250]",-28.1856066869289,10.0191842327178,549,175
CAM00071926,"(250,500]",-30.3977369925209,10.4987720985037,54,375
CAM00071926,"(1.5e+03,2e+03]",-51.1260213311425,27.6196763005173,108,1750
CAM00071926,"(3e+03,4e+03]",-84.6857675266317,60.5205721455451,256,3500
CAM00071934,"(250,500]",3.72234209925939,8.29388471465855,246,375
CAM00071934,"(1e+03,1.5e+03]",-3.02332914237279,19.9165925792755,643,1250
CAM00071934,"(2e+03,3e+03]",-29.0289532200237,66.9385091833245,668,2500
CAM00071934,"(5e+03,6e+03]",-88.6841587914134,164.078723217287,630,5500
CAM00071934,"(500,1e+03]",3.04771885006257,7.91024977216228,405,750
CAM00071934,"(1,100]",9.70158823307982,7.6028790607507,75,50
CAM00071934,"(4e+03,5e+03]",-43.5193551313791,126.272723001305,106,4500
CAM00071934,"(1.5e+03,2e+03]",12.4462767092519,10.0420991692855,36,1750
CAM00071934,"(3e+03,4e+03]",20.5866282228852,37.4404317939167,55,3500
CAM00071945,"(250,500]",0.856255917592214,7.69852377160682,1297,375
CAM00071945,"(500,1e+03]",-12.7515886529044,20.2014227232109,482,750
CAM00071945,"(2e+03,3e+03]",-44.5505714656828,66.9506948474294,1491,2500
CAM00071945,"(4e+03,5e+03]",-150.429213428305,154.169900059886,503,4500
CAM00071945,"(5e+03,6e+03]",-77.8879790417473,155.500139026429,1076,5500
CAM00071945,"(100,250]",5.5110734118493,11.057378358663,134,175
CAM00071945,"(1e+03,1.5e+03]",-10.3505152641714,21.621621274955,1019,1250
CAM00071945,"(1.5e+03,2e+03]",-3.81262107933891,26.6667708138537,39,1750
CAM00071945,"(3e+03,4e+03]",7.69261828999101,62.1382897675575,114,3500
CAM00071957,"(500,1e+03]",-37.2818907898223,17.7415413080263,1433,750
CAM00071957,"(1e+03,1.5e+03]",-55.6141399231849,30.5918328000806,1459,1250
CAM00071957,"(2e+03,3e+03]",-113.97077215766,75.762583049839,1383,2500
CAM00071957,"(5e+03,6e+03]",-220.315020124934,162.102857679301,1468,5500
CAM00071957,"(250,500]",-27.4621793800668,19.4239064195099,80,375
CAM00071957,"(1,100]",-24.1777271303844,15.5853112956723,469,50
CAM00071957,"(100,250]",-30.6606367136339,12.1913189181519,273,175
CAM00071957,"(1.5e+03,2e+03]",-35.99335989289,39.7401871562219,58,1750
CAM00071957,"(3e+03,4e+03]",-60.8548518345588,63.6357398565725,222,3500
CAM00071957,"(4e+03,5e+03]",-130.753164790304,135.477108063243,128,4500
CAM00071964,"(500,1e+03]",-4.5347124560031,8.92785696857356,1371,750
CAM00071964,"(2e+03,3e+03]",-17.4660274936277,43.3790646773847,1447,2500
CAM00071964,"(4e+03,5e+03]",-59.1560092976445,116.390124356024,1317,4500
CAM00071964,"(1,100]",-1.50481530873824,2.48153342224272,594,50
CAM00071964,"(250,500]",-3.65044185371825,4.66911653211196,46,375
CAM00071964,"(1.5e+03,2e+03]",-7.35139684757139,22.52262592613,70,1750
CAM00071964,"(5e+03,6e+03]",-23.6532806441441,107.635552887423,279,5500
CAM00071964,"(100,250]",-1.70758155783345,2.89771450152807,227,175
CAM00071964,"(3e+03,4e+03]",14.1219925300757,45.9196067121424,86,3500
CAM00073033,"(2e+03,3e+03]",49.5666848399048,85.344891934096,1529,2500
CAM00073033,"(4e+03,5e+03]",43.8194053790597,108.639971397373,619,4500
CAM00073033,"(500,1e+03]",13.3590668629693,43.665700652472,965,750
CAM00073033,"(5e+03,6e+03]",21.9713062294027,142.278295242938,938,5500
CAM00073033,"(250,500]",-0.0643100498672042,8.65770302701236,342,375
CAM00073033,"(100,250]",-0.0092974086889642,9.12349711777715,583,175
CAM00073033,"(1e+03,1.5e+03]",21.8887716708921,52.5651039892999,128,1250
CAM00073033,"(3e+03,4e+03]",55.876739624456,105.852739391682,85,3500
CAM00073033,"(1.5e+03,2e+03]",18.0537736644716,54.897216072541,42,1750
CAM00073033,"(1,100]",-0.062432701203857,2.04299837782079,32,50
CAM00073110,"(500,1e+03]",-6.11010886125708,6.38377648980598,1469,750
CAM00073110,"(1e+03,1.5e+03]",-14.8590260982493,13.3897419990009,1318,1250
CAM00073110,"(2e+03,3e+03]",-44.7394224795712,32.927855197234,917,2500
CAM00073110,"(5e+03,6e+03]",-143.414890757087,70.8214423099803,1510,5500
CAM00073110,"(1,100]",0.00658979400201746,2.42794805797472,640,50
CAM00073110,"(100,250]",-0.548335162885233,2.52878870942061,625,175
CAM00073110,"(250,500]",-2.10906704778329,2.69434254897487,45,375
CAM00073110,"(4e+03,5e+03]",-91.534086522844,28.6149342400395,78,4500
CAM00073110,"(3e+03,4e+03]",-69.2993104559415,31.0810604400374,731,3500
CAM00073110,"(1.5e+03,2e+03]",-25.5166528703869,12.6583911399537,273,1750
CDM00064700,"(500,1e+03]",3.44740037369124,7.71030185302826,54,750
CDM00064700,"(1e+03,1.5e+03]",-0.764065670731991,20.0107974607998,174,1250
CDM00064700,"(2e+03,3e+03]",-0.880356786505412,48.1604069610357,174,2500
CDM00064700,"(5e+03,6e+03]",10.4178014912483,104.476518735503,174,5500
CDM00064700,"(250,500]",-1.76978013825582,7.28314099883852,120,375
CEM00043466,"(1,100]",-0.22670266940734,2.39352541740162,223,50
CEM00043466,"(500,1e+03]",-8.79641692715803,3.95008226413149,227,750
CEM00043466,"(1e+03,1.5e+03]",-15.6357000759227,4.97033994780127,184,1250
CEM00043466,"(3e+03,4e+03]",-44.6482102119075,14.643067727018,276,3500
CEM00043466,"(5e+03,6e+03]",-94.6335505468962,21.4641700254021,288,5500
CEM00043466,"(1.5e+03,2e+03]",-18.4726940565827,7.15247756674395,145,1750
CEM00043466,"(2e+03,3e+03]",-32.8810106605231,9.68314358673499,124,2500
CEM00043466,"(4e+03,5e+03]",-71.8659439543921,16.7708296751529,135,4500
CEM00043466,"(250,500]",-5.04031460852321,1.19501996342673,31,375
CFM00064400,"(1.5e+03,2e+03]",-13.4786834455999,11.6816186942638,345,1750
CFM00064400,"(3e+03,4e+03]",-45.4090555089973,22.9161719670429,437,3500
CFM00064400,"(1e+03,1.5e+03]",-16.6294868801272,9.70549992700637,92,1250
CFM00064400,"(5e+03,6e+03]",-105.299927884534,46.2256569287099,436,5500
CHM00051463,"(1,100]",3.21979071452599,5.72488265830722,2363,50
CHM00051463,"(100,250]",1.0070490192076,11.4288508892154,3041,175
CHM00051463,"(250,500]",-0.792913822152133,11.511049474058,3116,375
CHM00051463,"(500,1e+03]",-5.05690718083538,16.7635211533108,8665,750
CHM00051463,"(1e+03,1.5e+03]",-13.9650230326965,31.4138893754544,6271,1250
CHM00051463,"(1.5e+03,2e+03]",-21.9634088885416,33.2234304358333,6571,1750
CHM00051463,"(2e+03,3e+03]",-29.9283697553596,43.7104547509604,13132,2500
CHM00051463,"(3e+03,4e+03]",-43.4960995507484,66.320846675843,12668,3500
CHM00051463,"(4e+03,5e+03]",-56.5900124620402,89.9339252350833,12499,4500
CHM00051463,"(5e+03,6e+03]",-62.0924186304633,112.992246877863,10128,5500
CHM00051839,"(1,100]",0.550899002640605,4.10151883621167,4146,50
CHM00051839,"(100,250]",-1.5255599030799,9.00953650491505,3481,175
CHM00051839,"(500,1e+03]",-10.5003864534731,25.7350454441736,4970,750
CHM00051839,"(1e+03,1.5e+03]",-17.6617396952128,28.258934172752,4477,1250
CHM00051839,"(1.5e+03,2e+03]",-22.3389485296998,31.5650302840678,6720,1750
CHM00051839,"(2e+03,3e+03]",-30.6188353031874,53.0341198801221,11214,2500
CHM00051839,"(3e+03,4e+03]",-32.2705935111033,76.078937785368,11010,3500
CHM00051839,"(4e+03,5e+03]",-31.9627452500175,103.935339058616,12511,4500
CHM00051839,"(5e+03,6e+03]",-35.5122808700374,133.740530873886,10737,5500
CHM00051839,"(250,500]",-4.38444075642822,19.5990761891006,1715,375
CHM00052681,"(1,100]",0.316211437616954,4.08459128702589,3511,50
CHM00052681,"(100,250]",-3.49617645510896,6.05079207973721,4244,175
CHM00052681,"(250,500]",-21.2665614596416,16.1821490046321,3301,375
CHM00052681,"(500,1e+03]",-43.7283690779832,25.6993180550407,5698,750
CHM00052681,"(1e+03,1.5e+03]",-50.0837645835824,28.2857375198858,5777,1250
CHM00052681,"(1.5e+03,2e+03]",-34.5854584419631,31.0798534292486,7265,1750
CHM00052681,"(2e+03,3e+03]",-49.9903908879836,49.8532032522554,12926,2500
CHM00052681,"(3e+03,4e+03]",-56.7379786899089,71.550186260172,12202,3500
CHM00052681,"(4e+03,5e+03]",-64.2286716173458,95.4028709776532,12290,4500
CHM00052681,"(5e+03,6e+03]",-76.9394879355523,121.664528848738,10066,5500
CHM00052866,"(1,100]",3.28895892044682,7.36819516767105,2132,50
CHM00052866,"(100,250]",1.75802341046962,12.5881482661328,2566,175
CHM00052866,"(250,500]",-0.673511755101415,13.8128615197578,2665,375
CHM00052866,"(500,1e+03]",-4.7206531782064,12.0416061534497,7779,750
CHM00052866,"(1e+03,1.5e+03]",-10.0746819574226,24.5625571305827,5186,1250
CHM00052866,"(1.5e+03,2e+03]",-15.3103883822897,23.5029513590687,6892,1750
CHM00052866,"(2e+03,3e+03]",-21.3897819031044,37.0106195525657,10588,2500
CHM00052866,"(3e+03,4e+03]",-27.1605681521045,49.9824967527659,11981,3500
CHM00052866,"(4e+03,5e+03]",-32.9769460885372,69.3242580307445,10365,4500
CHM00052866,"(5e+03,6e+03]",-24.155017829145,56.009548812464,1435,5500
CHM00053513,"(1,100]",0.453178339698061,5.81172720137469,2948,50
CHM00053513,"(100,250]",-1.55201275041595,7.15097981133072,3552,175
CHM00053513,"(250,500]",-5.23149398396277,6.20244738369155,3612,375
CHM00053513,"(500,1e+03]",-13.5868124506901,15.2247145050968,5390,750
CHM00053513,"(1e+03,1.5e+03]",-25.5369884131356,25.7727739009162,4821,1250
CHM00053513,"(1.5e+03,2e+03]",-32.8663747780027,27.664273945583,5759,1750
CHM00053513,"(2e+03,3e+03]",-41.5398151850357,39.7665171564665,11765,2500
CHM00053513,"(3e+03,4e+03]",-54.4941133627253,59.2969303160131,12295,3500
CHM00053513,"(4e+03,5e+03]",-70.0775110940456,81.0212577551796,11504,4500
CHM00053513,"(5e+03,6e+03]",-82.391478621497,100.212795605701,9559,5500
CHM00053845,"(1,100]",3.03015481662451,5.55771924773825,2788,50
CHM00053845,"(100,250]",0.33458503836648,5.41204024645715,3084,175
CHM00053845,"(250,500]",-2.93372449319774,6.61370992749144,3568,375
CHM00053845,"(500,1e+03]",-7.26108845586819,16.7846042523563,6136,750
CHM00053845,"(1e+03,1.5e+03]",-14.8893502020403,22.3038794704101,5369,1250
CHM00053845,"(1.5e+03,2e+03]",-21.8935199569218,21.74959542199,7863,1750
CHM00053845,"(2e+03,3e+03]",-32.3570603308036,33.5297305486601,12508,2500
CHM00053845,"(3e+03,4e+03]",-47.6459687095038,48.5472087189,13660,3500
CHM00053845,"(4e+03,5e+03]",-67.5898645583135,65.6786129643157,12704,4500
CHM00053845,"(5e+03,6e+03]",-86.028095963139,83.1773802099329,10673,5500
CHM00054135,"(1,100]",0.221817575800395,5.69146074078461,2474,50
CHM00054135,"(100,250]",-1.41682257576398,9.37575460486087,3322,175
CHM00054135,"(250,500]",-3.66398675066935,8.85811082309206,3364,375
CHM00054135,"(500,1e+03]",-7.0653261003621,9.34035335845805,6937,750
CHM00054135,"(1e+03,1.5e+03]",-14.4219909242845,13.3414996974483,7257,1250
CHM00054135,"(1.5e+03,2e+03]",-25.3556476213401,24.1285117277683,5961,1750
CHM00054135,"(2e+03,3e+03]",-37.5027540156729,33.655012965115,13641,2500
CHM00054135,"(3e+03,4e+03]",-55.0653216253249,52.2082161339819,12242,3500
CHM00054135,"(4e+03,5e+03]",-71.1974102732444,68.136929592024,12098,4500
CHM00054135,"(5e+03,6e+03]",-93.3825248660052,89.1595562130758,11671,5500
CHM00054340,"(1,100]",1.31123913890379,4.91238277343889,2366,50
CHM00054340,"(100,250]",-1.63561373428324,6.70142839132321,2423,175
CHM00054340,"(250,500]",-6.71174269695995,10.4118446142118,1822,375
CHM00054340,"(500,1e+03]",-8.04803701668983,9.39816547779262,5145,750
CHM00054340,"(1e+03,1.5e+03]",-15.6908870915745,14.1961292042399,5317,1250
CHM00054340,"(1.5e+03,2e+03]",-23.7799708637872,22.7315019458643,4887,1750
CHM00054340,"(2e+03,3e+03]",-39.5130320087264,35.1938324412389,9881,2500
CHM00054340,"(3e+03,4e+03]",-61.7520503170819,48.7117117826009,8949,3500
CHM00054340,"(4e+03,5e+03]",-86.2616580874521,67.3346756711476,8859,4500
CHM00054340,"(5e+03,6e+03]",-115.609476714592,88.327299634998,8440,5500
CHM00054374,"(1,100]",2.356253111984,7.52680247667253,2270,50
CHM00054374,"(100,250]",0.870010494984519,8.6266711258494,3209,175
CHM00054374,"(250,500]",0.569732591491515,6.0990970341697,4360,375
CHM00054374,"(500,1e+03]",-1.50623726319746,11.4456673635198,6399,750
CHM00054374,"(1e+03,1.5e+03]",-6.86894896554393,16.613115723444,7606,1250
CHM00054374,"(1.5e+03,2e+03]",-16.8117007468095,31.0612094632288,7207,1750
CHM00054374,"(2e+03,3e+03]",-25.5489618774454,32.4144472500656,14948,2500
CHM00054374,"(3e+03,4e+03]",-42.7177900188551,47.5940882365645,14376,3500
CHM00054374,"(4e+03,5e+03]",-68.9854011327178,65.0707147287221,13220,4500
CHM00054374,"(5e+03,6e+03]",-89.9176699048824,81.9983883555174,13585,5500
CHM00054727,"(1,100]",-0.579082501253632,6.13506876425343,1858,50
CHM00054727,"(100,250]",-6.9712490584916,10.802660792159,2500,175
CHM00054727,"(250,500]",-7.21602373399453,8.71527225487362,2890,375
CHM00054727,"(500,1e+03]",-8.85493621728416,10.2408054542127,7012,750
CHM00054727,"(1e+03,1.5e+03]",-15.6167076936465,12.9392205272798,7668,1250
CHM00054727,"(1.5e+03,2e+03]",-24.6443808801773,24.3989257124721,6717,1750
CHM00054727,"(2e+03,3e+03]",-38.6221703857412,29.1797079315889,14181,2500
CHM00054727,"(3e+03,4e+03]",-57.7032362082908,43.0661543142413,12806,3500
CHM00054727,"(4e+03,5e+03]",-80.3725619222842,57.8069425498497,12438,4500
CHM00054727,"(5e+03,6e+03]",-105.609229492074,74.0777026506957,12165,5500
CHM00056492,"(1,100]",-5.05418415742845,5.79770794115969,1428,50
CHM00056492,"(100,250]",-3.43457056123008,5.13478101012706,2952,175
CHM00056492,"(250,500]",-5.95976834741474,8.119240181998,3203,375
CHM00056492,"(500,1e+03]",-9.21814365805391,8.09419490417103,5186,750
CHM00056492,"(1e+03,1.5e+03]",-11.6749914996513,12.5035542449919,5763,1250
CHM00056492,"(1.5e+03,2e+03]",-19.127060054345,19.1692748837539,5582,1750
CHM00056492,"(2e+03,3e+03]",-25.9886225152013,20.0252532748928,13615,2500
CHM00056492,"(3e+03,4e+03]",-48.6120056340682,28.5859864749574,12981,3500
CHM00056492,"(4e+03,5e+03]",-73.8334806901345,40.3812765022207,11134,4500
CHM00056492,"(5e+03,6e+03]",-97.4285400084455,50.5226530508904,12148,5500
CHM00056964,"(100,250]",-2.63021000236085,7.65050066671105,2470,175
CHM00056964,"(250,500]",-4.38379501559491,18.7642654432822,1613,375
CHM00056964,"(500,1e+03]",-5.9247972717756,23.287040916557,4335,750
CHM00056964,"(1e+03,1.5e+03]",-10.9344212187236,21.318704291443,4204,1250
CHM00056964,"(1.5e+03,2e+03]",-16.3151829414783,14.8002698136223,6519,1750
CHM00056964,"(2e+03,3e+03]",-21.7461068488895,28.8718500034171,12666,2500
CHM00056964,"(3e+03,4e+03]",-34.7538386701949,38.9819002959813,12439,3500
CHM00056964,"(4e+03,5e+03]",-48.0076638467293,47.4489817992772,13227,4500
CHM00056964,"(5e+03,6e+03]",-63.6574272687198,62.2745737016857,11663,5500
CHM00056964,"(1,100]",-1.06245804802121,3.40502206855871,2995,50
CHM00057494,"(1,100]",2.42128591522583,5.38986580942509,2390,50
CHM00057494,"(100,250]",-0.792320044844362,5.41890123548922,3116,175
CHM00057494,"(250,500]",-3.89460894337255,7.88811910218041,2579,375
CHM00057494,"(500,1e+03]",-8.28097837978824,7.20885838799426,7361,750
CHM00057494,"(1e+03,1.5e+03]",-15.5837488105977,10.3746350491944,7232,1250
CHM00057494,"(1.5e+03,2e+03]",-24.9126207381374,15.974699097619,7060,1750
CHM00057494,"(2e+03,3e+03]",-42.1419782178979,25.1000608859943,13177,2500
CHM00057494,"(3e+03,4e+03]",-64.8473927830514,35.1426555143108,14382,3500
CHM00057494,"(4e+03,5e+03]",-95.8189366452825,49.3673954682887,13935,4500
CHM00057494,"(5e+03,6e+03]",-128.703010065682,64.4033507009009,13741,5500
CHM00057541,"(1,100]",0.0547324508160189,4.60106781742528,1200,50
CHM00057541,"(100,250]",-0.577843550061392,3.34678815940942,3357,175
CHM00057541,"(250,500]",-1.22749917923798,7.58543235169882,2770,375
CHM00057541,"(500,1e+03]",-3.63013796522531,7.39859938715314,6891,750
CHM00057541,"(1e+03,1.5e+03]",-8.30899093667608,16.2492498174397,5565,1250
CHM00057541,"(1.5e+03,2e+03]",-14.2815188166079,21.7415212307783,6396,1750
CHM00057541,"(2e+03,3e+03]",-25.6012259137896,20.4003378156722,14381,2500
CHM00057541,"(3e+03,4e+03]",-47.0534865320221,28.0253187042294,14376,3500
CHM00057541,"(4e+03,5e+03]",-70.8731490626863,40.5728659064091,12916,4500
CHM00057541,"(5e+03,6e+03]",-96.0564475170495,49.7386082973932,13692,5500
CHM00057687,"(100,250]",-1.60358042881711,8.34452530078202,2900,175
CHM00057687,"(250,500]",-4.14012552103311,10.1913612980014,2703,375
CHM00057687,"(500,1e+03]",-6.01941250181398,8.00547962366812,7795,750
CHM00057687,"(1e+03,1.5e+03]",-13.3433654256404,10.9145355382479,7830,1250
CHM00057687,"(1.5e+03,2e+03]",-25.0764543108842,19.7802311403163,6808,1750
CHM00057687,"(2e+03,3e+03]",-43.7552656742213,27.0835461130886,13273,2500
CHM00057687,"(3e+03,4e+03]",-67.6116468022252,39.216794657513,13927,3500
CHM00057687,"(4e+03,5e+03]",-99.4052449035001,53.3965031047164,14870,4500
CHM00057687,"(5e+03,6e+03]",-132.32526437334,69.2998794838396,14303,5500
CHM00057687,"(1,100]",0.647777658632165,4.61795001431291,2167,50
CHM00058027,"(1,100]",0.901074756618083,4.08529727406385,1952,50
CHM00058027,"(100,250]",-1.61450417940588,6.12964666777591,3128,175
CHM00058027,"(500,1e+03]",-9.03866352644552,7.61722304693064,7341,750
CHM00058027,"(1e+03,1.5e+03]",-17.112747982123,10.9026185730176,7690,1250
CHM00058027,"(1.5e+03,2e+03]",-26.9821692022832,17.7453591366759,6846,1750
CHM00058027,"(2e+03,3e+03]",-45.1857304852421,26.5408637219132,12941,2500
CHM00058027,"(3e+03,4e+03]",-65.5316008906085,37.0361149480853,13498,3500
CHM00058027,"(4e+03,5e+03]",-96.1926132405106,50.8117038030082,12949,4500
CHM00058027,"(5e+03,6e+03]",-129.341062991299,66.9396521056853,12611,5500
CHM00058027,"(250,500]",-4.96761142300998,9.42034596371513,2924,375
CHM00058238,"(1,100]",0.219433405050689,4.07223210239529,2495,50
CHM00058238,"(100,250]",-0.920722229210793,5.07972709057516,3424,175
CHM00058238,"(250,500]",-3.21646888526861,8.08418646163746,2982,375
CHM00058238,"(500,1e+03]",-8.17961098255838,7.75239336475894,8041,750
CHM00058238,"(1e+03,1.5e+03]",-15.3591262570563,10.8483150093361,8442,1250
CHM00058238,"(1.5e+03,2e+03]",-24.8460190327537,17.8795013265589,7846,1750
CHM00058238,"(2e+03,3e+03]",-43.1205588706374,26.8321602768267,14522,2500
CHM00058238,"(3e+03,4e+03]",-67.6809984575474,34.0393362306299,15236,3500
CHM00058238,"(4e+03,5e+03]",-98.0668044848229,47.5881842086317,14787,4500
CHM00058238,"(5e+03,6e+03]",-130.246693725585,61.7939256547382,14526,5500
CHM00058665,"(100,250]",-1.17750803546108,5.36477240903835,3419,175
CHM00058665,"(250,500]",-4.35656774392895,9.84795304562919,2916,375
CHM00058665,"(500,1e+03]",-4.78236383887115,7.59342227603695,8406,750
CHM00058665,"(1e+03,1.5e+03]",-8.67258526124947,11.9127695736543,8567,1250
CHM00058665,"(1.5e+03,2e+03]",-14.8158628892244,17.5373697728023,8554,1750
CHM00058665,"(2e+03,3e+03]",-32.8004668701705,26.3426007118953,14387,2500
CHM00058665,"(3e+03,4e+03]",-56.0531684846655,30.9271268671426,15478,3500
CHM00058665,"(4e+03,5e+03]",-86.8788590039414,40.8779876658461,15949,4500
CHM00058665,"(5e+03,6e+03]",-115.692528645566,53.6534349746675,16038,5500
CHM00058665,"(1,100]",-0.739843364158102,4.69047956685667,1877,50
CHM00058725,"(1,100]",1.96010602929954,7.81824236794089,1588,50
CHM00058725,"(100,250]",0.229465178949224,7.77198956565484,2749,175
CHM00058725,"(500,1e+03]",-3.28762467030759,8.70082814610999,6434,750
CHM00058725,"(1e+03,1.5e+03]",-8.50995882294984,10.6089627525877,7098,1250
CHM00058725,"(1.5e+03,2e+03]",-15.6295952741638,21.5917353347809,6468,1750
CHM00058725,"(2e+03,3e+03]",-31.1714766328698,25.5325321454038,13430,2500
CHM00058725,"(3e+03,4e+03]",-54.2736508323796,34.9199488043978,12885,3500
CHM00058725,"(4e+03,5e+03]",-78.1821897752032,47.6374701281084,14184,4500
CHM00058725,"(5e+03,6e+03]",-106.766726021802,61.5272280471111,14002,5500
CHM00058725,"(250,500]",-0.985520484305386,6.40900578771615,3114,375
CHM00059134,"(1,100]",-0.379927743767146,4.60743331440709,1767,50
CHM00059134,"(100,250]",-2.60716556861789,9.68525319391077,2452,175
CHM00059134,"(250,500]",-5.64939183053542,10.4745626917305,2690,375
CHM00059134,"(500,1e+03]",-6.9736548613143,7.70201410695258,7742,750
CHM00059134,"(1e+03,1.5e+03]",-13.9886917308703,9.52160735804721,7999,1250
CHM00059134,"(1.5e+03,2e+03]",-24.3029231301442,17.4641408505784,6965,1750
CHM00059134,"(2e+03,3e+03]",-43.3569133963049,21.6280913577204,13598,2500
CHM00059134,"(3e+03,4e+03]",-67.5394608808715,26.9675665080941,14616,3500
CHM00059134,"(4e+03,5e+03]",-97.9209100505782,35.0033125457836,15135,4500
CHM00059134,"(5e+03,6e+03]",-124.982828569632,45.0934366200907,15092,5500
CHM00059280,"(100,250]",-1.05830445465929,6.96313996713496,1807,175
CHM00059280,"(250,500]",-3.4680436802122,10.130076026008,1998,375
CHM00059280,"(500,1e+03]",-5.94605816935291,9.35109282809999,6571,750
CHM00059280,"(1e+03,1.5e+03]",-12.706831886208,10.7569575375077,6944,1250
CHM00059280,"(1.5e+03,2e+03]",-20.7134762914794,15.7456743519241,5867,1750
CHM00059280,"(2e+03,3e+03]",-37.3486287005104,22.1671543144616,12179,2500
CHM00059280,"(3e+03,4e+03]",-61.8157707132163,30.4679279832419,15013,3500
CHM00059280,"(4e+03,5e+03]",-88.5956725317315,40.8025458352972,14922,4500
CHM00059280,"(5e+03,6e+03]",-114.147950487072,53.317020251066,14887,5500
CHM00059280,"(1,100]",0.409897854867187,5.27787339671696,2146,50
CHM00059293,"(1,100]",0.552595598966651,6.18829542665955,1535,50
CHM00059293,"(100,250]",-0.99821194221632,8.70632958181963,1747,175
CHM00059293,"(250,500]",-1.28045087855775,10.1851462626262,2236,375
CHM00059293,"(500,1e+03]",-4.60033860016028,9.07979624891226,6248,750
CHM00059293,"(1e+03,1.5e+03]",-10.8720771008524,10.35695792394,6510,1250
CHM00059293,"(1.5e+03,2e+03]",-17.7789481111363,15.9058891001584,5645,1750
CHM00059293,"(2e+03,3e+03]",-34.3396828949489,22.5379735711537,11831,2500
CHM00059293,"(3e+03,4e+03]",-58.1710942308875,29.7753330449409,13774,3500
CHM00059293,"(4e+03,5e+03]",-83.5205882679029,41.9168349799146,13839,4500
CHM00059293,"(5e+03,6e+03]",-108.097081390328,56.0997869615761,13925,5500
CIM00085442,"(1,100]",-3.16745313148854,2.80190277452262,589,50
CIM00085442,"(500,1e+03]",-4.39549526658745,3.6851951894368,791,750
CIM00085442,"(1e+03,1.5e+03]",-19.8831225062368,10.5107784746262,776,1250
CIM00085442,"(3e+03,4e+03]",-98.953611049305,24.3386466431202,744,3500
CIM00085442,"(5e+03,6e+03]",-229.888987903606,40.9998168918939,757,5500
CIM00085442,"(1.5e+03,2e+03]",-32.262677456974,11.9826895372831,56,1750
CIM00085442,"(2e+03,3e+03]",-66.7309032298716,23.4746575451555,102,2500
CIM00085442,"(4e+03,5e+03]",-166.075046642589,31.6847848664861,84,4500
CIM00085586,"(1,100]",2.75333532900587,3.10358524897307,1158,50
CIM00085586,"(500,1e+03]",-5.59835504010361,8.81008876964693,1357,750
CIM00085586,"(1e+03,1.5e+03]",-25.2053489865869,17.8092595457235,1344,1250
CIM00085586,"(3e+03,4e+03]",-90.7768646370472,40.3214113232323,1161,3500
CIM00085586,"(5e+03,6e+03]",-180.727731082401,77.2638440154635,1348,5500
CIM00085586,"(100,250]",1.76467136911358,2.9818725920669,176,175
CIM00085586,"(2e+03,3e+03]",-54.6937435128146,37.4785514211543,251,2500
CIM00085586,"(250,500]",-4.88322694987038,4.70264164013733,32,375
CIM00085586,"(1.5e+03,2e+03]",-55.3024241787867,26.4260163474767,43,1750
CIM00085586,"(4e+03,5e+03]",-162.365957431587,71.2854625413089,57,4500
CIM00085799,"(1,100]",-0.531728088591703,2.67865463402511,496,50
CIM00085799,"(500,1e+03]",-4.26832091118941,5.11247891815089,731,750
CIM00085799,"(1e+03,1.5e+03]",-11.7118761870024,12.9862262768829,724,1250
CIM00085799,"(2e+03,3e+03]",-29.2685663363765,29.22213295742,605,2500
CIM00085799,"(5e+03,6e+03]",-104.520094569392,80.2814692194675,749,5500
CIM00085799,"(100,250]",-0.747387711044991,2.45546183781141,138,175
CIM00085799,"(3e+03,4e+03]",-70.5891066045964,38.8370209359228,221,3500
CIM00085799,"(1.5e+03,2e+03]",-20.6064747267753,21.1676471255216,39,1750
CIM00085799,"(4e+03,5e+03]",-53.0019556916321,70.387344491558,50,4500
CIM00085934,"(250,500]",-1.12189074468899,3.92891177951431,103,375
CIM00085934,"(500,1e+03]",-2.34388114322519,4.84466843629594,655,750
CIM00085934,"(1e+03,1.5e+03]",-5.08194960638683,9.71963182977393,740,1250
CIM00085934,"(1.5e+03,2e+03]",-12.3913573631628,17.8119854777115,36,1750
CIM00085934,"(2e+03,3e+03]",-17.9784661667672,25.4382152436499,753,2500
CIM00085934,"(3e+03,4e+03]",-46.8768530942777,39.5339567706988,84,3500
CIM00085934,"(4e+03,5e+03]",-46.1031450325328,70.0423156805363,64,4500
CIM00085934,"(5e+03,6e+03]",-52.4448353847794,64.6963525334,773,5500
CIM00085934,"(1,100]",-0.2181465186629,3.02035107028749,249,50
CIM00085934,"(100,250]",-0.161288997077766,2.81527380296768,93,175
CJM00078384,"(100,250]",-1.01837972175961,7.93014681601503,795,175
CJM00078384,"(500,1e+03]",-5.21654876758834,4.72555197296698,1186,750
CJM00078384,"(1.5e+03,2e+03]",-9.47487861564632,6.97760236282204,1043,1750
CJM00078384,"(3e+03,4e+03]",-26.6361185992657,10.2504495011592,1207,3500
CJM00078384,"(5e+03,6e+03]",-73.1279746873767,19.7060133347805,1210,5500
CJM00078384,"(1,100]",-0.92742461093337,3.68338263713033,298,50
CJM00078384,"(1e+03,1.5e+03]",-9.88180617214047,5.2109745420221,146,1250
CJM00078384,"(250,500]",-3.7345209277726,3.20915409662362,94,375
CJM00078384,"(2e+03,3e+03]",-20.8906946962478,7.12495352040003,251,2500
CJM00078384,"(4e+03,5e+03]",-49.4948825188238,12.0617719658514,270,4500
CKM00096996,"(1,100]",-2.59100282208792,2.45283554356956,260,50
CKM00096996,"(500,1e+03]",-8.1921138761514,3.06516639840356,613,750
CKM00096996,"(1e+03,1.5e+03]",-14.2072636990872,5.3153481729022,156,1250
CKM00096996,"(3e+03,4e+03]",-35.874722414904,9.58919775845913,667,3500
CKM00096996,"(5e+03,6e+03]",-94.4134097089198,14.65203569555,655,5500
CKM00096996,"(1.5e+03,2e+03]",-12.3076614917099,4.93527164482588,491,1750
CKM00096996,"(100,250]",-3.00942031935577,2.54166111780866,337,175
CKM00096996,"(2e+03,3e+03]",-24.091399447487,7.70462645200203,81,2500
CKM00096996,"(4e+03,5e+03]",-63.3473894023221,10.4807771802515,78,4500
COM00080001,"(100,250]",-5.98077167457171,9.68597402304088,582,175
COM00080001,"(500,1e+03]",-10.1251482183199,4.19232839919341,1345,750
COM00080001,"(1.5e+03,2e+03]",-15.5244955130467,6.01738725874036,1200,1750
COM00080001,"(3e+03,4e+03]",-35.5197427771082,11.1712712510606,1369,3500
COM00080001,"(5e+03,6e+03]",-88.9786155898643,16.801651547067,1337,5500
COM00080001,"(1,100]",-4.08786094786733,3.51124564030219,701,50
COM00080001,"(1e+03,1.5e+03]",-17.1934676366333,5.45877763857612,156,1250
COM00080001,"(250,500]",-4.15409136383594,1.20573966567287,38,375
COM00080001,"(2e+03,3e+03]",-24.0858437333933,7.80315862825107,108,2500
COM00080001,"(4e+03,5e+03]",-57.3382625244623,13.9351966158116,88,4500
COM00080028,"(1,100]",-8.98200950853807,5.03119631436141,286,50
COM00080028,"(500,1e+03]",-16.900449840151,5.20958933080537,293,750
COM00080028,"(1e+03,1.5e+03]",-27.6298515294984,5.47672561529327,189,1250
COM00080028,"(3e+03,4e+03]",-52.8366367654865,8.41380014661036,293,3500
COM00080028,"(5e+03,6e+03]",-106.194471007499,15.5175031635399,293,5500
COM00080028,"(1.5e+03,2e+03]",-28.0708225440831,6.74885106488702,104,1750
COM00080094,"(250,500]",-5.70023658197707,7.27578663765636,279,375
COM00080094,"(1.5e+03,2e+03]",-32.838352326199,8.761932113833,275,1750
COM00080094,"(4e+03,5e+03]",-90.0917698029888,14.1234596174069,277,4500
COM00080222,"(500,1e+03]",-11.3068448657676,4.57616040418047,747,750
COM00080222,"(3e+03,4e+03]",-40.8574664863899,19.6938683817722,747,3500
COM00080222,"(5e+03,6e+03]",-71.810104274979,30.7787175364615,747,5500
COM00080259,"(500,1e+03]",-26.1419187707726,5.49025704564631,260,750
COM00080259,"(2e+03,3e+03]",-51.8372814561726,9.12668096767502,260,2500
COM00080259,"(4e+03,5e+03]",-108.084588540447,16.0801146070504,256,4500
COM00080398,"(1,100]",0.376318948702744,2.86894431784998,552,50
COM00080398,"(500,1e+03]",-10.6443730265581,3.62290608944196,607,750
COM00080398,"(1e+03,1.5e+03]",-24.9323169900064,4.91327201456206,607,1250
COM00080398,"(3e+03,4e+03]",-58.6237757225224,7.80316336635331,605,3500
COM00080398,"(5e+03,6e+03]",-127.911168530873,15.5448467874033,581,5500
CYM00017607,"(1,100]",0.112378575186328,0.618373550662771,1441,50
CYM00017607,"(100,250]",-0.609408696095194,1.25165317472426,825,175
CYM00017607,"(250,500]",-1.31591552538886,2.630067414955,923,375
CYM00017607,"(500,1e+03]",-2.05939622495699,7.30796538838893,3996,750
CYM00017607,"(1e+03,1.5e+03]",-1.46813551183103,13.3114216360643,3106,1250
CYM00017607,"(1.5e+03,2e+03]",-0.210760596570075,20.1027984961113,3478,1750
CYM00017607,"(2e+03,3e+03]",2.09417467831646,31.7167848923184,5710,2500
CYM00017607,"(3e+03,4e+03]",1.08849636600384,44.1866660426897,4158,3500
CYM00017607,"(4e+03,5e+03]",-1.11314586622133,59.3067618538113,4717,4500
CYM00017607,"(5e+03,6e+03]",-1.47837064705741,75.9488407990117,4217,5500
DRM00078486,"(100,250]",-22.141641530736,14.7217455793667,1685,175
DRM00078486,"(500,1e+03]",-22.9302481356141,15.1310133758696,2550,750
DRM00078486,"(1.5e+03,2e+03]",-33.0006233563929,13.8926169507198,2001,1750
DRM00078486,"(3e+03,4e+03]",-52.412774554986,17.0971469655167,2636,3500
DRM00078486,"(5e+03,6e+03]",-95.3719751089286,31.0397598947214,2817,5500
DRM00078486,"(1,100]",-8.90420663804774,13.3092319223868,383,50
DRM00078486,"(1e+03,1.5e+03]",-18.9117363269115,11.5977272408861,619,1250
DRM00078486,"(250,500]",-10.3900494820536,12.0928487206304,689,375
DRM00078486,"(2e+03,3e+03]",-31.4962512478436,13.6332946255488,1665,2500
DRM00078486,"(4e+03,5e+03]",-64.1881757791167,19.5203060290961,1742,4500
EGM00062306,"(100,250]",-2.11240207540555,2.63035946196269,211,175
EGM00062306,"(500,1e+03]",-10.4112382525748,6.60665861068877,368,750
EGM00062306,"(1.5e+03,2e+03]",-22.2176154922343,16.8873845389494,152,1750
EGM00062306,"(3e+03,4e+03]",-52.3518306505757,31.5415786761912,346,3500
EGM00062306,"(5e+03,6e+03]",-107.165897756231,60.2617169186328,366,5500
EGM00062306,"(1e+03,1.5e+03]",-19.7123334283711,12.8946283907225,215,1250
EGM00062306,"(1,100]",-1.63650821388537,2.59691559773892,156,50
EGM00062378,"(1,100]",-5.8802609354303,2.58538841093087,153,50
EGM00062378,"(500,1e+03]",-7.22572288532869,7.88113899250919,354,750
EGM00062378,"(1e+03,1.5e+03]",-8.1316099472385,19.3545304801451,353,1250
EGM00062378,"(2e+03,3e+03]",-4.87318673896813,42.9486559172225,132,2500
EGM00062378,"(5e+03,6e+03]",-31.2560777445793,96.0771887747713,354,5500
EGM00062378,"(3e+03,4e+03]",-18.1725765915883,50.612492750067,222,3500
EGM00062403,"(1,100]",-5.23552766067406,4.27887973314085,107,50
EGM00062403,"(500,1e+03]",-0.10286771776599,4.32600380967111,212,750
EGM00062403,"(1e+03,1.5e+03]",9.44948348919619,5.36187303771404,157,1250
EGM00062403,"(3e+03,4e+03]",31.3994352080324,15.937469576665,195,3500
EGM00062403,"(5e+03,6e+03]",66.3928656415851,54.9121714824875,212,5500
EGM00062403,"(100,250]",-6.78508456952107,4.6233336600576,38,175
EGM00062403,"(1.5e+03,2e+03]",9.15141055450816,5.76983634192644,47,1750
EGM00062414,"(500,1e+03]",-6.77084235243835,4.80746400362345,346,750
EGM00062414,"(1e+03,1.5e+03]",-20.5365520745832,9.90607641186623,346,1250
EGM00062414,"(2e+03,3e+03]",-52.0820160158889,25.0066021549438,293,2500
EGM00062414,"(5e+03,6e+03]",-98.5010253090371,62.3899560010928,346,5500
EGM00062414,"(3e+03,4e+03]",-50.168912602636,18.8604119627782,53,3500
EIM00003953,"(500,1e+03]",0.0368979730256044,5.4137166394625,1466,750
EIM00003953,"(1e+03,1.5e+03]",-1.55405100869576,8.90245390242115,1130,1250
EIM00003953,"(2e+03,3e+03]",-9.895776159121,20.5293191621018,841,2500
EIM00003953,"(5e+03,6e+03]",-70.5068654757156,67.6174503837334,1517,5500
EIM00003953,"(1,100]",3.30663000412841,3.4928546270567,470,50
EIM00003953,"(100,250]",2.23514315304951,3.77012563768918,659,175
EIM00003953,"(3e+03,4e+03]",-39.5988904126109,27.9176760619275,825,3500
EIM00003953,"(250,500]",0.318943055687499,4.32669176097883,125,375
EIM00003953,"(1.5e+03,2e+03]",-8.39460829784982,13.1659228821725,476,1750
EIM00003953,"(4e+03,5e+03]",-56.0570260167837,39.6969490015606,126,4500
ENM00026038,"(1,100]",-3.73734980751336,2.56924070112824,259,50
ENM00026038,"(500,1e+03]",-12.25631699042,8.0952753065141,697,750
ENM00026038,"(1e+03,1.5e+03]",-18.8493395880887,12.93130458138,613,1250
ENM00026038,"(2e+03,3e+03]",-38.3346420384134,29.3172762535521,497,2500
ENM00026038,"(5e+03,6e+03]",-111.058311494165,69.1835995290124,712,5500
ENM00026038,"(100,250]",-4.97876579485236,2.89331696349817,292,175
ENM00026038,"(250,500]",-5.19683839590037,5.02787431750618,44,375
ENM00026038,"(1.5e+03,2e+03]",-32.6078180085441,15.2540542309404,137,1750
ENM00026038,"(3e+03,4e+03]",-65.2249232539658,29.7126610800663,295,3500
ENM00026038,"(4e+03,5e+03]",-46.3298424646285,44.3675530725081,53,4500
EZM00011520,"(500,1e+03]",-5.25808343770668,5.98854245636893,1064,750
EZM00011520,"(1e+03,1.5e+03]",-10.6642904424583,13.4287718307299,2181,1250
EZM00011520,"(2e+03,3e+03]",-28.1404779156843,37.8935055082404,2355,2500
EZM00011520,"(5e+03,6e+03]",-72.9226268290701,86.1360207113286,2262,5500
EZM00011520,"(250,500]",-3.89062048756749,4.59807291072741,1262,375
EZM00011520,"(4e+03,5e+03]",-10.4302509989488,56.0677634370338,218,4500
EZM00011520,"(100,250]",-1.68224171876961,3.5599832607666,45,175
EZM00011520,"(1,100]",-0.110231588137283,2.43101375467258,52,50
EZM00011520,"(1.5e+03,2e+03]",-4.49996935701798,19.3507678408749,104,1750
EZM00011520,"(3e+03,4e+03]",-10.6306177453702,43.7773300050345,162,3500
EZM00011747,"(500,1e+03]",-3.53620725561172,5.91955697582805,1275,750
EZM00011747,"(1e+03,1.5e+03]",-8.05158432372156,14.1739322421607,1502,1250
EZM00011747,"(2e+03,3e+03]",-23.3095307376891,38.87991693112,1575,2500
EZM00011747,"(5e+03,6e+03]",-62.7629213657776,89.01836902026,1571,5500
EZM00011747,"(1,100]",0.0600139199054252,2.23333862561783,184,50
EZM00011747,"(250,500]",-1.74523296503996,3.42614049397452,256,375
EZM00011747,"(1.5e+03,2e+03]",-4.80561297755179,21.8979711983277,66,1750
EZM00011747,"(3e+03,4e+03]",-21.0238211062354,46.500691305007,100,3500
EZM00011747,"(4e+03,5e+03]",-23.3435411376481,64.824133337323,98,4500
FGM00081405,"(100,250]",-1.40940898602727,1.34780684317522,997,175
FGM00081405,"(250,500]",-3.53901335667989,1.23635174754631,1798,375
FGM00081405,"(500,1e+03]",-8.70168767047761,2.40466213520623,3922,750
FGM00081405,"(1.5e+03,2e+03]",-17.9749356033048,4.70765389949077,2624,1750
FGM00081405,"(2e+03,3e+03]",-27.9334164716535,7.82447435309022,4990,2500
FGM00081405,"(3e+03,4e+03]",-46.3068251032822,10.3911325395921,5890,3500
FGM00081405,"(4e+03,5e+03]",-61.3125267124532,15.4557203982963,4803,4500
FGM00081405,"(5e+03,6e+03]",-77.7119177221702,24.2073013881051,4871,5500
FGM00081405,"(1e+03,1.5e+03]",-13.6767899134049,3.76326572601466,1375,1250
FGM00081405,"(1,100]",-0.815059721596169,2.23852978897558,791,50
FIM00002836,"(250,500]",-3.78287074226151,6.09276611096794,775,375
FIM00002836,"(1e+03,1.5e+03]",-11.695587368336,19.0115539633287,1999,1250
FIM00002836,"(2e+03,3e+03]",-27.2241913819762,46.4483005072995,2947,2500
FIM00002836,"(5e+03,6e+03]",-73.2522510880453,101.913659336703,2344,5500
FIM00002836,"(500,1e+03]",-5.22461702100683,9.32683250472915,1634,750
FIM00002836,"(1,100]",-0.726303862578095,3.10622414814738,430,50
FIM00002836,"(4e+03,5e+03]",-45.8107216842457,76.4660539273842,1508,4500
FIM00002836,"(100,250]",-2.13655849336434,3.59795932588053,271,175
FIM00002836,"(1.5e+03,2e+03]",-8.340676390197,25.4543911212415,682,1750
FIM00002836,"(3e+03,4e+03]",-27.2579105912851,54.7487006772646,1381,3500
FIM00002963,"(500,1e+03]",-4.17187837848591,8.23976885080741,3233,750
FIM00002963,"(1e+03,1.5e+03]",-9.67368163331519,16.2988867589994,3690,1250
FIM00002963,"(2e+03,3e+03]",-22.2358913953775,38.3493440471678,4835,2500
FIM00002963,"(5e+03,6e+03]",-65.774690442048,88.2301528486962,4624,5500
FIM00002963,"(1,100]",-0.13825304198638,3.5974941566576,1335,50
FIM00002963,"(100,250]",-0.965681962603659,3.43384051472462,834,175
FIM00002963,"(250,500]",-1.90540920157716,5.89203490856472,939,375
FIM00002963,"(3e+03,4e+03]",-25.0875473639603,51.549168466192,2822,3500
FIM00002963,"(4e+03,5e+03]",-34.2929698291589,64.9639616987325,2476,4500
FIM00002963,"(1.5e+03,2e+03]",-9.73997143653233,23.2155353721078,1362,1750
FJM00091680,"(1,100]",11.0574627802011,2.82524369209633,250,50
FJM00091680,"(500,1e+03]",6.36820797509384,5.33531994136169,1056,750
FJM00091680,"(1e+03,1.5e+03]",4.36813077085594,7.79719557443039,93,1250
FJM00091680,"(3e+03,4e+03]",-15.6206872222132,22.9176639784414,1054,3500
FJM00091680,"(5e+03,6e+03]",-66.6058531488157,46.0994945893514,1051,5500
FJM00091680,"(1.5e+03,2e+03]",2.55167649075237,10.5578949773934,962,1750
FJM00091680,"(100,250]",10.6340111527007,2.84595576596325,806,175
FKM00088889,"(500,1e+03]",-0.248333962850206,5.40567964188177,711,750
FKM00088889,"(1e+03,1.5e+03]",-5.4709865049477,11.9265814897522,854,1250
FKM00088889,"(2e+03,3e+03]",-23.4358637022473,29.2083845139003,880,2500
FKM00088889,"(5e+03,6e+03]",-64.6802459447182,67.5326049673051,898,5500
FKM00088889,"(250,500]",1.49304351285518,2.93823851574762,158,375
FKM00088889,"(1,100]",3.15546984996793,2.35610097189531,222,50
FKM00088889,"(3e+03,4e+03]",-51.0599676050415,55.4209126350271,129,3500
FKM00088889,"(100,250]",2.21709996685062,2.04515060049295,67,175
FKM00088889,"(1.5e+03,2e+03]",-26.7956711506139,22.1065417123393,52,1750
FKM00088889,"(4e+03,5e+03]",-44.2456609279069,80.5857595967174,98,4500
FMM00091334,"(1,100]",-0.382657240482524,0.718490877481917,2037,50
FMM00091334,"(100,250]",-1.53871004945965,0.992998528694499,1429,175
FMM00091334,"(250,500]",-4.07531059957651,1.4515641024296,1848,375
FMM00091334,"(500,1e+03]",-7.72052495116413,2.35204942169864,6473,750
FMM00091334,"(1e+03,1.5e+03]",-12.4154821865448,3.73940707497993,5282,1250
FMM00091334,"(1.5e+03,2e+03]",-17.1628555128221,5.08558777568241,6955,1750
FMM00091334,"(2e+03,3e+03]",-27.8023113063616,7.98727660706872,12775,2500
FMM00091334,"(3e+03,4e+03]",-44.2750130279359,10.1661790782389,13865,3500
FMM00091334,"(4e+03,5e+03]",-64.1889963181086,12.6563868155285,13130,4500
FMM00091334,"(5e+03,6e+03]",-85.7651602056251,15.2688469266626,16363,5500
FMM00091348,"(1,100]",-0.582391248041187,0.658322028351062,2726,50
FMM00091348,"(500,1e+03]",-7.85379276656991,2.32493143747111,6098,750
FMM00091348,"(1e+03,1.5e+03]",-12.5516374894082,4.00865430556153,6509,1250
FMM00091348,"(3e+03,4e+03]",-44.7984019849618,10.2781296120932,13661,3500
FMM00091348,"(5e+03,6e+03]",-85.9983721605293,15.5319344218567,15558,5500
FMM00091348,"(100,250]",-1.90723159514216,0.896505810943322,899,175
FMM00091348,"(250,500]",-4.27289850401691,1.48881259187148,1608,375
FMM00091348,"(1.5e+03,2e+03]",-16.9027104173699,5.36356817780153,6215,1750
FMM00091348,"(2e+03,3e+03]",-28.0492424820696,8.24988883510688,12268,2500
FMM00091348,"(4e+03,5e+03]",-64.6318446061454,12.7643706957431,13147,4500
FMM00091413,"(1,100]",-0.827818410936047,0.608226865071611,2714,50
FMM00091413,"(250,500]",-4.5343082661817,1.48475881960804,1692,375
FMM00091413,"(500,1e+03]",-7.98551901993609,2.31182600669482,6610,750
FMM00091413,"(1e+03,1.5e+03]",-12.8982530181669,3.75454502615483,6268,1250
FMM00091413,"(1.5e+03,2e+03]",-17.4337746645166,4.99047803358469,6745,1750
FMM00091413,"(2e+03,3e+03]",-27.6530270542274,7.76726731879738,14103,2500
FMM00091413,"(3e+03,4e+03]",-43.8321379351282,9.94346073701166,15160,3500
FMM00091413,"(4e+03,5e+03]",-63.4995227358477,12.3269211848905,13804,4500
FMM00091413,"(5e+03,6e+03]",-84.6735258697879,14.7987066231744,17183,5500
FMM00091413,"(100,250]",-2.00841760036543,0.994477485484721,853,175
FOM00006011,"(1e+03,1.5e+03]",-2.69303153627447,10.1952514552234,855,1250
FOM00006011,"(2e+03,3e+03]",-11.3151533674071,27.1972477329013,833,2500
FOM00006011,"(5e+03,6e+03]",-57.791356314472,76.3581981878514,913,5500
FOM00006011,"(500,1e+03]",-4.28819461558203,5.61172862829254,69,750
FOM00006011,"(4e+03,5e+03]",-62.7913518404945,77.6537357030787,97,4500
FOM00006011,"(1.5e+03,2e+03]",-19.4818063537749,16.9235438604533,85,1750
FOM00006011,"(3e+03,4e+03]",-64.3607131349298,36.0773491470025,205,3500
FOM00006011,"(100,250]",-0.947342805421734,0.834252321825811,31,175
FPM00091925,"(1,100]",-0.564623493428283,0.672775529386429,783,50
FPM00091925,"(100,250]",-2.64681386660508,0.969324556499571,875,175
FPM00091925,"(500,1e+03]",-7.07053634417169,2.17089094141372,1751,750
FPM00091925,"(1e+03,1.5e+03]",-10.1766799864992,3.39856892159579,1266,1250
FPM00091925,"(2e+03,3e+03]",-18.4841002508875,7.33822307300524,2826,2500
FPM00091925,"(3e+03,4e+03]",-36.6326606132901,10.0268060581237,2853,3500
FPM00091925,"(4e+03,5e+03]",-57.4957259927393,12.5118280940282,2206,4500
FPM00091925,"(5e+03,6e+03]",-85.7803385459065,16.6381683898853,2095,5500
FPM00091925,"(250,500]",-4.13242604371594,1.22352195190733,208,375
FPM00091925,"(1.5e+03,2e+03]",-11.6709197300589,4.36910775504796,1181,1750
FPM00091938,"(1,100]",0.545565182241986,9.20217085188951,791,50
FPM00091938,"(100,250]",-1.3264941655606,2.83228602470964,917,175
FPM00091938,"(250,500]",-2.87136949080059,2.68369490647577,1578,375
FPM00091938,"(500,1e+03]",-6.89598054161756,4.35942257430725,3367,750
FPM00091938,"(1e+03,1.5e+03]",-9.97148581794809,6.23178601888526,1661,1250
FPM00091938,"(1.5e+03,2e+03]",-12.8594375664376,5.89727301815853,2665,1750
FPM00091938,"(2e+03,3e+03]",-20.9855451669914,8.8654993344622,4939,2500
FPM00091938,"(3e+03,4e+03]",-38.2702035402059,11.3139968672549,5654,3500
FPM00091938,"(4e+03,5e+03]",-59.1395681267652,14.948108232959,4232,4500
FPM00091938,"(5e+03,6e+03]",-87.8370845018876,19.4348024114772,4123,5500
FPM00091948,"(1,100]",-0.508283897652893,0.824551377186471,513,50
FPM00091948,"(100,250]",-1.70241968582813,1.05125378498335,628,175
FPM00091948,"(500,1e+03]",-4.22163508671818,2.52882272389829,1625,750
FPM00091948,"(1e+03,1.5e+03]",-6.18554059690271,5.06547653680171,1163,1250
FPM00091948,"(2e+03,3e+03]",-15.113589366248,10.1529472819859,2002,2500
FPM00091948,"(3e+03,4e+03]",-32.6070530449003,13.9189843401899,2295,3500
FPM00091948,"(4e+03,5e+03]",-52.6546620510103,18.7778240720637,1742,4500
FPM00091948,"(5e+03,6e+03]",-79.3286739676313,25.314809118473,1640,5500
FPM00091948,"(250,500]",-3.21603162628688,1.24932797964836,185,375
FPM00091948,"(1.5e+03,2e+03]",-7.49974579015398,7.18434817631496,700,1750
FPM00091958,"(100,250]",-0.932869491511067,3.49509366782282,560,175
FPM00091958,"(250,500]",-1.569887014435,4.20289967820094,780,375
FPM00091958,"(500,1e+03]",-2.31612117114559,3.81601771030815,1768,750
FPM00091958,"(1e+03,1.5e+03]",-3.24673447698489,6.15541692272742,884,1250
FPM00091958,"(1.5e+03,2e+03]",-2.54587607593541,9.13943800375585,1284,1750
FPM00091958,"(2e+03,3e+03]",-9.46713424683013,13.4477949366996,2162,2500
FPM00091958,"(3e+03,4e+03]",-24.9557472914577,18.5230151466577,2402,3500
FPM00091958,"(4e+03,5e+03]",-43.0334681260766,24.6184239297666,1788,4500
FPM00091958,"(5e+03,6e+03]",-67.2024090823896,32.0489530265911,1713,5500
FPM00091958,"(1,100]",-0.446121630493426,1.021176989229,130,50
FRM00007110,"(500,1e+03]",-4.35930123405112,5.23886154762235,1692,750
FRM00007110,"(1e+03,1.5e+03]",-7.63355251907839,11.0811018219753,1496,1250
FRM00007110,"(2e+03,3e+03]",-17.7213281876624,21.9686339636273,1530,2500
FRM00007110,"(5e+03,6e+03]",-78.8312574787535,66.0672954903587,1745,5500
FRM00007110,"(1,100]",-1.76735676558716,2.41920870428681,692,50
FRM00007110,"(100,250]",-1.79468866047984,2.62920358448006,571,175
FRM00007110,"(3e+03,4e+03]",-47.5106897180449,29.9707709972795,1137,3500
FRM00007110,"(250,500]",-2.47089489649649,2.51465052630044,156,375
FRM00007110,"(1.5e+03,2e+03]",-12.9850934992345,14.9716100350659,347,1750
FRM00007110,"(4e+03,5e+03]",-62.3049655413927,39.5060441204406,629,4500
FRM00007145,"(500,1e+03]",-4.04416594948809,6.69217323981421,1498,750
FRM00007145,"(1e+03,1.5e+03]",-8.22943364625808,14.8940856820682,1480,1250
FRM00007145,"(2e+03,3e+03]",-20.5787231329012,33.0676158306402,1693,2500
FRM00007145,"(5e+03,6e+03]",-62.5473665170352,83.9474713278359,1653,5500
FRM00007145,"(1,100]",-0.576087964242586,3.36060911402948,352,50
FRM00007145,"(250,500]",-2.30965999268762,3.23323748439897,233,375
FRM00007145,"(4e+03,5e+03]",-34.5212398798194,52.6791682840174,656,4500
FRM00007145,"(100,250]",-1.00429729605645,1.5217410618563,287,175
FRM00007145,"(3e+03,4e+03]",-30.0186970141353,45.2766637936122,771,3500
FRM00007145,"(1.5e+03,2e+03]",-9.21692388971126,20.7005854700244,459,1750
FRM00007510,"(1,100]",1.75657749557129,7.47851903027461,542,50
FRM00007510,"(500,1e+03]",-3.27358510867047,9.34527349883859,1715,750
FRM00007510,"(1e+03,1.5e+03]",-6.19195942152989,16.1832188845081,1261,1250
FRM00007510,"(3e+03,4e+03]",-35.0632432620624,46.0327958271257,1565,3500
FRM00007510,"(5e+03,6e+03]",-68.1848200693545,91.9392583600334,1729,5500
FRM00007510,"(100,250]",0.924789132207934,4.3088432805104,778,175
FRM00007510,"(1.5e+03,2e+03]",-12.7149339354776,22.9014654250463,689,1750
FRM00007510,"(2e+03,3e+03]",-13.430488812647,29.9996052014237,1125,2500
FRM00007510,"(250,500]",-1.1464558979147,2.76257075803429,321,375
FRM00007510,"(4e+03,5e+03]",-40.0458008775491,59.2011891115152,630,4500
FRM00007645,"(100,250]",-0.497892356687224,2.42937737815799,654,175
FRM00007645,"(500,1e+03]",-2.51298037120399,9.28483176004752,1719,750
FRM00007645,"(1.5e+03,2e+03]",-9.05554581292161,26.5393323008246,516,1750
FRM00007645,"(3e+03,4e+03]",-22.4134046254972,53.399539372245,1451,3500
FRM00007645,"(5e+03,6e+03]",-39.6677740900448,100.220276991024,1750,5500
FRM00007645,"(1e+03,1.5e+03]",-3.16217190066512,18.1048896568442,1417,1250
FRM00007645,"(1,100]",0.322905990710753,2.30052634270153,890,50
FRM00007645,"(2e+03,3e+03]",-6.35116180919363,36.3550222755455,1184,2500
FRM00007645,"(250,500]",-3.56554475356761,3.71934435194356,95,375
FRM00007645,"(4e+03,5e+03]",-19.0986977288645,70.3172150912938,596,4500
FRM00007761,"(100,250]",0.640302619839625,2.24637557146543,992,175
FRM00007761,"(500,1e+03]",-3.57922011442151,4.6040044297896,1751,750
FRM00007761,"(1.5e+03,2e+03]",-12.0281128413475,9.62765614033073,976,1750
FRM00007761,"(3e+03,4e+03]",-29.0167045841365,22.5093714329255,1689,3500
FRM00007761,"(5e+03,6e+03]",-47.9636825216532,48.0116412528885,1762,5500
FRM00007761,"(1e+03,1.5e+03]",-4.77147703515163,7.57621602656118,900,1250
FRM00007761,"(1,100]",0.669593977986234,2.7708972000908,436,50
FRM00007761,"(2e+03,3e+03]",-16.5087758557022,19.403933273873,927,2500
FRM00007761,"(250,500]",-1.16786947382353,1.90537187108058,356,375
FRM00007761,"(4e+03,5e+03]",-48.3143941219511,25.572394474597,619,4500
FSM00061998,"(1,100]",-0.124271062208269,1.49965450083734,351,50
FSM00061998,"(250,500]",-0.330964449110367,2.05592873164684,909,375
FSM00061998,"(500,1e+03]",-0.608225895473801,5.9086554757756,1805,750
FSM00061998,"(1e+03,1.5e+03]",-0.899451770182578,11.8193063245086,1558,1250
FSM00061998,"(1.5e+03,2e+03]",-1.4350868082724,18.0552794322609,952,1750
FSM00061998,"(2e+03,3e+03]",-10.5038787098339,30.5442287427868,2659,2500
FSM00061998,"(3e+03,4e+03]",-29.9306551297879,47.4325280313088,2083,3500
FSM00061998,"(4e+03,5e+03]",-46.218844983168,64.2823993371961,1855,4500
FSM00061998,"(5e+03,6e+03]",-72.4061726645306,81.5627706947488,1750,5500
FSM00061998,"(100,250]",-0.245882357778965,1.26576570900396,211,175
GLM00004220,"(1e+03,1.5e+03]",-6.35532733481611,14.0599529724319,1449,1250
GLM00004220,"(2e+03,3e+03]",-30.7634975979123,35.7359160745679,1477,2500
GLM00004220,"(4e+03,5e+03]",-58.2620153591191,70.8823261156058,279,4500
GLM00004220,"(5e+03,6e+03]",-105.33941915958,80.9321745277544,1344,5500
GLM00004220,"(500,1e+03]",-0.390518283403137,4.88397432187072,88,750
GLM00004220,"(1.5e+03,2e+03]",-19.9842657943307,25.6278944370326,86,1750
GLM00004220,"(3e+03,4e+03]",-61.7278546221554,47.4123977932712,189,3500
GLM00004220,"(250,500]",0.156628263709356,1.61266156830388,57,375
GLM00004270,"(1e+03,1.5e+03]",12.6555970179829,14.6954324470904,1432,1250
GLM00004270,"(2e+03,3e+03]",-10.7769559056361,31.0943671108881,1397,2500
GLM00004270,"(5e+03,6e+03]",-79.4550198691937,72.7061228354186,1424,5500
GLM00004270,"(4e+03,5e+03]",-62.2185194199204,57.7530785765734,227,4500
GLM00004270,"(3e+03,4e+03]",-45.9982106116471,32.7711510983652,276,3500
GLM00004270,"(1.5e+03,2e+03]",-7.9296639376458,15.7515544328232,127,1750
GLM00004270,"(250,500]",2.90383002502409,10.0422010100487,46,375
GLM00004270,"(500,1e+03]",1.7825662637261,12.83309071478,86,750
GLM00004320,"(1e+03,1.5e+03]",-31.9552091649499,20.7245935481328,1456,1250
GLM00004320,"(2e+03,3e+03]",-94.7455901536548,53.6737611249012,1461,2500
GLM00004320,"(5e+03,6e+03]",-237.808110264451,107.938835064994,1445,5500
GLM00004320,"(4e+03,5e+03]",-129.611109111549,74.6691816876723,201,4500
GLM00004320,"(500,1e+03]",-6.32286513759818,7.26412496420406,85,750
GLM00004320,"(1.5e+03,2e+03]",-37.1277708441716,29.1922528285122,101,1750
GLM00004320,"(250,500]",-1.67344747547319,2.03607105149688,60,375
GLM00004320,"(3e+03,4e+03]",-97.5204761570378,53.3077641220581,228,3500
GLM00004339,"(1e+03,1.5e+03]",-22.4703177322706,18.2604694999745,1395,1250
GLM00004339,"(2e+03,3e+03]",-71.5607595717488,43.874418422478,1486,2500
GLM00004339,"(4e+03,5e+03]",-138.181695664677,72.7368520867788,215,4500
GLM00004339,"(5e+03,6e+03]",-188.665074583085,90.1731622339165,1338,5500
GLM00004339,"(1,100]",3.24357155399843,3.30220711935538,64,50
GLM00004339,"(500,1e+03]",-9.05692018744007,9.78170150288993,173,750
GLM00004339,"(100,250]",-0.486305082426383,3.02226516778804,60,175
GLM00004339,"(3e+03,4e+03]",-95.0669363693085,65.4559062309092,155,3500
GLM00004339,"(1.5e+03,2e+03]",-36.6970131683615,30.7107720826266,61,1750
GLM00004360,"(1e+03,1.5e+03]",-16.6736966704145,13.490295180927,1142,1250
GLM00004360,"(2e+03,3e+03]",-49.517894806183,30.3211807672488,1173,2500
GLM00004360,"(4e+03,5e+03]",-100.225721171104,70.2029210999358,176,4500
GLM00004360,"(5e+03,6e+03]",-138.088653182865,75.5490241791292,1135,5500
GLM00004360,"(100,250]",-3.14357877588513,2.00447153308578,47,175
GLM00004360,"(500,1e+03]",-11.0041165674075,8.59616572274154,101,750
GLM00004360,"(1.5e+03,2e+03]",-26.2471080792523,17.1192330183336,74,1750
GLM00004360,"(3e+03,4e+03]",-100.436538110569,40.1509655634629,179,3500
GLM00004417,"(1.5e+03,2e+03]",-79.4551252164628,41.9246105321269,324,1750
GLM00004417,"(3e+03,4e+03]",-122.970423585868,79.6217487276342,1064,3500
GLM00004417,"(2e+03,3e+03]",-58.1930980161354,45.6441152506532,887,2500
GLM00004417,"(1,100]",-0.496315585379117,1.06285931397112,79,50
GLM00004417,"(250,500]",-7.65140658578805,7.00116159509116,56,375
GLM00004417,"(500,1e+03]",-14.9213525149139,16.0864763560534,113,750
GLM00004417,"(1e+03,1.5e+03]",-23.4146826940626,24.3197136716991,105,1250
GLM00004417,"(100,250]",-2.76571325562024,3.41313949913999,43,175
GLM00004417,"(4e+03,5e+03]",-94.6256470766576,73.1308943132351,61,4500
GMM00010035,"(1,100]",-15.5692979441388,2.40315962074887,476,50
GMM00010035,"(500,1e+03]",-19.7268192265059,7.20108392244967,1462,750
GMM00010035,"(1e+03,1.5e+03]",-23.4399907470282,12.8258860805208,1192,1250
GMM00010035,"(2e+03,3e+03]",-33.4661870656427,27.2272898573973,897,2500
GMM00010035,"(5e+03,6e+03]",-92.9098515308609,80.5510494550302,1518,5500
GMM00010035,"(100,250]",-16.1613283913619,2.66893142440264,601,175
GMM00010035,"(250,500]",-16.4260986789916,3.17783836745082,70,375
GMM00010035,"(1.5e+03,2e+03]",-31.8996499030335,20.4519137386055,393,1750
GMM00010035,"(3e+03,4e+03]",-58.4713069839992,44.8567634376225,771,3500
GMM00010035,"(4e+03,5e+03]",-53.7498213040216,56.2036250328926,100,4500
GMM00010113,"(1,100]",2.83918773600485,2.53992306899774,478,50
GMM00010113,"(500,1e+03]",-0.919525323090207,5.79650148187196,1488,750
GMM00010113,"(1e+03,1.5e+03]",-3.40080381182661,10.3946435176876,1065,1250
GMM00010113,"(2e+03,3e+03]",-8.84891804449257,23.4096494016205,786,2500
GMM00010113,"(5e+03,6e+03]",-66.3185218831931,69.6989305662202,1515,5500
GMM00010113,"(100,250]",2.50126984809914,2.5077736442618,714,175
GMM00010113,"(3e+03,4e+03]",-37.7783695420335,32.941881872884,832,3500
GMM00010113,"(250,500]",2.5341899298951,2.32500214050658,100,375
GMM00010113,"(1.5e+03,2e+03]",-11.0244715306042,15.2911922418045,492,1750
GMM00010113,"(4e+03,5e+03]",-22.0543237316103,57.21051205124,105,4500
GMM00010184,"(1,100]",-3.80456582344504,2.44214647311349,433,50
GMM00010184,"(500,1e+03]",-7.88875476750329,7.96914592522054,1467,750
GMM00010184,"(1e+03,1.5e+03]",-10.1459127172674,13.3833414668242,1017,1250
GMM00010184,"(2e+03,3e+03]",-19.2569908029327,28.7356316386896,736,2500
GMM00010184,"(5e+03,6e+03]",-76.1552363886071,81.4013948890379,1511,5500
GMM00010184,"(100,250]",-4.04871962046019,2.76148159101262,812,175
GMM00010184,"(3e+03,4e+03]",-39.1776462362146,44.9174951675106,920,3500
GMM00010184,"(1.5e+03,2e+03]",-16.9332129796863,20.8331119258871,568,1750
GMM00010184,"(250,500]",-4.08676698399149,3.29285755478426,99,375
GMM00010184,"(4e+03,5e+03]",-22.5214204015204,62.1528957875551,127,4500
GMM00010238,"(1,100]",0.0353474329655449,2.4533878085411,627,50
GMM00010238,"(500,1e+03]",-3.18379030231456,7.20424310197446,1385,750
GMM00010238,"(1e+03,1.5e+03]",-6.90269554426293,14.6571845107225,1299,1250
GMM00010238,"(2e+03,3e+03]",-13.6654387411973,30.085186483937,962,2500
GMM00010238,"(5e+03,6e+03]",-63.3454240863925,85.1908159708947,1426,5500
GMM00010238,"(100,250]",-0.301832520597419,2.50890666214583,407,175
GMM00010238,"(250,500]",-1.56095468257551,3.45857336436993,64,375
GMM00010238,"(3e+03,4e+03]",-34.9429718940725,49.5648909865723,610,3500
GMM00010238,"(1.5e+03,2e+03]",-12.9356318256901,21.8980868687091,174,1750
GMM00010238,"(4e+03,5e+03]",1.4196977552957,53.550112874299,93,4500
GMM00010393,"(1,100]",-14.2715876775829,2.50387619935524,1182,50
GMM00010393,"(500,1e+03]",-19.0671473602879,7.37763161762168,2819,750
GMM00010393,"(1e+03,1.5e+03]",-24.5894006971647,16.01985388223,2895,1250
GMM00010393,"(2e+03,3e+03]",-36.6299885450774,35.1239954413061,2317,2500
GMM00010393,"(5e+03,6e+03]",-87.5302884776766,88.3736123357856,3048,5500
GMM00010393,"(100,250]",-14.9057391623507,2.43366277733053,512,175
GMM00010393,"(250,500]",-16.3367294581932,3.36204569480433,149,375
GMM00010393,"(3e+03,4e+03]",-49.785953544783,53.7421020118295,1084,3500
GMM00010393,"(1.5e+03,2e+03]",-24.563043848971,22.8448348047222,257,1750
GMM00010393,"(4e+03,5e+03]",-36.3248755570853,55.8177549925382,251,4500
GMM00010410,"(500,1e+03]",-0.95050308175414,6.60899546782528,1363,750
GMM00010410,"(1e+03,1.5e+03]",-5.81415456655301,14.7032266505916,1464,1250
GMM00010410,"(2e+03,3e+03]",-17.6651318034242,32.9265350298647,1363,2500
GMM00010410,"(5e+03,6e+03]",-63.0461254886705,79.6797209764203,1516,5500
GMM00010410,"(1,100]",2.73567366110618,2.43713917405326,500,50
GMM00010410,"(250,500]",0.667492184557492,3.28249839810328,155,375
GMM00010410,"(4e+03,5e+03]",-15.628617473363,48.2116276649937,102,4500
GMM00010410,"(100,250]",2.03330729613847,2.10101996966603,95,175
GMM00010410,"(3e+03,4e+03]",-37.024872677991,51.3466234080224,292,3500
GMM00010410,"(1.5e+03,2e+03]",2.15286673705566,16.9960958871861,84,1750
GMM00010548,"(250,500]",-1.20592766724772,4.26962217139255,1255,375
GMM00010548,"(1e+03,1.5e+03]",-6.9030092484112,13.6156395027897,1083,1250
GMM00010548,"(2e+03,3e+03]",-21.2713008488534,37.1953884265565,1526,2500
GMM00010548,"(5e+03,6e+03]",-70.4933233843943,83.4648663993051,1264,5500
GMM00010548,"(100,250]",-0.179416287051847,2.67701925906462,183,175
GMM00010548,"(500,1e+03]",-2.06197415413088,6.73905247526599,472,750
GMM00010548,"(4e+03,5e+03]",-13.6695644649506,53.1128762581215,286,4500
GMM00010548,"(1.5e+03,2e+03]",1.94739795011598,17.000587731488,75,1750
GMM00010548,"(3e+03,4e+03]",-7.25624688765065,38.1000444674888,116,3500
GMM00010618,"(250,500]",-2.0161206603072,3.70758053766874,2621,375
GMM00010618,"(1e+03,1.5e+03]",-8.490248304147,12.4883470210909,2691,1250
GMM00010618,"(2e+03,3e+03]",-27.207723714513,36.3160718698685,3164,2500
GMM00010618,"(5e+03,6e+03]",-73.8420706409146,81.7873876583253,2908,5500
GMM00010618,"(500,1e+03]",-3.64401390236745,5.51707434368163,737,750
GMM00010618,"(100,250]",-0.622608220492401,2.68878841568651,145,175
GMM00010618,"(4e+03,5e+03]",-17.0530308698474,46.8586659037821,340,4500
GMM00010618,"(1.5e+03,2e+03]",-5.08177381930727,15.9013760853548,140,1750
GMM00010618,"(3e+03,4e+03]",-13.9008299046456,34.0425494073701,195,3500
GMM00010739,"(500,1e+03]",-12.8985014028393,6.78704579109785,724,750
GMM00010739,"(1e+03,1.5e+03]",-17.685602158343,15.2657229600793,1544,1250
GMM00010739,"(2e+03,3e+03]",-33.3660994716595,40.7880390495085,1632,2500
GMM00010739,"(5e+03,6e+03]",-72.1424144819558,87.18057005738,1579,5500
GMM00010739,"(250,500]",-11.3080235124715,4.76377955178713,884,375
GMM00010739,"(4e+03,5e+03]",-9.96720196372326,46.9707667597803,116,4500
GMM00010739,"(100,250]",-9.72088017045385,2.16819267070475,30,175
GMM00010739,"(1.5e+03,2e+03]",-7.47081273855207,17.974010428652,79,1750
GMM00010739,"(3e+03,4e+03]",-10.0009379151912,38.1841659223166,87,3500
GMM00010868,"(250,500]",-13.1566850869607,4.1019345375164,1229,375
GMM00010868,"(1e+03,1.5e+03]",-19.6782963315442,13.9113646016076,1012,1250
GMM00010868,"(2e+03,3e+03]",-33.0819218488024,37.6101086418132,1567,2500
GMM00010868,"(5e+03,6e+03]",-71.651180743666,85.0363713448167,1315,5500
GMM00010868,"(500,1e+03]",-15.6557000077145,9.68217205586548,569,750
GMM00010868,"(100,250]",-12.2177194305077,2.76968186227547,253,175
GMM00010868,"(4e+03,5e+03]",-23.7107725927482,58.0922821347138,305,4500
GMM00010868,"(1,100]",-12.2747586479097,1.94464304292213,36,50
GMM00010868,"(1.5e+03,2e+03]",-14.4676381659523,17.830715909837,54,1750
GMM00010868,"(3e+03,4e+03]",-14.701160946681,34.2203400555149,124,3500
GMM00010954,"(500,1e+03]",-21.2666839798163,12.3997017509564,1275,750
GMM00010954,"(2e+03,3e+03]",-32.6594233257443,34.4609238845301,1308,2500
GMM00010954,"(4e+03,5e+03]",-53.6228775330252,71.5767694266807,919,4500
GMM00010954,"(1,100]",-17.0191292883817,8.51714749832077,642,50
GMM00010954,"(100,250]",-17.8411025324969,8.17642997687111,302,175
GMM00010954,"(250,500]",-4.94491347293605,6.41218329077325,33,375
GMM00010954,"(1.5e+03,2e+03]",-8.17018912073528,22.8971574343819,44,1750
GMM00010954,"(5e+03,6e+03]",-61.1057580000538,90.0900122944573,446,5500
GMM00010954,"(1e+03,1.5e+03]",-2.97909969844261,14.6701785453417,75,1250
GMM00010954,"(3e+03,4e+03]",-4.40219372640757,42.0403711101528,114,3500
GPM00078897,"(1,100]",-0.575914850512878,0.691094136712538,346,50
GPM00078897,"(100,250]",-1.16803742776355,0.823222465039858,1069,175
GPM00078897,"(250,500]",-2.87131753753141,1.08193307683666,1203,375
GPM00078897,"(500,1e+03]",-6.544517387429,2.31134921501571,2744,750
GPM00078897,"(1.5e+03,2e+03]",-8.64005326067701,5.77619389266139,2147,1750
GPM00078897,"(2e+03,3e+03]",-13.154629298142,8.28325013047788,3749,2500
GPM00078897,"(3e+03,4e+03]",-27.7838104820388,10.722530952142,4238,3500
GPM00078897,"(4e+03,5e+03]",-44.0762562882209,12.9614112592767,3337,4500
GPM00078897,"(5e+03,6e+03]",-66.4956231566806,17.2940649821885,3306,5500
GPM00078897,"(1e+03,1.5e+03]",-8.6338033267881,3.63770101029722,899,1250
GQM00091212,"(1,100]",-0.263041612939249,0.615694737781037,2580,50
GQM00091212,"(250,500]",-4.1327622777391,1.32098628437236,1965,375
GQM00091212,"(500,1e+03]",-7.11146061158517,2.21691181885329,7188,750
GQM00091212,"(1e+03,1.5e+03]",-11.6694388917241,3.91519539435032,7334,1250
GQM00091212,"(1.5e+03,2e+03]",-16.0301564206166,5.31470226327205,7281,1750
GQM00091212,"(2e+03,3e+03]",-26.5291298141559,8.24414678938466,15188,2500
GQM00091212,"(3e+03,4e+03]",-43.567424297755,10.1714420338438,15833,3500
GQM00091212,"(4e+03,5e+03]",-63.8667228716958,12.1402385770222,14293,4500
GQM00091212,"(5e+03,6e+03]",-86.0378230849122,14.9113214371629,16456,5500
GQM00091212,"(100,250]",-1.81104164968721,0.800272581420362,1064,175
GRM00016622,"(250,500]",-2.82960855641974,2.4040455899905,58,375
GRM00016622,"(500,1e+03]",-8.71266769626836,5.62839789790681,1159,750
GRM00016622,"(1.5e+03,2e+03]",-19.2189701592927,11.0566869377643,734,1750
GRM00016622,"(3e+03,4e+03]",-36.8822979216792,24.713333745222,1076,3500
GRM00016622,"(5e+03,6e+03]",-66.7908716206851,50.0619367277909,1197,5500
GRM00016622,"(100,250]",-2.30580050810108,2.87477777279939,837,175
GRM00016622,"(1e+03,1.5e+03]",-11.8876926853951,9.58467441015422,470,1250
GRM00016622,"(1,100]",-1.65628863671158,2.70322145202691,296,50
GRM00016622,"(2e+03,3e+03]",-20.4994295391692,22.6276718370707,209,2500
GRM00016622,"(4e+03,5e+03]",-49.4515554448432,39.6191490983698,104,4500
GRM00016716,"(100,250]",-0.70122338833814,3.08180860406959,239,175
GRM00016716,"(500,1e+03]",2.44642610260901,4.64494614428384,719,750
GRM00016716,"(1.5e+03,2e+03]",8.18189419600089,11.3213909787254,167,1750
GRM00016716,"(3e+03,4e+03]",20.2881261098749,24.7576941810506,601,3500
GRM00016716,"(5e+03,6e+03]",35.2431558149616,48.5367415068085,778,5500
GRM00016716,"(1e+03,1.5e+03]",8.01505512254353,8.6470192716543,628,1250
GRM00016716,"(1,100]",-0.614571877809071,2.64949902001858,462,50
GRM00016716,"(2e+03,3e+03]",23.0525404017092,17.8246676494779,210,2500
GRM00016716,"(4e+03,5e+03]",32.6099327360803,25.1948664329496,54,4500
GRM00016754,"(100,250]",-5.80852900438044,2.72924211075793,273,175
GRM00016754,"(500,1e+03]",-14.1412865587376,5.36826409474897,732,750
GRM00016754,"(1.5e+03,2e+03]",-28.2667605690325,15.347817373637,182,1750
GRM00016754,"(3e+03,4e+03]",-55.5586601527444,24.6201787673055,666,3500
GRM00016754,"(5e+03,6e+03]",-102.539126797663,50.6808551826377,735,5500
GRM00016754,"(1e+03,1.5e+03]",-22.8398457264063,9.96962929794382,604,1250
GRM00016754,"(1,100]",-5.11132613200766,2.60816874822553,445,50
GRM00016754,"(2e+03,3e+03]",-32.561399708428,24.0842687289643,165,2500
GRM00016754,"(4e+03,5e+03]",-97.7496353043157,42.353095727928,57,4500
HRM00014240,"(100,250]",-0.911868093888031,2.59952789915815,177,175
HRM00014240,"(500,1e+03]",-4.73598512749994,8.83654931976715,1329,750
HRM00014240,"(1e+03,1.5e+03]",-10.3759558772001,19.7319066237418,1304,1250
HRM00014240,"(3e+03,4e+03]",-32.485364453937,57.7914135782647,517,3500
HRM00014240,"(5e+03,6e+03]",-60.3111610207114,103.380098208345,1379,5500
HRM00014240,"(1,100]",-0.155322591688324,2.61463173031726,661,50
HRM00014240,"(2e+03,3e+03]",-21.7350345294347,42.9695606385532,979,2500
HRM00014240,"(250,500]",-1.94604964733651,3.55353426746858,44,375
HRM00014240,"(1.5e+03,2e+03]",-8.24324151901994,24.1343057310298,90,1750
HRM00014240,"(4e+03,5e+03]",-30.1352934077151,64.55759815816,114,4500
HRM00014430,"(100,250]",-1.26064914683347,2.54817635010647,289,175
HRM00014430,"(500,1e+03]",-3.7868010719701,6.09074229954054,1259,750
HRM00014430,"(1.5e+03,2e+03]",-11.3406043406743,17.3391017606828,173,1750
HRM00014430,"(3e+03,4e+03]",-17.1761068155994,35.1949917514784,726,3500
HRM00014430,"(5e+03,6e+03]",-26.4392679793885,67.4006364577648,1265,5500
HRM00014430,"(1e+03,1.5e+03]",-5.15908816830264,12.0750791291036,1113,1250
HRM00014430,"(2e+03,3e+03]",-4.16822116594227,25.4384966521242,634,2500
HRM00014430,"(1,100]",-0.613005568899524,2.4532384745345,743,50
HRM00014430,"(4e+03,5e+03]",3.66433808052105,48.3893770040398,82,4500
HUM00012843,"(1,100]",-1.90919918094733,2.61445809999175,554,50
HUM00012843,"(500,1e+03]",-7.43961406154933,8.61083840721099,1435,750
HUM00012843,"(1e+03,1.5e+03]",-13.7829868339743,19.1924133250742,1459,1250
HUM00012843,"(3e+03,4e+03]",-39.4463480963197,58.1045749530461,423,3500
HUM00012843,"(5e+03,6e+03]",-69.1594511449864,103.015721234265,1527,5500
HUM00012843,"(2e+03,3e+03]",-26.5307437347932,42.2349433411946,1198,2500
HUM00012843,"(100,250]",-2.82197496982822,2.3307227994598,135,175
HUM00012843,"(250,500]",-3.51755941952131,3.46170143155264,58,375
HUM00012843,"(1.5e+03,2e+03]",-10.5934012729852,22.8368983979737,68,1750
HUM00012843,"(4e+03,5e+03]",-38.6958285844593,73.1720225216476,106,4500
HUM00012982,"(100,250]",-1.68998825551488,2.64272390673325,321,175
HUM00012982,"(500,1e+03]",-7.16860007730409,9.63929691288844,1465,750
HUM00012982,"(1.5e+03,2e+03]",-18.8391659737768,26.4638816800537,145,1750
HUM00012982,"(3e+03,4e+03]",-32.5292920429358,57.5081725379656,787,3500
HUM00012982,"(5e+03,6e+03]",-65.7232220571235,106.703319847499,1506,5500
HUM00012982,"(1e+03,1.5e+03]",-12.8177357554562,20.0231127511445,1388,1250
HUM00012982,"(1,100]",-1.12921878243565,2.43958919082906,873,50
HUM00012982,"(2e+03,3e+03]",-25.1535754810101,39.1163418667545,854,2500
HUM00012982,"(250,500]",-2.01573744908807,2.99350160179952,32,375
HUM00012982,"(4e+03,5e+03]",-38.7900231255454,64.1834773451726,90,4500
IDM00096011,"(1,100]",-1.40762568452515,2.92660085505649,994,50
IDM00096011,"(500,1e+03]",-10.5355125367036,4.49272411456259,993,750
IDM00096011,"(1e+03,1.5e+03]",-19.3211444724992,7.37455391785474,955,1250
IDM00096011,"(3e+03,4e+03]",-43.7329469684796,16.86066329154,1051,3500
IDM00096011,"(5e+03,6e+03]",-100.801130055605,33.0815379485359,1038,5500
IDM00096011,"(1.5e+03,2e+03]",-24.713395138414,10.5525782466099,100,1750
IDM00096147,"(100,250]",-4.36409143871563,10.7751473374729,478,175
IDM00096147,"(500,1e+03]",-9.14258728293076,8.51864043351364,1212,750
IDM00096147,"(1.5e+03,2e+03]",-16.7113788178256,9.63175798533959,1071,1750
IDM00096147,"(3e+03,4e+03]",-37.3126915961187,13.1456534209203,1207,3500
IDM00096147,"(5e+03,6e+03]",-90.6307865251691,21.212836036107,1190,5500
IDM00096147,"(1,100]",-1.49102882530112,6.7370787063991,733,50
IDM00096147,"(1e+03,1.5e+03]",-12.1910727642776,9.870366055693,142,1250
IDM00096163,"(1,100]",1.0644134526823,4.60850056046522,1188,50
IDM00096163,"(500,1e+03]",-3.34272028941852,5.60254949564737,1261,750
IDM00096163,"(1.5e+03,2e+03]",-13.5939786338585,6.89769408186173,631,1750
IDM00096163,"(3e+03,4e+03]",-37.3384057337819,10.96641880003,1260,3500
IDM00096163,"(5e+03,6e+03]",-95.1950087259675,17.9691783564048,1248,5500
IDM00096163,"(1e+03,1.5e+03]",-11.5509743868838,6.82728440381858,630,1250
IDM00096163,"(100,250]",2.40654515565351,5.41224787887582,73,175
IDM00096237,"(1,100]",2.03954145921849,4.78216174896986,1261,50
IDM00096237,"(500,1e+03]",-3.20104329601933,4.90198961549222,1261,750
IDM00096237,"(1e+03,1.5e+03]",-11.3973887612173,5.93735822207834,1240,1250
IDM00096237,"(3e+03,4e+03]",-33.7318676883071,9.57730831941072,1252,3500
IDM00096237,"(5e+03,6e+03]",-87.0033396913025,16.5142300601952,1239,5500
IDM00096253,"(1,100]",2.60307648484936,4.8667677257184,1256,50
IDM00096253,"(500,1e+03]",-3.6955999676854,5.08016245659165,1260,750
IDM00096253,"(1e+03,1.5e+03]",-12.8692242656262,6.47832701255291,1111,1250
IDM00096253,"(3e+03,4e+03]",-38.9301563358342,10.9896864867182,1256,3500
IDM00096253,"(5e+03,6e+03]",-99.1146249362986,18.9106182027986,1244,5500
IDM00096253,"(1.5e+03,2e+03]",-16.0263071895103,6.00018081577716,149,1750
IDM00096581,"(1,100]",4.26075637427699,5.02507300803584,1096,50
IDM00096581,"(500,1e+03]",-5.59747083030286,4.94063714273824,1251,750
IDM00096581,"(1.5e+03,2e+03]",-19.4866612868786,6.17258843684846,845,1750
IDM00096581,"(3e+03,4e+03]",-50.5156855406123,11.2639516269873,1250,3500
IDM00096581,"(5e+03,6e+03]",-117.882926146605,19.2027975160444,1226,5500
IDM00096581,"(100,250]",2.70081421423561,5.15201327920884,155,175
IDM00096581,"(1e+03,1.5e+03]",-16.687000223969,6.14775891493796,406,1250
IDM00096633,"(100,250]",1.71189596973829,4.3381232028546,152,175
IDM00096633,"(500,1e+03]",-5.39681469816857,5.07500599540347,643,750
IDM00096633,"(1.5e+03,2e+03]",-13.5882745986528,6.1965132540222,534,1750
IDM00096633,"(3e+03,4e+03]",-36.0488389014995,9.65483230712319,641,3500
IDM00096633,"(5e+03,6e+03]",-89.3108063400728,16.5022329962964,640,5500
IDM00096633,"(1,100]",2.06084548499625,4.57642195623754,491,50
IDM00096633,"(1e+03,1.5e+03]",-13.280873241512,6.24362018422278,109,1250
IDM00096645,"(1,100]",2.06901822401309,4.75148102612129,1197,50
IDM00096645,"(500,1e+03]",-7.25790529351977,6.16809133660512,1208,750
IDM00096645,"(1e+03,1.5e+03]",-17.4178141970032,7.02969115688956,1193,1250
IDM00096645,"(3e+03,4e+03]",-44.090948909812,11.9476740137662,1186,3500
IDM00096645,"(5e+03,6e+03]",-105.830110812201,20.0646009169227,1168,5500
IDM00096685,"(1,100]",2.11158208108689,4.90138455197364,1207,50
IDM00096685,"(500,1e+03]",-5.50464818386374,5.26016188011515,1242,750
IDM00096685,"(1.5e+03,2e+03]",-17.4766846361062,5.99686504764922,389,1750
IDM00096685,"(3e+03,4e+03]",-43.9972631409559,9.63037518438343,1241,3500
IDM00096685,"(5e+03,6e+03]",-106.589176597653,16.649235395565,1239,5500
IDM00096685,"(1e+03,1.5e+03]",-16.0412493038755,6.24675447130178,853,1250
IDM00096685,"(100,250]",1.70571849752682,3.79668744578949,35,175
IDM00097014,"(1,100]",-50.103365917706,14.6167866805113,1123,50
IDM00097014,"(500,1e+03]",-52.0133108324642,16.8659444492329,1270,750
IDM00097014,"(1e+03,1.5e+03]",-53.8502556991004,21.8563183363879,680,1250
IDM00097014,"(3e+03,4e+03]",-78.1141597075133,19.4282149756183,1268,3500
IDM00097014,"(5e+03,6e+03]",-127.627712993896,26.6018598060059,1265,5500
IDM00097014,"(1.5e+03,2e+03]",-63.6916648565674,6.33054444403349,589,1750
IDM00097014,"(100,250]",-55.0725980533211,4.34027102298097,71,175
IDM00097072,"(1,100]",3.05603386402633,17.4952232688362,999,50
IDM00097072,"(500,1e+03]",-4.04083539099356,20.3816877666567,1252,750
IDM00097072,"(1e+03,1.5e+03]",-6.54328606698003,7.56742353400998,1178,1250
IDM00097072,"(3e+03,4e+03]",-31.3014475586495,22.5609005666888,1248,3500
IDM00097072,"(5e+03,6e+03]",-81.0454629644065,26.7971695923319,1242,5500
IDM00097072,"(1.5e+03,2e+03]",-90.0399462272407,5.16909848511248,73,1750
IDM00097230,"(1,100]",-2.05166540366013,3.80005752534735,311,50
IDM00097230,"(500,1e+03]",-5.11344053371373,4.68756973687249,640,750
IDM00097230,"(1e+03,1.5e+03]",-11.3770672856163,6.08752946261977,126,1250
IDM00097230,"(3e+03,4e+03]",-36.2239370163172,9.02971859333043,639,3500
IDM00097230,"(5e+03,6e+03]",-98.1101695565568,13.5613554848568,636,5500
IDM00097230,"(1.5e+03,2e+03]",-12.1091816025871,6.04243044669904,514,1750
IDM00097230,"(100,250]",-2.36689642239161,3.7192806755929,329,175
IDM00097372,"(500,1e+03]",-16.5463082978891,20.9946484347407,1227,750
IDM00097372,"(1e+03,1.5e+03]",-23.6745415579306,21.4783871429162,1227,1250
IDM00097372,"(3e+03,4e+03]",-45.8631912670569,24.6154418056244,1224,3500
IDM00097372,"(5e+03,6e+03]",-103.691624835126,35.2776026691937,1212,5500
IDM00097372,"(1,100]",3.53533325818907,6.34699044652473,341,50
IDM00097502,"(1,100]",0.253496606059736,3.81742844314524,424,50
IDM00097502,"(500,1e+03]",-5.36498427440789,5.40710227043668,632,750
IDM00097502,"(1e+03,1.5e+03]",-9.88804061762785,7.99936713732087,153,1250
IDM00097502,"(3e+03,4e+03]",-31.0708398404054,12.6261126869806,625,3500
IDM00097502,"(5e+03,6e+03]",-82.1904662676746,23.0531195278547,616,5500
IDM00097502,"(1.5e+03,2e+03]",-11.7034266178743,6.73961491952704,477,1750
IDM00097502,"(100,250]",-1.73232366173177,5.34456822055761,210,175
IDM00097690,"(1,100]",-9.12846370973844,6.74957097044711,385,50
IDM00097690,"(500,1e+03]",-13.8954938838991,7.31805386446391,632,750
IDM00097690,"(1.5e+03,2e+03]",-18.8522667271992,8.11870433445641,197,1750
IDM00097690,"(3e+03,4e+03]",-39.4054351639193,10.1374695133309,632,3500
IDM00097690,"(5e+03,6e+03]",-86.3113001033408,15.8297281807794,627,5500
IDM00097690,"(100,250]",-12.7077148149772,4.49630098395965,117,175
IDM00097690,"(1e+03,1.5e+03]",-20.5312048406894,7.38012030966492,435,1250
IDM00097724,"(1,100]",3.44348700961714,4.15665880042113,1003,50
IDM00097724,"(500,1e+03]",-3.8788029135637,4.69388252557546,1256,750
IDM00097724,"(1e+03,1.5e+03]",-10.1268132139839,6.57618712296813,453,1250
IDM00097724,"(3e+03,4e+03]",-34.6511417363772,9.16243032336129,1249,3500
IDM00097724,"(5e+03,6e+03]",-92.2707265798421,15.6693563477782,1243,5500
IDM00097724,"(1.5e+03,2e+03]",-11.7209782144009,5.92447509077022,801,1750
IDM00097724,"(100,250]",2.1193818856375,3.892846315637,253,175
IDM00097980,"(1,100]",-0.399423093491717,3.24701454905412,705,50
IDM00097980,"(500,1e+03]",-5.06720859217549,4.6235378750281,1254,750
IDM00097980,"(1e+03,1.5e+03]",-14.562240671569,6.72918891099292,246,1250
IDM00097980,"(3e+03,4e+03]",-38.3334838461089,12.7615819443356,1253,3500
IDM00097980,"(5e+03,6e+03]",-100.463424192717,23.0608405809767,1244,5500
IDM00097980,"(1.5e+03,2e+03]",-12.5875925340745,6.91225127657041,1008,1750
IDM00097980,"(100,250]",-1.34922079683697,3.3271896455217,549,175
INM00042027,"(1e+03,1.5e+03]",-6.48268939276255,45.9617656036555,67,1250
INM00042027,"(5e+03,6e+03]",-49.4446769914515,98.12266420488,688,5500
INM00042027,"(1.5e+03,2e+03]",-41.5744828463165,23.3788243416926,798,1750
INM00042027,"(4e+03,5e+03]",-57.0742333507424,65.3308287260959,837,4500
INM00042056,"(250,500]",17.0915480282745,18.7056162005642,504,375
INM00042056,"(1e+03,1.5e+03]",11.5552469448595,22.1859602141935,505,1250
INM00042056,"(2e+03,3e+03]",8.46263322796156,38.7624897594651,512,2500
INM00042056,"(5e+03,6e+03]",31.590306581631,84.0594407662328,478,5500
INM00042101,"(250,500]",-2.71420749977279,13.0717453964629,133,375
INM00042101,"(1e+03,1.5e+03]",-21.5130093822698,19.0961774758916,226,1250
INM00042101,"(2e+03,3e+03]",-53.6809614118203,36.1954483930013,223,2500
INM00042101,"(5e+03,6e+03]",-99.3565296068212,74.8995988336638,214,5500
INM00042101,"(500,1e+03]",-10.90341317578,5.659118174042,95,750
INM00042111,"(100,250]",18.8223462839229,8.0132621431747,282,175
INM00042111,"(500,1e+03]",2.50392346346927,11.1316716047549,594,750
INM00042111,"(2e+03,3e+03]",-36.056199228792,28.00572686934,593,2500
INM00042111,"(5e+03,6e+03]",-85.3799657154177,62.2285585116103,576,5500
INM00042111,"(1,100]",22.4246278477585,6.92007139172775,294,50
INM00042123,"(500,1e+03]",-10.7438350193181,11.5723574738999,507,750
INM00042123,"(1e+03,1.5e+03]",-21.4516879856442,23.2842726402179,532,1250
INM00042123,"(2e+03,3e+03]",-39.3126982530334,56.5020715491944,355,2500
INM00042123,"(5e+03,6e+03]",-54.4972160636055,110.181685938969,515,5500
INM00042123,"(3e+03,4e+03]",-30.7943718951534,47.2384778315326,171,3500
INM00042123,"(1,100]",-1.71230108141213,3.2519800536195,76,50
INM00042182,"(500,1e+03]",-69.3055726053408,7.14926524029264,1013,750
INM00042182,"(1e+03,1.5e+03]",-79.9041585819323,16.0264569541654,1393,1250
INM00042182,"(2e+03,3e+03]",-98.3760759895968,43.413840941302,1412,2500
INM00042182,"(5e+03,6e+03]",-122.841184856094,100.384812637576,1410,5500
INM00042182,"(250,500]",-68.2241165657734,4.29192786884129,402,375
INM00042182,"(3e+03,4e+03]",-96.5206273637426,30.9526393295501,36,3500
INM00042182,"(4e+03,5e+03]",-113.850807186558,38.6392979657025,39,4500
INM00042220,"(500,1e+03]",-15.7485628993828,22.3494673752784,272,750
INM00042220,"(1e+03,1.5e+03]",-31.0216579531607,23.5690284000049,273,1250
INM00042220,"(2e+03,3e+03]",-59.6540326418286,20.7896135089432,240,2500
INM00042220,"(5e+03,6e+03]",-123.475932176409,50.9040584905355,272,5500
INM00042220,"(3e+03,4e+03]",-109.081770048662,45.0511003454178,33,3500
INM00042314,"(1,100]",5.13699345709039,5.58333375243163,166,50
INM00042314,"(500,1e+03]",-5.06611609212898,15.0835874773987,453,750
INM00042314,"(1e+03,1.5e+03]",-16.1550016434122,17.8453368738494,453,1250
INM00042314,"(3e+03,4e+03]",-51.2224831533488,24.4480988392974,233,3500
INM00042314,"(5e+03,6e+03]",-92.873726438513,48.125432180491,449,5500
INM00042314,"(2e+03,3e+03]",-30.7419363731229,29.2141853047324,219,2500
INM00042339,"(500,1e+03]",-40.6658986428267,26.5977305725923,744,750
INM00042339,"(1e+03,1.5e+03]",-48.3429105763354,26.4708334930663,891,1250
INM00042339,"(2e+03,3e+03]",-64.7416143409211,44.1124869329853,839,2500
INM00042339,"(5e+03,6e+03]",-90.2067229355631,102.96953148925,904,5500
INM00042339,"(3e+03,4e+03]",-82.8866438913591,55.5476878086785,62,3500
INM00042339,"(250,500]",-19.8690583936442,21.5105954705924,155,375
INM00042348,"(250,500]",-13.8693511009446,18.5546744610318,776,375
INM00042348,"(1e+03,1.5e+03]",-27.7381974518686,25.1946592587892,801,1250
INM00042348,"(2e+03,3e+03]",-45.1991148191112,45.7001435983827,798,2500
INM00042348,"(5e+03,6e+03]",-67.2445498902103,101.030377198997,791,5500
INM00042348,"(500,1e+03]",-73.997627607013,30.7421264711907,33,750
INM00042361,"(500,1e+03]",-11.1348262093901,9.32155258987343,643,750
INM00042361,"(1e+03,1.5e+03]",-23.8664101279181,18.2947619869688,801,1250
INM00042361,"(2e+03,3e+03]",-44.8386635380954,42.8494379706742,793,2500
INM00042361,"(5e+03,6e+03]",-67.1082317386078,98.9131796833838,800,5500
INM00042361,"(250,500]",-6.80510819297203,18.6130327040683,164,375
INM00042369,"(1,100]",-2.93700819503264,2.57899666761689,130,50
INM00042369,"(500,1e+03]",-12.5514505331944,10.3867958718695,567,750
INM00042369,"(1e+03,1.5e+03]",-26.855627254564,16.3623952189844,566,1250
INM00042369,"(2e+03,3e+03]",-57.5104637358804,33.4427260830982,371,2500
INM00042369,"(5e+03,6e+03]",-121.388813755538,76.6893969446313,563,5500
INM00042369,"(3e+03,4e+03]",-63.0159103781435,43.4775690976605,194,3500
INM00042379,"(1,100]",9.26436925249955,5.0698519125629,165,50
INM00042379,"(500,1e+03]",0.0134178321228283,9.21352503325202,418,750
INM00042379,"(1e+03,1.5e+03]",-11.5305509183345,14.7878166665652,416,1250
INM00042379,"(3e+03,4e+03]",-36.6089360895365,30.787290083884,341,3500
INM00042379,"(5e+03,6e+03]",-90.374356266292,64.8360567769001,412,5500
INM00042379,"(2e+03,3e+03]",-41.0336780919823,31.9004955455415,73,2500
INM00042399,"(500,1e+03]",-22.2298892841244,20.9376232393469,548,750
INM00042399,"(1e+03,1.5e+03]",-38.0339853201511,20.8785899336495,545,1250
INM00042399,"(3e+03,4e+03]",-73.8706470519359,25.5407301768219,483,3500
INM00042399,"(5e+03,6e+03]",-137.494628386595,42.0411997108784,525,5500
INM00042399,"(2e+03,3e+03]",-59.5161709540907,13.6085182183692,55,2500
INM00042399,"(1,100]",-8.02328358209437,16.3478394656704,191,50
INM00042410,"(100,250]",-35.871090426118,23.3689679057629,116,175
INM00042410,"(500,1e+03]",-24.4684398626293,22.0891150316757,1393,750
INM00042410,"(1e+03,1.5e+03]",-32.4394231322541,21.4789251901546,1248,1250
INM00042410,"(3e+03,4e+03]",-57.0055164617647,33.0239434735417,1389,3500
INM00042410,"(5e+03,6e+03]",-102.745778997505,63.9258497128338,1382,5500
INM00042410,"(1,100]",-7.34043006621408,15.4087133006467,669,50
INM00042410,"(2e+03,3e+03]",-33.6683766769084,38.0907578015781,41,2500
INM00042410,"(1.5e+03,2e+03]",-61.6714438679893,25.8992014281246,142,1750
INM00042410,"(4e+03,5e+03]",-77.3448733990245,18.0566159919347,41,4500
INM00042492,"(1,100]",3.35735109358994,5.57601242179614,266,50
INM00042492,"(500,1e+03]",-15.0672499551848,8.49154848247934,579,750
INM00042492,"(1e+03,1.5e+03]",-31.6597236915855,12.4219348470414,576,1250
INM00042492,"(3e+03,4e+03]",-67.9898402114152,23.0535502830093,568,3500
INM00042492,"(5e+03,6e+03]",-128.683261155747,55.8722487021267,567,5500
INM00042516,"(1.5e+03,2e+03]",-50.6210598710167,36.8399812100666,194,1750
INM00042516,"(4e+03,5e+03]",-101.462508990931,45.5463969482851,217,4500
INM00042516,"(5e+03,6e+03]",-119.196509714151,67.4456023578063,86,5500
INM00042623,"(500,1e+03]",-11.3681136405959,22.3549912613876,385,750
INM00042623,"(2e+03,3e+03]",-39.3773709907142,27.1722422658122,380,2500
INM00042623,"(5e+03,6e+03]",-107.40671780307,40.5477752802014,313,5500
INM00042623,"(1,100]",-2.07227995465007,15.0821473730816,192,50
INM00042623,"(4e+03,5e+03]",-92.4299492580749,34.5190766084099,41,4500
INM00042634,"(1,100]",3.63568721372857,2.48141041682264,35,50
INM00042634,"(500,1e+03]",-5.42429389030198,20.5715564217418,287,750
INM00042634,"(1e+03,1.5e+03]",-25.4466724462885,9.63714796943815,280,1250
INM00042634,"(3e+03,4e+03]",-70.6262341231738,17.7359503391262,180,3500
INM00042634,"(5e+03,6e+03]",-133.201297699375,40.5394184553994,277,5500
INM00042634,"(2e+03,3e+03]",-55.8165156399188,20.5386277890751,100,2500
INM00042647,"(1,100]",1.76759688483173,4.49318203006028,618,50
INM00042647,"(500,1e+03]",-10.2455499317092,11.4070964954155,1088,750
INM00042647,"(1e+03,1.5e+03]",-20.7122271005481,20.2585099501907,1068,1250
INM00042647,"(3e+03,4e+03]",-42.6280142984117,45.6185590626371,1066,3500
INM00042647,"(5e+03,6e+03]",-81.6515346328359,96.0054319884921,1066,5500
INM00042647,"(2e+03,3e+03]",-23.7280659384728,37.7639671108562,37,2500
INM00042667,"(250,500]",-14.6023708773342,7.15922550800614,168,375
INM00042667,"(500,1e+03]",-22.5862941945067,10.9732321557161,202,750
INM00042667,"(2e+03,3e+03]",-51.1925212395211,32.6809949035533,327,2500
INM00042667,"(5e+03,6e+03]",-101.497145485743,71.9835129468062,312,5500
INM00042667,"(1e+03,1.5e+03]",-29.6922073754135,14.5893713349386,130,1250
INM00042667,"(100,250]",-9.78123663805628,6.33589024763113,166,175
INM00042675,"(250,500]",-15.4568949123755,17.5080067495452,488,375
INM00042675,"(1e+03,1.5e+03]",-32.1949717670773,19.6130220082557,490,1250
INM00042675,"(2e+03,3e+03]",-68.9475771683869,31.5756647658646,499,2500
INM00042675,"(5e+03,6e+03]",-135.167521462674,68.5244337902813,475,5500
INM00042701,"(100,250]",15.0168156044659,4.16184158621163,163,175
INM00042701,"(500,1e+03]",0.133311986847772,10.3947373754583,404,750
INM00042701,"(2e+03,3e+03]",-29.862013732018,16.1495423611816,403,2500
INM00042701,"(5e+03,6e+03]",-83.7519420138615,52.7566364798407,402,5500
INM00042701,"(1,100]",10.3156007500219,9.99872756902641,233,50
INM00042867,"(250,500]",-6.5968683183089,6.88722910392739,1020,375
INM00042867,"(1e+03,1.5e+03]",-16.7517132380219,14.3125765860357,1138,1250
INM00042867,"(2e+03,3e+03]",-30.5026856560698,38.4117836870598,1147,2500
INM00042867,"(5e+03,6e+03]",-54.148075120786,90.2357025955268,1133,5500
INM00042867,"(500,1e+03]",-8.14674878278936,6.52126939913027,137,750
INM00042867,"(3e+03,4e+03]",-32.7783148751206,28.3073195749875,38,3500
INM00042867,"(4e+03,5e+03]",-56.7143894612403,35.8914611141617,44,4500
INM00042874,"(500,1e+03]",-38.3896270938622,23.655046152706,269,750
INM00042874,"(1e+03,1.5e+03]",-38.4110847002322,22.3195539866993,802,1250
INM00042874,"(2e+03,3e+03]",-62.3672954128384,34.0129537398662,803,2500
INM00042874,"(5e+03,6e+03]",-102.217777586729,75.1652505110072,801,5500
INM00042874,"(250,500]",-18.9572145933113,17.1487185795335,537,375
INM00042886,"(500,1e+03]",-8.90101187931856,14.1518018816545,430,750
INM00042886,"(1e+03,1.5e+03]",-16.8081420990731,13.0266680663824,659,1250
INM00042886,"(2e+03,3e+03]",-35.0265192368398,31.5650786997502,652,2500
INM00042886,"(5e+03,6e+03]",-73.9232025460963,72.6720903135305,655,5500
INM00042886,"(250,500]",-6.75129182599445,11.7669086739551,236,375
INM00043003,"(100,250]",-0.603698381613732,4.1648947869516,53,175
INM00043003,"(500,1e+03]",-10.3186232271551,6.66377766987884,966,750
INM00043003,"(1.5e+03,2e+03]",-26.672663204523,8.01043627411491,255,1750
INM00043003,"(3e+03,4e+03]",-47.7586292323863,14.227164603993,994,3500
INM00043003,"(5e+03,6e+03]",-101.298640556587,26.1970865285249,961,5500
INM00043003,"(1,100]",0.09461856102047,3.89894238255106,815,50
INM00043003,"(1e+03,1.5e+03]",-19.3279672578723,7.82047325741681,728,1250
INM00043003,"(4e+03,5e+03]",-82.352529057284,12.0233835819926,55,4500
INM00043003,"(2e+03,3e+03]",-37.664723816283,10.3017278364613,36,2500
INM00043041,"(250,500]",-32.8059008102538,24.2657886016309,189,375
INM00043041,"(1e+03,1.5e+03]",-56.6642038469534,24.640165282978,106,1250
INM00043041,"(2e+03,3e+03]",-58.785609759562,28.7121577982995,661,2500
INM00043041,"(5e+03,6e+03]",-100.222640743292,62.8572116463782,663,5500
INM00043041,"(100,250]",-17.057470763802,19.1045644055919,465,175
INM00043041,"(500,1e+03]",-29.871718457039,18.5634250567331,551,750
INM00043049,"(1,100]",-38.4282420703822,11.3466571978964,140,50
INM00043049,"(500,1e+03]",-61.3593757058771,23.44320236148,406,750
INM00043049,"(1.5e+03,2e+03]",-81.5948492202218,31.4156202981471,214,1750
INM00043049,"(3e+03,4e+03]",-105.528687743093,30.6728010877827,408,3500
INM00043049,"(5e+03,6e+03]",-155.031004862402,33.7083722231634,399,5500
INM00043049,"(100,250]",-55.6984463978864,24.733568605963,114,175
INM00043049,"(1e+03,1.5e+03]",-70.4608671775793,21.5046510867194,196,1250
INM00043086,"(500,1e+03]",-19.9388826642921,25.9088642144186,833,750
INM00043086,"(1e+03,1.5e+03]",-30.2089849982863,27.3355874503965,829,1250
INM00043086,"(2e+03,3e+03]",-47.1376705513214,29.9334170485368,432,2500
INM00043086,"(5e+03,6e+03]",-81.2718456708234,83.1415272856323,830,5500
INM00043086,"(3e+03,4e+03]",-51.0605550024468,52.9189268067823,400,3500
INM00043110,"(500,1e+03]",-11.2068328776351,8.70085192730259,135,750
INM00043110,"(1e+03,1.5e+03]",-24.1980062436473,10.0870801893354,135,1250
INM00043110,"(5e+03,6e+03]",-95.3129457616553,30.4870682099528,132,5500
INM00043110,"(3e+03,4e+03]",-46.4281990749748,13.5148417439568,134,3500
INM00043128,"(250,500]",-40.0924932854919,28.8465295771874,290,375
INM00043128,"(500,1e+03]",-20.5966973829751,17.8259485775223,649,750
INM00043128,"(2e+03,3e+03]",-48.3325099481554,37.8419633783427,883,2500
INM00043128,"(5e+03,6e+03]",-78.7365773910057,69.7886521854071,886,5500
INM00043128,"(100,250]",-9.93069711192063,15.5678764999981,568,175
INM00043128,"(1e+03,1.5e+03]",-61.8090705938728,34.0344445153893,226,1250
INM00043185,"(1,100]",-5.09280680577173,12.930963903997,543,50
INM00043185,"(500,1e+03]",-21.7478647781557,21.1454786888292,858,750
INM00043185,"(1.5e+03,2e+03]",-37.6748945104961,26.7829273763176,424,1750
INM00043185,"(3e+03,4e+03]",-58.4114609125134,23.6346058587221,846,3500
INM00043185,"(5e+03,6e+03]",-108.504661212061,29.1145758502415,833,5500
INM00043185,"(100,250]",-21.2202662734629,27.2217182615392,215,175
INM00043185,"(1e+03,1.5e+03]",-28.1239532771322,13.728658254913,426,1250
INM00043285,"(1,100]",-47.8335766145581,2.48013872298235,264,50
INM00043285,"(500,1e+03]",-55.8719959478122,3.37567929181705,336,750
INM00043285,"(1.5e+03,2e+03]",-67.5407007475305,3.94840999336451,83,1750
INM00043285,"(3e+03,4e+03]",-90.0022122620702,8.32712390938828,340,3500
INM00043285,"(5e+03,6e+03]",-150.893033793227,17.7175706221153,345,5500
INM00043285,"(1e+03,1.5e+03]",-64.4237729857535,4.76152824462589,253,1250
INM00043295,"(500,1e+03]",-26.0368754974965,22.7131923383935,252,750
INM00043295,"(2e+03,3e+03]",-53.1792866693493,27.3786958547551,262,2500
INM00043295,"(5e+03,6e+03]",-151.469013049258,47.4619772610997,48,5500
INM00043295,"(4e+03,5e+03]",-94.1173655201176,38.3849759013806,214,4500
INM00043333,"(1,100]",0.842553256519175,2.49380993908397,371,50
INM00043333,"(500,1e+03]",-3.92126594747018,6.69098116843465,572,750
INM00043333,"(1e+03,1.5e+03]",-9.732824928054,7.80381332127291,572,1250
INM00043333,"(3e+03,4e+03]",-28.5095999069656,11.0599114434834,570,3500
INM00043333,"(5e+03,6e+03]",-78.7718933140881,18.6008494808419,569,5500
INM00043346,"(100,250]",-33.4295213446427,23.9914973297128,201,175
INM00043346,"(500,1e+03]",-29.9166697697944,20.3436258362583,820,750
INM00043346,"(1.5e+03,2e+03]",-45.3640463624027,22.0142869426412,535,1750
INM00043346,"(3e+03,4e+03]",-65.9534588137458,23.3906038596701,829,3500
INM00043346,"(5e+03,6e+03]",-112.671213638911,31.5875101996125,826,5500
INM00043346,"(1,100]",-8.9763732246973,15.246250439593,590,50
INM00043346,"(1e+03,1.5e+03]",-31.4373234980319,10.3012824375579,276,1250
INM00043369,"(1,100]",-1.06943307569732,5.20634529017396,476,50
INM00043369,"(500,1e+03]",-14.1667508638832,12.4664227390727,531,750
INM00043369,"(1.5e+03,2e+03]",-31.6492593422343,18.049806860347,214,1750
INM00043369,"(3e+03,4e+03]",-46.351860816685,19.1443237246136,505,3500
INM00043369,"(5e+03,6e+03]",-95.3812773477016,23.6812583773907,428,5500
INM00043369,"(100,250]",-29.5390471835088,21.0860761135023,60,175
INM00043369,"(1e+03,1.5e+03]",-17.9399221186619,8.43511728282611,317,1250
INM00043371,"(1,100]",-9.53180046242445,9.8425066116323,260,50
INM00043371,"(500,1e+03]",-8.96702544587908,19.4460736926781,416,750
INM00043371,"(1e+03,1.5e+03]",-16.3491927840183,20.0652951807026,412,1250
INM00043371,"(3e+03,4e+03]",-39.8774665832127,22.941601041384,409,3500
INM00043371,"(5e+03,6e+03]",-95.7219648745033,30.9876577074103,402,5500
IRM00040706,"(100,250]",-0.2184054318336,10.3281632615753,468,175
IRM00040706,"(1.5e+03,2e+03]",19.9352405086775,13.2280544744299,551,1750
IRM00040706,"(4e+03,5e+03]",69.6423582966487,45.6594305696966,546,4500
IRM00040706,"(5e+03,6e+03]",64.38433891419,59.0316667174625,234,5500
IRM00040706,"(1,100]",-0.122638973094959,4.4504208982697,107,50
IRM00040738,"(500,1e+03]",11.8356122233434,10.9280222360681,567,750
IRM00040738,"(1.5e+03,2e+03]",10.4061741358388,21.6230572794813,361,1750
IRM00040738,"(3e+03,4e+03]",8.93781326493229,33.7210941588997,560,3500
IRM00040738,"(5e+03,6e+03]",18.4470179609308,59.1508481654664,572,5500
IRM00040738,"(100,250]",7.39927222912109,16.5525688864517,331,175
IRM00040738,"(1e+03,1.5e+03]",15.1945943204188,11.8560773305754,211,1250
IRM00040738,"(1,100]",8.71676364709337,11.4613817817238,214,50
IRM00040745,"(500,1e+03]",-7.73936542232563,12.646106053643,154,750
IRM00040745,"(2e+03,3e+03]",-39.1160414387527,27.0124658361917,224,2500
IRM00040745,"(4e+03,5e+03]",-99.4502179133829,56.6103401144726,221,4500
IRM00040745,"(250,500]",-5.05254919530251,9.83592582245877,78,375
IRM00040754,"(250,500]",-6.57520099704102,7.00760473950886,713,375
IRM00040754,"(1.5e+03,2e+03]",-9.84266711529162,29.7397257816817,715,1750
IRM00040754,"(4e+03,5e+03]",8.14336629161348,82.2381519216153,668,4500
IRM00040754,"(5e+03,6e+03]",11.6101489029165,113.793158469972,32,5500
IRM00040754,"(100,250]",-2.26394290252604,12.5622110719475,72,175
IRM00040754,"(2e+03,3e+03]",-2.52935115791861,28.9943569742893,46,2500
IRM00040766,"(1.5e+03,2e+03]",-32.3450162641261,26.0836200677885,384,1750
IRM00040766,"(4e+03,5e+03]",-74.6368928837902,49.920044490145,374,4500
IRM00040766,"(100,250]",-3.29260351364091,7.69468319011521,325,175
IRM00040766,"(5e+03,6e+03]",-78.9793823645012,70.9655203397858,84,5500
IRM00040800,"(1,100]",-5.32923389829316,5.62473069896043,53,50
IRM00040800,"(1.5e+03,2e+03]",-28.413542944927,14.8843550301609,346,1750
IRM00040800,"(4e+03,5e+03]",-66.4334706304234,49.8700918395798,357,4500
IRM00040800,"(5e+03,6e+03]",-97.2579011845808,77.5193363154074,247,5500
IRM00040809,"(1,100]",-19.0681667014914,7.85600832161763,151,50
IRM00040809,"(1.5e+03,2e+03]",2.89008742723112,7.86679743224595,523,1750
IRM00040809,"(4e+03,5e+03]",66.2190405654093,38.8978417734213,525,4500
IRM00040809,"(5e+03,6e+03]",75.1146292266577,63.991386696397,251,5500
IRM00040811,"(100,250]",0.627896720617134,5.50645860148161,74,175
IRM00040811,"(500,1e+03]",5.86625317475467,5.67354593103109,199,750
IRM00040811,"(1.5e+03,2e+03]",11.418036232036,8.19844416575244,50,1750
IRM00040811,"(3e+03,4e+03]",37.6776562416497,32.7084015551688,202,3500
IRM00040811,"(5e+03,6e+03]",96.95069875935,81.4738674656702,205,5500
IRM00040811,"(1e+03,1.5e+03]",14.030535052105,8.98833418253035,152,1250
IRM00040811,"(1,100]",-1.37407997122119,4.68170656477227,89,50
IRM00040841,"(1e+03,1.5e+03]",10.5823351270628,5.95965156308671,523,1250
IRM00040841,"(3e+03,4e+03]",51.0434178907241,38.138904034536,121,3500
IRM00040841,"(5e+03,6e+03]",126.968845383442,57.8900645588152,522,5500
IRM00040841,"(4e+03,5e+03]",85.3617290065901,25.8712441279409,403,4500
IRM00040848,"(1,100]",-2.28963931832004,11.4877496738183,261,50
IRM00040848,"(1.5e+03,2e+03]",-29.5141939790717,15.2496109742929,462,1750
IRM00040848,"(4e+03,5e+03]",-71.4282402885081,38.3031189232708,466,4500
IRM00040848,"(5e+03,6e+03]",-119.256054030844,68.2779733781624,150,5500
IRM00040856,"(100,250]",-6.11579408625637,20.4493372179099,388,175
IRM00040856,"(1.5e+03,2e+03]",-28.5508116033289,18.754669147086,569,1750
IRM00040856,"(4e+03,5e+03]",-65.8035154679664,56.1410044883422,571,4500
IRM00040856,"(5e+03,6e+03]",-133.196853632949,83.1797651483729,74,5500
IRM00040856,"(1,100]",-1.56629856582706,8.38389355771438,138,50
IRM00040875,"(100,250]",2.4823474864118,10.4029636720737,124,175
IRM00040875,"(500,1e+03]",-4.60198585565081,3.85042637298479,331,750
IRM00040875,"(1.5e+03,2e+03]",-16.6922246557141,6.53569099640451,127,1750
IRM00040875,"(3e+03,4e+03]",-44.9741070557562,18.8502283624373,329,3500
IRM00040875,"(5e+03,6e+03]",-84.5050446320742,37.6049090392146,332,5500
IRM00040875,"(1,100]",2.92155943917065,5.29152466145495,141,50
IRM00040875,"(1e+03,1.5e+03]",-17.5267242950319,8.21729317610417,202,1250
ITM00016045,"(100,250]",-6.58174390416325,3.84188683648235,566,175
ITM00016045,"(500,1e+03]",-11.5004830755011,9.06853621763866,1533,750
ITM00016045,"(1.5e+03,2e+03]",-21.3541952127673,23.3558892385102,399,1750
ITM00016045,"(3e+03,4e+03]",-33.5921570268557,47.0144504515247,1051,3500
ITM00016045,"(5e+03,6e+03]",-61.198596377592,87.410809657574,1573,5500
ITM00016045,"(1e+03,1.5e+03]",-15.3954500950243,15.5833927476355,1174,1250
ITM00016045,"(1,100]",-5.55156294549171,3.57871462820792,762,50
ITM00016045,"(2e+03,3e+03]",-22.7190409740099,32.87284503386,653,2500
ITM00016045,"(250,500]",-5.00994131698646,5.26754976075169,44,375
ITM00016045,"(4e+03,5e+03]",-2.47331969823556,61.6685170950406,103,4500
ITM00016064,"(1,100]",1.93192952345649,2.42438861309558,328,50
ITM00016064,"(500,1e+03]",-2.35604421282009,7.45542920825309,1383,750
ITM00016064,"(1e+03,1.5e+03]",-7.8657086077599,16.8499936883867,1460,1250
ITM00016064,"(2e+03,3e+03]",-20.2250846131275,40.8546954131817,1291,2500
ITM00016064,"(5e+03,6e+03]",-50.7798262476271,92.7802088692054,1492,5500
ITM00016064,"(250,500]",-0.0566416405861927,3.5012148776048,102,375
ITM00016064,"(100,250]",1.47027032069085,2.64759503715994,49,175
ITM00016064,"(3e+03,4e+03]",-21.9928396351303,50.1368334826016,312,3500
ITM00016064,"(1.5e+03,2e+03]",-2.59688047198169,19.3477153138146,57,1750
ITM00016064,"(4e+03,5e+03]",6.87852265127663,61.8153216051039,96,4500
ITM00016113,"(500,1e+03]",-5.02787425220544,8.1520098602782,244,750
ITM00016113,"(1e+03,1.5e+03]",-6.58005151568689,12.9756071544734,717,1250
ITM00016113,"(2e+03,3e+03]",-20.5427308581896,34.9580655484501,854,2500
ITM00016113,"(5e+03,6e+03]",-53.6046206160354,84.7617914050548,862,5500
ITM00016113,"(250,500]",-2.0104444676316,4.23800531723516,652,375
ITM00016113,"(100,250]",-0.968286068348803,2.48651733633091,36,175
ITM00016113,"(4e+03,5e+03]",-31.4914821814713,57.9519646357238,238,4500
ITM00016113,"(1,100]",-1.22064202432395,0.593348082745275,40,50
ITM00016113,"(1.5e+03,2e+03]",-10.7549515842734,17.3557061400585,145,1750
ITM00016113,"(3e+03,4e+03]",-23.7177314865281,44.6030597259727,218,3500
ITM00016144,"(250,500]",-3.1085448631502,3.96967557786864,103,375
ITM00016144,"(500,1e+03]",-7.95082984816109,10.3529617851427,1472,750
ITM00016144,"(1.5e+03,2e+03]",-15.8071642313693,24.4118400899113,847,1750
ITM00016144,"(3e+03,4e+03]",-32.2369306166497,52.9428249346928,1251,3500
ITM00016144,"(5e+03,6e+03]",-62.3774944227529,101.890537589555,1492,5500
ITM00016144,"(100,250]",-2.09767579988293,2.88025770814045,860,175
ITM00016144,"(1e+03,1.5e+03]",-12.0100101060718,18.0483072250722,720,1250
ITM00016144,"(1,100]",-1.0322077136138,3.7134020833828,443,50
ITM00016144,"(2e+03,3e+03]",-15.2720559893335,39.0306203132924,588,2500
ITM00016144,"(4e+03,5e+03]",-8.79343695159728,61.5475113499688,302,4500
ITM00016245,"(250,500]",-23.0427182521621,2.73968986862587,69,375
ITM00016245,"(500,1e+03]",-26.3851348265795,6.98265694162738,1467,750
ITM00016245,"(1.5e+03,2e+03]",-33.7373958881375,16.200154894563,789,1750
ITM00016245,"(3e+03,4e+03]",-45.1792247203752,34.3514575641768,1299,3500
ITM00016245,"(5e+03,6e+03]",-64.0115527115834,66.8097692531762,1518,5500
ITM00016245,"(100,250]",-22.6194317828039,2.54668916757765,952,175
ITM00016245,"(1e+03,1.5e+03]",-26.5960746358074,10.7096202248392,748,1250
ITM00016245,"(1,100]",-21.9564389202541,2.390050837427,430,50
ITM00016245,"(2e+03,3e+03]",-24.8240253668323,23.961669530999,371,2500
ITM00016245,"(4e+03,5e+03]",-46.6191336482751,58.6240429799755,131,4500
ITM00016332,"(100,250]",-1.07665332529637,2.47767987437122,480,175
ITM00016332,"(500,1e+03]",-4.50110408042625,6.76348271599387,1462,750
ITM00016332,"(1.5e+03,2e+03]",-9.65535457667149,18.3690807850239,375,1750
ITM00016332,"(3e+03,4e+03]",-19.6256192295334,36.9833213212036,1110,3500
ITM00016332,"(5e+03,6e+03]",-32.0230601704996,68.3758946548751,1510,5500
ITM00016332,"(1e+03,1.5e+03]",-6.4235543686489,13.6640990321383,1164,1250
ITM00016332,"(1,100]",-0.982318926974682,2.48645380107246,925,50
ITM00016332,"(2e+03,3e+03]",-3.32761068983445,25.1873475718376,509,2500
ITM00016332,"(4e+03,5e+03]",-14.4912013240755,46.3011692771954,102,4500
ITM00016429,"(250,500]",-0.912151806427588,2.83625210734117,68,375
ITM00016429,"(500,1e+03]",-3.4250907861815,6.14610484331117,1495,750
ITM00016429,"(1.5e+03,2e+03]",-10.6037382891202,14.5221067576241,1005,1750
ITM00016429,"(3e+03,4e+03]",-26.2370684245749,30.4752382808299,1396,3500
ITM00016429,"(5e+03,6e+03]",-49.4340468022795,57.3255684481165,1509,5500
ITM00016429,"(100,250]",0.530725738368338,2.40266157251331,1112,175
ITM00016429,"(1e+03,1.5e+03]",-3.5578691591651,10.2785458914735,569,1250
ITM00016429,"(1,100]",0.612823644181032,2.33063507004437,322,50
ITM00016429,"(2e+03,3e+03]",-2.1396929726452,21.9764764286629,242,2500
ITM00016429,"(4e+03,5e+03]",-41.9453899672085,35.7802909851885,87,4500
ITM00016546,"(100,250]",3.9304555055571,3.2225683986078,852,175
ITM00016546,"(500,1e+03]",0.657824001265945,6.5929347565326,1469,750
ITM00016546,"(1.5e+03,2e+03]",-7.28904993941266,16.5326909581782,736,1750
ITM00016546,"(3e+03,4e+03]",-21.5412407400907,37.7005148914932,1319,3500
ITM00016546,"(5e+03,6e+03]",-44.1127777671899,70.8643298169264,1502,5500
ITM00016546,"(1e+03,1.5e+03]",0.146273388448024,12.463543704107,810,1250
ITM00016546,"(1,100]",3.75456084265921,3.11676140612576,575,50
ITM00016546,"(2e+03,3e+03]",1.89471249151102,24.2226959932524,313,2500
ITM00016546,"(250,500]",2.18844251346423,3.52370111207698,37,375
ITM00016546,"(4e+03,5e+03]",-16.7537507709087,46.9069284481221,82,4500
IVM00065548,"(250,500]",-18.4306141139905,7.38293701332123,226,375
IVM00065548,"(1e+03,1.5e+03]",-19.4219278176647,9.11089797507729,423,1250
IVM00065548,"(2e+03,3e+03]",-20.2794101346469,15.3841200205228,422,2500
IVM00065548,"(5e+03,6e+03]",-30.8773763103099,32.3103934790974,416,5500
IVM00065548,"(500,1e+03]",-24.6434057527749,7.72468696930663,199,750
IVM00065578,"(1,100]",5.96654934418277,6.25048434565006,679,50
IVM00065578,"(500,1e+03]",5.09530682902785,20.4795809994608,1573,750
IVM00065578,"(1.5e+03,2e+03]",-15.8366227487697,5.00077778184195,1115,1750
IVM00065578,"(3e+03,4e+03]",-39.7337219219906,11.0995664877668,1118,3500
IVM00065578,"(5e+03,6e+03]",-92.014275404334,25.0209684703363,1116,5500
IVM00065578,"(100,250]",-0.55378660286637,3.85535975711995,895,175
IVM00065578,"(1e+03,1.5e+03]",60.0994148033685,12.230441362642,194,1250
JAM00047401,"(1,100]",-0.12841170729573,4.49892414257781,659,50
JAM00047401,"(500,1e+03]",-2.98485761906248,7.22115368184479,1524,750
JAM00047401,"(1e+03,1.5e+03]",-6.4372552635721,14.7516868376205,1347,1250
JAM00047401,"(2e+03,3e+03]",-4.90616898064525,31.6151626360171,937,2500
JAM00047401,"(5e+03,6e+03]",-65.4254928086616,84.8393926302578,1499,5500
JAM00047401,"(4e+03,5e+03]",-73.2567519718332,71.4033190889974,100,4500
JAM00047401,"(100,250]",-0.431843926405532,4.16556755177891,729,175
JAM00047401,"(3e+03,4e+03]",-52.3554751023381,33.1131263914103,681,3500
JAM00047401,"(1.5e+03,2e+03]",-17.2227873556353,16.5211034639344,230,1750
JAM00047401,"(250,500]",-2.50031399378055,4.79493683182643,48,375
JAM00047412,"(1,100]",-0.404768660554269,4.58091030801556,724,50
JAM00047412,"(500,1e+03]",-4.12052295718112,7.0299279127109,1514,750
JAM00047412,"(1e+03,1.5e+03]",-7.10052497677681,12.3108241446337,1343,1250
JAM00047412,"(2e+03,3e+03]",-12.3908338470939,28.3077449727479,884,2500
JAM00047412,"(5e+03,6e+03]",-66.2512841188163,65.3061246804427,1496,5500
JAM00047412,"(100,250]",-1.00656638966884,4.31029115954402,660,175
JAM00047412,"(3e+03,4e+03]",-40.284052248415,26.7532198771737,730,3500
JAM00047412,"(4e+03,5e+03]",-52.9293983440351,59.1485160541172,91,4500
JAM00047412,"(1.5e+03,2e+03]",-15.5025837911955,15.1691980423167,246,1750
JAM00047412,"(250,500]",-2.19014777847753,4.85925822177697,40,375
JAM00047582,"(100,250]",0.315298565348042,4.36564119121262,902,175
JAM00047582,"(500,1e+03]",-2.12570967063972,7.35556979186701,1516,750
JAM00047582,"(1e+03,1.5e+03]",-2.45656940777765,13.2747959423842,1110,1250
JAM00047582,"(2e+03,3e+03]",5.98909642877982,26.8265413872501,654,2500
JAM00047582,"(5e+03,6e+03]",-51.3053885315576,65.0339223116385,1513,5500
JAM00047582,"(3e+03,4e+03]",-32.0257334885262,21.5656980541071,974,3500
JAM00047582,"(1.5e+03,2e+03]",-10.6427793185247,12.3014719895248,476,1750
JAM00047582,"(1,100]",0.0461913518801591,4.62610847692695,581,50
JAM00047582,"(250,500]",-3.48069514690871,4.6703097236973,47,375
JAM00047582,"(4e+03,5e+03]",-58.7279889586835,25.8278885103622,105,4500
JAM00047600,"(100,250]",-1.00244778962853,2.81168238349386,160,175
JAM00047600,"(500,1e+03]",-1.76329041157392,6.39859535221694,229,750
JAM00047600,"(1e+03,1.5e+03]",0.172073323938689,12.7056480584605,162,1250
JAM00047600,"(2e+03,3e+03]",18.1744325758068,17.06889153133,120,2500
JAM00047600,"(5e+03,6e+03]",-25.7974212412742,61.6567607365329,227,5500
JAM00047600,"(1,100]",-1.17191619183525,2.59315875001126,61,50
JAM00047600,"(1.5e+03,2e+03]",-5.40683552809336,13.2397464742772,67,1750
JAM00047600,"(3e+03,4e+03]",-28.0802951207062,22.0906749016413,108,3500
JAM00047646,"(100,250]",-1.18294655834053,3.07485025335919,740,175
JAM00047646,"(500,1e+03]",-5.12526600205133,6.52260994335227,1549,750
JAM00047646,"(1e+03,1.5e+03]",-10.0470945235771,12.1537644376274,1090,1250
JAM00047646,"(2e+03,3e+03]",-20.1010775408327,26.5405054050222,492,2500
JAM00047646,"(5e+03,6e+03]",-75.289915836367,54.3730262079404,1520,5500
JAM00047646,"(1,100]",-1.48713656616686,2.74883350339851,713,50
JAM00047646,"(3e+03,4e+03]",-33.1402198784081,24.589335135636,1165,3500
JAM00047646,"(1.5e+03,2e+03]",-12.3736566325695,11.8364978168071,498,1750
JAM00047646,"(250,500]",-3.92270095641191,2.43919891418052,43,375
JAM00047646,"(4e+03,5e+03]",-58.9902133735828,33.1286285535182,121,4500
JAM00047678,"(1,100]",-3.066471101867,2.49605906271909,445,50
JAM00047678,"(500,1e+03]",-5.02199284091709,4.59535501478647,1526,750
JAM00047678,"(1e+03,1.5e+03]",-6.87614152332598,10.8826253866697,1499,1250
JAM00047678,"(2e+03,3e+03]",-11.7838944405077,26.8429911973312,1100,2500
JAM00047678,"(5e+03,6e+03]",-59.9684174455756,51.4624268791188,1530,5500
JAM00047678,"(250,500]",-5.13870742643244,2.26224941181271,38,375
JAM00047678,"(3e+03,4e+03]",-39.6533136103522,16.3901990271222,515,3500
JAM00047678,"(1.5e+03,2e+03]",-16.8101513439236,10.0494786804861,67,1750
JAM00047678,"(4e+03,5e+03]",-59.130785138842,20.4347669140091,119,4500
JAM00047741,"(1,100]",-8.82886683775205,4.46863210740935,210,50
JAM00047741,"(500,1e+03]",-12.5100879340905,5.90606100021234,462,750
JAM00047741,"(1e+03,1.5e+03]",-16.085418090741,11.3407129176812,309,1250
JAM00047741,"(3e+03,4e+03]",-40.9543560875396,18.0245921732376,404,3500
JAM00047741,"(5e+03,6e+03]",-81.7830574642598,48.6743404768732,470,5500
JAM00047741,"(100,250]",-8.70940636583742,4.08004387678834,222,175
JAM00047741,"(2e+03,3e+03]",5.66250458040586,17.9348330090265,87,2500
JAM00047741,"(1.5e+03,2e+03]",-16.8358287886985,10.0595819337948,172,1750
JAM00047778,"(100,250]",-2.84293464798538,2.66870064309948,90,175
JAM00047778,"(500,1e+03]",-6.24857465768953,4.2321299923361,561,750
JAM00047778,"(1e+03,1.5e+03]",-11.3395255834274,8.35523056854949,499,1250
JAM00047778,"(2e+03,3e+03]",-9.93169714837268,19.9493950975119,122,2500
JAM00047778,"(5e+03,6e+03]",-81.247427327029,33.1856913372529,578,5500
JAM00047778,"(1,100]",-1.84224629773184,2.62440236414446,354,50
JAM00047778,"(3e+03,4e+03]",-37.0310095869081,13.6230906056803,453,3500
JAM00047778,"(1.5e+03,2e+03]",-14.5940099785787,7.64563539733869,69,1750
JAM00047807,"(100,250]",-4.36521163433026,4.81547660934896,1008,175
JAM00047807,"(500,1e+03]",-7.69072628776305,6.73036264004811,1567,750
JAM00047807,"(1.5e+03,2e+03]",-14.0829861198344,12.0206228095609,869,1750
JAM00047807,"(3e+03,4e+03]",-35.4884779183979,24.0010506812606,1429,3500
JAM00047807,"(5e+03,6e+03]",-87.3076616072328,50.156361282766,1530,5500
JAM00047807,"(1e+03,1.5e+03]",-9.73697952731921,10.4402197712476,753,1250
JAM00047807,"(2e+03,3e+03]",-11.0530033170302,23.1485918659949,238,2500
JAM00047807,"(1,100]",-2.86448783158408,2.53468793665913,489,50
JAM00047807,"(250,500]",-5.2742250044096,4.76581228633519,45,375
JAM00047807,"(4e+03,5e+03]",-58.8150224286094,28.025209494887,111,4500
JAM00047827,"(100,250]",-5.03242547430237,8.81791177588086,985,175
JAM00047827,"(500,1e+03]",-8.12038026308528,8.67561582070704,1486,750
JAM00047827,"(1.5e+03,2e+03]",-14.5668445621543,11.7546161590576,912,1750
JAM00047827,"(3e+03,4e+03]",-37.5759081393608,21.2318897352705,1453,3500
JAM00047827,"(5e+03,6e+03]",-94.5804342469378,41.0821137852439,1516,5500
JAM00047827,"(1e+03,1.5e+03]",-11.1663695236992,11.0429396805581,672,1250
JAM00047827,"(2e+03,3e+03]",-20.0256105949867,19.7396560146576,166,2500
JAM00047827,"(1,100]",-2.36450181237199,3.76621781396117,462,50
JAM00047827,"(250,500]",-6.75848630157998,8.54282544973608,41,375
JAM00047827,"(4e+03,5e+03]",-65.3039666351212,27.7906999407384,125,4500
JAM00047909,"(3e+03,4e+03]",-316.241531083533,20.4738766530298,1517,3500
JAM00047909,"(5e+03,6e+03]",-369.760923804592,31.8381680845487,1522,5500
JAM00047909,"(2e+03,3e+03]",-316.427346450632,13.3401236632276,105,2500
JAM00047909,"(4e+03,5e+03]",-356.571877484772,19.3263718301958,109,4500
JAM00047918,"(100,250]",-1.78221604296285,2.65176722464154,874,175
JAM00047918,"(500,1e+03]",-5.97800320588789,5.30044537577257,1512,750
JAM00047918,"(1.5e+03,2e+03]",-8.00682931838173,10.1085772698054,1110,1750
JAM00047918,"(3e+03,4e+03]",-31.7120582550861,17.4920963831727,1508,3500
JAM00047918,"(5e+03,6e+03]",-89.1701892308988,22.7764323660635,1508,5500
JAM00047918,"(1,100]",-1.94705602846395,2.57413556171512,586,50
JAM00047918,"(1e+03,1.5e+03]",-15.6874161704622,6.23669340072497,448,1250
JAM00047918,"(2e+03,3e+03]",-30.6353619144676,8.73120061464404,89,2500
JAM00047918,"(4e+03,5e+03]",-67.5609635411378,12.2678921057915,85,4500
JAM00047945,"(100,250]",-2.01113289556774,2.46439471777058,875,175
JAM00047945,"(500,1e+03]",-6.30012221406286,4.7568035485081,1449,750
JAM00047945,"(1.5e+03,2e+03]",-9.40642224473197,10.2095555804896,1040,1750
JAM00047945,"(3e+03,4e+03]",-32.5708744794276,19.2647075349615,1449,3500
JAM00047945,"(5e+03,6e+03]",-89.965491809475,26.5624916535542,1447,5500
JAM00047945,"(1,100]",-1.46936383598641,2.42098688005598,540,50
JAM00047945,"(1e+03,1.5e+03]",-14.4867878377945,7.64248053583735,430,1250
JAM00047945,"(250,500]",-4.80102785359669,1.29039276759851,43,375
JAM00047945,"(2e+03,3e+03]",-32.2454208631463,11.1391866135454,84,2500
JAM00047945,"(4e+03,5e+03]",-70.167808188232,21.757120556757,101,4500
JAM00047971,"(100,250]",0.0461144148252586,3.69431809672836,1234,175
JAM00047971,"(500,1e+03]",-4.53225886613178,5.57389957533525,1509,750
JAM00047971,"(1.5e+03,2e+03]",-9.25904716351261,10.1425550199048,1278,1750
JAM00047971,"(3e+03,4e+03]",-31.9717108137547,18.9186396344683,1533,3500
JAM00047971,"(5e+03,6e+03]",-89.398403056204,26.7196537433998,1540,5500
JAM00047971,"(1e+03,1.5e+03]",-7.71666971843797,8.91944969973846,307,1250
JAM00047971,"(1,100]",0.453445249122796,4.22086461278741,233,50
JAM00047971,"(2e+03,3e+03]",-23.6509126571149,11.5290681701433,103,2500
JAM00047971,"(4e+03,5e+03]",-63.6771685944151,14.4047680722732,111,4500
JAM00047991,"(100,250]",-2.49718985252893,3.67611475279686,1371,175
JAM00047991,"(500,1e+03]",-7.18306497894325,5.03229997630324,1507,750
JAM00047991,"(1.5e+03,2e+03]",-11.3041300748916,7.85170008559874,1434,1750
JAM00047991,"(3e+03,4e+03]",-32.1186355235649,13.4029472516423,1547,3500
JAM00047991,"(5e+03,6e+03]",-84.8012275271784,21.9875279633254,1552,5500
JAM00047991,"(1e+03,1.5e+03]",-9.32087006914436,7.90714981147126,166,1250
JAM00047991,"(1,100]",-1.72535057084554,3.28794267339677,127,50
JAM00047991,"(2e+03,3e+03]",-21.7559804608372,7.29138626773423,123,2500
JAM00047991,"(4e+03,5e+03]",-57.5211807775945,10.7210105618406,120,4500
JMM00078397,"(100,250]",4.97157241894022,6.57550346415389,1113,175
JMM00078397,"(500,1e+03]",-1.89386837392572,6.34521832997768,2013,750
JMM00078397,"(1.5e+03,2e+03]",-7.74550001536931,8.01701483745562,1571,1750
JMM00078397,"(3e+03,4e+03]",-27.8031788426858,12.8375546851093,2091,3500
JMM00078397,"(5e+03,6e+03]",-69.5099706233954,20.5644735827491,2161,5500
JMM00078397,"(1,100]",5.30350619423343,6.07087663090923,688,50
JMM00078397,"(1e+03,1.5e+03]",-9.37126168000848,6.22943074487533,465,1250
JMM00078397,"(250,500]",-3.95559992477901,1.45407693873051,346,375
JMM00078397,"(2e+03,3e+03]",-23.9135317729724,7.08366735106273,861,2500
JMM00078397,"(4e+03,5e+03]",-53.173447665351,12.5470412162078,921,4500
JNM00001001,"(250,500]",-0.743423828182687,3.26164078300506,1050,375
JNM00001001,"(500,1e+03]",-1.69569545671166,7.59762299026095,2779,750
JNM00001001,"(1e+03,1.5e+03]",-4.31911403297466,14.668331799196,3396,1250
JNM00001001,"(1.5e+03,2e+03]",-9.42510133775513,23.1495167265698,1295,1750
JNM00001001,"(2e+03,3e+03]",-22.5992359492646,37.2542992138007,4586,2500
JNM00001001,"(3e+03,4e+03]",-47.5520942658457,55.0280889430276,2658,3500
JNM00001001,"(4e+03,5e+03]",-60.181183304489,76.1294836779396,2346,4500
JNM00001001,"(1,100]",0.164384119094291,3.81397855170908,615,50
JNM00001001,"(5e+03,6e+03]",-82.7354671538793,93.1751865531363,3553,5500
JNM00001001,"(100,250]",0.102350534086679,3.20902958598792,539,175
KEM00063741,"(1e+03,1.5e+03]",-11.704665369219,7.01116505087675,412,1250
KEM00063741,"(4e+03,5e+03]",-60.4699200029213,21.4620915932596,415,4500
KEM00063741,"(5e+03,6e+03]",-108.834228981009,28.9592221202118,415,5500
KRM00091610,"(1,100]",-2.63023556185096,2.96326992426415,447,50
KRM00091610,"(500,1e+03]",-9.79631222395138,3.31017352538842,517,750
KRM00091610,"(1.5e+03,2e+03]",-16.3502185554614,4.67035723225363,375,1750
KRM00091610,"(3e+03,4e+03]",-39.1880810379982,8.57112406414444,517,3500
KRM00091610,"(5e+03,6e+03]",-94.8214109689122,15.3180233346721,517,5500
KRM00091610,"(1e+03,1.5e+03]",-16.113805620464,5.35144982671633,142,1250
KRM00091610,"(100,250]",-3.58504045831819,2.98704557707348,70,175
KSM00047138,"(100,250]",-3.88650435388525,2.88347637386992,1517,175
KSM00047138,"(500,1e+03]",-6.99575139465018,6.50312401196377,2270,750
KSM00047138,"(1.5e+03,2e+03]",-13.6785744878699,12.2744746893365,1027,1750
KSM00047138,"(3e+03,4e+03]",-39.487260028725,23.346939870148,1917,3500
KSM00047138,"(5e+03,6e+03]",-88.6702717100736,50.2520102365378,2292,5500
KSM00047138,"(1e+03,1.5e+03]",-9.93204766688981,12.8173756403546,1358,1250
KSM00047138,"(2e+03,3e+03]",-9.93092718525923,22.1799939817674,642,2500
KSM00047138,"(1,100]",-3.88294219103064,2.98607309578882,634,50
KSM00047138,"(250,500]",-4.78422121911182,3.11913416184028,85,375
KSM00047138,"(4e+03,5e+03]",-64.3476562572385,24.2134887450633,118,4500
KSM00047155,"(100,250]",-3.55767929650546,2.74873373819454,1265,175
KSM00047155,"(500,1e+03]",-7.75562572503548,7.31216626121037,2275,750
KSM00047155,"(1e+03,1.5e+03]",-12.8554631951749,14.5820485230737,1894,1250
KSM00047155,"(3e+03,4e+03]",-44.938853685985,34.161673523002,1761,3500
KSM00047155,"(5e+03,6e+03]",-103.313844639718,71.0391841469828,2321,5500
KSM00047155,"(1.5e+03,2e+03]",-18.4476599780517,17.204849249725,507,1750
KSM00047155,"(2e+03,3e+03]",-26.3566627040845,35.6180724173625,810,2500
KSM00047155,"(1,100]",-2.93942757021348,2.72235244802304,884,50
KSM00047155,"(250,500]",-2.62055245731064,2.99611896423668,34,375
KSM00047155,"(4e+03,5e+03]",-59.9255066604971,42.8543207013973,126,4500
KSM00047158,"(100,250]",3.08191756583013,12.457398107614,649,175
KSM00047158,"(500,1e+03]",-11.5937184062089,15.2547303488547,1007,750
KSM00047158,"(1.5e+03,2e+03]",-24.7136062420083,24.9487851098655,370,1750
KSM00047158,"(3e+03,4e+03]",-49.1730152037514,40.3925197899767,822,3500
KSM00047158,"(5e+03,6e+03]",-113.462221413608,78.0676142964531,1007,5500
KSM00047158,"(1e+03,1.5e+03]",-14.4726868352207,17.4522423506364,637,1250
KSM00047158,"(2e+03,3e+03]",-25.9069177718966,35.0675567987779,184,2500
KSM00047158,"(1,100]",2.44088863368036,11.0281222203616,318,50
KSM00047169,"(100,250]",-3.12277532355798,4.32567648845559,707,175
KSM00047169,"(500,1e+03]",-8.20635421235215,7.93328543636638,2104,750
KSM00047169,"(1e+03,1.5e+03]",-15.9789593912062,16.7135597433128,2096,1250
KSM00047169,"(2e+03,3e+03]",-30.2499291282928,36.6427363999796,1050,2500
KSM00047169,"(5e+03,6e+03]",-122.365829076863,60.5130907313563,2148,5500
KSM00047169,"(3e+03,4e+03]",-58.9296480238709,28.0205933501847,1278,3500
KSM00047169,"(1,100]",-2.67748118902503,3.43949938878931,956,50
KSM00047169,"(1.5e+03,2e+03]",-15.7838235389373,17.9706549537626,127,1750
KSM00047169,"(250,500]",-4.02378040505987,2.51888908817743,34,375
KSM00047169,"(4e+03,5e+03]",-79.4855141725087,50.0188933053731,140,4500
KSM00047186,"(500,1e+03]",5.31944733337334,6.1975456263928,2035,750
KSM00047186,"(1e+03,1.5e+03]",0.527771809875325,10.8744404294404,2313,1250
KSM00047186,"(2e+03,3e+03]",-23.2574605046906,24.7074409046565,2340,2500
KSM00047186,"(5e+03,6e+03]",-84.1985978491534,48.9372736734093,2376,5500
KSM00047186,"(1,100]",6.2188142920437,4.20711727846598,71,50
KSM00047186,"(250,500]",3.7868365977924,4.48704635121359,312,375
KSM00047186,"(1.5e+03,2e+03]",-10.8239965094651,13.7627349723887,119,1750
KSM00047186,"(3e+03,4e+03]",-44.3457153550421,26.5216141438344,130,3500
KSM00047186,"(4e+03,5e+03]",-60.0604334587883,36.0566582904013,138,4500
KSM00047230,"(100,250]",-3.57474807087232,3.94163179304191,1394,175
KSM00047230,"(500,1e+03]",-9.26006060280661,9.84564052068519,2118,750
KSM00047230,"(1.5e+03,2e+03]",-18.8345871738539,20.2070265908839,829,1750
KSM00047230,"(3e+03,4e+03]",-59.0764511224258,35.4964569038935,1690,3500
KSM00047230,"(5e+03,6e+03]",-115.592341296628,81.4909618813871,2127,5500
KSM00047230,"(250,500]",-2.8547600284884,5.43158257033141,77,375
KSM00047230,"(2e+03,3e+03]",-13.2495180271411,38.7616943251345,558,2500
KSM00047230,"(1e+03,1.5e+03]",-17.9180562955266,19.6221132305027,1336,1250
KSM00047230,"(1,100]",-2.45853306998054,4.24245595564431,622,50
KSM00047230,"(4e+03,5e+03]",-87.5355442749618,65.9896081651085,91,4500
KZM00028951,"(1,100]",-0.436304298945599,3.40154272727844,413,50
KZM00028951,"(500,1e+03]",-8.97921338200504,11.1702727994987,1252,750
KZM00028951,"(1e+03,1.5e+03]",-20.3804655256104,25.3822811803232,1422,1250
KZM00028951,"(2e+03,3e+03]",-54.4549808315512,64.7861449494045,1380,2500
KZM00028951,"(5e+03,6e+03]",-123.730708867148,142.743169989206,1384,5500
KZM00028951,"(250,500]",-1.96135427317892,6.04075438890141,185,375
KZM00028951,"(4e+03,5e+03]",-65.4810672195449,117.535094323412,54,4500
KZM00028951,"(100,250]",-2.1029374186639,3.18115418070984,103,175
KZM00028951,"(3e+03,4e+03]",-20.7283344825871,89.5266447527379,67,3500
KZM00035229,"(500,1e+03]",-15.0111921058515,12.457455623812,1152,750
KZM00035229,"(1e+03,1.5e+03]",-25.2677261219774,26.2064626579807,1406,1250
KZM00035229,"(2e+03,3e+03]",-55.4335510671769,66.4791494888878,1402,2500
KZM00035229,"(5e+03,6e+03]",-118.146606226045,144.393594853937,1371,5500
KZM00035229,"(250,500]",-8.02483501397964,9.64604838400983,252,375
KZM00035229,"(4e+03,5e+03]",-97.6746896519178,101.294331536957,35,4500
KZM00035229,"(1,100]",-9.5968012113548,7.27919105106639,193,50
KZM00035229,"(100,250]",-13.6757582866684,11.453283893492,62,175
KZM00035394,"(250,500]",-3.90730608619206,6.91540676058514,658,375
KZM00035394,"(500,1e+03]",-11.5129624342056,15.3773762917432,1233,750
KZM00035394,"(2e+03,3e+03]",-43.2182401493725,55.1087694436153,1419,2500
KZM00035394,"(4e+03,5e+03]",-146.972006399587,110.069179606105,513,4500
KZM00035394,"(100,250]",-1.71711486362246,6.85985451247587,741,175
KZM00035394,"(1e+03,1.5e+03]",-22.4634909114732,21.9730650170128,186,1250
KZM00035394,"(5e+03,6e+03]",-80.2421876237643,130.236887240636,895,5500
KZM00035671,"(500,1e+03]",-7.14604031853711,9.5237510101298,314,750
KZM00035671,"(1e+03,1.5e+03]",-15.4892000150193,20.9141586949242,1428,1250
KZM00035671,"(2e+03,3e+03]",-44.2910048236517,62.2444193845712,1450,2500
KZM00035671,"(5e+03,6e+03]",-99.3764561163268,142.842060148305,1395,5500
KZM00035671,"(250,500]",-3.35568267070768,7.05047601881663,1152,375
KZM00035671,"(4e+03,5e+03]",-64.7723727115967,111.004536815378,89,4500
KZM00035700,"(100,250]",-3.24740986641876,4.51218146290752,885,175
KZM00035700,"(500,1e+03]",-12.782662260038,9.97068689683871,1335,750
KZM00035700,"(1.5e+03,2e+03]",-28.8628886449683,20.9163928810261,824,1750
KZM00035700,"(3e+03,4e+03]",-57.6042719959969,54.2291916043006,1114,3500
KZM00035700,"(5e+03,6e+03]",-119.08217108051,115.40229746783,1308,5500
KZM00035700,"(1e+03,1.5e+03]",-21.9248057123431,17.9701362429259,521,1250
KZM00035700,"(2e+03,3e+03]",-58.6811948175465,41.9805578836596,280,2500
KZM00035700,"(1,100]",-1.97327971796189,4.66799506243619,273,50
KZM00035700,"(250,500]",-4.18360826572424,4.8770656031137,166,375
KZM00035700,"(4e+03,5e+03]",-46.6232056543709,63.0901617332933,38,4500
KZM00036003,"(100,250]",-3.17471774067358,4.54509007678638,307,175
KZM00036003,"(500,1e+03]",-11.6621992312818,10.5610991934006,1475,750
KZM00036003,"(1e+03,1.5e+03]",-26.9340589945011,23.847748221797,1452,1250
KZM00036003,"(2e+03,3e+03]",-66.8881315741978,62.1549314519226,1366,2500
KZM00036003,"(5e+03,6e+03]",-144.672191589267,139.171983646236,1510,5500
KZM00036003,"(1,100]",-1.46714404271802,6.1871381277382,583,50
KZM00036003,"(250,500]",-4.7782601554596,8.59538131522837,35,375
KZM00036003,"(3e+03,4e+03]",-64.2055255945287,75.0013056365357,222,3500
KZM00036003,"(1.5e+03,2e+03]",-37.1670463439855,34.393199400469,50,1750
KZM00036003,"(4e+03,5e+03]",-85.0559255655999,93.5364195503716,78,4500
KZM00036872,"(250,500]",-1.50324314829664,6.9048914740702,79,375
KZM00036872,"(500,1e+03]",-10.8166107219218,10.5249389814313,1473,750
KZM00036872,"(2e+03,3e+03]",-37.974673889259,32.9086350838821,1503,2500
KZM00036872,"(4e+03,5e+03]",-88.2066217913635,73.0021220384186,570,4500
KZM00036872,"(100,250]",-1.49436326927105,4.7365014789046,1043,175
KZM00036872,"(1,100]",-2.56012595150998,5.06812414316668,350,50
KZM00036872,"(5e+03,6e+03]",-64.1074684047815,74.3286484092564,962,5500
KZM00036872,"(1e+03,1.5e+03]",-14.7650072087307,11.9350392377194,44,1250
KZM00036872,"(1.5e+03,2e+03]",-19.266555858034,22.3437118403322,35,1750
KZM00036872,"(3e+03,4e+03]",-42.4832158880502,45.179027762299,65,3500
KZM00038064,"(100,250]",-6.40207861182639,9.74659192678214,176,175
KZM00038064,"(500,1e+03]",-11.5794941057691,11.1005881207301,1393,750
KZM00038064,"(1e+03,1.5e+03]",-21.5855378547042,26.01563186353,1392,1250
KZM00038064,"(2e+03,3e+03]",-49.680514122153,64.1375510482488,1208,2500
KZM00038064,"(5e+03,6e+03]",-91.0482832391976,139.578685084908,1396,5500
KZM00038064,"(1,100]",-6.23441044314314,6.49329242751872,530,50
KZM00038064,"(3e+03,4e+03]",-21.7269767937381,72.9852904073493,188,3500
KZM00038341,"(250,500]",-1.76319163680797,6.32156076732954,86,375
KZM00038341,"(500,1e+03]",-9.69117226742765,17.6633698679275,1355,750
KZM00038341,"(2e+03,3e+03]",-29.4647895287966,59.1419210767802,1334,2500
KZM00038341,"(4e+03,5e+03]",-48.0687082144235,142.625771012095,492,4500
KZM00038341,"(100,250]",-0.703052283596784,5.30780425240502,992,175
KZM00038341,"(5e+03,6e+03]",-65.6923149488282,136.017327353981,784,5500
KZM00038341,"(1,100]",0.706939957468423,4.89682421312342,294,50
KZM00038341,"(1e+03,1.5e+03]",-15.4145165526174,25.8707901738211,60,1250
KZM00038341,"(1.5e+03,2e+03]",-23.0374869137555,40.9856993939435,70,1750
KZM00038341,"(3e+03,4e+03]",-22.9616238461824,77.3757920379608,87,3500
LGM00026435,"(1,100]",-0.917155765508823,2.62015388358918,154,50
LGM00026435,"(500,1e+03]",-0.364606043622769,4.54033452202919,341,750
LGM00026435,"(1e+03,1.5e+03]",-0.354780189108838,11.4995177687789,348,1250
LGM00026435,"(2e+03,3e+03]",-10.4013160783149,36.7612382279216,282,2500
LGM00026435,"(5e+03,6e+03]",-32.198481383736,91.6675450130582,361,5500
LGM00026435,"(100,250]",-0.433919316970601,2.60649364193957,81,175
LGM00026435,"(3e+03,4e+03]",8.62902632934756,41.8272465568083,127,3500
LGM00026435,"(1.5e+03,2e+03]",1.8626656284341,15.4813670267264,47,1750
LHM00026629,"(1,100]",-1.83965740589759,4.39657330784744,333,50
LHM00026629,"(500,1e+03]",-11.7371171985407,9.33907880984107,716,750
LHM00026629,"(1e+03,1.5e+03]",-22.1053008623556,15.0955882050063,682,1250
LHM00026629,"(2e+03,3e+03]",-47.1488025488654,28.8462353427918,556,2500
LHM00026629,"(5e+03,6e+03]",-128.596982079566,67.9799345398024,756,5500
LHM00026629,"(100,250]",-2.63349766059758,3.9464081898501,194,175
LHM00026629,"(250,500]",-5.10289543729701,6.03206699730184,48,375
LHM00026629,"(3e+03,4e+03]",-79.3717486290997,29.4168777466649,276,3500
LHM00026629,"(1.5e+03,2e+03]",-37.7476991056215,15.9905665485491,90,1750
LHM00026629,"(4e+03,5e+03]",-68.0795953632266,49.7527363001688,71,4500
LOM00011952,"(100,250]",2.02276179069894,2.86767161390018,637,175
LOM00011952,"(500,1e+03]",-1.80125765282166,9.78921001678047,1497,750
LOM00011952,"(2e+03,3e+03]",-15.3005190089876,35.6869153782171,1561,2500
LOM00011952,"(5e+03,6e+03]",-50.9377113095118,93.0808978518919,643,5500
LOM00011952,"(4e+03,5e+03]",-49.2647407307677,76.5047305282485,994,4500
LOM00011952,"(1,100]",2.56550267526303,2.65393667820144,676,50
LOM00011952,"(1e+03,1.5e+03]",3.7041069649898,14.2673612945849,52,1250
LOM00011952,"(1.5e+03,2e+03]",0.88903995258502,22.3841554508888,58,1750
LOM00011952,"(3e+03,4e+03]",-10.6636823068794,49.3760135200492,92,3500
MAM00067083,"(250,500]",-1.05300600491437,4.89392915546449,1218,375
MAM00067083,"(1.5e+03,2e+03]",-4.12314730312726,24.6519171453008,2664,1750
MAM00067083,"(4e+03,5e+03]",-33.0840862674123,74.2942797457059,3736,4500
MAM00067083,"(100,250]",-1.15645736753043,2.04439826338425,1691,175
MAM00067083,"(500,1e+03]",-3.37393101654436,7.28982648487515,2551,750
MAM00067083,"(1e+03,1.5e+03]",-2.02428812257917,15.2123612448327,1548,1250
MAM00067083,"(2e+03,3e+03]",-10.9492911461232,37.7902525495671,3757,2500
MAM00067083,"(3e+03,4e+03]",-20.057178037141,54.3573339899754,2934,3500
MAM00067083,"(5e+03,6e+03]",-47.9641851535624,91.0699411725419,2327,5500
MAM00067083,"(1,100]",-1.70178624088196,1.48949400153924,495,50
MGM00044212,"(1,100]",1.50858992356919,2.59969124146837,44,50
MGM00044212,"(500,1e+03]",6.56393560762803,10.2000956389858,517,750
MGM00044212,"(2e+03,3e+03]",-4.35943485877987,32.1672509469937,636,2500
MGM00044212,"(4e+03,5e+03]",-28.3704974125065,119.753883741753,711,4500
MGM00044212,"(5e+03,6e+03]",-100.313588815267,127.509101135185,84,5500
MGM00044212,"(1.5e+03,2e+03]",-7.51057657600707,24.1090442401139,75,1750
MGM00044212,"(250,500]",4.69874288163215,7.97598726775976,194,375
MGM00044231,"(250,500]",3.40451816111338,4.05889707576096,86,375
MGM00044231,"(1.5e+03,2e+03]",-24.7225506527117,29.0254543571773,704,1750
MGM00044231,"(4e+03,5e+03]",-86.0234215354488,86.5259330484474,678,4500
MGM00044231,"(5e+03,6e+03]",-142.387202837867,136.208331237852,481,5500
MGM00044231,"(100,250]",3.83415363002846,4.0581061925768,591,175
MGM00044231,"(1,100]",5.46035657069684,4.48916940390074,30,50
MGM00044231,"(3e+03,4e+03]",-52.4561551418804,68.7362740022847,30,3500
MGM00044292,"(250,500]",-10.121117259723,3.76387415319116,95,375
MGM00044292,"(1.5e+03,2e+03]",-35.1872095354244,35.6485318878145,1413,1750
MGM00044292,"(4e+03,5e+03]",-91.410958984033,109.197532899187,1342,4500
MGM00044292,"(5e+03,6e+03]",-169.821132764213,166.573571435083,977,5500
MGM00044292,"(100,250]",-7.75369402155994,3.30192573429262,1127,175
MGM00044292,"(1,100]",-6.39159253761644,2.91134578920918,185,50
MGM00044292,"(3e+03,4e+03]",-130.252387530931,99.6040036516451,79,3500
MGM00044373,"(1,100]",-7.56468587537066,2.77639339886108,685,50
MGM00044373,"(1.5e+03,2e+03]",-24.9492124231483,21.5105259423291,1292,1750
MGM00044373,"(3e+03,4e+03]",-89.8128415135178,60.7652919046182,135,3500
MGM00044373,"(5e+03,6e+03]",-84.2642959521429,119.9982132444,1089,5500
MGM00044373,"(100,250]",-8.10362497228386,2.6326964253101,137,175
MGM00044373,"(4e+03,5e+03]",-49.0813492714062,80.0095745784505,1252,4500
MGM00044373,"(1e+03,1.5e+03]",-27.9802478439446,22.1665517020369,95,1250
MLM00048811,"(250,500]",3.58699426230097,6.97037328464951,630,375
MLM00048811,"(1e+03,1.5e+03]",0.82874941308978,15.9563095553342,561,1250
MLM00048811,"(2e+03,3e+03]",-6.35746229463096,42.9973173032821,700,2500
MLM00048811,"(5e+03,6e+03]",-44.352590151825,91.9284576241802,697,5500
MLM00048811,"(500,1e+03]",12.6366204825132,12.1473646651969,140,750
MLM00048811,"(100,250]",5.92629961781092,7.42221055994222,71,175
MLM00061291,"(250,500]",-12.4245996038295,5.76435110722624,852,375
MLM00061291,"(1e+03,1.5e+03]",-18.0592577392218,13.7015994403745,848,1250
MLM00061291,"(2e+03,3e+03]",-23.2399179687268,31.2057522780729,849,2500
MLM00061291,"(5e+03,6e+03]",-21.6246423469197,68.4322730434194,845,5500
MOM00060155,"(100,250]",-7.59799111984232,8.61787203361131,615,175
MOM00060155,"(500,1e+03]",-16.625822200279,10.6050903785893,1410,750
MOM00060155,"(1.5e+03,2e+03]",-40.7679760004355,19.546064712472,524,1750
MOM00060155,"(3e+03,4e+03]",-95.7913153692141,38.9283643390985,1459,3500
MOM00060155,"(5e+03,6e+03]",-165.939561914472,60.8196640971709,1153,5500
MOM00060155,"(1e+03,1.5e+03]",-28.4082726031741,15.4254767301277,913,1250
MOM00060155,"(2e+03,3e+03]",-57.7691928278061,27.9120120624228,1557,2500
MOM00060155,"(4e+03,5e+03]",-127.239951220256,48.8743249518065,1390,4500
MOM00060155,"(1,100]",-3.99496833328667,5.88757894718798,362,50
MOM00060155,"(250,500]",-8.62807686836036,4.88643738174191,324,375
MUM00041256,"(100,250]",-8.2166267502327,7.94835558401584,206,175
MUM00041256,"(500,1e+03]",-17.0437714112039,10.1368757756181,563,750
MUM00041256,"(1.5e+03,2e+03]",-28.7019700028809,14.5903296367968,301,1750
MUM00041256,"(3e+03,4e+03]",-51.8647475148658,24.976044127096,563,3500
MUM00041256,"(5e+03,6e+03]",-83.6409359062053,53.9129440629469,560,5500
MUM00041256,"(1,100]",-4.42138929072009,6.02710909554658,242,50
MUM00041256,"(1e+03,1.5e+03]",-29.1920199647013,14.886491598419,263,1250
MUM00041316,"(100,250]",-5.46115386125018,2.39617409396782,74,175
MUM00041316,"(500,1e+03]",-10.7675437441063,3.4932019395476,353,750
MUM00041316,"(1e+03,1.5e+03]",-20.7580604255431,6.59035779509769,241,1250
MUM00041316,"(3e+03,4e+03]",-52.9984687305529,22.2618718585627,353,3500
MUM00041316,"(5e+03,6e+03]",-108.27442988214,38.5469335808517,353,5500
MUM00041316,"(1,100]",-4.24234671821168,2.50498117816933,236,50
MUM00041316,"(1.5e+03,2e+03]",-19.0327907669411,6.71685568310401,112,1750
MXM00076256,"(100,250]",-1.3343293236147,2.98335411576602,510,175
MXM00076256,"(500,1e+03]",-7.94353930822833,11.3709176610551,1252,750
MXM00076256,"(1e+03,1.5e+03]",-14.3927951987061,22.8288461849307,485,1250
MXM00076256,"(3e+03,4e+03]",-36.9948123705525,55.007711685151,1249,3500
MXM00076256,"(5e+03,6e+03]",-68.0051209350174,108.760793266198,1250,5500
MXM00076256,"(1.5e+03,2e+03]",-18.5227331313572,24.7749726520214,767,1750
MXM00076256,"(1,100]",-0.378448619351023,2.91967452251685,741,50
MXM00076256,"(4e+03,5e+03]",-47.8327290534195,75.0278730969232,52,4500
MXM00076394,"(250,500]",-7.20051778969204,3.89415382584886,388,375
MXM00076394,"(1e+03,1.5e+03]",-19.3986110752677,10.0280014813046,390,1250
MXM00076394,"(2e+03,3e+03]",-63.338899884317,28.4526683278853,414,2500
MXM00076394,"(5e+03,6e+03]",-140.670886747708,61.7694896466364,400,5500
MXM00076405,"(100,250]",-1.34566921253942,2.7984621598942,280,175
MXM00076405,"(500,1e+03]",-9.61911841993544,5.46007277132176,722,750
MXM00076405,"(1e+03,1.5e+03]",-16.9416625457959,10.4175071365275,374,1250
MXM00076405,"(3e+03,4e+03]",-56.0363574380501,21.5755259130497,721,3500
MXM00076405,"(5e+03,6e+03]",-115.871404284025,45.1460580894298,725,5500
MXM00076405,"(1.5e+03,2e+03]",-25.9916502152231,8.60235471346304,357,1750
MXM00076405,"(1,100]",-1.31813332104027,2.81875362390768,436,50
MXM00076405,"(4e+03,5e+03]",-95.9095296010974,25.5019627704264,35,4500
MXM00076458,"(100,250]",-0.654171407702515,2.85940616669528,470,175
MXM00076458,"(500,1e+03]",-10.1799714139658,4.84672068309824,1326,750
MXM00076458,"(1.5e+03,2e+03]",-25.8601326267626,10.2232516217616,955,1750
MXM00076458,"(3e+03,4e+03]",-60.8921164164048,23.5315573302281,1310,3500
MXM00076458,"(5e+03,6e+03]",-118.798117862565,45.7977365131996,1307,5500
MXM00076458,"(1e+03,1.5e+03]",-20.6134949846064,8.59660653418002,372,1250
MXM00076458,"(1,100]",-0.651192344495747,2.96629844737734,830,50
MXM00076458,"(2e+03,3e+03]",-43.9560493148314,13.9836723894996,55,2500
MXM00076458,"(4e+03,5e+03]",-95.7408942564388,34.905188692947,61,4500
MXM00076526,"(500,1e+03]",0.0474024275467812,13.0109405663362,1063,750
MXM00076526,"(3e+03,4e+03]",-5.73762026687039,71.3920458151304,1070,3500
MXM00076526,"(5e+03,6e+03]",-7.88478898928845,112.604885807438,1062,5500
MXM00076595,"(100,250]",-3.27506511678359,3.09489396190204,926,175
MXM00076595,"(500,1e+03]",-8.54223459309449,4.55631098203711,1171,750
MXM00076595,"(1.5e+03,2e+03]",-13.3791576537315,8.25659491833801,1097,1750
MXM00076595,"(3e+03,4e+03]",-32.2285328613162,12.0977399908536,1176,3500
MXM00076595,"(5e+03,6e+03]",-80.1863814569328,21.1174455188805,1175,5500
MXM00076595,"(1,100]",-2.89149970583014,2.91284872324723,255,50
MXM00076595,"(1e+03,1.5e+03]",-13.9294994189602,7.06190068705833,81,1250
MXM00076612,"(1.5e+03,2e+03]",-10.3301800687747,25.0809073783194,1291,1750
MXM00076612,"(4e+03,5e+03]",-15.2834355391203,86.9069225988863,1302,4500
MXM00076612,"(5e+03,6e+03]",-16.6061611289115,130.559511256661,307,5500
MXM00076644,"(100,250]",-3.77644383843444,2.88666398480106,1001,175
MXM00076644,"(500,1e+03]",-12.2956956669155,6.1631944422613,1262,750
MXM00076644,"(1.5e+03,2e+03]",-21.8015541345216,12.218510266289,1196,1750
MXM00076644,"(3e+03,4e+03]",-47.446582623709,31.1373881171261,1285,3500
MXM00076644,"(5e+03,6e+03]",-104.770671201835,64.6372336496923,1281,5500
MXM00076644,"(1e+03,1.5e+03]",-21.9549787664699,10.2928120981887,83,1250
MXM00076644,"(1,100]",-2.51177222511281,2.75414677723276,251,50
MXM00076644,"(2e+03,3e+03]",-39.8943644314418,18.7723406659543,53,2500
MXM00076644,"(4e+03,5e+03]",-91.1288270222066,32.6663963428269,57,4500
MXM00076654,"(100,250]",-1.54644201779412,2.89637268326488,431,175
MXM00076654,"(500,1e+03]",-9.21031228961041,4.08221593650574,1262,750
MXM00076654,"(1.5e+03,2e+03]",-20.2120953897727,7.55224923815717,1050,1750
MXM00076654,"(3e+03,4e+03]",-48.4852934833623,20.1465714376577,1253,3500
MXM00076654,"(5e+03,6e+03]",-97.5034568125562,39.4500601828635,1254,5500
MXM00076654,"(1,100]",-1.15760694036293,2.78189876025255,810,50
MXM00076654,"(1e+03,1.5e+03]",-17.822283764365,7.78499452369066,226,1250
MXM00076654,"(2e+03,3e+03]",-40.1301526879701,18.7839886040033,49,2500
MXM00076654,"(4e+03,5e+03]",-91.5858378437117,38.9331701251513,48,4500
MXM00076679,"(500,1e+03]",17.0438606168894,11.4176311888388,1236,750
MXM00076679,"(3e+03,4e+03]",10.288015590778,66.4384282550046,1320,3500
MXM00076679,"(5e+03,6e+03]",2.69702468600477,105.223927928481,1311,5500
MXM00076692,"(100,250]",-3.48488303624161,2.5197855758703,482,175
MXM00076692,"(500,1e+03]",-10.7951645277081,4.75991698265792,1204,750
MXM00076692,"(1.5e+03,2e+03]",-18.3328918782102,8.09938769767589,736,1750
MXM00076692,"(3e+03,4e+03]",-47.5194492202738,19.7269808119442,1193,3500
MXM00076692,"(5e+03,6e+03]",-106.677240952295,34.230265917686,1187,5500
MXM00076692,"(1,100]",-3.17879353777576,2.53684983168596,694,50
MXM00076692,"(1e+03,1.5e+03]",-22.8475048278986,10.2673851575228,489,1250
MXM00076692,"(2e+03,3e+03]",-33.2145887183339,10.2455178362944,45,2500
MXM00076692,"(4e+03,5e+03]",-73.0159864891986,19.1290165495757,37,4500
MXM00076743,"(100,250]",-2.29385619999398,2.95164883198068,509,175
MXM00076743,"(500,1e+03]",-10.1280885434776,5.97338196934426,1217,750
MXM00076743,"(1.5e+03,2e+03]",-18.2087943296522,12.2600129493276,921,1750
MXM00076743,"(3e+03,4e+03]",-40.4435875110879,32.2016669649985,1217,3500
MXM00076743,"(5e+03,6e+03]",-93.5463094347186,66.5295826957154,1219,5500
MXM00076743,"(1,100]",-1.77150760589647,2.85838582564236,701,50
MXM00076743,"(1e+03,1.5e+03]",-19.4135734090892,15.2450414318697,297,1250
MXM00076743,"(2e+03,3e+03]",-15.210951419377,23.7931635203219,32,2500
MXM00076743,"(4e+03,5e+03]",-47.5274152806679,39.7733522901907,37,4500
MXM00076805,"(1,100]",-1.66979250255874,2.86895822522879,386,50
MXM00076805,"(500,1e+03]",-9.6722910157923,4.61560858997119,502,750
MXM00076805,"(1.5e+03,2e+03]",-19.4274798543992,7.40991672079832,408,1750
MXM00076805,"(3e+03,4e+03]",-40.5379262643655,14.4695660964701,501,3500
MXM00076805,"(5e+03,6e+03]",-84.0869122714429,31.0533641367187,496,5500
MXM00076805,"(100,250]",-1.80425596836035,3.34744181460962,116,175
MXM00076805,"(1e+03,1.5e+03]",-16.3998834930092,6.85268180662449,94,1250
MXM00076903,"(500,1e+03]",-12.6373429188081,6.44120598115384,434,750
MXM00076903,"(1e+03,1.5e+03]",-21.7115645451355,13.0378090715034,435,1250
MXM00076903,"(3e+03,4e+03]",-44.3535137571871,28.2614499116063,428,3500
MXM00076903,"(5e+03,6e+03]",-97.5726251659806,55.330692335527,428,5500
MYM00048601,"(100,250]",-7.90754781243951,13.4152622670101,116,175
MYM00048601,"(500,1e+03]",-14.3716371662372,6.41271821681409,1418,750
MYM00048601,"(1.5e+03,2e+03]",-28.0712342108994,7.17600391072341,968,1750
MYM00048601,"(3e+03,4e+03]",-49.5456569358373,14.2483721474372,1408,3500
MYM00048601,"(5e+03,6e+03]",-99.7837917961437,23.5696764045279,1389,5500
MYM00048601,"(1,100]",-3.26940267860769,4.0981616632732,1292,50
MYM00048601,"(1e+03,1.5e+03]",-19.4466012810251,8.45309048108342,446,1250
MYM00048601,"(2e+03,3e+03]",-32.4656894715388,6.51757326461591,33,2500
MYM00048615,"(100,250]",-1.97984218298225,4.30132125646868,115,175
MYM00048615,"(500,1e+03]",-12.1084930012334,5.70833649286764,720,750
MYM00048615,"(1.5e+03,2e+03]",-25.176278530244,6.95910501426748,509,1750
MYM00048615,"(3e+03,4e+03]",-50.2779042141986,11.4907802362685,718,3500
MYM00048615,"(5e+03,6e+03]",-107.768960145379,15.3906227926578,718,5500
MYM00048615,"(1,100]",-1.10599044027377,3.27431039797927,597,50
MYM00048615,"(1e+03,1.5e+03]",-17.9740554511217,10.4366927961915,204,1250
MYM00048650,"(1,100]",-0.252160460614829,3.26056860240392,1370,50
MYM00048650,"(500,1e+03]",-12.6136111787042,4.98861676779327,1380,750
MYM00048650,"(1e+03,1.5e+03]",-22.6701979556717,7.96174815078913,958,1250
MYM00048650,"(3e+03,4e+03]",-51.6372121748791,14.8383839976504,1378,3500
MYM00048650,"(5e+03,6e+03]",-105.980169166602,25.4008422408745,1373,5500
MYM00048650,"(1.5e+03,2e+03]",-29.2973607143658,6.48425472463607,422,1750
MYM00048657,"(1,100]",-1.14254734959096,3.69162791916848,664,50
MYM00048657,"(500,1e+03]",-13.6895652562308,5.53997381616517,690,750
MYM00048657,"(1.5e+03,2e+03]",-29.8645408587252,6.91640510212881,264,1750
MYM00048657,"(3e+03,4e+03]",-60.6266510220971,11.5812695247199,689,3500
MYM00048657,"(5e+03,6e+03]",-126.253305191163,15.7721177679579,682,5500
MYM00048657,"(1e+03,1.5e+03]",-26.0581444507302,6.82887410265651,425,1250
MYM00096413,"(1,100]",0.788515331571777,3.32186224924348,1372,50
MYM00096413,"(500,1e+03]",-12.6526316151829,4.5599930913587,1373,750
MYM00096413,"(1e+03,1.5e+03]",-25.4906602332685,7.32865812942543,1026,1250
MYM00096413,"(3e+03,4e+03]",-60.012684938986,13.7144920102761,1370,3500
MYM00096413,"(5e+03,6e+03]",-123.553409358084,23.2083949147937,1346,5500
MYM00096413,"(1.5e+03,2e+03]",-31.7472208055112,5.57592354254753,344,1750
MYM00096441,"(1,100]",-0.0807110259811316,2.94085270335203,650,50
MYM00096441,"(500,1e+03]",-12.3379948013225,5.9626245665949,652,750
MYM00096441,"(1e+03,1.5e+03]",-24.9926187699372,9.17692137242808,467,1250
MYM00096441,"(3e+03,4e+03]",-60.3105821526227,11.9751970433594,639,3500
MYM00096441,"(5e+03,6e+03]",-126.283221704422,16.3571869739869,628,5500
MYM00096441,"(1.5e+03,2e+03]",-29.6092800015273,5.58367031201522,182,1750
MYM00096471,"(100,250]",-0.436120653791114,3.43810577991498,148,175
MYM00096471,"(500,1e+03]",-10.8469547156446,4.5245101352372,1303,750
MYM00096471,"(1.5e+03,2e+03]",-22.5430257763855,6.84678122595249,1000,1750
MYM00096471,"(3e+03,4e+03]",-44.2050533133615,11.8123713872611,1306,3500
MYM00096471,"(5e+03,6e+03]",-94.0041632042313,17.6715658667915,1311,5500
MYM00096471,"(1,100]",-0.414708227574384,2.77686857232128,1144,50
MYM00096471,"(1e+03,1.5e+03]",-15.6365675802234,5.20340111440761,299,1250
NCM00091592,"(100,250]",-1.73846146682934,0.929704978856664,1951,175
NCM00091592,"(500,1e+03]",-5.07420352600212,3.19094600473175,3875,750
NCM00091592,"(1e+03,1.5e+03]",-7.48513619366775,6.25460071713258,2848,1250
NCM00091592,"(1.5e+03,2e+03]",-8.41765813500729,8.9026456413216,2678,1750
NCM00091592,"(2e+03,3e+03]",-16.7661314517235,12.7346511721417,5786,2500
NCM00091592,"(3e+03,4e+03]",-36.229549743226,17.4552907885975,6150,3500
NCM00091592,"(4e+03,5e+03]",-59.6962739859368,23.0963823058025,4738,4500
NCM00091592,"(5e+03,6e+03]",-89.6519539608019,31.5760695048717,4622,5500
NCM00091592,"(250,500]",-2.90468898163525,1.76363577199212,308,375
NCM00091592,"(1,100]",-0.560748319723784,0.601922888572934,1206,50
NFM00094996,"(500,1e+03]",-1.12564822184003,3.24913022507798,718,750
NFM00094996,"(1e+03,1.5e+03]",-1.62753718532569,6.72610814947403,718,1250
NFM00094996,"(2e+03,3e+03]",-6.47264772674687,14.4607203000416,322,2500
NFM00094996,"(5e+03,6e+03]",-65.114864867403,39.5966449507046,737,5500
NFM00094996,"(1,100]",0.785076241177328,2.52171448329953,493,50
NFM00094996,"(3e+03,4e+03]",-21.1262572235889,16.9347052062768,508,3500
NFM00094996,"(100,250]",0.532961417606723,2.35847311504364,79,175
NFM00094996,"(1.5e+03,2e+03]",2.35132806549588,5.23808707807451,34,1750
NFM00094996,"(4e+03,5e+03]",-23.4680626936748,23.8091170199611,53,4500
NGM00061024,"(250,500]",-13.6865141022654,3.16601780732742,296,375
NGM00061024,"(1e+03,1.5e+03]",-2.53423674555109,5.7527045649113,295,1250
NGM00061024,"(2e+03,3e+03]",22.365951759851,20.1735878030354,295,2500
NGM00061024,"(5e+03,6e+03]",75.232774725705,68.1660145618967,294,5500
NGM00061052,"(500,1e+03]",-18.9162049429264,8.42219924651461,1263,750
NGM00061052,"(1e+03,1.5e+03]",-22.2787311930847,18.7870982900613,1263,1250
NGM00061052,"(2e+03,3e+03]",-29.2550516831107,43.4981116832092,1068,2500
NGM00061052,"(5e+03,6e+03]",-26.5566301067861,89.7443496376525,1259,5500
NGM00061052,"(3e+03,4e+03]",-21.6521766191183,34.0517583729401,193,3500
NLM00006260,"(1,100]",-1.79341065870525,2.64796178054561,236,50
NLM00006260,"(500,1e+03]",-9.22216311866708,7.18865760842162,868,750
NLM00006260,"(1e+03,1.5e+03]",-13.9110405057549,11.0211558080794,553,1250
NLM00006260,"(2e+03,3e+03]",-25.8207258073151,21.6716055527582,403,2500
NLM00006260,"(5e+03,6e+03]",-101.312356736225,77.9277401355426,886,5500
NLM00006260,"(100,250]",-2.45116451681161,2.69555489580076,474,175
NLM00006260,"(3e+03,4e+03]",-56.1957164399539,38.181031525451,567,3500
NLM00006260,"(250,500]",-3.50186868112419,3.1408868932851,66,375
NLM00006260,"(1.5e+03,2e+03]",-24.5265231408835,17.641322979289,362,1750
NLM00006260,"(4e+03,5e+03]",-64.9650069804152,56.2140061190698,74,4500
NNM00078866,"(100,250]",-6.45764249037228,4.71671925958431,841,175
NNM00078866,"(500,1e+03]",-11.0261687272713,4.5285738944244,1021,750
NNM00078866,"(1.5e+03,2e+03]",-15.0197445396205,5.68563418592122,944,1750
NNM00078866,"(3e+03,4e+03]",-32.0677564562114,9.91670054923386,1028,3500
NNM00078866,"(5e+03,6e+03]",-79.8390621452804,18.3734814974919,1029,5500
NNM00078866,"(1,100]",-6.15481439746385,3.60703133784865,146,50
NNM00078866,"(1e+03,1.5e+03]",-14.5022518610875,6.28878828068604,75,1250
NNM00078866,"(2e+03,3e+03]",-18.0178903138087,6.37256164745994,61,2500
NNM00078866,"(4e+03,5e+03]",-52.5689846981205,12.7578497992708,43,4500
NOM00001010,"(1,100]",-0.178062467882509,0.643530325075411,1349,50
NOM00001010,"(250,500]",-1.53558935433066,2.63384872577656,1091,375
NOM00001010,"(500,1e+03]",-2.25759518647641,5.31241565667555,3452,750
NOM00001010,"(1e+03,1.5e+03]",-3.50812382114551,10.5645952082961,3584,1250
NOM00001010,"(1.5e+03,2e+03]",-4.47966215374045,15.6709738307851,2512,1750
NOM00001010,"(2e+03,3e+03]",-8.02521742093996,25.5320380687081,6063,2500
NOM00001010,"(3e+03,4e+03]",-19.4288725781003,40.1360687227432,4985,3500
NOM00001010,"(4e+03,5e+03]",-26.6372383556396,55.8211818542569,4231,4500
NOM00001010,"(5e+03,6e+03]",-35.7106660789673,74.7770211818837,5135,5500
NOM00001010,"(100,250]",-0.635521528101499,1.12957252982225,1201,175
NOM00001241,"(1,100]",-0.621971821597374,2.32229417908839,214,50
NOM00001241,"(250,500]",-1.67586516186113,2.97294984739277,727,375
NOM00001241,"(500,1e+03]",-4.34996891058156,6.67776750123321,1031,750
NOM00001241,"(1e+03,1.5e+03]",-7.15510894295245,11.4888247258416,1680,1250
NOM00001241,"(1.5e+03,2e+03]",-11.73134622626,16.4962361070572,732,1750
NOM00001241,"(2e+03,3e+03]",-15.2533439503157,25.3815616546168,2504,2500
NOM00001241,"(3e+03,4e+03]",-29.16150609753,37.3066595847,1938,3500
NOM00001241,"(4e+03,5e+03]",-35.5212935829299,52.4821189444299,1532,4500
NOM00001241,"(5e+03,6e+03]",-48.2717903782513,70.7918143936668,2241,5500
NOM00001241,"(100,250]",-1.0120408706944,2.4397555486064,149,175
NOM00001400,"(1,100]",-5.03699427176332,6.98637766646093,650,50
NOM00001400,"(250,500]",-3.69738459380349,4.77752809491631,643,375
NOM00001400,"(500,1e+03]",-8.46265110455403,8.73898400669534,2205,750
NOM00001400,"(1e+03,1.5e+03]",-9.02341075042603,11.8853464542264,1861,1250
NOM00001400,"(2e+03,3e+03]",-15.9899421558363,23.6794748110229,2565,2500
NOM00001400,"(3e+03,4e+03]",-37.6049252842167,36.3039889581811,2527,3500
NOM00001400,"(4e+03,5e+03]",-48.8276821473314,52.3160265918299,1597,4500
NOM00001400,"(5e+03,6e+03]",-70.040530848574,68.608762409943,2745,5500
NOM00001400,"(100,250]",-6.03815812398433,7.43184071289691,1144,175
NOM00001400,"(1.5e+03,2e+03]",-13.3328606485484,15.8836164871976,1453,1750
NOM00001415,"(1,100]",-0.290715973424494,0.432627996085724,1514,50
NOM00001415,"(100,250]",-0.811355251618676,0.953688801880229,1338,175
NOM00001415,"(500,1e+03]",-3.10393606919624,4.63945969092713,3896,750
NOM00001415,"(1e+03,1.5e+03]",-5.173377522744,8.85472872518851,3771,1250
NOM00001415,"(1.5e+03,2e+03]",-8.43212718648455,14.3094301798558,3015,1750
NOM00001415,"(2e+03,3e+03]",-14.5128116026786,22.5182341574439,6403,2500
NOM00001415,"(3e+03,4e+03]",-29.0613287961374,35.6150309223886,5516,3500
NOM00001415,"(4e+03,5e+03]",-42.1745061525915,49.7777167213839,4584,4500
NOM00001415,"(5e+03,6e+03]",-57.096656350633,67.4795677415001,5416,5500
NOM00001415,"(250,500]",-1.62714733590777,2.18346293197742,1270,375
NZM00093112,"(100,250]",-1.24613408700135,2.47191699396048,885,175
NZM00093112,"(500,1e+03]",-2.74085311052786,3.76629440055262,1443,750
NZM00093112,"(1.5e+03,2e+03]",-5.43852588802033,8.40800943901148,539,1750
NZM00093112,"(3e+03,4e+03]",-23.5691798295724,19.0682370749415,1157,3500
NZM00093112,"(5e+03,6e+03]",-59.1824944554139,44.9032465667442,1493,5500
NZM00093112,"(1e+03,1.5e+03]",-3.24902748831665,7.08442904163925,1002,1250
NZM00093112,"(1,100]",-1.07941035432577,2.45066181239263,482,50
NZM00093112,"(2e+03,3e+03]",-7.96527901506401,15.4948760050462,474,2500
NZM00093112,"(4e+03,5e+03]",-34.4230425866615,29.7613463256166,94,4500
NZM00093417,"(100,250]",-0.881427640137229,3.26199177078327,956,175
NZM00093417,"(500,1e+03]",-3.17206775299667,4.98997158855852,1463,750
NZM00093417,"(1.5e+03,2e+03]",-7.18587368515935,9.79428450691103,636,1750
NZM00093417,"(3e+03,4e+03]",-27.9868125350018,20.4845652840045,1128,3500
NZM00093417,"(5e+03,6e+03]",-67.2979014689723,49.0067265653279,1487,5500
NZM00093417,"(1e+03,1.5e+03]",-4.49399531927688,7.69486632037481,921,1250
NZM00093417,"(1,100]",-0.306768922787954,3.20054617931808,387,50
NZM00093417,"(2e+03,3e+03]",-8.97930841618581,15.8809177231447,477,2500
NZM00093417,"(250,500]",-0.942053839540932,2.86536467875428,45,375
NZM00093417,"(4e+03,5e+03]",-31.2262627723852,29.8957819337041,65,4500
NZM00093844,"(100,250]",-1.52843885001298,2.8198514445013,813,175
NZM00093844,"(500,1e+03]",-4.78220308055371,7.40378713224855,1463,750
NZM00093844,"(1.5e+03,2e+03]",-13.712400642916,17.1964524698624,419,1750
NZM00093844,"(3e+03,4e+03]",-42.1899865534507,33.7879544829905,825,3500
NZM00093844,"(5e+03,6e+03]",-73.9969001351249,68.1887798451209,1506,5500
NZM00093844,"(1e+03,1.5e+03]",-7.8024382173722,14.4136071993055,1111,1250
NZM00093844,"(1,100]",-0.881547755816369,4.1407388358684,466,50
NZM00093844,"(2e+03,3e+03]",-12.2471382829219,28.6987425627124,794,2500
NZM00093844,"(4e+03,5e+03]",-47.4039107187295,37.3146922290006,94,4500
NZM00093844,"(250,500]",-1.71414534842444,2.84538023520192,44,375
PAM00086218,"(500,1e+03]",-14.9415624581142,6.49305718066116,375,750
PAM00086218,"(1e+03,1.5e+03]",-30.310371903684,12.7018522381698,369,1250
PAM00086218,"(3e+03,4e+03]",-70.2908606533855,30.3107436472316,372,3500
PAM00086218,"(5e+03,6e+03]",-150.203556133543,68.8192442597584,368,5500
PAM00086218,"(1,100]",-5.10046068690277,2.37458073346788,266,50
PAM00086218,"(100,250]",-6.39018347784762,2.42346465970393,36,175
PLM00012120,"(1,100]",-0.301445611323211,2.31631703148337,427,50
PLM00012120,"(500,1e+03]",-4.63610813978218,7.03295104747677,1395,750
PLM00012120,"(1e+03,1.5e+03]",-7.5205198821005,12.2554137168692,965,1250
PLM00012120,"(2e+03,3e+03]",-15.540610836562,25.96370081469,738,2500
PLM00012120,"(5e+03,6e+03]",-74.7301245601069,74.1530980210084,1370,5500
PLM00012120,"(100,250]",-0.805286574727811,2.6917779862278,728,175
PLM00012120,"(3e+03,4e+03]",-37.6382859481438,37.3865912284332,799,3500
PLM00012120,"(250,500]",-0.720024398421903,2.69953530753164,85,375
PLM00012120,"(1.5e+03,2e+03]",-15.6868906463005,17.7623977547823,457,1750
PLM00012120,"(4e+03,5e+03]",-28.9159015921604,40.4373849761433,86,4500
PLM00012374,"(1,100]",-2.01584288038908,2.60550018709356,723,50
PLM00012374,"(500,1e+03]",-6.2362452754046,8.39223772282856,1390,750
PLM00012374,"(1e+03,1.5e+03]",-11.0007295014693,16.9977627128936,1406,1250
PLM00012374,"(2e+03,3e+03]",-23.7613067979338,37.0075827726494,1107,2500
PLM00012374,"(5e+03,6e+03]",-71.1823408200945,95.8876427047504,1475,5500
PLM00012374,"(100,250]",-2.3097578518004,2.4970271070528,257,175
PLM00012374,"(250,500]",-4.07565820902269,3.2124111185813,62,375
PLM00012374,"(3e+03,4e+03]",-35.0571403026885,55.4372952538842,509,3500
PLM00012374,"(1.5e+03,2e+03]",-11.1614462129627,26.0345961083058,145,1750
PLM00012374,"(4e+03,5e+03]",-20.6904596011811,67.5598816607895,106,4500
PLM00012425,"(1,100]",-2.14294323828928,2.33021091506298,613,50
PLM00012425,"(500,1e+03]",-6.64189280767164,7.42949730411324,1365,750
PLM00012425,"(1e+03,1.5e+03]",-11.4973437721507,16.1132433202991,1390,1250
PLM00012425,"(2e+03,3e+03]",-22.7792660785632,35.4505492717145,1095,2500
PLM00012425,"(5e+03,6e+03]",-68.3877940913352,90.2532362112134,1419,5500
PLM00012425,"(100,250]",-2.81853691225158,2.26139346272294,184,175
PLM00012425,"(250,500]",-3.76634871744737,3.586322053954,80,375
PLM00012425,"(3e+03,4e+03]",-37.3249307116506,51.6335753062881,428,3500
PLM00012425,"(1.5e+03,2e+03]",-11.9996261726547,24.6630080926023,65,1750
PLM00012425,"(4e+03,5e+03]",-25.8123854861916,64.6578414022931,73,4500
PLM00012575,"(100,250]",-0.747244972297811,1.63111933633953,1757,175
PLM00012575,"(250,500]",-3.48231422663756,3.60255215603341,897,375
PLM00012575,"(500,1e+03]",-4.00557797687212,7.55234876336743,3757,750
PLM00012575,"(1e+03,1.5e+03]",-7.52628648235174,15.8172781120528,2716,1250
PLM00012575,"(1.5e+03,2e+03]",-11.2444546345337,24.3453261398068,2838,1750
PLM00012575,"(2e+03,3e+03]",-19.4278641876785,37.6183761295508,4410,2500
PLM00012575,"(3e+03,4e+03]",-30.1607492285995,51.5771395662756,4065,3500
PLM00012575,"(4e+03,5e+03]",-41.8802938362512,68.385468311159,4069,4500
PLM00012575,"(5e+03,6e+03]",-55.9243259559101,91.2314146880968,3631,5500
PLM00012575,"(1,100]",0.00520791057375828,2.47049993289777,268,50
PMM00078807,"(100,250]",-1.39434623821652,2.7592074077078,74,175
PMM00078807,"(500,1e+03]",-10.1270160295186,3.00322892911516,617,750
PMM00078807,"(1.5e+03,2e+03]",-20.9931719067513,4.17759722929717,398,1750
PMM00078807,"(3e+03,4e+03]",-50.6446542905261,7.99801959574704,617,3500
PMM00078807,"(5e+03,6e+03]",-112.978926555183,13.2426891763822,617,5500
PMM00078807,"(1,100]",-1.3735719604014,2.50769783839797,543,50
PMM00078807,"(1e+03,1.5e+03]",-20.1233186437245,4.62643337416636,219,1250
POM00008508,"(1,100]",-0.363630223259943,1.3134349901912,869,50
POM00008508,"(100,250]",-1.14980083145382,1.19422171198357,685,175
POM00008508,"(500,1e+03]",-3.61539163049262,3.27110732836678,1950,750
POM00008508,"(1e+03,1.5e+03]",-4.71431779055962,6.16892509115503,2205,1250
POM00008508,"(1.5e+03,2e+03]",-6.84812990306299,9.31263390142449,2209,1750
POM00008508,"(2e+03,3e+03]",-16.7035326631485,15.1349719009854,3114,2500
POM00008508,"(3e+03,4e+03]",-34.8090255637028,21.3383091613141,3161,3500
POM00008508,"(4e+03,5e+03]",-55.6134224952099,28.503754229813,2372,4500
POM00008508,"(5e+03,6e+03]",-77.3817263209262,38.1119957215674,2864,5500
POM00008508,"(250,500]",-2.42097511441336,1.74311803319731,563,375
POM00008522,"(100,250]",-0.671830649712252,1.20689114041985,778,175
POM00008522,"(250,500]",-1.43266038748378,2.14777009525085,442,375
POM00008522,"(500,1e+03]",-2.50151999692218,3.9342590796572,2675,750
POM00008522,"(1e+03,1.5e+03]",-3.07265049814163,5.65523231081536,2054,1250
POM00008522,"(1.5e+03,2e+03]",-5.37635362550767,8.63827566891778,2593,1750
POM00008522,"(2e+03,3e+03]",-14.186074597897,14.5668191055886,3451,2500
POM00008522,"(3e+03,4e+03]",-30.9932815054841,21.3985989935037,3222,3500
POM00008522,"(4e+03,5e+03]",-47.5684885011689,30.4705137710135,2985,4500
POM00008522,"(5e+03,6e+03]",-64.9758929125252,39.7940742830283,2913,5500
POM00008522,"(1,100]",-0.0773213223776591,0.903252717214144,929,50
POM00008536,"(1,100]",-0.484641658235701,0.580671397866437,1704,50
POM00008536,"(250,500]",-3.2662056059821,2.88781017434633,1554,375
POM00008536,"(500,1e+03]",-6.42632182386788,6.0625852938962,4013,750
POM00008536,"(1e+03,1.5e+03]",-12.9988864728229,13.0971645930424,3771,1250
POM00008536,"(2e+03,3e+03]",-30.5161758544525,28.331471611771,5217,2500
POM00008536,"(3e+03,4e+03]",-55.7982062520445,39.571332526796,5013,3500
POM00008536,"(4e+03,5e+03]",-77.0758684076458,53.7362871656728,3910,4500
POM00008536,"(5e+03,6e+03]",-99.7994080281068,68.750432702442,4940,5500
POM00008536,"(100,250]",-1.26985470138357,1.41818761583439,1045,175
POM00008536,"(1.5e+03,2e+03]",-19.4983511248944,18.7085888438502,2591,1750
PSM00091408,"(1,100]",-0.754849759177326,0.703557524558972,1708,50
PSM00091408,"(100,250]",-1.7524111286166,0.860313628245123,1374,175
PSM00091408,"(250,500]",-4.63561472579498,1.62847181632152,1594,375
PSM00091408,"(500,1e+03]",-8.92974017648658,2.45681826314274,6764,750
PSM00091408,"(1e+03,1.5e+03]",-14.8007066986281,3.81930455122322,6970,1250
PSM00091408,"(1.5e+03,2e+03]",-20.2718011167898,5.01153227819707,6254,1750
PSM00091408,"(2e+03,3e+03]",-31.6552487315276,7.9300918830623,13994,2500
PSM00091408,"(3e+03,4e+03]",-49.0844550508276,10.2053416635695,15599,3500
PSM00091408,"(4e+03,5e+03]",-70.2415510496441,12.5270401800355,15029,4500
PSM00091408,"(5e+03,6e+03]",-93.0425709851461,15.2386350025219,18883,5500
REM00061980,"(1,100]",-0.653043615767105,0.485637244885546,822,50
REM00061980,"(100,250]",-1.48756602387288,0.732725321504175,553,175
REM00061980,"(250,500]",-2.77701395098329,1.28372424531184,1394,375
REM00061980,"(500,1e+03]",-6.74065988030816,3.39335550517469,2806,750
REM00061980,"(1e+03,1.5e+03]",-9.86945542610494,6.13290334581355,1796,1250
REM00061980,"(1.5e+03,2e+03]",-13.5293367577714,7.08108943164744,1768,1750
REM00061980,"(2e+03,3e+03]",-19.9615421947034,11.922224358855,4205,2500
REM00061980,"(3e+03,4e+03]",-36.486163848985,18.3900318305707,4429,3500
REM00061980,"(4e+03,5e+03]",-57.4726728680042,25.4662304582467,3490,4500
REM00061980,"(5e+03,6e+03]",-88.1432900044809,33.4710786492496,3238,5500
RMM00091376,"(1,100]",-0.768627949098594,0.748653216812159,1903,50
RMM00091376,"(500,1e+03]",-7.98762199486167,2.35267956522618,6334,750
RMM00091376,"(1.5e+03,2e+03]",-17.3806691980266,5.06803871180573,7427,1750
RMM00091376,"(2e+03,3e+03]",-28.2561053393813,8.10435262928773,13789,2500
RMM00091376,"(3e+03,4e+03]",-45.1412752427521,10.4303100571295,15120,3500
RMM00091376,"(4e+03,5e+03]",-65.3204478585101,13.0350304475378,13888,4500
RMM00091376,"(5e+03,6e+03]",-87.5041663920291,15.8198844594198,16958,5500
RMM00091376,"(250,500]",-4.58110991329627,1.47373609929204,1566,375
RMM00091376,"(1e+03,1.5e+03]",-12.5646131582851,3.76578388065734,5427,1250
RMM00091376,"(100,250]",-1.78534455966571,0.991488139099908,894,175
ROM00015420,"(100,250]",-8.0941567391505,6.9491557645754,385,175
ROM00015420,"(500,1e+03]",-12.5129012708416,9.27122327347213,1469,750
ROM00015420,"(1.5e+03,2e+03]",-20.272308428545,26.9017140631097,163,1750
ROM00015420,"(3e+03,4e+03]",-29.8479802083491,55.8995757466461,834,3500
ROM00015420,"(5e+03,6e+03]",-69.0807656424095,103.501582377113,1495,5500
ROM00015420,"(1e+03,1.5e+03]",-18.5615215168078,19.9575023506167,1386,1250
ROM00015420,"(1,100]",-7.03444004231698,2.68918251286066,824,50
ROM00015420,"(2e+03,3e+03]",-37.544801737218,42.3245157350738,774,2500
ROM00015420,"(4e+03,5e+03]",-44.1357245176304,67.9081321789484,110,4500
RPM00098223,"(100,250]",2.40126956436577,4.75842306885154,497,175
RPM00098223,"(500,1e+03]",-4.85092094775039,5.17601637396281,1439,750
RPM00098223,"(1.5e+03,2e+03]",-13.244018059595,6.29015009123015,1024,1750
RPM00098223,"(3e+03,4e+03]",-35.5392453129249,10.7019302220153,1436,3500
RPM00098223,"(5e+03,6e+03]",-90.7183863451623,21.6813312442586,1430,5500
RPM00098223,"(1,100]",2.05172631035616,4.13567009528149,928,50
RPM00098223,"(1e+03,1.5e+03]",-11.7498329408881,6.13040892645138,412,1250
RPM00098233,"(1,100]",-2.26356356249791,7.13512405564799,72,50
RPM00098233,"(500,1e+03]",-8.63687921396902,6.04659210387419,127,750
RPM00098233,"(1e+03,1.5e+03]",-15.1499440626866,6.28058300772507,972,1250
RPM00098233,"(3e+03,4e+03]",-37.8344062317585,11.8950936475872,1068,3500
RPM00098233,"(5e+03,6e+03]",-98.8385680272122,27.6529148737654,1066,5500
RPM00098233,"(100,250]",-3.33601769366059,2.49632708521711,55,175
RPM00098233,"(1.5e+03,2e+03]",-14.607263154705,5.60305506107419,99,1750
RPM00098433,"(500,1e+03]",-15.5251055986687,11.2199710585365,1353,750
RPM00098433,"(2e+03,3e+03]",-40.9514855149787,12.3627621284974,1352,2500
RPM00098433,"(5e+03,6e+03]",-101.172534273209,18.1393784799649,1337,5500
RPM00098444,"(100,250]",-5.65488921178521,2.83013586715129,237,175
RPM00098444,"(500,1e+03]",-11.5695687311291,3.55743804893843,1144,750
RPM00098444,"(1.5e+03,2e+03]",-16.3603571745025,6.34364799285284,798,1750
RPM00098444,"(3e+03,4e+03]",-38.2278854082391,11.5078722922496,1249,3500
RPM00098444,"(5e+03,6e+03]",-91.2931148462036,21.1499197077673,1246,5500
RPM00098444,"(1,100]",-5.49040253122181,2.62251470635759,902,50
RPM00098444,"(1e+03,1.5e+03]",-17.4386155648856,6.5607228112881,452,1250
RPM00098558,"(500,1e+03]",-8.32567724836403,4.10264824207094,137,750
RPM00098558,"(1.5e+03,2e+03]",-15.261459596974,5.66555209984019,117,1750
RPM00098558,"(3e+03,4e+03]",-38.3449510326902,9.15327257351785,845,3500
RPM00098558,"(5e+03,6e+03]",-96.2561408877449,16.7594512179895,838,5500
RPM00098558,"(1,100]",-3.52179318305073,10.637873808807,113,50
RPM00098558,"(1e+03,1.5e+03]",-15.2341289275797,5.0644849567339,726,1250
RPM00098618,"(100,250]",-6.64764882305017,6.7233632948089,105,175
RPM00098618,"(500,1e+03]",-11.6980220931166,3.36414103631786,188,750
RPM00098618,"(1.5e+03,2e+03]",-14.4025131592107,5.53441266804013,465,1750
RPM00098618,"(3e+03,4e+03]",-35.7649458009656,8.18367110439117,1283,3500
RPM00098618,"(5e+03,6e+03]",-91.496980926983,14.25197973619,1271,5500
RPM00098618,"(1,100]",-5.0984234723297,2.70841237192622,82,50
RPM00098618,"(1e+03,1.5e+03]",-14.0476245441425,4.55626765801919,823,1250
RPM00098646,"(1,100]",-2.37577990306591,3.59971620687952,978,50
RPM00098646,"(500,1e+03]",-9.97120744118784,3.53886076890681,1036,750
RPM00098646,"(1e+03,1.5e+03]",-17.4062214139417,4.92044118473398,751,1250
RPM00098646,"(3e+03,4e+03]",-39.8092012780533,8.17028945983946,1035,3500
RPM00098646,"(5e+03,6e+03]",-96.9465111484413,13.6949506346462,1032,5500
RPM00098646,"(1.5e+03,2e+03]",-16.5813336702791,5.53948818017509,285,1750
RPM00098646,"(100,250]",-2.66280153483027,2.66983688005079,58,175
RPM00098753,"(1,100]",-1.69596809633269,3.18541919017181,112,50
RPM00098753,"(500,1e+03]",-8.84883173517319,3.99745772963965,116,750
RPM00098753,"(1e+03,1.5e+03]",-15.9312403059477,4.66023916633498,963,1250
RPM00098753,"(3e+03,4e+03]",-38.2382620324819,8.12834668338322,1196,3500
RPM00098753,"(5e+03,6e+03]",-94.1901380580811,15.7284882963055,1189,5500
RPM00098753,"(1.5e+03,2e+03]",-15.236135994785,4.24068697973068,231,1750
RQM00078526,"(100,250]",-1.37158284565054,0.687846097392143,2553,175
RQM00078526,"(250,500]",-3.6343581226376,1.11790501730464,1570,375
RQM00078526,"(500,1e+03]",-6.9446184330887,2.07573748023635,6012,750
RQM00078526,"(1e+03,1.5e+03]",-10.2255687302879,3.60505840716968,5662,1250
RQM00078526,"(1.5e+03,2e+03]",-13.5111827120379,5.40321390825481,8068,1750
RQM00078526,"(2e+03,3e+03]",-21.564770666636,8.53678256652341,14567,2500
RQM00078526,"(3e+03,4e+03]",-35.6349374032253,11.2013267846294,15032,3500
RQM00078526,"(4e+03,5e+03]",-52.8113461405223,14.5254515103992,14551,4500
RQM00078526,"(5e+03,6e+03]",-71.0871177620233,19.1392931595381,15803,5500
RQM00078526,"(1,100]",-0.525458402846549,0.479395208851005,1111,50
RSM00020046,"(1,100]",-6.5508717118519,3.95529664280108,481,50
RSM00020046,"(500,1e+03]",-13.498267892229,8.98536415198251,1119,750
RSM00020046,"(1e+03,1.5e+03]",-27.3807665919244,17.9293370902147,1159,1250
RSM00020046,"(2e+03,3e+03]",-76.185745766003,43.9721527018799,1127,2500
RSM00020046,"(5e+03,6e+03]",-183.559835939167,92.8033514572295,1049,5500
RSM00020046,"(100,250]",-6.82656953048345,3.66262939150263,397,175
RSM00020046,"(250,500]",-8.95180879697655,5.46939949137337,87,375
RSM00020046,"(4e+03,5e+03]",-158.884470660053,86.4771640816095,142,4500
RSM00020046,"(1.5e+03,2e+03]",-48.6158184496669,24.8606843339964,35,1750
RSM00020046,"(3e+03,4e+03]",-111.664759259489,34.1419001717794,67,3500
RSM00020292,"(100,250]",-3.68793193799542,3.66131553752416,566,175
RSM00020292,"(500,1e+03]",-9.49717686647707,9.70625450688119,1394,750
RSM00020292,"(1e+03,1.5e+03]",-24.1885862336823,19.1047201255876,1394,1250
RSM00020292,"(2e+03,3e+03]",-74.4838925044676,42.7521639044811,1372,2500
RSM00020292,"(5e+03,6e+03]",-193.014135659032,90.5270642493123,1232,5500
RSM00020292,"(1,100]",-2.81481548327858,3.32528625396864,551,50
RSM00020292,"(4e+03,5e+03]",-156.161964589949,74.7325749104002,276,4500
RSM00020292,"(250,500]",-3.75306518138469,5.3412487630404,81,375
RSM00020292,"(1.5e+03,2e+03]",-33.6775519436306,30.6509854055957,80,1750
RSM00020292,"(3e+03,4e+03]",-98.1562914514554,58.7298962042654,167,3500
RSM00020674,"(100,250]",-9.0745246790978,3.98095285486689,317,175
RSM00020674,"(500,1e+03]",-17.7291893639969,10.3388232655932,1250,750
RSM00020674,"(1e+03,1.5e+03]",-35.0991949074481,21.647440838647,1307,1250
RSM00020674,"(2e+03,3e+03]",-89.795800281974,52.9777160657743,1260,2500
RSM00020674,"(5e+03,6e+03]",-198.945528349021,106.987533400495,1126,5500
RSM00020674,"(1,100]",-8.18667909661595,4.23133224355716,533,50
RSM00020674,"(4e+03,5e+03]",-206.509577056359,99.9495672950736,240,4500
RSM00020674,"(250,500]",-11.2333049963937,6.6417281384231,131,375
RSM00020674,"(3e+03,4e+03]",-100.903476865976,41.4967567833304,183,3500
RSM00020674,"(1.5e+03,2e+03]",-37.6547472971286,17.9592958037381,66,1750
RSM00020744,"(100,250]",-2.12332153037354,4.19963983363982,411,175
RSM00020744,"(500,1e+03]",-7.25095239449055,7.81922278672308,1073,750
RSM00020744,"(1e+03,1.5e+03]",-15.0940658963678,13.7967673111407,1033,1250
RSM00020744,"(2e+03,3e+03]",-41.6321164517141,33.049257151661,951,2500
RSM00020744,"(5e+03,6e+03]",-116.196800123521,75.7513566609153,1039,5500
RSM00020744,"(1,100]",-1.43019987877076,4.51586474298583,402,50
RSM00020744,"(250,500]",-5.14928159998085,5.167776959498,60,375
RSM00020744,"(4e+03,5e+03]",-51.2609873064518,68.9820034288415,106,4500
RSM00020744,"(1.5e+03,2e+03]",-27.8320847545163,16.9389049771078,93,1750
RSM00020744,"(3e+03,4e+03]",-70.0690205101822,30.0715226279512,198,3500
RSM00021824,"(100,250]",-2.82110749364819,4.89370174274028,705,175
RSM00021824,"(500,1e+03]",-12.5466648641945,14.606384161474,1396,750
RSM00021824,"(1e+03,1.5e+03]",-31.9239743059624,31.2690061491981,1369,1250
RSM00021824,"(2e+03,3e+03]",-94.889170659513,79.6052970047983,1288,2500
RSM00021824,"(4e+03,5e+03]",-191.815518355906,141.225496213893,201,4500
RSM00021824,"(1,100]",-0.95599447291185,3.8666218681,527,50
RSM00021824,"(5e+03,6e+03]",-206.153732795906,162.176970021988,1281,5500
RSM00021824,"(250,500]",-5.18193794304901,7.50271550840819,53,375
RSM00021824,"(1.5e+03,2e+03]",-24.7873082107134,28.8973312025704,78,1750
RSM00021824,"(3e+03,4e+03]",-56.5293106271097,35.2138959653516,210,3500
RSM00021946,"(1,100]",-0.550123705737288,2.9450536366221,682,50
RSM00021946,"(500,1e+03]",-12.4065622546575,14.9237329195656,1357,750
RSM00021946,"(1e+03,1.5e+03]",-34.0083500175374,31.7105643382092,1356,1250
RSM00021946,"(2e+03,3e+03]",-99.2161705226719,78.7595850763816,1349,2500
RSM00021946,"(4e+03,5e+03]",-260.343261960858,168.223176133081,232,4500
RSM00021946,"(5e+03,6e+03]",-216.805204396251,160.096030921905,1198,5500
RSM00021946,"(100,250]",-2.16413024432585,3.76843740297343,380,175
RSM00021946,"(250,500]",-3.80156882021401,5.10348137968659,42,375
RSM00021946,"(3e+03,4e+03]",-55.100122108296,34.6114832197609,91,3500
RSM00021946,"(1.5e+03,2e+03]",-19.3794050650177,18.6596854120482,46,1750
RSM00022008,"(250,500]",-4.7458436109109,7.3179135714164,319,375
RSM00022008,"(1e+03,1.5e+03]",-12.3173477157924,19.1777420927697,1449,1250
RSM00022008,"(2e+03,3e+03]",-34.2637156818067,47.574537949566,1472,2500
RSM00022008,"(4e+03,5e+03]",-62.9318732643917,104.467887157978,218,4500
RSM00022008,"(5e+03,6e+03]",-83.1805009813659,98.4084415043289,1314,5500
RSM00022008,"(500,1e+03]",-5.5319240929695,8.79944906427772,1195,750
RSM00022008,"(1,100]",-1.71568725765218,3.90979274735578,395,50
RSM00022008,"(100,250]",-1.75493517311042,3.88929907603771,64,175
RSM00022008,"(3e+03,4e+03]",-13.8337577186872,40.1887331866883,91,3500
RSM00022008,"(1.5e+03,2e+03]",0.535182583857186,15.4064508397953,36,1750
RSM00022217,"(250,500]",-0.291974145206,6.07272919849862,115,375
RSM00022217,"(1e+03,1.5e+03]",-11.0201467807288,17.7815772624358,1380,1250
RSM00022217,"(2e+03,3e+03]",-35.0414503975682,47.6758346787646,1188,2500
RSM00022217,"(5e+03,6e+03]",-82.393260078795,108.948210356063,1426,5500
RSM00022217,"(500,1e+03]",-3.36009761909408,8.18750909193764,1402,750
RSM00022217,"(1,100]",0.782601128816383,4.31577523428533,559,50
RSM00022217,"(100,250]",0.439276281010615,3.7385953279172,519,175
RSM00022217,"(1.5e+03,2e+03]",-10.3067529167139,19.3968456543481,129,1750
RSM00022217,"(3e+03,4e+03]",-28.5262041595533,47.9802288125502,390,3500
RSM00022217,"(4e+03,5e+03]",18.8942124530969,141.120826911696,112,4500
RSM00022271,"(1,100]",-3.63111450648391,4.61207817849981,486,50
RSM00022271,"(500,1e+03]",-9.06745058422256,8.4893150179734,1424,750
RSM00022271,"(1e+03,1.5e+03]",-16.08597490771,15.161490180568,1312,1250
RSM00022271,"(2e+03,3e+03]",-37.3888415272233,35.7352135742696,1173,2500
RSM00022271,"(5e+03,6e+03]",-102.673357830688,85.0884230032763,1447,5500
RSM00022271,"(100,250]",-4.13413387951092,4.35128908100261,600,175
RSM00022271,"(1.5e+03,2e+03]",-28.0935030801882,22.9032343205139,187,1750
RSM00022271,"(3e+03,4e+03]",-67.2328840014706,38.9934398823314,396,3500
RSM00022271,"(250,500]",-5.28516087014816,5.53310847949522,100,375
RSM00022271,"(4e+03,5e+03]",-40.0296886473739,64.5783039739461,65,4500
RSM00022522,"(250,500]",-0.789828254139082,6.38136914784434,111,375
RSM00022522,"(1e+03,1.5e+03]",-13.4789276417483,15.5854073742923,1236,1250
RSM00022522,"(2e+03,3e+03]",-37.2370998840441,35.63394705948,1030,2500
RSM00022522,"(5e+03,6e+03]",-105.531854916845,77.060862674885,1448,5500
RSM00022522,"(1,100]",0.208674202463397,5.24930097534097,461,50
RSM00022522,"(500,1e+03]",-6.34356241702939,8.77571664944708,1409,750
RSM00022522,"(100,250]",-0.570438036468267,4.20375248985209,643,175
RSM00022522,"(1.5e+03,2e+03]",-23.9032236214534,17.2211852597551,252,1750
RSM00022522,"(3e+03,4e+03]",-55.4289141515437,34.4717324959596,498,3500
RSM00022522,"(4e+03,5e+03]",-44.0249055709177,37.6049887229514,55,4500
RSM00022543,"(500,1e+03]",-4.8050936005821,9.80230591166649,1442,750
RSM00022543,"(1e+03,1.5e+03]",-11.2036466600449,18.6063020177748,1252,1250
RSM00022543,"(2e+03,3e+03]",-38.7131387719646,48.1383338712553,1061,2500
RSM00022543,"(5e+03,6e+03]",-92.7251120842849,105.8751385442,1463,5500
RSM00022543,"(1,100]",-0.3267183910702,4.86117106318246,480,50
RSM00022543,"(100,250]",-0.89267683280163,4.26454937368917,672,175
RSM00022543,"(250,500]",-2.90507731714799,5.91539114145129,109,375
RSM00022543,"(1.5e+03,2e+03]",-15.3377437415051,26.9295959595674,239,1750
RSM00022543,"(3e+03,4e+03]",-29.8908959226883,52.6489143613736,478,3500
RSM00022543,"(4e+03,5e+03]",-21.9654344730553,70.6212339861265,67,4500
RSM00022820,"(250,500]",-0.97915785432632,9.09681817514248,216,375
RSM00022820,"(1e+03,1.5e+03]",-11.4368542205155,20.3095154444535,1427,1250
RSM00022820,"(2e+03,3e+03]",-35.9383429997249,47.8517513053568,1324,2500
RSM00022820,"(5e+03,6e+03]",-92.3950022021146,104.097019451956,1362,5500
RSM00022820,"(500,1e+03]",-5.52910370100373,10.6284793305939,1358,750
RSM00022820,"(1,100]",-0.428631603672197,4.09603959256044,533,50
RSM00022820,"(100,250]",-1.56742002174966,3.64941505867127,183,175
RSM00022820,"(4e+03,5e+03]",-55.4439351763331,86.8456905588632,123,4500
RSM00022820,"(3e+03,4e+03]",-36.6339382685231,59.1688608477952,178,3500
RSM00022820,"(1.5e+03,2e+03]",-19.5827204379016,29.7541757869715,37,1750
RSM00022845,"(500,1e+03]",-5.18023848889528,9.21121288679367,1279,750
RSM00022845,"(1e+03,1.5e+03]",-11.715140857022,19.5127274827125,1455,1250
RSM00022845,"(250,500]",-1.30281874540094,5.11235165590518,216,375
RSM00022845,"(2e+03,3e+03]",-36.3621307895084,48.8195062511919,1376,2500
RSM00022845,"(5e+03,6e+03]",-94.9697167353574,106.560540844503,1363,5500
RSM00022845,"(4e+03,5e+03]",-60.3595954207311,91.7965824836272,151,4500
RSM00022845,"(1,100]",-0.652325749772248,2.81195935350033,508,50
RSM00022845,"(100,250]",-0.828154764365976,11.3546373863729,129,175
RSM00022845,"(3e+03,4e+03]",-34.3711980970661,56.6376283767336,156,3500
RSM00022845,"(1.5e+03,2e+03]",-15.992468543175,27.0409557847955,43,1750
RSM00023078,"(250,500]",-4.71628060405676,6.91338465193564,91,375
RSM00023078,"(500,1e+03]",-10.1420029776176,9.60675375102314,1338,750
RSM00023078,"(1.5e+03,2e+03]",-22.5120095543339,21.3365718884891,36,1750
RSM00023078,"(2e+03,3e+03]",-63.1464548327363,59.9222156114017,1332,2500
RSM00023078,"(5e+03,6e+03]",-136.352762184992,127.870772735079,1190,5500
RSM00023078,"(100,250]",-5.217516314064,4.59909040548489,267,175
RSM00023078,"(1e+03,1.5e+03]",-22.1848172520573,22.6329924784487,1377,1250
RSM00023078,"(1,100]",-4.46349482991726,4.15317638425548,531,50
RSM00023078,"(4e+03,5e+03]",-162.626916576496,137.939853265675,244,4500
RSM00023078,"(3e+03,4e+03]",-48.1550392856573,40.7745034535708,108,3500
RSM00023205,"(1,100]",-7.60369262719064,4.74471017778868,506,50
RSM00023205,"(500,1e+03]",-14.541183439936,10.2732628080172,1441,750
RSM00023205,"(1e+03,1.5e+03]",-24.8614458799878,20.3660413158591,1326,1250
RSM00023205,"(2e+03,3e+03]",-61.1358249849048,51.2396066871293,1216,2500
RSM00023205,"(5e+03,6e+03]",-136.67758616395,106.175009830545,1427,5500
RSM00023205,"(100,250]",-8.49906832834985,4.4041837296714,591,175
RSM00023205,"(3e+03,4e+03]",-60.5193914736979,49.1828324633875,328,3500
RSM00023205,"(250,500]",-9.95990212419847,6.04817841131202,97,375
RSM00023205,"(4e+03,5e+03]",-120.458927297795,98.5660311502457,64,4500
RSM00023205,"(1.5e+03,2e+03]",-30.1730191955077,24.7266149885095,179,1750
RSM00023330,"(100,250]",-1.71634966315006,4.29361839967873,548,175
RSM00023330,"(500,1e+03]",-8.07359251191983,10.4633394340596,1462,750
RSM00023330,"(1e+03,1.5e+03]",-21.3098729503405,22.9470586082572,1381,1250
RSM00023330,"(2e+03,3e+03]",-68.1720245574403,61.1898190162317,1283,2500
RSM00023330,"(5e+03,6e+03]",-151.551843285912,126.247838344791,1452,5500
RSM00023330,"(1,100]",-1.12708950303974,4.87699707160845,612,50
RSM00023330,"(4e+03,5e+03]",-154.664670234978,119.784149252748,106,4500
RSM00023330,"(250,500]",-3.88201765183582,5.2425173602027,106,375
RSM00023330,"(1.5e+03,2e+03]",-20.1042650505962,23.593202581852,154,1750
RSM00023330,"(3e+03,4e+03]",-45.3715808488724,48.4551296485889,323,3500
RSM00023415,"(1,100]",-4.71102786973866,4.68755131319862,582,50
RSM00023415,"(500,1e+03]",-8.75861510248103,9.82481024738481,1410,750
RSM00023415,"(1e+03,1.5e+03]",-16.9130879343541,20.7656616684668,1422,1250
RSM00023415,"(2e+03,3e+03]",-47.2213812431702,54.6663468776203,1319,2500
RSM00023415,"(5e+03,6e+03]",-108.652268417315,115.787207932172,1445,5500
RSM00023415,"(250,500]",-6.52234806841166,6.75154217425732,121,375
RSM00023415,"(4e+03,5e+03]",-103.584777479272,109.112000466851,100,4500
RSM00023415,"(100,250]",-4.01044065447092,4.43156483332922,358,175
RSM00023415,"(1.5e+03,2e+03]",-19.1208663214306,28.7227661895146,87,1750
RSM00023415,"(3e+03,4e+03]",-32.2257156042318,51.3798909475832,269,3500
RSM00023472,"(100,250]",-0.946014615788573,4.20952862008899,388,175
RSM00023472,"(500,1e+03]",-6.19214704454158,10.9984971845496,1461,750
RSM00023472,"(1e+03,1.5e+03]",-16.9418758966215,24.3573534353137,1450,1250
RSM00023472,"(2e+03,3e+03]",-56.0673376477836,65.7259955737215,1381,2500
RSM00023472,"(5e+03,6e+03]",-131.160097511592,135.122637120676,1364,5500
RSM00023472,"(1,100]",-0.119475427893856,4.43158899997333,671,50
RSM00023472,"(4e+03,5e+03]",-132.23162678702,146.613708287679,181,4500
RSM00023472,"(250,500]",-2.67256727102513,6.45353564299128,79,375
RSM00023472,"(1.5e+03,2e+03]",-19.1436183264849,30.9516860623301,69,1750
RSM00023472,"(3e+03,4e+03]",-33.031325272837,43.6376557626683,207,3500
RSM00023802,"(500,1e+03]",-5.11023152214944,10.0073328775455,1311,750
RSM00023802,"(1e+03,1.5e+03]",-12.435850359898,20.7776742783359,1467,1250
RSM00023802,"(2e+03,3e+03]",-38.697219191056,52.4364878890877,1396,2500
RSM00023802,"(5e+03,6e+03]",-93.8417461537512,116.133524835465,1403,5500
RSM00023802,"(250,500]",-2.38609439050154,6.30151563175662,201,375
RSM00023802,"(4e+03,5e+03]",-86.8792364870951,101.560287478915,149,4500
RSM00023802,"(1,100]",-1.053517084383,4.3337152452346,494,50
RSM00023802,"(100,250]",-2.19287524561871,4.20958887123501,168,175
RSM00023802,"(3e+03,4e+03]",-26.237317407086,58.9276627502444,183,3500
RSM00023802,"(1.5e+03,2e+03]",-12.6412303157337,24.3136182201266,48,1750
RSM00023884,"(100,250]",3.22328887925187,3.91650003588063,368,175
RSM00023884,"(500,1e+03]",-1.28930440728434,9.83405981836228,1413,750
RSM00023884,"(1e+03,1.5e+03]",-9.18012115706226,21.7136114470639,1411,1250
RSM00023884,"(2e+03,3e+03]",-39.9103490742348,61.8054777008315,1322,2500
RSM00023884,"(5e+03,6e+03]",-105.319255658257,134.296549290716,1362,5500
RSM00023884,"(1,100]",3.89777359972295,3.88816773238681,598,50
RSM00023884,"(250,500]",2.08711241208063,5.25113353706334,80,375
RSM00023884,"(4e+03,5e+03]",-54.5197446852313,103.476967302306,97,4500
RSM00023884,"(1.5e+03,2e+03]",-24.5422322897242,46.1807986987985,44,1750
RSM00023884,"(3e+03,4e+03]",-18.7220058741729,54.0781032623792,163,3500
RSM00023921,"(100,250]",-2.84370060878738,4.06036821563095,243,175
RSM00023921,"(500,1e+03]",-8.11930890154417,10.4674518375819,1280,750
RSM00023921,"(1e+03,1.5e+03]",-18.3342931410866,23.115326539621,1339,1250
RSM00023921,"(2e+03,3e+03]",-52.1879065770674,60.7876979544203,1251,2500
RSM00023921,"(5e+03,6e+03]",-119.06553071635,127.559861439421,1317,5500
RSM00023921,"(1,100]",-1.93345527542495,4.56949931674381,516,50
RSM00023921,"(250,500]",-4.44525628120093,7.72267935896276,114,375
RSM00023921,"(4e+03,5e+03]",-123.811455633731,131.227278299868,100,4500
RSM00023921,"(3e+03,4e+03]",-38.3511282713487,59.47841642493,177,3500
RSM00023921,"(1.5e+03,2e+03]",-20.0301585014528,29.706481168074,53,1750
RSM00023933,"(100,250]",-1.11968667961912,4.37978574794099,393,175
RSM00023933,"(500,1e+03]",-7.00145257710061,10.682317370973,1301,750
RSM00023933,"(1e+03,1.5e+03]",-17.7996395073558,22.951886077577,1274,1250
RSM00023933,"(2e+03,3e+03]",-54.7981823363489,61.8686604929367,1094,2500
RSM00023933,"(5e+03,6e+03]",-123.245155517817,130.903689203403,1273,5500
RSM00023933,"(1,100]",-0.107606610028226,4.43071263961569,574,50
RSM00023933,"(4e+03,5e+03]",-109.628766621224,129.486482355296,67,4500
RSM00023933,"(1.5e+03,2e+03]",-24.3911876618748,32.8607621670338,77,1750
RSM00023933,"(3e+03,4e+03]",-44.1688322100153,58.1644800931094,278,3500
RSM00023933,"(250,500]",-2.09620750498292,6.25284972892356,67,375
RSM00023955,"(100,250]",-1.13048349304521,4.49769763616943,474,175
RSM00023955,"(500,1e+03]",-7.0494042459569,11.1429153285248,1434,750
RSM00023955,"(1e+03,1.5e+03]",-16.6332050373541,23.3037451773993,1385,1250
RSM00023955,"(2e+03,3e+03]",-52.5203269163713,60.482746403099,1262,2500
RSM00023955,"(5e+03,6e+03]",-126.08731509451,128.858412133779,1394,5500
RSM00023955,"(1,100]",-0.229518951072976,4.64531363675557,593,50
RSM00023955,"(250,500]",-1.48389939013,7.13500600823081,75,375
RSM00023955,"(4e+03,5e+03]",-81.1198673372992,94.733121052732,75,4500
RSM00023955,"(1.5e+03,2e+03]",-28.4404999522048,36.9544990682211,97,1750
RSM00023955,"(3e+03,4e+03]",-46.1568770108868,67.0033017148536,258,3500
RSM00024122,"(500,1e+03]",-8.6654956836618,14.182351881716,805,750
RSM00024122,"(1e+03,1.5e+03]",-21.7589270379359,28.3995046010778,1403,1250
RSM00024122,"(2e+03,3e+03]",-72.1382431407009,82.3208686969752,1465,2500
RSM00024122,"(5e+03,6e+03]",-118.276992237666,157.789048785344,907,5500
RSM00024122,"(4e+03,5e+03]",-258.548414386073,173.23868120492,560,4500
RSM00024122,"(250,500]",-4.31211508489753,7.83078976084643,700,375
RSM00024122,"(1,100]",-1.10979581668867,3.13129538263808,106,50
RSM00024122,"(1.5e+03,2e+03]",-6.66379773125373,19.4747593224583,30,1750
RSM00024122,"(3e+03,4e+03]",-32.8875510950477,46.4251764682637,39,3500
RSM00024266,"(500,1e+03]",-10.2143399285458,11.7273964894648,1333,750
RSM00024266,"(1e+03,1.5e+03]",-28.9924264981295,34.389227877107,1457,1250
RSM00024266,"(2e+03,3e+03]",-87.4608379010201,103.529698856927,1497,2500
RSM00024266,"(4e+03,5e+03]",-356.611499686686,212.846608257339,408,4500
RSM00024266,"(1,100]",-2.16167402575969,3.47549119776415,474,50
RSM00024266,"(100,250]",-2.56462558346417,3.54078018382947,107,175
RSM00024266,"(5e+03,6e+03]",-137.310410004466,199.256120570053,1075,5500
RSM00024266,"(250,500]",-2.55722627681662,9.9656330337952,170,375
RSM00024266,"(1.5e+03,2e+03]",-11.2289041800928,10.143411483787,34,1750
RSM00024266,"(3e+03,4e+03]",-23.4748455781354,33.6740447705046,71,3500
RSM00024343,"(1,100]",7.29330961701005,3.79902727227838,669,50
RSM00024343,"(500,1e+03]",-0.414615082760355,10.5646514878256,1354,750
RSM00024343,"(1e+03,1.5e+03]",-19.0418528634331,29.3026555138705,1385,1250
RSM00024343,"(2e+03,3e+03]",-77.3575995742351,88.0196920301318,1387,2500
RSM00024343,"(5e+03,6e+03]",-155.802967152217,180.662005038562,1093,5500
RSM00024343,"(4e+03,5e+03]",-296.548343194473,198.169196510164,323,4500
RSM00024343,"(100,250]",5.36045085478176,3.75506930709062,183,175
RSM00024343,"(250,500]",3.65876773504412,6.7552817321244,82,375
RSM00024343,"(1.5e+03,2e+03]",-16.1307735147915,9.17106003917596,36,1750
RSM00024343,"(3e+03,4e+03]",-38.0992809352627,29.5775821519189,100,3500
RSM00024507,"(100,250]",-0.318676219243531,3.52413956613308,87,175
RSM00024507,"(500,1e+03]",-3.58891454188387,9.33231402625106,1045,750
RSM00024507,"(1e+03,1.5e+03]",-14.9526606030468,24.8944607914133,1414,1250
RSM00024507,"(2e+03,3e+03]",-55.1097896391271,78.1227437867429,1478,2500
RSM00024507,"(5e+03,6e+03]",-123.692781242912,173.789352142264,1108,5500
RSM00024507,"(1,100]",0.0802398598175158,4.22716062240921,211,50
RSM00024507,"(4e+03,5e+03]",-175.884518138652,174.8165635248,407,4500
RSM00024507,"(250,500]",0.351501837621789,7.4404749921847,431,375
RSM00024507,"(1.5e+03,2e+03]",-2.21170111666238,14.000086509999,32,1750
RSM00024507,"(3e+03,4e+03]",-15.1195150209329,50.5597631066762,68,3500
RSM00024641,"(1,100]",0.131979719554722,3.75372234994985,542,50
RSM00024641,"(500,1e+03]",-8.73684247180634,13.0760299204469,1400,750
RSM00024641,"(1e+03,1.5e+03]",-24.39365906065,31.5775190183428,1432,1250
RSM00024641,"(2e+03,3e+03]",-70.5721271898462,85.7258921659756,1470,2500
RSM00024641,"(5e+03,6e+03]",-131.406814726713,166.149869805798,1200,5500
RSM00024641,"(4e+03,5e+03]",-279.81739843503,200.440138497651,312,4500
RSM00024641,"(250,500]",-2.10869263616115,7.13587228910061,94,375
RSM00024641,"(100,250]",-1.64648307551882,3.94181805026778,143,175
RSM00024641,"(3e+03,4e+03]",-22.9608647139167,36.5827713558919,85,3500
RSM00024688,"(500,1e+03]",-2.82271832498934,8.8812010964561,1418,750
RSM00024688,"(1.5e+03,2e+03]",-91.9553691589511,49.9834701752904,368,1750
RSM00024688,"(4e+03,5e+03]",-149.206578215234,176.003909114014,1441,4500
RSM00024688,"(5e+03,6e+03]",-410.939327994107,220.590885031001,565,5500
RSM00024688,"(1,100]",-0.1007953226944,3.48422673297924,503,50
RSM00024688,"(2e+03,3e+03]",-29.7333980567747,51.1967559896353,1163,2500
RSM00024688,"(100,250]",-0.0392977603119054,3.19262658794229,65,175
RSM00024688,"(250,500]",-0.424312099467376,6.71448980631282,77,375
RSM00024688,"(1e+03,1.5e+03]",-5.69558159962269,16.9746213820485,42,1250
RSM00024688,"(3e+03,4e+03]",-19.8501742038617,37.3378561335175,60,3500
RSM00024726,"(250,500]",-8.347605833338,7.29700202924906,1343,375
RSM00024726,"(1e+03,1.5e+03]",-20.4144717108389,21.0754869324121,1069,1250
RSM00024726,"(2e+03,3e+03]",-55.5154147049728,64.4261401889357,1505,2500
RSM00024726,"(4e+03,5e+03]",-185.626929539502,158.991631790835,797,4500
RSM00024726,"(500,1e+03]",-19.2557609116331,19.4290013601763,485,750
RSM00024726,"(100,250]",-2.69501086141931,5.09813494245331,67,175
RSM00024726,"(5e+03,6e+03]",-63.7025137965914,97.9414824324388,744,5500
RSM00024726,"(1.5e+03,2e+03]",-5.71648901077875,14.5089288679709,42,1750
RSM00024726,"(3e+03,4e+03]",-16.0451511599134,36.4557175168822,97,3500
RSM00024908,"(1,100]",-1.47013617705372,3.99076971225143,132,50
RSM00024908,"(500,1e+03]",-10.4848818572435,12.4794121493357,691,750
RSM00024908,"(1e+03,1.5e+03]",-18.5905865950779,26.1784166145374,1433,1250
RSM00024908,"(2e+03,3e+03]",-49.8822214151337,73.4737188201969,1500,2500
RSM00024908,"(5e+03,6e+03]",-106.333437618928,154.932964788591,1118,5500
RSM00024908,"(4e+03,5e+03]",-138.719570787092,165.398816390992,450,4500
RSM00024908,"(250,500]",-3.95611327436433,6.68640745535042,837,375
RSM00024908,"(100,250]",-2.63985884387117,4.74095778584456,31,175
RSM00024908,"(1.5e+03,2e+03]",-10.9216452491446,18.4907204685997,49,1750
RSM00024908,"(3e+03,4e+03]",-19.5906025047451,38.0927832313322,75,3500
RSM00024947,"(1,100]",0.647217839314037,3.98234485637316,383,50
RSM00024947,"(500,1e+03]",-5.30700165665148,9.64290919175639,1379,750
RSM00024947,"(1e+03,1.5e+03]",-16.4120656416916,23.0999822265969,1474,1250
RSM00024947,"(2e+03,3e+03]",-48.450722709708,64.7998669004635,1518,2500
RSM00024947,"(5e+03,6e+03]",-88.5714514704081,126.572725209419,1221,5500
RSM00024947,"(4e+03,5e+03]",-208.900800950819,169.524782143526,335,4500
RSM00024947,"(250,500]",-1.86313374585106,7.35390693501681,136,375
RSM00024947,"(100,250]",-0.126315162648622,3.81033491840083,117,175
RSM00024947,"(3e+03,4e+03]",-14.2102665654988,35.0347573266741,76,3500
RSM00024947,"(1.5e+03,2e+03]",-5.87912734367418,17.7123094617124,43,1750
RSM00024959,"(1,100]",-7.79341428567579,3.54933726484828,573,50
RSM00024959,"(500,1e+03]",-13.9370605593108,10.3759453240769,1448,750
RSM00024959,"(1e+03,1.5e+03]",-29.4735977236149,27.676482860531,1480,1250
RSM00024959,"(2e+03,3e+03]",-78.300444040827,84.6718198927239,1515,2500
RSM00024959,"(4e+03,5e+03]",-303.027544968015,205.92422444304,338,4500
RSM00024959,"(5e+03,6e+03]",-133.046658185292,168.467957003308,1241,5500
RSM00024959,"(100,250]",-8.86177480203028,3.62652380683734,206,175
RSM00024959,"(250,500]",-9.0135802259967,5.81266467113195,65,375
RSM00024959,"(3e+03,4e+03]",-33.4695184468524,40.8868381132136,129,3500
RSM00024959,"(1.5e+03,2e+03]",-19.389380124942,15.636826728901,37,1750
RSM00025123,"(1,100]",5.34534539622893,3.33960631398103,703,50
RSM00025123,"(500,1e+03]",-2.84475523528438,12.2504523706446,1442,750
RSM00025123,"(1e+03,1.5e+03]",-22.4783803225093,29.5106527417928,1427,1250
RSM00025123,"(2e+03,3e+03]",-85.928369997581,80.6654565440972,1400,2500
RSM00025123,"(5e+03,6e+03]",-203.961434408725,171.483435063832,1332,5500
RSM00025123,"(100,250]",4.02865870249531,3.66063445279142,528,175
RSM00025123,"(4e+03,5e+03]",-218.079970603302,153.351386245985,140,4500
RSM00025123,"(250,500]",4.69261883272425,5.41151841841854,41,375
RSM00025123,"(3e+03,4e+03]",-38.3798332062589,40.3567623127016,140,3500
RSM00025123,"(1.5e+03,2e+03]",-9.49623105061232,16.4215936501814,53,1750
RSM00025403,"(500,1e+03]",-1.08045883502364,11.1270805655721,1391,750
RSM00025403,"(1e+03,1.5e+03]",-17.1983077799409,28.3285415059827,1398,1250
RSM00025403,"(2e+03,3e+03]",-72.391205975175,83.933738731836,1368,2500
RSM00025403,"(4e+03,5e+03]",-272.433678375718,185.651549384903,212,4500
RSM00025403,"(1,100]",4.57223779333348,3.19042381663981,686,50
RSM00025403,"(100,250]",3.79151817206352,3.85425694612897,437,175
RSM00025403,"(5e+03,6e+03]",-155.034042256554,181.813904844796,1229,5500
RSM00025403,"(250,500]",-1.41747813918665,5.77979045234343,32,375
RSM00025403,"(1.5e+03,2e+03]",-15.9397973871869,18.9693492245828,40,1750
RSM00025403,"(3e+03,4e+03]",-32.2123003696039,49.0098307283489,142,3500
RSM00025428,"(250,500]",-5.09142089444474,6.7036313871401,293,375
RSM00025428,"(1e+03,1.5e+03]",-14.1390214739108,24.9986419456992,350,1250
RSM00025428,"(2e+03,3e+03]",-55.5611032577526,83.1762274454159,385,2500
RSM00025428,"(4e+03,5e+03]",-272.698188931846,169.727229633763,178,4500
RSM00025428,"(500,1e+03]",-6.5920858484368,11.0354530505026,127,750
RSM00025428,"(5e+03,6e+03]",-31.1594192151132,107.455218944878,201,5500
RSM00025703,"(250,500]",-3.63531722238121,6.64601069281036,690,375
RSM00025703,"(1e+03,1.5e+03]",-15.7899171222852,24.7057643807062,1469,1250
RSM00025703,"(2e+03,3e+03]",-59.8789536585606,77.5053849570918,1537,2500
RSM00025703,"(4e+03,5e+03]",-272.662925865162,153.528839490925,531,4500
RSM00025703,"(500,1e+03]",-4.93781240549144,9.40112700008068,864,750
RSM00025703,"(1,100]",-1.83501645712444,3.31113746065294,104,50
RSM00025703,"(5e+03,6e+03]",-95.0307303183559,153.632668049691,1017,5500
RSM00025703,"(100,250]",-0.860208874861224,2.94532226349418,39,175
RSM00025703,"(1.5e+03,2e+03]",-12.8171123843748,25.1354060674156,55,1750
RSM00025703,"(3e+03,4e+03]",-38.6440216282763,57.3654952949668,71,3500
RSM00025913,"(500,1e+03]",-8.37422779099589,6.76291257751556,1329,750
RSM00025913,"(1e+03,1.5e+03]",-18.4780175088232,15.0081719383058,1496,1250
RSM00025913,"(2e+03,3e+03]",-52.3616641808586,37.877664289123,1543,2500
RSM00025913,"(4e+03,5e+03]",-133.29915986472,82.0729175914057,384,4500
RSM00025913,"(250,500]",-4.66853801514441,5.54446922958032,247,375
RSM00025913,"(5e+03,6e+03]",-124.479602014555,78.3717485655,1185,5500
RSM00025913,"(1,100]",-2.9282343122511,3.10969656099833,306,50
RSM00025913,"(100,250]",-2.55508065183594,3.78360087492869,60,175
RSM00025913,"(3e+03,4e+03]",-60.1196663145745,58.8067266930028,87,3500
RSM00025913,"(1.5e+03,2e+03]",-16.7056841540384,22.8881557589074,63,1750
RSM00026075,"(500,1e+03]",-9.68310874432327,9.56677236785759,1319,750
RSM00026075,"(1e+03,1.5e+03]",-15.4697773708372,18.5103801054453,1315,1250
RSM00026075,"(2e+03,3e+03]",-35.2593518656833,44.0339139865456,1116,2500
RSM00026075,"(5e+03,6e+03]",-82.5062154934342,99.7805819328429,1367,5500
RSM00026075,"(1,100]",-5.01408772252207,4.46474370683985,541,50
RSM00026075,"(100,250]",-5.81761535709074,4.356242119991,362,175
RSM00026075,"(1.5e+03,2e+03]",-21.8517310971739,25.8289051872679,108,1750
RSM00026075,"(3e+03,4e+03]",-37.4504506065433,55.2865132029802,368,3500
RSM00026075,"(250,500]",-6.32217418484486,6.12632009787553,103,375
RSM00026075,"(4e+03,5e+03]",-23.7771916190096,80.8861574405785,70,4500
RSM00026298,"(250,500]",-0.903600638696133,6.59988671969366,334,375
RSM00026298,"(1e+03,1.5e+03]",-10.5430720175877,18.9622541181746,1405,1250
RSM00026298,"(2e+03,3e+03]",-31.1969416186907,47.7864361135038,1439,2500
RSM00026298,"(5e+03,6e+03]",-82.971949357839,106.16908434143,1355,5500
RSM00026298,"(500,1e+03]",-4.61158071645306,9.13915964659963,1178,750
RSM00026298,"(1,100]",-2.31377440266239,3.89997795972385,296,50
RSM00026298,"(100,250]",-3.46214109183566,5.01419771201444,33,175
RSM00026298,"(4e+03,5e+03]",-44.0647086666608,90.80980016064,155,4500
RSM00026298,"(1.5e+03,2e+03]",-16.3662331909406,29.9935112742954,35,1750
RSM00026298,"(3e+03,4e+03]",-34.3573057372916,60.7566779293745,119,3500
RSM00026477,"(500,1e+03]",-12.1133990442705,9.44990685522771,1367,750
RSM00026477,"(1e+03,1.5e+03]",-17.6975595259003,18.7068554712967,1380,1250
RSM00026477,"(2e+03,3e+03]",-35.9885874242893,42.7084219888276,1168,2500
RSM00026477,"(5e+03,6e+03]",-88.769417247889,100.543107855242,1427,5500
RSM00026477,"(1,100]",-7.68623911194182,4.06218012111153,583,50
RSM00026477,"(100,250]",-7.66088232605874,4.17399132505444,307,175
RSM00026477,"(250,500]",-7.11997700664651,5.20060491292865,101,375
RSM00026477,"(3e+03,4e+03]",-46.702894036475,62.0141676349511,365,3500
RSM00026477,"(1.5e+03,2e+03]",-21.2517686433913,32.1792832649535,89,1750
RSM00026477,"(4e+03,5e+03]",-15.1013250236536,73.3874025443614,57,4500
RSM00026708,"(1,100]",-0.220072309656586,4.80610598456184,467,50
RSM00026708,"(500,1e+03]",-4.97798307916208,8.14514593887054,1447,750
RSM00026708,"(1e+03,1.5e+03]",-8.27381469640185,13.7079234736072,1033,1250
RSM00026708,"(2e+03,3e+03]",-20.8558679474784,30.7600219951636,732,2500
RSM00026708,"(5e+03,6e+03]",-70.4988948027287,82.8603152997519,1456,5500
RSM00026708,"(100,250]",-1.32771492029438,4.33509256432556,768,175
RSM00026708,"(3e+03,4e+03]",-34.7822954386735,44.7997467953695,789,3500
RSM00026708,"(1.5e+03,2e+03]",-15.4599522428981,20.0739484696972,443,1750
RSM00026708,"(250,500]",-2.51813958568501,4.95443744886901,70,375
RSM00026781,"(250,500]",-6.52631566844666,4.47062220759035,425,375
RSM00026781,"(1e+03,1.5e+03]",-15.7117265668933,17.7653225943272,1468,1250
RSM00026781,"(2e+03,3e+03]",-35.4361553451523,46.1552140143427,1545,2500
RSM00026781,"(5e+03,6e+03]",-85.3011150580372,100.993880225404,1411,5500
RSM00026781,"(500,1e+03]",-9.80049174356421,8.18193220617964,1137,750
RSM00026781,"(1,100]",-5.81135328561518,2.94038490744153,111,50
RSM00026781,"(4e+03,5e+03]",-29.0536742128094,75.8693029786622,175,4500
RSM00026781,"(1.5e+03,2e+03]",-17.6404825210495,29.0004748085283,44,1750
RSM00026781,"(3e+03,4e+03]",-30.9705138344677,49.9196725932604,91,3500
RSM00027038,"(250,500]",-8.08258837216532,6.56611512791019,201,375
RSM00027038,"(1e+03,1.5e+03]",-19.1063511849217,20.5846664395991,1467,1250
RSM00027038,"(2e+03,3e+03]",-42.1496260734968,50.9504475049963,1376,2500
RSM00027038,"(5e+03,6e+03]",-99.5624212830224,112.827590999299,1419,5500
RSM00027038,"(500,1e+03]",-12.3110739318307,9.99210959961087,1323,750
RSM00027038,"(4e+03,5e+03]",-58.4291513084021,93.5002653158056,119,4500
RSM00027038,"(1,100]",-7.45984028449556,4.85391386448555,476,50
RSM00027038,"(100,250]",-7.73561231762362,4.68815915118321,165,175
RSM00027038,"(3e+03,4e+03]",-36.20374381639,64.5064623044325,204,3500
RSM00027038,"(1.5e+03,2e+03]",-15.6322310235143,31.2354548683666,34,1750
RSM00027199,"(500,1e+03]",-6.6987563264519,9.57207592189434,1257,750
RSM00027199,"(1e+03,1.5e+03]",-14.5013525101326,20.4767294360371,1462,1250
RSM00027199,"(2e+03,3e+03]",-41.3799639928103,52.7295359412092,1412,2500
RSM00027199,"(5e+03,6e+03]",-101.089727025481,116.955747477027,1380,5500
RSM00027199,"(250,500]",-2.5575815981238,6.39854003186657,252,375
RSM00027199,"(4e+03,5e+03]",-86.0860156922733,91.2853089628956,146,4500
RSM00027199,"(1,100]",-1.76475312126426,3.83494348251278,403,50
RSM00027199,"(100,250]",-2.83571341273706,3.47060539283673,107,175
RSM00027199,"(3e+03,4e+03]",-44.5392582862188,64.9577533143216,132,3500
RSM00027199,"(1.5e+03,2e+03]",-15.2236301540776,28.544819309174,34,1750
RSM00027594,"(500,1e+03]",-5.83266079430551,9.35768589320474,1325,750
RSM00027594,"(1e+03,1.5e+03]",-14.0284244837436,20.1465487641724,1382,1250
RSM00027594,"(2e+03,3e+03]",-41.3176856020493,52.4378097468788,1249,2500
RSM00027594,"(5e+03,6e+03]",-99.9433252762944,118.894035172508,1354,5500
RSM00027594,"(250,500]",-0.692873900639017,6.55153377291191,122,375
RSM00027594,"(4e+03,5e+03]",-69.3589817336211,85.6214724997127,99,4500
RSM00027594,"(1,100]",-0.561107610738571,3.86063720868505,497,50
RSM00027594,"(100,250]",-1.04946180270599,3.60664706056819,216,175
RSM00027594,"(3e+03,4e+03]",-35.8517126947556,63.3669874068875,248,3500
RSM00027594,"(1.5e+03,2e+03]",-22.7625751410995,31.6104100051726,50,1750
RSM00027707,"(500,1e+03]",-5.17863258458351,8.43455934978115,1054,750
RSM00027707,"(1e+03,1.5e+03]",-10.781709255091,18.0844474626662,1400,1250
RSM00027707,"(2e+03,3e+03]",-31.9773532571301,47.4540300062369,1486,2500
RSM00027707,"(5e+03,6e+03]",-88.0727745819993,103.58167601603,1368,5500
RSM00027707,"(250,500]",-2.62967754112423,4.95982706131196,443,375
RSM00027707,"(1,100]",-0.130056947442739,2.36178427179808,111,50
RSM00027707,"(4e+03,5e+03]",-28.4991882595721,72.7979390270045,123,4500
RSM00027707,"(100,250]",-1.35222630126786,3.1052465728554,30,175
RSM00027707,"(3e+03,4e+03]",-25.9249808296215,60.9044960397791,38,3500
RSM00027713,"(250,500]",-5.03948261176637,6.67546002301881,266,375
RSM00027713,"(1e+03,1.5e+03]",-13.7255995285904,18.3632674031127,1312,1250
RSM00027713,"(2e+03,3e+03]",-34.4735813693977,47.9717388965676,1301,2500
RSM00027713,"(5e+03,6e+03]",-90.1013217790766,106.343751619982,1254,5500
RSM00027713,"(500,1e+03]",-7.7229506880309,8.64284654619235,1117,750
RSM00027713,"(1,100]",-2.45073166331068,5.90985713735154,278,50
RSM00027713,"(4e+03,5e+03]",-29.6029411776778,78.1696630936181,84,4500
RSM00027713,"(3e+03,4e+03]",-35.1718245550546,62.4968313472846,70,3500
RSM00027730,"(500,1e+03]",-7.1411076541552,8.7103784400204,1337,750
RSM00027730,"(1e+03,1.5e+03]",-14.2050355887827,18.9602161095833,1465,1250
RSM00027730,"(2e+03,3e+03]",-36.1452171634388,49.275730562677,1408,2500
RSM00027730,"(5e+03,6e+03]",-88.1440872999304,111.437584970805,1450,5500
RSM00027730,"(250,500]",-3.63634629679574,7.00670241773043,177,375
RSM00027730,"(1,100]",-2.48205730213293,3.36428283938468,454,50
RSM00027730,"(100,250]",-3.15117458610092,3.07652672512324,105,175
RSM00027730,"(3e+03,4e+03]",-32.0482926741234,62.4911222194907,198,3500
RSM00027730,"(4e+03,5e+03]",-28.478872285633,77.2451470038533,135,4500
RSM00027730,"(1.5e+03,2e+03]",-15.2857808207441,27.8392293181413,50,1750
RSM00027962,"(500,1e+03]",-5.14285431273692,8.46105783233914,1334,750
RSM00027962,"(1e+03,1.5e+03]",-13.0149630210703,19.853683229555,1456,1250
RSM00027962,"(2e+03,3e+03]",-38.4794761299728,53.2851883629456,1383,2500
RSM00027962,"(5e+03,6e+03]",-96.1182303841427,120.43166239442,1430,5500
RSM00027962,"(250,500]",-1.07202696018584,5.6654496140867,176,375
RSM00027962,"(1,100]",-0.414530054503875,3.15226596783584,374,50
RSM00027962,"(100,250]",-0.50082258048837,3.49338875668743,96,175
RSM00027962,"(3e+03,4e+03]",-35.2147140621493,66.3114620577077,163,3500
RSM00027962,"(4e+03,5e+03]",-41.2497015114996,72.3370646595198,98,4500
RSM00027962,"(1.5e+03,2e+03]",-10.7184192968678,29.1422880875878,37,1750
RSM00027995,"(1,100]",-0.685665617637946,4.63064606507787,595,50
RSM00027995,"(500,1e+03]",-7.9055380786966,11.155837608047,1461,750
RSM00027995,"(1e+03,1.5e+03]",-15.6442488503209,21.4020238184448,1219,1250
RSM00027995,"(2e+03,3e+03]",-45.3915269685975,53.7651036144052,873,2500
RSM00027995,"(5e+03,6e+03]",-104.058195815721,136.263672791325,1501,5500
RSM00027995,"(100,250]",-1.72452025219482,4.14027739812595,617,175
RSM00027995,"(250,500]",-3.55565861353346,5.73214598278639,107,375
RSM00027995,"(1.5e+03,2e+03]",-27.9274342122438,34.4728794640122,296,1750
RSM00027995,"(3e+03,4e+03]",-48.2725481666325,75.5328001259957,685,3500
RSM00027995,"(4e+03,5e+03]",-73.0288088753897,98.0435992685283,70,4500
RSM00028225,"(1,100]",-0.375059329080261,2.74883395906275,359,50
RSM00028225,"(500,1e+03]",-5.34806319388188,8.71560399649886,1238,750
RSM00028225,"(1e+03,1.5e+03]",-12.6777455078427,19.3468333112012,1468,1250
RSM00028225,"(2e+03,3e+03]",-39.9451893376906,50.969634993324,1428,2500
RSM00028225,"(5e+03,6e+03]",-100.708670191138,113.65697617898,1345,5500
RSM00028225,"(250,500]",-2.07501899503535,4.73435891849512,281,375
RSM00028225,"(4e+03,5e+03]",-76.5811929415844,93.1597817785292,166,4500
RSM00028225,"(100,250]",-1.6724375631383,2.75769099526947,90,175
RSM00028225,"(3e+03,4e+03]",-37.4542321445486,58.2164355971092,110,3500
RSM00028225,"(1.5e+03,2e+03]",-18.5927830366843,25.3712354202351,34,1750
RSM00028275,"(100,250]",2.90750211390774,4.94720261381997,494,175
RSM00028275,"(500,1e+03]",-3.11267289979473,11.0521709064344,1468,750
RSM00028275,"(1e+03,1.5e+03]",-12.5658971563047,21.9791794890395,1407,1250
RSM00028275,"(2e+03,3e+03]",-45.1875444967172,56.8449853888816,1200,2500
RSM00028275,"(5e+03,6e+03]",-116.79834503497,125.314559106185,1452,5500
RSM00028275,"(1,100]",4.52979603607735,4.7337603997611,606,50
RSM00028275,"(4e+03,5e+03]",-90.7628025610705,89.9745861990699,78,4500
RSM00028275,"(3e+03,4e+03]",-52.5158213664044,68.2473708244804,368,3500
RSM00028275,"(1.5e+03,2e+03]",-29.5348305275202,34.1345531894143,124,1750
RSM00028275,"(250,500]",0.487392548078476,6.8768953906246,74,375
RSM00028445,"(250,500]",-0.519001168727832,6.46820137243638,849,375
RSM00028445,"(1e+03,1.5e+03]",-10.4498775209742,19.8592619251871,1295,1250
RSM00028445,"(2e+03,3e+03]",-36.5234266376788,53.5367094319863,1417,2500
RSM00028445,"(5e+03,6e+03]",-92.469237145127,119.688056241192,1198,5500
RSM00028445,"(500,1e+03]",-4.3441645502703,9.74950706547271,665,750
RSM00028445,"(4e+03,5e+03]",-87.6671956009508,100.510245360983,231,4500
RSM00028445,"(1,100]",0.669704413744627,3.77245207478985,51,50
RSM00028445,"(100,250]",1.8838380564447,4.80035758421298,39,175
RSM00028445,"(3e+03,4e+03]",-19.8939538170217,79.458677674642,47,3500
RSM00028445,"(1.5e+03,2e+03]",-12.0381604626368,28.7451732106353,31,1750
RSM00028661,"(100,250]",-2.50307728044555,4.0918089691028,479,175
RSM00028661,"(500,1e+03]",-9.06575414370816,11.1794370977094,1448,750
RSM00028661,"(1e+03,1.5e+03]",-18.188299365103,22.9280159221387,1388,1250
RSM00028661,"(2e+03,3e+03]",-48.5146376685877,58.3882065058955,1175,2500
RSM00028661,"(5e+03,6e+03]",-113.736574603303,131.400401971002,1443,5500
RSM00028661,"(250,500]",-2.40706141299414,17.1292243542255,67,375
RSM00028661,"(1,100]",-1.41842978533531,4.20462466646069,574,50
RSM00028661,"(4e+03,5e+03]",-71.4629016151868,107.607477763007,85,4500
RSM00028661,"(1.5e+03,2e+03]",-30.6060341722694,36.2005039816493,148,1750
RSM00028661,"(3e+03,4e+03]",-50.2660616581829,75.4261410352971,402,3500
RSM00028695,"(100,250]",-3.20120516432034,3.80516068229857,383,175
RSM00028695,"(500,1e+03]",-10.8159233541763,12.4552612718835,1445,750
RSM00028695,"(1e+03,1.5e+03]",-22.5806244313918,25.5636761242392,1423,1250
RSM00028695,"(2e+03,3e+03]",-59.0432714601863,64.8116476814572,1287,2500
RSM00028695,"(5e+03,6e+03]",-133.821439848895,142.363416711151,1448,5500
RSM00028695,"(1,100]",-1.96258314831401,4.35498850720222,561,50
RSM00028695,"(250,500]",-4.71847662668641,5.92706489794573,64,375
RSM00028695,"(4e+03,5e+03]",-90.9664096177207,92.3520358533795,47,4500
RSM00028695,"(1.5e+03,2e+03]",-38.2175677667353,44.8483374074505,75,1750
RSM00028695,"(3e+03,4e+03]",-60.3658909070147,84.4125778542644,252,3500
RSM00028722,"(1,100]",-1.40103808758742,3.79577192265684,545,50
RSM00028722,"(500,1e+03]",-7.40224752138649,10.2098961650723,1323,750
RSM00028722,"(1e+03,1.5e+03]",-16.2066418751892,22.1045069225017,1319,1250
RSM00028722,"(2e+03,3e+03]",-46.5494843431222,56.4139498327433,1149,2500
RSM00028722,"(5e+03,6e+03]",-109.786524034075,129.574537390222,1372,5500
RSM00028722,"(250,500]",-2.08923765072549,5.76940845798418,115,375
RSM00028722,"(4e+03,5e+03]",-63.4643373871389,103.231651785173,96,4500
RSM00028722,"(100,250]",-1.75934373470318,3.57118764715806,312,175
RSM00028722,"(1.5e+03,2e+03]",-25.3199808271073,33.9952727427423,96,1750
RSM00028722,"(3e+03,4e+03]",-41.5320264390247,73.7392372801057,296,3500
RSM00029231,"(100,250]",-3.61096910973498,5.70036501110777,377,175
RSM00029231,"(500,1e+03]",-7.35704876731663,12.7524999898685,1313,750
RSM00029231,"(1e+03,1.5e+03]",-16.3238552906328,23.6645670468725,1311,1250
RSM00029231,"(2e+03,3e+03]",-47.3121731245056,59.4913997439569,1102,2500
RSM00029231,"(5e+03,6e+03]",-116.852855176722,134.204669859829,998,5500
RSM00029231,"(1,100]",-3.13467256891284,5.19897602331394,523,50
RSM00029231,"(250,500]",-3.37596465626627,8.29802802306155,73,375
RSM00029231,"(4e+03,5e+03]",-57.3768308369229,85.0591329945806,91,4500
RSM00029231,"(1.5e+03,2e+03]",-23.1796221300646,34.7931241254562,71,1750
RSM00029231,"(3e+03,4e+03]",-41.9512482245441,68.145577651255,142,3500
RSM00029263,"(100,250]",-6.03249286151445,4.69848314659845,427,175
RSM00029263,"(500,1e+03]",-9.40193167964117,10.1019363392663,1420,750
RSM00029263,"(1e+03,1.5e+03]",-18.5653599504381,22.2669304310474,1410,1250
RSM00029263,"(2e+03,3e+03]",-49.4677896787257,60.575367086917,1317,2500
RSM00029263,"(5e+03,6e+03]",-115.168833975703,132.756262302598,1414,5500
RSM00029263,"(1,100]",-5.33579565942612,4.723815430906,504,50
RSM00029263,"(4e+03,5e+03]",-40.4694316140919,85.9028604320049,81,4500
RSM00029263,"(250,500]",-7.51016636700397,5.28446250983116,73,375
RSM00029263,"(1.5e+03,2e+03]",-34.3188195971327,39.3089582584528,35,1750
RSM00029263,"(3e+03,4e+03]",-41.6516994728458,58.7003774174593,174,3500
RSM00029282,"(100,250]",-4.41707901113504,3.46650990164684,208,175
RSM00029282,"(500,1e+03]",-7.45821578365583,9.00753146380292,1406,750
RSM00029282,"(1e+03,1.5e+03]",-16.505319504307,22.6194804519357,1438,1250
RSM00029282,"(2e+03,3e+03]",-42.8909287240081,62.8865583625607,1452,2500
RSM00029282,"(5e+03,6e+03]",-100.806939947649,137.502062170445,1375,5500
RSM00029282,"(1,100]",-2.44984907659779,3.17315820845837,437,50
RSM00029282,"(4e+03,5e+03]",-63.4618665052233,117.941106758037,120,4500
RSM00029282,"(250,500]",-2.47915712130924,6.41414897923969,54,375
RSM00029282,"(3e+03,4e+03]",-23.1519190669061,32.5776335151012,40,3500
RSM00029572,"(1,100]",-0.39808578713935,4.19038666565825,260,50
RSM00029572,"(500,1e+03]",-5.59134214008212,9.28918075095528,1252,750
RSM00029572,"(1e+03,1.5e+03]",-13.213457584602,21.6425833026412,1453,1250
RSM00029572,"(2e+03,3e+03]",-35.8678101288081,57.789034345916,1464,2500
RSM00029572,"(5e+03,6e+03]",-84.1894077993992,124.269135496207,1358,5500
RSM00029572,"(250,500]",-1.79820831711409,7.45931947701886,216,375
RSM00029572,"(4e+03,5e+03]",-48.1632089227305,107.713625209228,165,4500
RSM00029572,"(100,250]",-0.929368671897479,3.9406512247979,94,175
RSM00029572,"(1.5e+03,2e+03]",-6.01001398051707,13.8444794351042,38,1750
RSM00029572,"(3e+03,4e+03]",-15.8713725014029,28.1720917298259,68,3500
RSM00029612,"(1,100]",-0.940981567653571,2.81545603090632,562,50
RSM00029612,"(500,1e+03]",-9.12460003927679,10.6047296425345,1457,750
RSM00029612,"(1e+03,1.5e+03]",-20.7028188191466,23.7540792316595,1479,1250
RSM00029612,"(2e+03,3e+03]",-55.7748666161889,60.0926403006163,1424,2500
RSM00029612,"(5e+03,6e+03]",-130.879268612595,132.13450871691,1432,5500
RSM00029612,"(100,250]",-2.45659191414283,3.28563755819382,261,175
RSM00029612,"(250,500]",-3.34297626769273,3.896166558337,72,375
RSM00029612,"(4e+03,5e+03]",-82.7518896213137,108.503341469295,78,4500
RSM00029612,"(3e+03,4e+03]",-58.4806068049039,83.6011553957523,125,3500
RSM00029612,"(1.5e+03,2e+03]",-30.4012955944214,36.6427515530401,43,1750
RSM00029634,"(1,100]",0.160487638579148,4.43478810629836,505,50
RSM00029634,"(500,1e+03]",-5.3415119939997,10.8867109984125,1433,750
RSM00029634,"(1e+03,1.5e+03]",-15.7294650794048,23.3298154609505,1469,1250
RSM00029634,"(2e+03,3e+03]",-45.4057984116987,58.5892044292417,1457,2500
RSM00029634,"(5e+03,6e+03]",-108.293935578322,126.412903697139,1445,5500
RSM00029634,"(100,250]",-1.06191677632692,4.94766508663315,195,175
RSM00029634,"(250,500]",1.46041593187147,11.2075739212939,52,375
RSM00029634,"(4e+03,5e+03]",-98.3112800068376,101.972104435508,51,4500
RSM00029634,"(3e+03,4e+03]",-52.0352331015025,84.7922028277747,54,3500
RSM00029698,"(250,500]",-0.699856610067118,6.65270992290434,1344,375
RSM00029698,"(1e+03,1.5e+03]",-12.4382469913842,17.3794367924945,1208,1250
RSM00029698,"(2e+03,3e+03]",-37.1347686657938,51.8677256283076,1466,2500
RSM00029698,"(5e+03,6e+03]",-83.5111402524013,112.037747300872,960,5500
RSM00029698,"(4e+03,5e+03]",-101.460885205977,126.232765672925,518,4500
RSM00029698,"(500,1e+03]",-4.87147605869072,13.4136463263857,325,750
RSM00029698,"(100,250]",2.38764063715292,7.86568176292434,58,175
RSM00029698,"(3e+03,4e+03]",-14.5880342071025,27.4698719196702,52,3500
RSM00029698,"(1.5e+03,2e+03]",-7.15091417797603,17.4151486570947,32,1750
RSM00029839,"(100,250]",-6.29963552809432,5.52969597488353,245,175
RSM00029839,"(500,1e+03]",-11.0242257325783,12.5230014085037,1310,750
RSM00029839,"(1e+03,1.5e+03]",-21.7859056612546,28.3386006563015,1311,1250
RSM00029839,"(2e+03,3e+03]",-55.7971335811471,64.3878828586984,1233,2500
RSM00029839,"(5e+03,6e+03]",-127.060250810124,136.788896841146,1208,5500
RSM00029839,"(1,100]",-4.21079017296906,4.45972349647249,481,50
RSM00029839,"(4e+03,5e+03]",-71.7954859393332,93.4081035103892,64,4500
RSM00029839,"(250,500]",-6.33577379818891,7.42933165212334,35,375
RSM00029839,"(3e+03,4e+03]",-60.8776489623216,75.208578296527,78,3500
RSM00029862,"(1,100]",-0.740395403204393,4.7324556356424,164,50
RSM00029862,"(500,1e+03]",-4.47285853196602,8.47068969959618,988,750
RSM00029862,"(1e+03,1.5e+03]",-14.7259760899644,20.5335404527695,1477,1250
RSM00029862,"(2e+03,3e+03]",-43.6813656456847,63.9378005007989,1479,2500
RSM00029862,"(5e+03,6e+03]",-101.137428687468,146.240016087239,1331,5500
RSM00029862,"(250,500]",-1.6043844024974,7.29149675789015,513,375
RSM00029862,"(4e+03,5e+03]",-51.2297889585186,108.917855614141,138,4500
RSM00029862,"(100,250]",-0.6953727012662,3.98465438623533,36,175
RSM00029862,"(1.5e+03,2e+03]",-11.4035284667572,23.5237609680735,37,1750
RSM00029862,"(3e+03,4e+03]",-22.9739833073085,49.2362467760988,57,3500
RSM00030054,"(100,250]",-2.60321384730928,3.19335933325676,87,175
RSM00030054,"(500,1e+03]",-4.74958512432795,7.56596237514799,1189,750
RSM00030054,"(1e+03,1.5e+03]",-12.4401744030318,18.1946759145923,1432,1250
RSM00030054,"(2e+03,3e+03]",-36.8040480927488,55.4438347654223,1462,2500
RSM00030054,"(5e+03,6e+03]",-81.8446435004405,125.122689897429,1187,5500
RSM00030054,"(1,100]",-2.39189220351036,3.71073978822889,244,50
RSM00030054,"(4e+03,5e+03]",-127.233633794652,139.579821326398,299,4500
RSM00030054,"(250,500]",-1.51240761992021,6.5764285178376,266,375
RSM00030054,"(1.5e+03,2e+03]",-6.47438392020087,19.6397857207688,34,1750
RSM00030054,"(3e+03,4e+03]",-14.1473982220682,47.4087825823626,70,3500
RSM00030230,"(500,1e+03]",-6.85555439025695,7.5586067138206,693,750
RSM00030230,"(1e+03,1.5e+03]",-15.4348996303588,17.6796722122357,1248,1250
RSM00030230,"(2e+03,3e+03]",-41.4267462125543,56.1706198170776,1293,2500
RSM00030230,"(5e+03,6e+03]",-92.9915919740082,129.307995714237,1057,5500
RSM00030230,"(4e+03,5e+03]",-102.303835942872,133.96191573735,267,4500
RSM00030230,"(250,500]",-4.10039942070152,6.28233714561102,623,375
RSM00030230,"(1,100]",-2.05722061839939,4.1700236389417,127,50
RSM00030230,"(100,250]",-1.78284765382971,4.2223275859062,33,175
RSM00030230,"(3e+03,4e+03]",-8.45921377552286,40.2542217754784,57,3500
RSM00030309,"(500,1e+03]",-13.3212516051993,15.4209440574056,285,750
RSM00030309,"(1e+03,1.5e+03]",-21.1640555983083,19.2794641940571,766,1250
RSM00030309,"(250,500]",-8.21220537141963,7.49302238080921,908,375
RSM00030309,"(2e+03,3e+03]",-48.28355138428,53.679957607841,989,2500
RSM00030309,"(4e+03,5e+03]",-125.974838292558,132.526175473699,385,4500
RSM00030309,"(5e+03,6e+03]",-96.9224834892988,106.585326330766,589,5500
RSM00030309,"(100,250]",-4.5748580134816,7.7777929433897,42,175
RSM00030372,"(100,250]",0.579061069875218,4.02682140469534,145,175
RSM00030372,"(500,1e+03]",-2.88660177762296,7.85504307888582,884,750
RSM00030372,"(2e+03,3e+03]",-25.6379252443258,27.9870725251866,898,2500
RSM00030372,"(4e+03,5e+03]",-71.8368713068664,86.2278706121885,790,4500
RSM00030372,"(1,100]",0.315877974781944,4.88182527982639,480,50
RSM00030372,"(5e+03,6e+03]",-113.977742740149,99.0539922063111,254,5500
RSM00030372,"(1.5e+03,2e+03]",-19.6692690447441,16.5267870704029,52,1750
RSM00030372,"(1e+03,1.5e+03]",-8.22094932823066,8.4503683712937,43,1250
RSM00030372,"(3e+03,4e+03]",-30.2857774489936,33.4329254581568,54,3500
RSM00030557,"(500,1e+03]",48.7566979480212,46.3758134232301,328,750
RSM00030557,"(1.5e+03,2e+03]",62.3099373122588,40.2103881826665,862,1750
RSM00030557,"(4e+03,5e+03]",14.8799844988952,91.8708374820248,1438,4500
RSM00030557,"(5e+03,6e+03]",-53.9726588969139,137.148675690548,678,5500
RSM00030557,"(250,500]",90.680765486853,21.0420798016684,1143,375
RSM00030557,"(3e+03,4e+03]",-5.10753514050177,37.960535608653,60,3500
RSM00030557,"(2e+03,3e+03]",54.3684134875624,46.4867359806478,637,2500
RSM00030557,"(1e+03,1.5e+03]",-0.571874845748118,9.13526937750889,37,1250
RSM00030635,"(250,500]",-0.936736301490104,6.91719097287897,1204,375
RSM00030635,"(1e+03,1.5e+03]",-11.8308891440921,15.1719448183295,674,1250
RSM00030635,"(2e+03,3e+03]",-41.2403282511973,42.1529751427856,1471,2500
RSM00030635,"(4e+03,5e+03]",-89.5597418530016,109.336117880273,685,4500
RSM00030635,"(500,1e+03]",-12.3176577094936,13.8282255380545,826,750
RSM00030635,"(100,250]",-1.98758766300539,6.45135586852478,244,175
RSM00030635,"(5e+03,6e+03]",-100.911960333121,78.0248976807456,792,5500
RSM00030635,"(3e+03,4e+03]",-37.6713603958343,59.9080679541345,71,3500
RSM00030635,"(1.5e+03,2e+03]",-16.2229552948493,27.3690216351501,36,1750
RSM00030673,"(100,250]",-75.0055679558289,4.51652490338878,874,175
RSM00030673,"(500,1e+03]",-86.4809481966148,15.2722000027235,1355,750
RSM00030673,"(2e+03,3e+03]",-118.550678257442,50.0226564188985,1337,2500
RSM00030673,"(4e+03,5e+03]",-195.960868651788,134.087270557502,1007,4500
RSM00030673,"(1,100]",-73.7772878285134,2.98448638288007,195,50
RSM00030673,"(5e+03,6e+03]",-179.052188100279,126.790741738806,430,5500
RSM00030673,"(250,500]",-77.7001863155563,4.56854082530552,50,375
RSM00030673,"(3e+03,4e+03]",-75.0255424281637,41.2154554790953,36,3500
RSM00030715,"(250,500]",-14.3190538375703,9.90093776021798,709,375
RSM00030715,"(1e+03,1.5e+03]",-30.8798682659038,23.3849313546357,631,1250
RSM00030715,"(2e+03,3e+03]",-68.7149034553891,64.1679899550418,793,2500
RSM00030715,"(4e+03,5e+03]",-169.907076183026,144.288683342208,344,4500
RSM00030715,"(500,1e+03]",-22.5031955111449,20.0549407588391,206,750
RSM00030715,"(100,250]",-9.38917086217391,11.7705244882984,34,175
RSM00030715,"(5e+03,6e+03]",-122.470079863749,132.63166885889,434,5500
RSM00030758,"(100,250]",-0.197264045307762,4.39871947084662,654,175
RSM00030758,"(500,1e+03]",-6.65727752673308,12.0437106081942,1486,750
RSM00030758,"(2e+03,3e+03]",-36.4217524801158,48.7665230364587,1499,2500
RSM00030758,"(4e+03,5e+03]",-106.609280332545,135.045218039729,1165,4500
RSM00030758,"(1,100]",0.705880401199498,5.03614410293796,676,50
RSM00030758,"(5e+03,6e+03]",-74.7872339695592,107.735540596636,424,5500
RSM00030758,"(250,500]",-1.43455643746795,5.42217876427411,33,375
RSM00030758,"(1e+03,1.5e+03]",-6.04243181548599,13.8007102930617,38,1250
RSM00030758,"(1.5e+03,2e+03]",-11.9696666056739,17.6491390332304,42,1750
RSM00030758,"(3e+03,4e+03]",-28.8718539074614,34.9144904372636,66,3500
RSM00030935,"(100,250]",0.376892719452145,4.66089574352482,207,175
RSM00030935,"(500,1e+03]",-5.91478914584171,11.0650017740961,1437,750
RSM00030935,"(2e+03,3e+03]",-34.4681030662284,45.9022718536478,1429,2500
RSM00030935,"(4e+03,5e+03]",-94.3910870699676,119.382132788857,1309,4500
RSM00030935,"(1,100]",1.08328533560948,4.87606370126438,595,50
RSM00030935,"(5e+03,6e+03]",-109.903088828255,124.051332550633,201,5500
RSM00030935,"(1.5e+03,2e+03]",-14.1288388488656,33.0883866916142,34,1750
RSM00030935,"(3e+03,4e+03]",-37.0884445296252,38.2648580176256,46,3500
RSM00030965,"(100,250]",-0.195769067471343,4.57099538042915,491,175
RSM00030965,"(500,1e+03]",-9.53351826906124,10.9713120499987,1274,750
RSM00030965,"(2e+03,3e+03]",-40.1472247878972,43.6176351480771,1290,2500
RSM00030965,"(4e+03,5e+03]",-115.694798000822,122.398464439298,981,4500
RSM00030965,"(1,100]",0.557974723913514,4.74074991969584,643,50
RSM00030965,"(5e+03,6e+03]",-80.4624478653299,101.548677886093,360,5500
RSM00030965,"(3e+03,4e+03]",-15.5684648399074,33.3234531159348,46,3500
RSM00031004,"(1,100]",-0.650730448379289,4.10668363174512,886,50
RSM00031004,"(500,1e+03]",-7.30195348993671,11.1586147923141,1491,750
RSM00031004,"(2e+03,3e+03]",-29.1580139059468,41.2578045262874,1491,2500
RSM00031004,"(4e+03,5e+03]",-97.0407183082911,112.195354653632,1324,4500
RSM00031004,"(5e+03,6e+03]",-162.178699273438,160.26401889123,547,5500
RSM00031004,"(100,250]",-1.55857914198541,3.93781905219164,376,175
RSM00031004,"(1.5e+03,2e+03]",-38.7898282559931,41.2933121090139,67,1750
RSM00031004,"(3e+03,4e+03]",-11.8820880694492,38.2120491646285,60,3500
RSM00031088,"(1,100]",-3.53680649967522,4.36639699694629,766,50
RSM00031088,"(500,1e+03]",-9.47016789642346,7.33588193949682,1512,750
RSM00031088,"(1e+03,1.5e+03]",-21.3322037352337,15.3849007915528,1454,1250
RSM00031088,"(2e+03,3e+03]",-53.6386167349658,39.2301682131115,1272,2500
RSM00031088,"(4e+03,5e+03]",-110.115786717359,82.4926263136083,136,4500
RSM00031088,"(5e+03,6e+03]",-133.141113416923,82.5803208338672,1450,5500
RSM00031088,"(100,250]",-3.96170584838396,3.59066434660015,520,175
RSM00031088,"(250,500]",-3.7921403743534,4.17595275442339,49,375
RSM00031088,"(1.5e+03,2e+03]",-21.3294021525644,16.0794276871205,74,1750
RSM00031088,"(3e+03,4e+03]",-65.127660782263,38.9776451999075,368,3500
RSM00031300,"(500,1e+03]",-6.29131997762859,6.80681090231863,486,750
RSM00031300,"(1e+03,1.5e+03]",-15.8042546772392,14.7375829417124,930,1250
RSM00031300,"(2e+03,3e+03]",-42.9082511879149,43.6183316768568,961,2500
RSM00031300,"(4e+03,5e+03]",-167.376552754314,115.081862905202,277,4500
RSM00031300,"(250,500]",-3.4823374746681,6.0000527898797,478,375
RSM00031300,"(5e+03,6e+03]",-73.2334056980438,84.9737842195868,689,5500
RSM00031300,"(1,100]",-0.793065362549211,2.92173635813155,39,50
RSM00031300,"(3e+03,4e+03]",-22.1368901909685,37.1076788318332,57,3500
RSM00031369,"(1,100]",-0.735204161772322,4.20659549502016,554,50
RSM00031369,"(500,1e+03]",-6.93112878545259,8.24420100449395,921,750
RSM00031369,"(1e+03,1.5e+03]",-18.3947380320803,16.6385467733007,912,1250
RSM00031369,"(2e+03,3e+03]",-52.4769083487081,41.2011977529016,845,2500
RSM00031369,"(4e+03,5e+03]",-150.153163106903,81.0208975722713,116,4500
RSM00031369,"(5e+03,6e+03]",-126.557520401371,86.7024564295226,831,5500
RSM00031369,"(100,250]",-1.57995699638217,3.7131384719883,153,175
RSM00031369,"(1.5e+03,2e+03]",-19.494583559225,20.1441924634207,32,1750
RSM00031369,"(3e+03,4e+03]",-62.1853700086135,36.992635052298,129,3500
RSM00031510,"(1,100]",0.472742796006629,3.74533771403291,176,50
RSM00031510,"(500,1e+03]",-6.645308819784,8.36626197149107,823,750
RSM00031510,"(1e+03,1.5e+03]",-18.1040382259113,18.4686152370602,932,1250
RSM00031510,"(2e+03,3e+03]",-51.6526102131535,49.8245417062629,935,2500
RSM00031510,"(4e+03,5e+03]",-171.410643847811,108.08647929703,144,4500
RSM00031510,"(5e+03,6e+03]",-110.839457650062,114.204386333301,818,5500
RSM00031510,"(250,500]",-2.15419999385967,5.82081887115184,117,375
RSM00031510,"(3e+03,4e+03]",-36.4034607214043,54.7500328386755,37,3500
RSM00031538,"(250,500]",-8.70607345060845,6.69379517644591,906,375
RSM00031538,"(500,1e+03]",-18.5487362807992,17.3226160151677,173,750
RSM00031538,"(2e+03,3e+03]",-52.2405378324247,45.6284607166879,960,2500
RSM00031538,"(4e+03,5e+03]",-167.729257872853,130.7579473043,409,4500
RSM00031538,"(1e+03,1.5e+03]",-20.7396560817537,15.2008299668902,798,1250
RSM00031538,"(5e+03,6e+03]",-84.271077756784,70.2953649573148,583,5500
RSM00031538,"(3e+03,4e+03]",-35.0112137968495,38.005160874416,64,3500
RSM00031736,"(1,100]",0.854190494030796,4.08837495364932,510,50
RSM00031736,"(500,1e+03]",-7.0928316020685,8.56240894218699,936,750
RSM00031736,"(1e+03,1.5e+03]",-19.0865929273855,17.130600854149,943,1250
RSM00031736,"(2e+03,3e+03]",-50.6979955857524,46.6205963918059,871,2500
RSM00031736,"(4e+03,5e+03]",-129.696295297715,106.553393402765,103,4500
RSM00031736,"(5e+03,6e+03]",-115.007275868396,102.676517905597,889,5500
RSM00031736,"(100,250]",-1.70035665191885,3.47917648615463,121,175
RSM00031736,"(3e+03,4e+03]",-51.8596472837302,33.9616325859628,137,3500
RSM00031770,"(1,100]",-3.20398898139613,4.34008837339391,473,50
RSM00031770,"(500,1e+03]",-7.58904984733795,7.71005899626989,903,750
RSM00031770,"(1e+03,1.5e+03]",-15.7953707724476,15.1232219968724,876,1250
RSM00031770,"(2e+03,3e+03]",-36.2048021065952,31.7486857084624,717,2500
RSM00031770,"(4e+03,5e+03]",-82.2788305947176,56.9423026741136,51,4500
RSM00031770,"(5e+03,6e+03]",-106.138056718199,71.3848413739185,859,5500
RSM00031770,"(100,250]",-3.23118851595315,3.79633918037404,335,175
RSM00031770,"(3e+03,4e+03]",-63.672620857502,32.0305374658989,222,3500
RSM00031770,"(1.5e+03,2e+03]",-18.4734089755892,14.7772227619149,40,1750
RSM00031873,"(1,100]",-0.10603394808259,6.24486293140171,675,50
RSM00031873,"(500,1e+03]",-6.24020490478097,8.20949856561924,1447,750
RSM00031873,"(1e+03,1.5e+03]",-14.8705386516222,15.4286690178047,1444,1250
RSM00031873,"(2e+03,3e+03]",-40.5958073552221,41.590975872065,1355,2500
RSM00031873,"(4e+03,5e+03]",-75.0332294353861,85.8914085009973,114,4500
RSM00031873,"(5e+03,6e+03]",-106.895432935306,95.2812191742622,1391,5500
RSM00031873,"(100,250]",-1.79840920759913,4.20984962701716,168,175
RSM00031873,"(3e+03,4e+03]",-40.5832673042675,31.2611389448569,190,3500
RSM00031977,"(100,250]",-11.4468981672442,5.22830812871322,370,175
RSM00031977,"(500,1e+03]",-15.9261677209407,8.1130394514184,1423,750
RSM00031977,"(1e+03,1.5e+03]",-25.7266133267952,15.4078805328886,1403,1250
RSM00031977,"(2e+03,3e+03]",-52.248831477947,36.1618662051282,1102,2500
RSM00031977,"(5e+03,6e+03]",-132.97772011641,74.2008557941034,1388,5500
RSM00031977,"(1,100]",-9.98688424343491,7.03082989928166,658,50
RSM00031977,"(4e+03,5e+03]",-99.9037791844056,56.8187420309335,58,4500
RSM00031977,"(3e+03,4e+03]",-72.8111101698753,30.0605418336489,382,3500
RSM00031977,"(1.5e+03,2e+03]",-28.4190056577505,13.7238772768337,43,1750
RSM00032061,"(1,100]",-0.789975135641398,3.83378711958693,762,50
RSM00032061,"(500,1e+03]",-5.93632920368864,6.90024609495452,1283,750
RSM00032061,"(1e+03,1.5e+03]",-13.3492777416659,14.0645336194628,1276,1250
RSM00032061,"(2e+03,3e+03]",-34.0991210984846,33.8380220214033,1104,2500
RSM00032061,"(4e+03,5e+03]",-75.5881842758381,63.0017296167159,115,4500
RSM00032061,"(5e+03,6e+03]",-101.662933355834,70.9847350340924,1203,5500
RSM00032061,"(100,250]",-1.53149797098484,3.81512963259772,330,175
RSM00032061,"(3e+03,4e+03]",-58.4056910673186,28.6784972218654,279,3500
RSM00032061,"(1.5e+03,2e+03]",-15.8917187667884,14.9963668212364,32,1750
RSM00032098,"(1,100]",-1.21694333844382,4.07959474078609,527,50
RSM00032098,"(500,1e+03]",-6.65130769858451,8.4564733797959,1163,750
RSM00032098,"(1e+03,1.5e+03]",-15.692045270234,16.5804051197368,1111,1250
RSM00032098,"(2e+03,3e+03]",-42.3497011868363,40.4256788557318,904,2500
RSM00032098,"(4e+03,5e+03]",-67.4315018831305,59.5360314671545,63,4500
RSM00032098,"(5e+03,6e+03]",-114.371337734364,84.7835911511261,1121,5500
RSM00032098,"(100,250]",-1.63002009071158,3.66925875305029,523,175
RSM00032098,"(250,500]",-1.74503392147467,6.13226312482075,33,375
RSM00032098,"(3e+03,4e+03]",-55.6299160038631,32.1911483175162,318,3500
RSM00032098,"(1.5e+03,2e+03]",-17.0900177370122,14.9991130427872,81,1750
RSM00032150,"(1,100]",-1.76194857965398,3.91275281921201,636,50
RSM00032150,"(500,1e+03]",-5.83917210388216,7.60525828741144,1300,750
RSM00032150,"(1e+03,1.5e+03]",-14.4066658629623,14.5200719586966,1252,1250
RSM00032150,"(2e+03,3e+03]",-39.0144888494544,34.5588123184358,997,2500
RSM00032150,"(5e+03,6e+03]",-115.313518923943,80.1931228541663,1261,5500
RSM00032150,"(4e+03,5e+03]",-76.9422649870697,54.5665938625363,73,4500
RSM00032150,"(100,250]",-1.9811169311914,3.79756553877371,492,175
RSM00032150,"(250,500]",-1.99599368165625,4.46844040678274,39,375
RSM00032150,"(3e+03,4e+03]",-62.2250476849199,34.0858249104885,386,3500
RSM00032150,"(1.5e+03,2e+03]",-22.5422193303409,15.6568730552307,85,1750
RSM00032215,"(500,1e+03]",-3.8689108658501,7.58146040658067,1217,750
RSM00032215,"(1e+03,1.5e+03]",-9.92587533899842,15.5528496264687,1213,1250
RSM00032215,"(2e+03,3e+03]",-21.5792770718788,36.2906035339209,1006,2500
RSM00032215,"(5e+03,6e+03]",-97.6704354981551,96.9906699799226,1211,5500
RSM00032215,"(250,500]",-1.07892514767145,6.44263808424398,80,375
RSM00032215,"(4e+03,5e+03]",-42.1911907899762,92.6516007498037,93,4500
RSM00032215,"(1,100]",-0.0604734392744874,4.54471508297089,570,50
RSM00032215,"(100,250]",-0.400182540944871,3.93665757946161,329,175
RSM00032215,"(3e+03,4e+03]",-86.0124583055823,32.212692921692,303,3500
RSM00032215,"(1.5e+03,2e+03]",-21.6026012999304,17.344755764355,74,1750
RSM00032389,"(1,100]",-16.7309229250414,4.00351084550955,645,50
RSM00032389,"(500,1e+03]",-19.6140559628246,7.80382110876325,1394,750
RSM00032389,"(1e+03,1.5e+03]",-26.1055421698616,16.5866773009528,1455,1250
RSM00032389,"(2e+03,3e+03]",-50.1156619061638,43.0119094379731,1343,2500
RSM00032389,"(5e+03,6e+03]",-105.434879476975,88.5733771947695,1421,5500
RSM00032389,"(4e+03,5e+03]",-91.8891406389683,89.6369393913301,146,4500
RSM00032389,"(250,500]",-17.146579209372,6.47982217182412,108,375
RSM00032389,"(100,250]",-17.2430568858376,4.03633407013804,280,175
RSM00032389,"(1.5e+03,2e+03]",-24.8142816343428,17.9614775032228,78,1750
RSM00032389,"(3e+03,4e+03]",-46.6959719069764,36.6584282142705,244,3500
RSM00032477,"(1,100]",-0.198606853598306,4.33784093700132,575,50
RSM00032477,"(500,1e+03]",-4.2805570437862,7.46325571785293,1190,750
RSM00032477,"(1e+03,1.5e+03]",-12.4778509725253,15.1679679804216,1230,1250
RSM00032477,"(2e+03,3e+03]",-34.0372436392074,35.9059067548318,1088,2500
RSM00032477,"(5e+03,6e+03]",-98.8938106287007,76.4420005077941,1210,5500
RSM00032477,"(250,500]",-2.81564024873248,7.78000372803028,86,375
RSM00032477,"(4e+03,5e+03]",-66.7056758609059,85.7888898350974,87,4500
RSM00032477,"(100,250]",-0.6961014624538,4.19022705795476,286,175
RSM00032477,"(1.5e+03,2e+03]",-16.4028768471701,14.360435815122,63,1750
RSM00032477,"(3e+03,4e+03]",-60.3573814955814,30.6170395018659,232,3500
RSM00032540,"(500,1e+03]",-9.78720437213429,7.67242723897882,1270,750
RSM00032540,"(1e+03,1.5e+03]",-17.0565216677127,15.0042795360781,1428,1250
RSM00032540,"(2e+03,3e+03]",-40.6458264236808,34.7784190860566,1419,2500
RSM00032540,"(5e+03,6e+03]",-106.205130650008,75.8649048019758,1286,5500
RSM00032540,"(250,500]",-8.6535784894514,7.79070153394166,210,375
RSM00032540,"(4e+03,5e+03]",-77.4227968740406,67.0447000466191,230,4500
RSM00032540,"(1,100]",-5.85684948780026,4.41305144384983,498,50
RSM00032540,"(100,250]",-5.29375753595994,4.61946786388927,100,175
RSM00032540,"(3e+03,4e+03]",-62.455346399557,32.2108922946662,131,3500
RSM00032540,"(1.5e+03,2e+03]",-18.8045631884977,12.9223492574971,46,1750
RSM00032618,"(1,100]",-0.742306889996716,5.41649129399156,554,50
RSM00032618,"(500,1e+03]",-2.55325248466202,8.03288590885031,1316,750
RSM00032618,"(1e+03,1.5e+03]",-5.15569806755498,16.0787908864798,1311,1250
RSM00032618,"(2e+03,3e+03]",-12.0625405521641,36.5684409697543,1161,2500
RSM00032618,"(5e+03,6e+03]",-65.6614279908551,97.6092056074816,1343,5500
RSM00032618,"(4e+03,5e+03]",-17.7103165079943,89.4453339819863,98,4500
RSM00032618,"(250,500]",-1.37340824083826,7.59491546567519,123,375
RSM00032618,"(100,250]",-0.908506383055197,4.4425220530772,389,175
RSM00032618,"(1.5e+03,2e+03]",-20.3922469514461,20.2389379955261,103,1750
RSM00032618,"(3e+03,4e+03]",-71.5628520373855,37.8976233415448,288,3500
RSM00034009,"(500,1e+03]",-3.90235384939732,9.02004899373363,1011,750
RSM00034009,"(1e+03,1.5e+03]",-9.81455088823741,19.5669607449551,1387,1250
RSM00034009,"(2e+03,3e+03]",-31.7143156734384,50.3950470450099,1393,2500
RSM00034009,"(5e+03,6e+03]",-86.0435013125363,108.002193916642,1278,5500
RSM00034009,"(250,500]",-1.34300940128746,7.03103485000544,456,375
RSM00034009,"(1,100]",-0.651926147546378,3.73718761341613,67,50
RSM00034009,"(4e+03,5e+03]",-30.9254417237542,68.9821605975695,111,4500
RSM00034009,"(1.5e+03,2e+03]",-4.48286085800663,29.9437402083466,42,1750
RSM00034009,"(3e+03,4e+03]",-27.2691895950366,51.5343437422827,58,3500
RSM00034122,"(1,100]",-4.18895382460411,4.80709703026031,656,50
RSM00034122,"(500,1e+03]",-8.99397341604353,9.22766248807853,1387,750
RSM00034122,"(1e+03,1.5e+03]",-16.2696484508795,19.594798142877,1369,1250
RSM00034122,"(2e+03,3e+03]",-39.7768718692137,47.8116319183468,1084,2500
RSM00034122,"(5e+03,6e+03]",-86.2571921537902,111.293423430731,1371,5500
RSM00034122,"(100,250]",-4.49413196007074,2.67169034906178,254,175
RSM00034122,"(3e+03,4e+03]",-32.7710071736409,61.2301157337614,387,3500
RSM00034122,"(1.5e+03,2e+03]",-13.5698583684106,27.4667655603252,68,1750
RSM00034122,"(250,500]",-4.16114917539146,13.6599621263224,47,375
RSM00034122,"(4e+03,5e+03]",-52.4903249138091,66.4019081630718,63,4500
RSM00034172,"(500,1e+03]",-10.25066155804,9.60436023874521,1274,750
RSM00034172,"(1e+03,1.5e+03]",-18.8055667482014,21.714183604749,1370,1250
RSM00034172,"(2e+03,3e+03]",-45.4536433277308,57.6303953860181,1278,2500
RSM00034172,"(5e+03,6e+03]",-99.1401815685059,127.939270850645,1345,5500
RSM00034172,"(250,500]",-5.39184986067524,6.79662521022767,107,375
RSM00034172,"(1,100]",-5.06358363751927,3.87600593644421,345,50
RSM00034172,"(100,250]",-5.65174821704187,3.52183788808861,112,175
RSM00034172,"(3e+03,4e+03]",-28.9643999792607,66.6804141196802,126,3500
RSM00034172,"(4e+03,5e+03]",-20.9305728021768,61.128325932825,59,4500
RSM00034247,"(100,250]",-2.09239091964126,3.22461665231139,330,175
RSM00034247,"(500,1e+03]",-6.10454801025983,8.77074569263629,1454,750
RSM00034247,"(1e+03,1.5e+03]",-13.267724111018,19.9720646942681,1421,1250
RSM00034247,"(2e+03,3e+03]",-36.4250763016151,48.3438594002623,1082,2500
RSM00034247,"(5e+03,6e+03]",-79.7500836792232,116.73638401817,1479,5500
RSM00034247,"(1,100]",-2.18668948219057,3.38881359669461,731,50
RSM00034247,"(3e+03,4e+03]",-26.4181832278537,63.9936016501914,512,3500
RSM00034247,"(1.5e+03,2e+03]",-13.1900177519515,28.9072845481763,84,1750
RSM00034247,"(250,500]",-2.6836582758769,5.41232255735426,40,375
RSM00034247,"(4e+03,5e+03]",-51.8004365546516,72.3003467918277,90,4500
RSM00034858,"(100,250]",-0.574562660726009,3.65835367099836,247,175
RSM00034858,"(500,1e+03]",-5.75269789102301,9.08109388337093,1274,750
RSM00034858,"(1e+03,1.5e+03]",-13.6232744971635,20.056059459194,1272,1250
RSM00034858,"(3e+03,4e+03]",-27.2364108032589,57.8292781659744,569,3500
RSM00034858,"(5e+03,6e+03]",-81.0746785432284,110.512103221345,1267,5500
RSM00034858,"(1,100]",-0.854105356873114,3.76345512324772,767,50
RSM00034858,"(2e+03,3e+03]",-41.4242585650511,46.5036519815371,791,2500
RSM00034858,"(1.5e+03,2e+03]",-15.6014144750559,26.5013239830318,49,1750
RSM00034858,"(250,500]",-2.2211368166517,4.69828198549778,41,375
RSM00034858,"(4e+03,5e+03]",-57.9664533231075,85.2893249387781,64,4500
RSM00035121,"(1,100]",-3.41797558328904,4.15081506305199,590,50
RSM00035121,"(500,1e+03]",-10.7392699147229,11.6997879565732,1421,750
RSM00035121,"(1e+03,1.5e+03]",-20.5800918080002,25.210381574075,1415,1250
RSM00035121,"(2e+03,3e+03]",-52.175850522235,62.4276639621172,1204,2500
RSM00035121,"(5e+03,6e+03]",-111.69815776221,141.424213085634,1492,5500
RSM00035121,"(250,500]",-4.8801579230533,6.82583235684443,74,375
RSM00035121,"(4e+03,5e+03]",-77.2411324231948,127.070649019064,103,4500
RSM00035121,"(100,250]",-4.0054731801916,5.13922489545264,320,175
RSM00035121,"(1.5e+03,2e+03]",-36.7935892658887,42.7221068176553,88,1750
RSM00035121,"(3e+03,4e+03]",-46.3460454342585,82.4555980894653,361,3500
RSM00036096,"(250,500]",0.969004812038716,5.040479492316,282,375
RSM00036096,"(500,1e+03]",-3.72319789917353,10.6955766748485,1463,750
RSM00036096,"(2e+03,3e+03]",-30.8653359368346,48.2352506119148,1506,2500
RSM00036096,"(4e+03,5e+03]",-117.4952715257,141.024742564085,935,4500
RSM00036096,"(100,250]",0.0692848996280213,5.24780418216824,884,175
RSM00036096,"(5e+03,6e+03]",-17.9108081118799,99.5795788211073,579,5500
RSM00036096,"(1,100]",-0.149753179257561,5.45531843137753,291,50
RSM00036096,"(1e+03,1.5e+03]",-4.25425650979145,14.5230566027076,45,1250
RSM00036096,"(1.5e+03,2e+03]",-3.52557946307547,17.461293581156,43,1750
RSM00036096,"(3e+03,4e+03]",-0.55916598649616,53.2055440834637,66,3500
RSM00037011,"(100,250]",0.173906676867236,3.15380078156067,148,175
RSM00037011,"(500,1e+03]",-3.93112558606986,6.5180203626544,1339,750
RSM00037011,"(3e+03,4e+03]",-26.7669098029706,23.7559405766326,534,3500
RSM00037011,"(5e+03,6e+03]",-44.2867358566317,47.1253351687694,1331,5500
RSM00037011,"(1e+03,1.5e+03]",-8.84777518176844,11.48376565583,1319,1250
RSM00037011,"(1,100]",-0.298544068792893,3.41783564259393,822,50
RSM00037011,"(2e+03,3e+03]",-16.8590610719185,24.8981711629061,848,2500
RSM00037011,"(4e+03,5e+03]",-55.181672672732,25.2189555201457,32,4500
SAM00040373,"(500,1e+03]",-5.25510359253143,7.11294468389017,55,750
SAM00040373,"(1e+03,1.5e+03]",-9.30360365746602,18.8379487586096,1398,1250
SAM00040373,"(2e+03,3e+03]",-14.6347528503041,52.6862559061194,1396,2500
SAM00040373,"(5e+03,6e+03]",-10.5067648039585,119.39521302662,1393,5500
SAM00040373,"(250,500]",-4.02052837394176,6.428868190371,1343,375
SAM00040375,"(1,100]",-3.62305897425897,3.96651427317249,692,50
SAM00040375,"(500,1e+03]",-6.10141269606812,9.02468712709626,1362,750
SAM00040375,"(2e+03,3e+03]",-6.55529271192524,34.8715039984169,1359,2500
SAM00040375,"(4e+03,5e+03]",-12.0398313687805,84.5883970648019,372,4500
SAM00040375,"(5e+03,6e+03]",2.9354113277524,91.4054549922577,986,5500
SAM00040394,"(500,1e+03]",-9.93968054531177,6.57322492006883,1012,750
SAM00040394,"(2e+03,3e+03]",-7.59467006424978,32.3895495750101,1396,2500
SAM00040394,"(4e+03,5e+03]",15.222755185607,92.7813798160261,1390,4500
SAM00040394,"(250,500]",-9.25800564551549,6.4767135487787,385,375
SAM00040417,"(100,250]",-4.5948607043841,5.59641292363762,607,175
SAM00040417,"(500,1e+03]",-10.3331355625054,11.5389912858163,1371,750
SAM00040417,"(1.5e+03,2e+03]",-16.4296305661077,23.7201869876727,750,1750
SAM00040417,"(3e+03,4e+03]",-29.6263363049672,55.8310718648607,1363,3500
SAM00040417,"(5e+03,6e+03]",-42.4810752571621,114.145280873046,1361,5500
SAM00040417,"(1e+03,1.5e+03]",-18.2362388431315,25.3740557587724,619,1250
SAM00040417,"(1,100]",-2.86756764914317,5.54350281977067,480,50
SAM00040430,"(100,250]",-10.8712063506096,8.94993663110771,1112,175
SAM00040430,"(500,1e+03]",-10.7305488980694,12.874132032708,1415,750
SAM00040430,"(2e+03,3e+03]",-2.18560964320079,35.5967446066794,1409,2500
SAM00040430,"(5e+03,6e+03]",30.9215878672971,91.8005504780266,1398,5500
SAM00040430,"(1,100]",-5.63130314628083,9.33256384207105,303,50
SAM00041024,"(100,250]",-6.20018832465053,3.65263994467128,307,175
SAM00041024,"(500,1e+03]",-9.21486441562034,7.93091253561471,1376,750
SAM00041024,"(1.5e+03,2e+03]",-12.8051531653203,15.8753627351796,731,1750
SAM00041024,"(3e+03,4e+03]",-24.849831100238,37.8483497624922,1373,3500
SAM00041024,"(5e+03,6e+03]",-29.2393823931003,71.6152026946406,1373,5500
SAM00041024,"(1,100]",-5.28316425385586,3.11776513631488,1012,50
SAM00041024,"(1e+03,1.5e+03]",-16.9324621493919,17.9968323637843,643,1250
SAM00041112,"(1e+03,1.5e+03]",-11.6621917098139,13.7106169805399,1377,1250
SAM00041112,"(3e+03,4e+03]",2.38272220300226,55.2037217476849,1372,3500
SAM00041112,"(5e+03,6e+03]",8.85415709670804,83.6945599431229,1349,5500
SEM00063985,"(100,250]",-0.900442759144154,2.75757653450249,162,175
SEM00063985,"(500,1e+03]",-7.96874320861357,3.27110073451199,925,750
SEM00063985,"(1.5e+03,2e+03]",-14.8101864433227,4.58810076637847,653,1750
SEM00063985,"(3e+03,4e+03]",-38.4847206998166,8.88217711209236,929,3500
SEM00063985,"(5e+03,6e+03]",-94.0428493627716,17.8500041510884,932,5500
SEM00063985,"(1,100]",-1.07280839103515,2.49197865095201,762,50
SEM00063985,"(1e+03,1.5e+03]",-14.7231258239462,4.99897168666614,284,1250
SFM00068263,"(1,100]",1.49422329047867,2.90847142331022,654,50
SFM00068263,"(1.5e+03,2e+03]",-7.92231675566096,30.0413719650121,983,1750
SFM00068263,"(4e+03,5e+03]",-18.3750642583803,89.6462306206419,978,4500
SFM00068263,"(5e+03,6e+03]",-48.6069809502375,130.927193690212,226,5500
SFM00068424,"(500,1e+03]",-25.1603653902083,9.04395405546327,651,750
SFM00068424,"(2e+03,3e+03]",-63.304416986434,26.8866430207476,672,2500
SFM00068424,"(4e+03,5e+03]",-129.091871567594,69.1059581593315,253,4500
SFM00068424,"(5e+03,6e+03]",-110.697476466733,67.2915531347363,456,5500
SFM00068424,"(1,100]",-11.7765652123854,3.07237951963274,130,50
SFM00068424,"(1e+03,1.5e+03]",-32.6955983965819,13.1359119987529,32,1250
SFM00068424,"(1.5e+03,2e+03]",-38.4187930419584,16.318410021234,32,1750
SFM00068424,"(3e+03,4e+03]",-66.8487101604315,32.5451768476741,50,3500
SFM00068442,"(100,250]",-6.51839848815379,7.47240811041576,687,175
SFM00068442,"(1.5e+03,2e+03]",22.168826439249,11.3430662259383,909,1750
SFM00068442,"(4e+03,5e+03]",83.932270190713,39.6520767167906,1051,4500
SFM00068442,"(1,100]",-0.0761464722148902,1.69506833969743,172,50
SFM00068442,"(500,1e+03]",8.28462104329804,3.59168955814344,195,750
SFM00068442,"(2e+03,3e+03]",44.4001745793749,14.1356037604247,476,2500
SFM00068442,"(3e+03,4e+03]",66.6212417451026,26.1920075329903,493,3500
SFM00068442,"(5e+03,6e+03]",105.080304074872,51.710805960433,328,5500
SFM00068442,"(1e+03,1.5e+03]",16.8291257007798,5.42376245263428,235,1250
SFM00068442,"(250,500]",-0.512995887398111,6.34038425624498,135,375
SFM00068512,"(500,1e+03]",-0.218178429595774,6.7539661740851,622,750
SFM00068512,"(2e+03,3e+03]",3.99248419258612,29.9701685815056,766,2500
SFM00068512,"(4e+03,5e+03]",5.22764919272724,78.6131156995411,745,4500
SFM00068512,"(250,500]",0.065726085801043,6.29014204841592,137,375
SFM00068512,"(1,100]",-0.476405005507093,1.55481647102739,30,50
SFM00068512,"(1e+03,1.5e+03]",6.69490321439081,11.8573284021651,48,1250
SFM00068512,"(1.5e+03,2e+03]",3.29270435598476,10.7884543504804,38,1750
SFM00068512,"(3e+03,4e+03]",5.51670164795953,34.6411943194502,45,3500
SFM00068512,"(5e+03,6e+03]",-25.2567530679836,78.4414756527216,43,5500
SFM00068592,"(1,100]",-0.314779391283492,2.89933558613631,575,50
SFM00068592,"(500,1e+03]",-4.29946940636806,8.21554467527587,836,750
SFM00068592,"(1e+03,1.5e+03]",-11.0948158799247,17.3822520001621,792,1250
SFM00068592,"(3e+03,4e+03]",-36.8208999667135,39.147223758413,783,3500
SFM00068592,"(5e+03,6e+03]",-78.2514863870081,73.5765088378273,831,5500
SFM00068592,"(2e+03,3e+03]",-19.5588261675441,33.600573657049,52,2500
SFM00068592,"(100,250]",-0.709774555672061,2.57547901484314,92,175
SFM00068592,"(1.5e+03,2e+03]",-11.4888961570427,21.5892030747943,44,1750
SFM00068816,"(1,100]",-9.54963231535756,4.96198425272101,366,50
SFM00068816,"(500,1e+03]",-17.1923311570113,9.63533608858808,776,750
SFM00068816,"(1.5e+03,2e+03]",-28.2431066747292,22.7701884905866,252,1750
SFM00068816,"(3e+03,4e+03]",-68.5323836068356,41.831843796659,792,3500
SFM00068816,"(5e+03,6e+03]",-136.426291172345,72.7316071260461,823,5500
SFM00068816,"(1e+03,1.5e+03]",-25.4668791936958,18.8032340671422,589,1250
SFM00068816,"(100,250]",-9.71700089376037,4.87413730969516,406,175
SFM00068816,"(2e+03,3e+03]",-24.7933445332082,34.124315060463,214,2500
SFM00068816,"(250,500]",-4.32503580156819,3.75672565825944,48,375
SFM00068816,"(4e+03,5e+03]",-66.2227466834544,58.8723223863587,137,4500
SFM00068842,"(1,100]",0.0226355216167279,2.69171376746064,506,50
SFM00068842,"(500,1e+03]",-3.9412062997639,7.17123804757391,967,750
SFM00068842,"(1e+03,1.5e+03]",-10.8745549573782,15.3900593922104,727,1250
SFM00068842,"(3e+03,4e+03]",-36.6006364912383,36.0257361114769,912,3500
SFM00068842,"(5e+03,6e+03]",-84.3937750276051,64.2370824037014,992,5500
SFM00068842,"(100,250]",-0.269799584758586,2.64354284061519,419,175
SFM00068842,"(1.5e+03,2e+03]",-10.0585873339486,17.5241407551154,277,1750
SFM00068842,"(2e+03,3e+03]",-4.95844816036039,25.3033936522377,174,2500
SFM00068842,"(250,500]",-0.353580386509247,2.65916660797625,36,375
SFM00068842,"(4e+03,5e+03]",-29.7356653908149,37.2846658424146,64,4500
SFM00068994,"(500,1e+03]",-21.4430344718716,14.1682919798324,850,750
SFM00068994,"(1e+03,1.5e+03]",-25.3960505247085,18.9645211995812,764,1250
SFM00068994,"(2e+03,3e+03]",-41.7207029094886,34.3955550853475,634,2500
SFM00068994,"(5e+03,6e+03]",-125.362084748284,84.7507980430763,862,5500
SFM00068994,"(100,250]",-20.0602537123754,11.8860592505847,351,175
SFM00068994,"(1,100]",-16.6504666319465,12.6444165970497,283,50
SFM00068994,"(3e+03,4e+03]",-96.4655995183672,33.2366767919644,231,3500
SFM00068994,"(250,500]",-19.3231022335931,11.6926250726133,31,375
SFM00068994,"(1.5e+03,2e+03]",-43.0722193329352,20.5052723132906,105,1750
SHM00061901,"(250,500]",-2.41098033798982,2.77281729839522,670,375
SHM00061901,"(1e+03,1.5e+03]",-6.74051443944538,7.18207175305135,723,1250
SHM00061901,"(2e+03,3e+03]",-56.1658980414674,19.1369507302727,728,2500
SHM00061901,"(5e+03,6e+03]",-158.988507391672,30.3611089411304,717,5500
SHM00061901,"(500,1e+03]",-0.198071100843587,1.89953768584489,88,750
SHM00061901,"(1.5e+03,2e+03]",-19.5401337004374,11.0379492055746,52,1750
SHM00061901,"(3e+03,4e+03]",-78.9358484615823,19.6833073091031,88,3500
SHM00061901,"(4e+03,5e+03]",-112.688132086221,24.005761523316,83,4500
SHM00068906,"(500,1e+03]",-2.43507174701389,6.14146499801795,554,750
SHM00068906,"(1e+03,1.5e+03]",-6.59536610819237,12.4485391961912,446,1250
SHM00068906,"(2e+03,3e+03]",-19.3754583317717,24.2742747481597,255,2500
SHM00068906,"(5e+03,6e+03]",-105.860487002789,54.303668913993,559,5500
SHM00068906,"(1,100]",0.32367848250274,3.70497680326784,215,50
SHM00068906,"(100,250]",-0.488439508980018,3.4765189789558,255,175
SHM00068906,"(3e+03,4e+03]",-46.3872946019963,23.0453004450458,304,3500
SHM00068906,"(1.5e+03,2e+03]",-8.31227838522039,13.2256428614696,113,1750
SIM00014015,"(1e+03,1.5e+03]",-14.9226616920131,11.576179429951,734,1250
SIM00014015,"(2e+03,3e+03]",-61.7697195843105,40.1090707897618,758,2500
SIM00014015,"(5e+03,6e+03]",-109.956508438135,69.1988110280055,741,5500
SIM00014015,"(500,1e+03]",-4.0222756160549,4.55589588562468,47,750
SIM00014015,"(1.5e+03,2e+03]",-16.9322073938729,14.7200849240238,37,1750
SIM00014015,"(3e+03,4e+03]",-43.205993530433,36.7604434381513,72,3500
SIM00014015,"(4e+03,5e+03]",-64.4006245850762,53.4528026116446,50,4500
SNM00048698,"(1,100]",-0.657681869258555,3.00297226306406,2620,50
SNM00048698,"(250,500]",-4.76643830715543,2.43929711745049,1625,375
SNM00048698,"(500,1e+03]",-10.5411279143186,3.52726511221115,5441,750
SNM00048698,"(1e+03,1.5e+03]",-17.1614798189404,4.64199171703282,3744,1250
SNM00048698,"(1.5e+03,2e+03]",-23.5262123696583,5.2807543192974,2959,1750
SNM00048698,"(2e+03,3e+03]",-33.6106790974735,8.33609436796111,6146,2500
SNM00048698,"(3e+03,4e+03]",-51.0600979767333,11.1309644054019,6363,3500
SNM00048698,"(4e+03,5e+03]",-73.2437904434792,14.0459219888527,6357,4500
SNM00048698,"(5e+03,6e+03]",-99.5758910447206,18.0293233862829,6573,5500
SNM00048698,"(100,250]",-2.53392593395936,2.28751662906948,353,175
SPM00008001,"(500,1e+03]",-61.046605732715,28.4811785860776,1440,750
SPM00008001,"(1e+03,1.5e+03]",-61.1833457945727,32.8088344305636,1106,1250
SPM00008001,"(2e+03,3e+03]",-53.6440638883194,36.7850323683365,550,2500
SPM00008001,"(5e+03,6e+03]",-133.8015938963,76.5297924776556,1445,5500
SPM00008001,"(100,250]",-67.7652308952702,14.3057453021697,660,175
SPM00008001,"(3e+03,4e+03]",-102.304109605179,41.6534636764224,1033,3500
SPM00008001,"(1.5e+03,2e+03]",-76.6680814489654,30.4598582684182,387,1750
SPM00008001,"(1,100]",-43.8298493000161,34.0991454394015,363,50
SPM00008001,"(250,500]",-26.7013222383095,34.5896526802307,44,375
SPM00008001,"(4e+03,5e+03]",-59.5108949838135,45.4555500868016,119,4500
SPM00008023,"(1,100]",0.465755965011278,2.36613867775817,549,50
SPM00008023,"(500,1e+03]",-3.52889396882914,6.46847313195846,1463,750
SPM00008023,"(1e+03,1.5e+03]",-6.89426987173861,11.9361089821963,1061,1250
SPM00008023,"(3e+03,4e+03]",-38.5984408237914,30.3778296843226,1182,3500
SPM00008023,"(5e+03,6e+03]",-70.5791126555231,64.0888248717546,1502,5500
SPM00008023,"(2e+03,3e+03]",-6.33422414223748,21.9770312110639,454,2500
SPM00008023,"(100,250]",0.0402289450306711,2.44119398997222,788,175
SPM00008023,"(1.5e+03,2e+03]",-13.6006869699748,16.467848971705,482,1750
SPM00008023,"(250,500]",-0.455423370706025,2.47997809010593,50,375
SPM00008023,"(4e+03,5e+03]",-45.1808631892318,35.5764560589156,106,4500
SPM00008190,"(100,250]",-3.9554635651989,4.94650965808152,311,175
SPM00008190,"(500,1e+03]",-6.43416533627351,8.93921085886862,1451,750
SPM00008190,"(1.5e+03,2e+03]",-20.4114593015631,24.1898448314814,171,1750
SPM00008190,"(3e+03,4e+03]",-38.7183215305855,44.2648956390481,974,3500
SPM00008190,"(5e+03,6e+03]",-57.6822489530271,83.3739999406823,1422,5500
SPM00008190,"(1e+03,1.5e+03]",-11.2336682009622,17.6162426183093,1293,1250
SPM00008190,"(1,100]",-2.30608984725405,2.65654541883027,910,50
SPM00008190,"(2e+03,3e+03]",-12.8453429441649,32.4416092016977,585,2500
SPM00008190,"(4e+03,5e+03]",-30.5959514084375,59.5928702139573,75,4500
SPM00008221,"(250,500]",-21.5996078848825,7.79304248636166,301,375
SPM00008221,"(500,1e+03]",-23.0743159680006,14.4274658418371,1387,750
SPM00008221,"(2e+03,3e+03]",-34.2500697208924,39.8548393086394,1527,2500
SPM00008221,"(5e+03,6e+03]",-56.8102865619219,95.9021201864449,1321,5500
SPM00008221,"(1e+03,1.5e+03]",-25.8798581808769,23.2803772471255,133,1250
SPM00008221,"(100,250]",-19.3073498309882,9.13142123842291,1119,175
SPM00008221,"(1,100]",-10.1936323362051,10.9163490107515,65,50
SPM00008221,"(4e+03,5e+03]",-18.6027989845136,64.9945160217934,279,4500
SPM00008221,"(3e+03,4e+03]",-17.361590619048,47.2447642403522,89,3500
SPM00008221,"(1.5e+03,2e+03]",-9.3826951446702,23.0837574450491,57,1750
SPM00008302,"(100,250]",4.72705663368062,2.51281157356827,564,175
SPM00008302,"(500,1e+03]",1.38396339213858,5.63275402315853,1418,750
SPM00008302,"(1.5e+03,2e+03]",-7.93912384287306,14.6958440824068,491,1750
SPM00008302,"(3e+03,4e+03]",-25.5567575374727,31.3321091280648,1220,3500
SPM00008302,"(5e+03,6e+03]",-45.0459856704902,62.0884689362633,1472,5500
SPM00008302,"(1e+03,1.5e+03]",-1.19447128285259,11.8597002264216,997,1250
SPM00008302,"(1,100]",5.16846901526791,2.49630520801239,791,50
SPM00008302,"(2e+03,3e+03]",5.76118338254245,21.6049813463697,375,2500
SPM00008302,"(4e+03,5e+03]",-29.8063896747303,43.7049210317839,94,4500
SPM00008383,"(1,100]",-0.63024150835656,0.432010355709037,1676,50
SPM00008383,"(100,250]",-1.48659103897336,1.12785120648289,2108,175
SPM00008383,"(250,500]",-3.37388020382788,2.85662580955398,1601,375
SPM00008383,"(500,1e+03]",-5.98545698454507,7.47767128072649,4463,750
SPM00008383,"(1e+03,1.5e+03]",-9.9924317182473,13.3233289853665,3331,1250
SPM00008383,"(1.5e+03,2e+03]",-15.7672333926238,19.2748050407924,3934,1750
SPM00008383,"(2e+03,3e+03]",-24.5688339603158,29.8341612683991,5639,2500
SPM00008383,"(3e+03,4e+03]",-40.4247855770521,41.0954444433399,5929,3500
SPM00008383,"(4e+03,5e+03]",-56.4091228938643,58.1282067296103,4276,4500
SPM00008383,"(5e+03,6e+03]",-73.9067446352845,75.1416815127975,5448,5500
SPM00008430,"(1.5e+03,2e+03]",-12.013348090165,20.7211583761348,533,1750
SPM00008430,"(3e+03,4e+03]",-24.5562281814391,45.1727054327456,1303,3500
SPM00008430,"(5e+03,6e+03]",-36.7653579834146,96.8865253660991,1457,5500
SPM00008430,"(1e+03,1.5e+03]",-5.06249481346848,17.131334179962,938,1250
SPM00008430,"(2e+03,3e+03]",1.24859214437373,33.0813970511955,273,2500
SPM00008430,"(500,1e+03]",-2.65553077765393,7.81256260168846,52,750
SPM00008430,"(4e+03,5e+03]",-10.3712391089825,66.7140199621433,74,4500
SPM00060018,"(1,100]",-13.1305710082163,2.4963356800627,1227,50
SPM00060018,"(500,1e+03]",-15.2564130347606,7.03726912270491,1509,750
SPM00060018,"(1e+03,1.5e+03]",-20.9337796349633,13.6225386071492,1426,1250
SPM00060018,"(3e+03,4e+03]",-49.153104604763,34.5684107887713,1416,3500
SPM00060018,"(5e+03,6e+03]",-92.7441771113139,73.7309274019955,1503,5500
SPM00060018,"(100,250]",-13.4677659350925,2.42639034726274,174,175
SPM00060018,"(1.5e+03,2e+03]",-20.1913946428233,16.0813532786883,117,1750
SPM00060018,"(2e+03,3e+03]",-30.4675899523681,26.8132199627972,193,2500
SPM00060018,"(250,500]",-12.2529652224417,4.87522612243107,38,375
SPM00060018,"(4e+03,5e+03]",-63.3687447534162,58.3584606607696,91,4500
SVM00001004,"(250,500]",7.82923103027864,30.7640054153817,431,375
SVM00001004,"(1e+03,1.5e+03]",2.79089374359437,31.8476715119867,1981,1250
SVM00001004,"(2e+03,3e+03]",-20.9429915988546,32.4296514197135,2856,2500
SVM00001004,"(5e+03,6e+03]",-85.9848063302073,67.5639548025448,2223,5500
SVM00001004,"(500,1e+03]",5.89356360469141,30.2103787525849,1607,750
SVM00001004,"(1,100]",13.3028503931262,34.6399452351957,617,50
SVM00001004,"(4e+03,5e+03]",-66.690810272133,52.5978746604656,1859,4500
SVM00001004,"(100,250]",0.343117879007429,12.3311385588518,392,175
SVM00001004,"(1.5e+03,2e+03]",-12.3650161628968,13.3382650663035,1227,1750
SVM00001004,"(3e+03,4e+03]",-48.8796282043113,33.599775653363,1971,3500
SVM00001028,"(250,500]",-0.856853154280695,3.89257464590098,2052,375
SVM00001028,"(1e+03,1.5e+03]",-2.84222095443384,14.6328537949449,6629,1250
SVM00001028,"(1.5e+03,2e+03]",-5.7911332237988,23.0226338686284,4526,1750
SVM00001028,"(2e+03,3e+03]",-13.7313388963711,36.2934887505928,10097,2500
SVM00001028,"(3e+03,4e+03]",-30.0249422776238,57.2206258134971,7664,3500
SVM00001028,"(4e+03,5e+03]",-40.1993461946783,78.6423810217534,6791,4500
SVM00001028,"(5e+03,6e+03]",-55.689046264065,99.9917860973792,7900,5500
SVM00001028,"(100,250]",-0.499770005396861,2.22244822039626,1594,175
SVM00001028,"(500,1e+03]",-1.30553117565632,7.6663478060887,5992,750
SVM00001028,"(1,100]",0.0155022626474517,1.49511923490313,2415,50
SWM00002185,"(100,250]",1.35441963745495,4.14134225674385,186,175
SWM00002185,"(500,1e+03]",-6.85924362615076,8.83953544880743,492,750
SWM00002185,"(1e+03,1.5e+03]",-16.7799364866319,15.2868533711802,467,1250
SWM00002185,"(3e+03,4e+03]",-58.613080680612,35.3383672635125,182,3500
SWM00002185,"(5e+03,6e+03]",-114.633849085104,74.4007858341425,509,5500
SWM00002185,"(1.5e+03,2e+03]",-22.9090022254371,18.5799064189879,77,1750
SWM00002185,"(1,100]",1.87827586165464,4.18363138489087,199,50
SWM00002185,"(2e+03,3e+03]",-42.668078724261,33.7474084816099,379,2500
SWM00002185,"(250,500]",0.356342171789128,6.89350832427038,37,375
SWM00002185,"(4e+03,5e+03]",-62.5253932461243,49.4183081010206,35,4500
SWM00002365,"(100,250]",-1.85002921685277,4.11047894954913,458,175
SWM00002365,"(500,1e+03]",-6.40875325983421,9.98511885346958,910,750
SWM00002365,"(1e+03,1.5e+03]",-11.4688544819,17.5760959872073,773,1250
SWM00002365,"(2e+03,3e+03]",-28.6934428446938,41.071308669574,714,2500
SWM00002365,"(5e+03,6e+03]",-85.7014102687505,95.7518606569472,971,5500
SWM00002365,"(1,100]",-1.25799982940053,5.33270643227469,276,50
SWM00002365,"(250,500]",-2.14409391842916,5.43896400268713,77,375
SWM00002365,"(1.5e+03,2e+03]",-18.4254514486289,28.105417193101,217,1750
SWM00002365,"(3e+03,4e+03]",-39.7981195789848,53.3550218291902,407,3500
SWM00002365,"(4e+03,5e+03]",-24.7826107102042,56.802968419086,73,4500
SWM00002591,"(500,1e+03]",-6.46048268131844,7.30671246560021,1046,750
SWM00002591,"(1e+03,1.5e+03]",-10.4170328897242,13.7731542831816,874,1250
SWM00002591,"(2e+03,3e+03]",-21.4702538019003,29.025954572146,685,2500
SWM00002591,"(5e+03,6e+03]",-77.5850696388035,71.7409734352788,1076,5500
SWM00002591,"(1,100]",-1.8396941054476,2.55512120696345,422,50
SWM00002591,"(100,250]",-2.48202751546073,2.56514757192476,416,175
SWM00002591,"(1.5e+03,2e+03]",-16.6325711560013,18.1675068770582,265,1750
SWM00002591,"(3e+03,4e+03]",-39.8791753215884,37.451702702652,555,3500
SWM00002591,"(4e+03,5e+03]",-21.9431536462855,36.1296569321725,97,4500
SWM00002591,"(250,500]",-2.61649804318615,3.32445702929615,49,375
SZM00006610,"(100,250]",-0.939106533301488,1.61837742461941,1076,175
SZM00006610,"(250,500]",-1.53374004695944,3.41803518167618,2730,375
SZM00006610,"(500,1e+03]",-3.35581335027524,7.83540638274778,3510,750
SZM00006610,"(1e+03,1.5e+03]",-7.74356555091134,13.3845778000429,3985,1250
SZM00006610,"(1.5e+03,2e+03]",-11.740365600607,20.0990807328831,3037,1750
SZM00006610,"(2e+03,3e+03]",-18.115439167354,32.4015942670178,7844,2500
SZM00006610,"(3e+03,4e+03]",-28.7157121240505,47.7054302104433,6244,3500
SZM00006610,"(4e+03,5e+03]",-38.0364373303961,64.4086076024756,6089,4500
SZM00006610,"(5e+03,6e+03]",-52.8479348083304,81.1524111237653,6540,5500
SZM00006610,"(1,100]",-0.301697588748082,0.783579321524866,927,50
TDM00078970,"(100,250]",-1.0590927995474,2.03448217354812,714,175
TDM00078970,"(500,1e+03]",-8.04061802737597,3.12706532386464,1499,750
TDM00078970,"(1.5e+03,2e+03]",-16.4060450786475,5.87618650856093,1035,1750
TDM00078970,"(3e+03,4e+03]",-39.283500381255,11.6727827944566,1597,3500
TDM00078970,"(5e+03,6e+03]",-81.7174124388963,21.6649009488374,1657,5500
TDM00078970,"(1,100]",-1.08488396723394,1.62851698482103,578,50
TDM00078970,"(1e+03,1.5e+03]",-13.8040438716577,4.56132547412008,469,1250
TDM00078970,"(250,500]",-3.76306155637964,1.24227541495717,365,375
TDM00078970,"(2e+03,3e+03]",-26.5522774978366,8.48459333883175,1011,2500
TDM00078970,"(4e+03,5e+03]",-56.9911931664411,14.929484181469,1076,4500
THM00048327,"(250,500]",-5.19306788479519,3.51011789784388,433,375
THM00048327,"(1e+03,1.5e+03]",-15.7479003508215,8.9099044089889,562,1250
THM00048327,"(2e+03,3e+03]",-40.8963268939978,21.1234282132956,562,2500
THM00048327,"(5e+03,6e+03]",-101.850235746629,45.7596971056388,561,5500
THM00048327,"(500,1e+03]",-7.8391109978389,3.98276962021592,129,750
THM00048378,"(1,100]",-6.47030147229346,2.73415983721851,256,50
THM00048378,"(500,1e+03]",-14.6053021581701,4.70979996202978,282,750
THM00048378,"(1e+03,1.5e+03]",-23.7634857861808,8.29925507094703,267,1250
THM00048378,"(3e+03,4e+03]",-47.4179520798294,19.1605259650168,281,3500
THM00048378,"(5e+03,6e+03]",-106.4223749985,40.1927840044433,280,5500
THM00048381,"(500,1e+03]",-22.8712005948736,8.50793066421907,447,750
THM00048381,"(1e+03,1.5e+03]",-32.7052685240972,11.6761326503538,447,1250
THM00048381,"(2e+03,3e+03]",-55.4059496754685,24.3036561700857,353,2500
THM00048381,"(5e+03,6e+03]",-120.580516519943,58.6197451669731,443,5500
THM00048381,"(3e+03,4e+03]",-68.9880660905712,23.8747903546829,93,3500
THM00048407,"(500,1e+03]",-6.76039001070382,3.38708859862531,463,750
THM00048407,"(1e+03,1.5e+03]",-17.4704730030841,6.41081259470505,464,1250
THM00048407,"(3e+03,4e+03]",-45.5120632648867,18.2464203421439,399,3500
THM00048407,"(5e+03,6e+03]",-108.023360558967,41.2269407992428,460,5500
THM00048407,"(2e+03,3e+03]",-40.5261746317688,10.8109487829283,64,2500
THM00048407,"(1,100]",-1.03024755401088,2.46436434670961,36,50
THM00048431,"(500,1e+03]",-5.64101972994868,3.48095268927198,272,750
THM00048431,"(1e+03,1.5e+03]",-16.4022307175036,5.42323033935513,272,1250
THM00048431,"(2e+03,3e+03]",-43.6025563518962,12.8892322090723,265,2500
THM00048431,"(5e+03,6e+03]",-105.583764607766,33.4087699085551,263,5500
THM00048453,"(100,250]",-15.7053259390477,2.48165343559556,209,175
THM00048453,"(500,1e+03]",-23.3504025171127,4.45317139893056,685,750
THM00048453,"(1.5e+03,2e+03]",-33.9305585475279,7.34542464938097,460,1750
THM00048453,"(3e+03,4e+03]",-54.1663892670898,18.0556527980232,681,3500
THM00048453,"(5e+03,6e+03]",-107.711173866422,40.2467418159381,669,5500
THM00048453,"(1,100]",-14.5963096663945,2.94204836623982,474,50
THM00048453,"(1e+03,1.5e+03]",-29.3630266418727,6.5143318224206,225,1250
THM00048480,"(1,100]",-1.69991295404414,1.92071048960843,393,50
THM00048480,"(500,1e+03]",-8.72545202309837,3.18874896674436,430,750
THM00048480,"(1.5e+03,2e+03]",-18.4048675680895,4.69505195230703,193,1750
THM00048480,"(3e+03,4e+03]",-40.2719467328732,10.3082764895472,417,3500
THM00048480,"(5e+03,6e+03]",-95.9031070302623,21.85954802203,405,5500
THM00048480,"(1e+03,1.5e+03]",-16.3933073835089,4.36083247084519,234,1250
THM00048480,"(100,250]",-1.46201340761916,1.97375747300149,36,175
THM00048500,"(500,1e+03]",-17.5638566813365,3.28650350980856,318,750
THM00048500,"(1.5e+03,2e+03]",-27.1162936743603,5.45248815426999,119,1750
THM00048500,"(3e+03,4e+03]",-53.2540123752211,9.26054596678792,318,3500
THM00048500,"(5e+03,6e+03]",-109.271057371083,14.9492991739837,318,5500
THM00048500,"(1,100]",-9.48177644888283,2.53940239502868,291,50
THM00048500,"(1e+03,1.5e+03]",-27.1845907856348,5.23073810170161,199,1250
THM00048568,"(1,100]",-8.7641271638777,2.57892174514093,343,50
THM00048568,"(500,1e+03]",-16.1475569432082,3.34290408636902,536,750
THM00048568,"(1e+03,1.5e+03]",-23.9754339271258,4.69880855139048,70,1250
THM00048568,"(3e+03,4e+03]",-47.4433568319054,8.48572096158838,532,3500
THM00048568,"(5e+03,6e+03]",-103.554941509701,14.872140975774,520,5500
THM00048568,"(1.5e+03,2e+03]",-24.6781901042178,4.89200165297406,465,1750
THM00048568,"(100,250]",-8.19892447274752,2.89985693312468,193,175
TSM00060715,"(100,250]",-2.076618909835,4.11018190394787,239,175
TSM00060715,"(500,1e+03]",-10.619933228201,7.49471070300593,419,750
TSM00060715,"(1.5e+03,2e+03]",-26.7581542312782,15.0884636218225,222,1750
TSM00060715,"(3e+03,4e+03]",-57.0110619994783,30.6666626930354,404,3500
TSM00060715,"(5e+03,6e+03]",-97.681453504047,54.1344539404421,394,5500
TSM00060715,"(1,100]",-1.54229530750515,3.91810130832533,104,50
TSM00060715,"(250,500]",-4.96600750579611,3.55976918975191,98,375
TSM00060715,"(1e+03,1.5e+03]",-16.6882446732071,12.362154174616,188,1250
TSM00060715,"(2e+03,3e+03]",-32.6920318629018,23.1415462335965,180,2500
TSM00060715,"(4e+03,5e+03]",-72.5941090158628,38.2269165875685,166,4500
TSM00060760,"(100,250]",-9.93616969504421,9.81048469276914,85,175
TSM00060760,"(500,1e+03]",-17.9250151821983,11.9856530128279,270,750
TSM00060760,"(1e+03,1.5e+03]",-27.7922030568857,15.6490383589311,207,1250
TSM00060760,"(3e+03,4e+03]",-52.2579215819447,32.9655530386067,247,3500
TSM00060760,"(5e+03,6e+03]",-78.617048341658,72.783451871139,269,5500
TSM00060760,"(2e+03,3e+03]",-33.929908099283,21.5021556618595,106,2500
TSM00060760,"(1.5e+03,2e+03]",-34.0952629261351,15.3162296489447,50,1750
TSM00060760,"(1,100]",-8.95094117259495,10.4908756419979,157,50
TSM00060760,"(4e+03,5e+03]",-53.5311391156105,41.1543444052437,79,4500
TUM00017030,"(500,1e+03]",-9.61812175206505,6.40273080083051,1471,750
TUM00017030,"(1.5e+03,2e+03]",-17.048523199418,16.5360295330871,740,1750
TUM00017030,"(3e+03,4e+03]",-40.4405035112364,35.8488675990153,1281,3500
TUM00017030,"(5e+03,6e+03]",-76.6873616973917,69.5587784025291,1434,5500
TUM00017030,"(100,250]",-1.03169650838861,3.43811245988647,976,175
TUM00017030,"(1e+03,1.5e+03]",-14.3725957447905,14.9108432516336,779,1250
TUM00017030,"(2e+03,3e+03]",-13.8255310874827,26.5039653873637,183,2500
TUM00017030,"(1,100]",-0.5129391907199,2.85317225103429,443,50
TUM00017064,"(100,250]",-1.05496038019477,2.68622310744856,781,175
TUM00017064,"(500,1e+03]",-12.4986310992517,6.19666935424787,1466,750
TUM00017064,"(1e+03,1.5e+03]",-16.3701501102157,13.4923060026903,925,1250
TUM00017064,"(2e+03,3e+03]",-18.1737522165903,24.6571189946474,277,2500
TUM00017064,"(5e+03,6e+03]",-84.1616124913834,56.9370062455983,1434,5500
TUM00017064,"(1.5e+03,2e+03]",-23.5552353315069,22.4707772681034,572,1750
TUM00017064,"(3e+03,4e+03]",-47.2722863521516,31.6298585020741,1180,3500
TUM00017064,"(1,100]",-0.835351726698314,2.89983584167477,637,50
TUM00017095,"(1e+03,1.5e+03]",-24.4977971426092,17.8837105374631,1423,1250
TUM00017095,"(3e+03,4e+03]",-37.3366151469605,68.0776333295203,1249,3500
TUM00017095,"(5e+03,6e+03]",-31.0435373114402,107.13965977208,1420,5500
TUM00017095,"(100,250]",-1.44761015790078,2.54710459323005,31,175
TUM00017095,"(4e+03,5e+03]",-3.85126383316544,80.316178151819,176,4500
TUM00017196,"(250,500]",-3.16077240065821,4.83385805239506,1475,375
TUM00017196,"(2e+03,3e+03]",-14.9266983060749,31.9748431206037,830,2500
TUM00017196,"(4e+03,5e+03]",-27.4484949226465,83.6397862064264,1450,4500
TUM00017196,"(500,1e+03]",-4.90808384131625,5.89331586993012,36,750
TUM00017196,"(1.5e+03,2e+03]",-12.2629384678784,22.8374958253173,626,1750
TUM00017196,"(5e+03,6e+03]",-10.0628918065272,80.9782415274702,68,5500
TUM00017196,"(100,250]",-2.35047518206461,2.57008051492299,33,175
TUM00017196,"(1e+03,1.5e+03]",-7.2967243582991,12.1691465776524,32,1250
TUM00017196,"(3e+03,4e+03]",-19.8952258506273,56.3531369055856,32,3500
TUM00017220,"(100,250]",-0.345613856187542,2.95815110573944,588,175
TUM00017220,"(500,1e+03]",-9.21005703833696,5.28516391909515,1464,750
TUM00017220,"(1.5e+03,2e+03]",-14.7590080744951,20.4388694741227,463,1750
TUM00017220,"(3e+03,4e+03]",-31.4600998653281,44.5592615229753,1229,3500
TUM00017220,"(5e+03,6e+03]",-53.1107907714589,86.0497391360291,1434,5500
TUM00017220,"(1e+03,1.5e+03]",-11.8871859544739,15.9793828820264,1053,1250
TUM00017220,"(1,100]",0.110478423782407,2.90447973985153,840,50
TUM00017220,"(2e+03,3e+03]",-10.1256648159972,31.2761866614008,240,2500
TUM00017240,"(500,1e+03]",-4.19216224147257,5.01383506722106,790,750
TUM00017240,"(2e+03,3e+03]",-14.6025915755013,28.2473254351082,1349,2500
TUM00017240,"(4e+03,5e+03]",-25.7826619682652,76.1316081283305,1452,4500
TUM00017240,"(250,500]",-3.21450260866114,4.63252926143986,703,375
TUM00017240,"(1.5e+03,2e+03]",-3.50742512753277,15.8971081515636,108,1750
TUM00017351,"(100,250]",-4.96975185972934,2.5328358707008,560,175
TUM00017351,"(500,1e+03]",-15.437764301505,4.80661214778546,1446,750
TUM00017351,"(1.5e+03,2e+03]",-22.4265539710367,24.8293671097864,444,1750
TUM00017351,"(3e+03,4e+03]",-35.6930734557377,48.9729196015958,1255,3500
TUM00017351,"(5e+03,6e+03]",-52.085568471763,95.8157848079108,1317,5500
TUM00017351,"(1e+03,1.5e+03]",-18.2933538291058,17.1461914606222,1040,1250
TUM00017351,"(1,100]",-4.68042835923105,2.52987540461853,797,50
TUM00017351,"(2e+03,3e+03]",-18.018145874534,32.796840030413,157,2500
TUM00017351,"(4e+03,5e+03]",-45.5642958304164,71.0171565374594,34,4500
TVM00091643,"(1,100]",-11.0150563577026,4.55198423444135,269,50
TVM00091643,"(500,1e+03]",-18.7021886381046,2.60484644741142,471,750
TVM00091643,"(1.5e+03,2e+03]",-25.3441945623379,4.36751529378549,428,1750
TVM00091643,"(3e+03,4e+03]",-47.1355257017184,8.66730028691331,470,3500
TVM00091643,"(5e+03,6e+03]",-100.240752458135,15.3927944501747,469,5500
TVM00091643,"(100,250]",-11.77507947337,2.15690574784881,202,175
TVM00091643,"(1e+03,1.5e+03]",-24.947141891312,4.39384475338617,43,1250
UCM00078988,"(1,100]",-6.03317219922049,14.4900227819697,1431,50
UCM00078988,"(100,250]",-5.0432762605297,11.6154299097782,949,175
UCM00078988,"(250,500]",-3.7819780979339,1.14457171307914,453,375
UCM00078988,"(500,1e+03]",-9.94687026919171,13.0025750920098,2577,750
UCM00078988,"(1e+03,1.5e+03]",-13.8857809530611,11.4799923797455,1251,1250
UCM00078988,"(1.5e+03,2e+03]",-22.0048714738527,16.4395564189978,924,1750
UCM00078988,"(2e+03,3e+03]",-23.5844702876512,9.58584453198325,2046,2500
UCM00078988,"(3e+03,4e+03]",-40.3963532263213,15.5676610069671,2363,3500
UCM00078988,"(4e+03,5e+03]",-56.1094224517126,13.4033413443896,1901,4500
UCM00078988,"(5e+03,6e+03]",-81.6360492541657,22.1135792699494,2205,5500
UKM00003005,"(500,1e+03]",-1.59820304005405,5.41627803796344,1391,750
UKM00003005,"(1e+03,1.5e+03]",-3.43111402704769,11.8353945695092,1507,1250
UKM00003005,"(2e+03,3e+03]",-10.4949212247671,27.037907297222,1546,2500
UKM00003005,"(5e+03,6e+03]",-53.1853154707972,75.5263681487697,1649,5500
UKM00003005,"(1,100]",0.424369446776772,3.26461371725582,459,50
UKM00003005,"(250,500]",-0.0441676377737975,3.08895783214695,226,375
UKM00003005,"(4e+03,5e+03]",-31.6316972914865,66.8293721343608,397,4500
UKM00003005,"(100,250]",-0.115870736280154,2.25308763559769,250,175
UKM00003005,"(3e+03,4e+03]",-37.6794534144385,46.7121751110559,563,3500
UKM00003005,"(1.5e+03,2e+03]",-8.35364215925422,17.5262483715952,237,1750
UKM00003238,"(500,1e+03]",-4.64103044468272,6.05085412259318,766,750
UKM00003238,"(1e+03,1.5e+03]",-11.1412990054716,11.4290568251319,889,1250
UKM00003238,"(2e+03,3e+03]",-30.4383931314948,27.2559072840131,915,2500
UKM00003238,"(5e+03,6e+03]",-91.6210417546247,75.7573298638595,898,5500
UKM00003238,"(1,100]",-0.205273971608913,2.38452430764636,211,50
UKM00003238,"(250,500]",-2.31890896085001,3.15344735097032,165,375
UKM00003238,"(4e+03,5e+03]",-89.051437264574,72.2725634458593,163,4500
UKM00003238,"(100,250]",-1.18533278731875,2.34970284530401,90,175
UKM00003238,"(3e+03,4e+03]",-53.3177885696767,53.8824869226515,250,3500
UKM00003238,"(1.5e+03,2e+03]",-22.6630171741607,21.5996152671759,121,1750
UKM00003354,"(500,1e+03]",-6.2982949300367,5.49259421219357,835,750
UKM00003354,"(1e+03,1.5e+03]",-13.2007112639882,10.8058184297523,889,1250
UKM00003354,"(2e+03,3e+03]",-33.4444308719378,24.7741115580936,789,2500
UKM00003354,"(5e+03,6e+03]",-101.494054803229,70.6639815876339,995,5500
UKM00003354,"(1,100]",-1.18192562341156,2.68716748892073,301,50
UKM00003354,"(250,500]",-3.21043333044059,2.99217410638879,101,375
UKM00003354,"(100,250]",-1.74831963669587,2.60326867772791,158,175
UKM00003354,"(3e+03,4e+03]",-62.5046976364989,35.8942263591011,348,3500
UKM00003354,"(1.5e+03,2e+03]",-24.7822866643533,13.7942623257315,101,1750
UKM00003354,"(4e+03,5e+03]",-79.0298567653593,48.929363178592,180,4500
UKM00003743,"(1,100]",0.270925458784474,2.81150735036453,317,50
UKM00003743,"(500,1e+03]",-2.02282846780965,6.52377915587111,834,750
UKM00003743,"(1e+03,1.5e+03]",-6.65070691712594,13.9212570044686,860,1250
UKM00003743,"(2e+03,3e+03]",-20.368708689484,31.2239069294664,821,2500
UKM00003743,"(5e+03,6e+03]",-79.1639667833503,77.6037379339403,914,5500
UKM00003743,"(250,500]",-0.42955553239995,4.6396888839946,105,375
UKM00003743,"(4e+03,5e+03]",-37.2022165520767,56.278624085738,147,4500
UKM00003743,"(100,250]",-0.447956533545402,2.79170946587865,124,175
UKM00003743,"(3e+03,4e+03]",-35.4531394076393,51.2331945267777,289,3500
UKM00003743,"(1.5e+03,2e+03]",-0.243209190373255,21.288978580387,115,1750
UKM00003808,"(500,1e+03]",-2.24600951377081,5.09734832683006,1524,750
UKM00003808,"(1e+03,1.5e+03]",-4.68939467634058,10.1450676635946,1505,1250
UKM00003808,"(2e+03,3e+03]",-13.5233118844943,20.4301030988691,1333,2500
UKM00003808,"(5e+03,6e+03]",-75.9879544365909,63.5392696550053,1671,5500
UKM00003808,"(1,100]",0.136961467136408,2.45407080847529,648,50
UKM00003808,"(100,250]",-0.487349573959197,2.38945985694236,438,175
UKM00003808,"(3e+03,4e+03]",-41.4198301716412,28.8662741783978,890,3500
UKM00003808,"(250,500]",-1.13909945243796,2.77391331380252,157,375
UKM00003808,"(1.5e+03,2e+03]",-8.80853869242166,14.8039059722982,346,1750
UKM00003808,"(4e+03,5e+03]",-46.3576735141716,35.1389937520979,344,4500
UKM00003882,"(1,100]",-0.488747566968567,2.27222704717596,308,50
UKM00003882,"(500,1e+03]",-6.96345060187485,6.16813529750527,718,750
UKM00003882,"(1e+03,1.5e+03]",-13.7462077648514,11.2734518679283,624,1250
UKM00003882,"(2e+03,3e+03]",-30.5418135207403,22.0676559601085,476,2500
UKM00003882,"(5e+03,6e+03]",-108.069055546644,66.9321983133883,852,5500
UKM00003882,"(100,250]",-1.40708302251532,2.39619139489851,270,175
UKM00003882,"(3e+03,4e+03]",-59.8787969306642,29.667567514804,530,3500
UKM00003882,"(250,500]",-2.95959955532191,2.62645386204726,64,375
UKM00003882,"(1.5e+03,2e+03]",-24.3414388877411,13.2875899035011,211,1750
UKM00003882,"(4e+03,5e+03]",-86.144610276167,45.3093554728887,167,4500
UKM00003918,"(1,100]",4.34294415485944,2.90239708996873,289,50
UKM00003918,"(500,1e+03]",-1.38739814289249,6.45923901574634,866,750
UKM00003918,"(1e+03,1.5e+03]",-4.64378115538639,9.30346991864222,690,1250
UKM00003918,"(2e+03,3e+03]",-22.4930543673504,23.1971116267299,680,2500
UKM00003918,"(5e+03,6e+03]",-86.0234650976908,65.8450741879465,1018,5500
UKM00003918,"(250,500]",-0.431813300824357,4.54690039860209,133,375
UKM00003918,"(100,250]",3.37728074854049,2.99768324955692,356,175
UKM00003918,"(3e+03,4e+03]",-49.2052626869151,30.2491927570626,544,3500
UKM00003918,"(1.5e+03,2e+03]",-16.4891889645182,14.7275850808476,316,1750
UKM00003918,"(4e+03,5e+03]",-86.6881848077526,51.5410712778006,263,4500
USM00070026,"(1,100]",-0.368774262023404,1.47328624991648,2299,50
USM00070026,"(500,1e+03]",-8.92083061847703,10.6752162064967,5741,750
USM00070026,"(1e+03,1.5e+03]",-23.986764107514,21.7583215943476,5435,1250
USM00070026,"(2e+03,3e+03]",-73.9112704628856,50.5072626419047,7164,2500
USM00070026,"(5e+03,6e+03]",-212.510152185279,116.853274291619,6153,5500
USM00070026,"(100,250]",-1.01375080644905,2.00174185332304,2239,175
USM00070026,"(4e+03,5e+03]",-169.979336995426,93.9373721003658,4055,4500
USM00070026,"(250,500]",-2.92357965656294,4.50824048881675,1958,375
USM00070026,"(1.5e+03,2e+03]",-38.0784320352956,30.3335461798932,2683,1750
USM00070026,"(3e+03,4e+03]",-116.890719415761,67.582269764487,4402,3500
USM00070133,"(1,100]",-0.505244862847137,0.813211250453309,2397,50
USM00070133,"(100,250]",-1.50034792864982,1.98094200975832,2273,175
USM00070133,"(250,500]",-3.76907118973924,4.28953410192024,2907,375
USM00070133,"(500,1e+03]",-10.303679221681,9.85189601738146,6565,750
USM00070133,"(1e+03,1.5e+03]",-21.5744132767293,18.1904153175566,6494,1250
USM00070133,"(1.5e+03,2e+03]",-34.4997748888054,27.0891056642378,5545,1750
USM00070133,"(2e+03,3e+03]",-56.890868846239,43.1613074572671,12081,2500
USM00070133,"(3e+03,4e+03]",-90.5351044431286,62.1909328321741,11032,3500
USM00070133,"(4e+03,5e+03]",-125.178304074103,84.0569029736705,10320,4500
USM00070133,"(5e+03,6e+03]",-160.014028274574,105.332745190167,11059,5500
USM00070200,"(1,100]",-0.55185996048519,0.66176033310531,1948,50
USM00070200,"(250,500]",-3.3574455592285,3.56222028710909,2611,375
USM00070200,"(500,1e+03]",-7.87976254700543,8.44717679082858,6592,750
USM00070200,"(1e+03,1.5e+03]",-15.5188781904358,15.4115861992181,6464,1250
USM00070200,"(1.5e+03,2e+03]",-26.5268765759557,24.0624330028541,5400,1750
USM00070200,"(2e+03,3e+03]",-46.1297587381502,38.7071204996989,11827,2500
USM00070200,"(3e+03,4e+03]",-75.4585201191792,55.8025700777438,10417,3500
USM00070200,"(4e+03,5e+03]",-103.80458296893,74.3255513242747,9971,4500
USM00070200,"(5e+03,6e+03]",-135.832918990951,97.1153665537335,10716,5500
USM00070200,"(100,250]",-1.45476407997178,1.59718567998715,1648,175
USM00070219,"(100,250]",-1.13798863958518,1.62695137600628,2174,175
USM00070219,"(250,500]",-2.98386708749992,3.94947741907429,3029,375
USM00070219,"(500,1e+03]",-7.47173344673677,10.2636227640555,6578,750
USM00070219,"(1e+03,1.5e+03]",-14.9044188571768,19.6492106357064,6410,1250
USM00070219,"(1.5e+03,2e+03]",-24.532882163019,30.1284382889425,5422,1750
USM00070219,"(2e+03,3e+03]",-42.4595741922905,48.1239203444686,11475,2500
USM00070219,"(3e+03,4e+03]",-64.3769027768847,68.1269700119927,10716,3500
USM00070219,"(4e+03,5e+03]",-92.749570676882,92.9363361922086,10085,4500
USM00070219,"(5e+03,6e+03]",-119.482299076518,118.008993981413,11049,5500
USM00070219,"(1,100]",-0.551546767905386,0.630706958002848,2120,50
USM00070231,"(1,100]",0.451390007985486,0.627251631183908,2037,50
USM00070231,"(100,250]",-0.024643096643592,1.81602581502416,1416,175
USM00070231,"(250,500]",-1.41923983571879,4.37310114222197,3160,375
USM00070231,"(500,1e+03]",-6.18837181858693,11.5155694132775,7156,750
USM00070231,"(1e+03,1.5e+03]",-14.6944826582322,24.3343006771885,6504,1250
USM00070231,"(1.5e+03,2e+03]",-24.8970327232083,38.5558800791132,5312,1750
USM00070231,"(2e+03,3e+03]",-42.1882312619783,62.1399464011164,11958,2500
USM00070231,"(3e+03,4e+03]",-64.7873905496692,92.3929407498738,10676,3500
USM00070231,"(4e+03,5e+03]",-92.1309691198002,124.006244621874,10424,4500
USM00070231,"(5e+03,6e+03]",-118.814209138786,152.818132668292,11263,5500
USM00070261,"(1,100]",-0.457072375940358,0.587953973312011,2461,50
USM00070261,"(100,250]",-1.96144667580775,2.09746928843061,1581,175
USM00070261,"(250,500]",-4.75935818577142,5.3143284387615,2961,375
USM00070261,"(500,1e+03]",-10.8386314781473,13.2318095003577,6467,750
USM00070261,"(1e+03,1.5e+03]",-20.7143737649713,26.2786784395578,6492,1250
USM00070261,"(1.5e+03,2e+03]",-31.2415311028405,42.0860328034165,5045,1750
USM00070261,"(2e+03,3e+03]",-48.6538779869342,68.687584281824,11797,2500
USM00070261,"(3e+03,4e+03]",-71.1428523110549,100.305865400798,10630,3500
USM00070261,"(4e+03,5e+03]",-99.6277210734737,136.175115549808,10201,4500
USM00070261,"(5e+03,6e+03]",-123.01168978433,168.440853202202,11107,5500
USM00070273,"(1,100]",-0.305949419610385,0.535691185734433,2371,50
USM00070273,"(250,500]",-1.78898204300957,2.86338706125818,3339,375
USM00070273,"(500,1e+03]",-5.47802815564704,7.04762442251167,6442,750
USM00070273,"(1e+03,1.5e+03]",-11.2921151079866,14.124854022673,6092,1250
USM00070273,"(1.5e+03,2e+03]",-18.070968093799,21.7957421378636,5129,1750
USM00070273,"(2e+03,3e+03]",-27.1879561498172,34.962978618908,11470,2500
USM00070273,"(3e+03,4e+03]",-43.7285141554763,52.7763763443707,10223,3500
USM00070273,"(4e+03,5e+03]",-59.5268138425609,71.8130196342365,9846,4500
USM00070273,"(5e+03,6e+03]",-75.4683349683059,91.7019356861976,10746,5500
USM00070273,"(100,250]",-0.567572689584883,1.19103356829953,2530,175
USM00070308,"(250,500]",-0.725387655305695,2.11553187194203,2411,375
USM00070308,"(1e+03,1.5e+03]",-4.95132499001368,12.8025537180959,6702,1250
USM00070308,"(2e+03,3e+03]",-24.1463721902359,34.0993813270739,11399,2500
USM00070308,"(5e+03,6e+03]",-89.3821819122731,93.7902383635037,10676,5500
USM00070308,"(500,1e+03]",-1.91251878529864,6.11499243702127,6789,750
USM00070308,"(1,100]",0.189245697545315,0.653034644929887,1610,50
USM00070308,"(100,250]",-0.201129227736346,1.01658452837738,1306,175
USM00070308,"(3e+03,4e+03]",-48.160898700716,53.2760129456692,10329,3500
USM00070308,"(1.5e+03,2e+03]",-10.4085325697484,20.5012639388862,5616,1750
USM00070308,"(4e+03,5e+03]",-66.7106416120307,73.2529223399056,9747,4500
USM00070316,"(1,100]",0.220934117241319,0.573056806277369,1474,50
USM00070316,"(250,500]",-0.853241296899282,2.49833890389503,2196,375
USM00070316,"(500,1e+03]",-2.02986079611377,5.756845464201,5653,750
USM00070316,"(1e+03,1.5e+03]",-4.62648116031588,11.2170445345151,5792,1250
USM00070316,"(1.5e+03,2e+03]",-9.58753330259143,17.873738189042,4620,1750
USM00070316,"(2e+03,3e+03]",-20.5311468445836,29.3451969156256,9623,2500
USM00070316,"(3e+03,4e+03]",-41.194059686177,45.8346845135027,8382,3500
USM00070316,"(4e+03,5e+03]",-60.9205761097793,62.9456122055285,7839,4500
USM00070316,"(5e+03,6e+03]",-83.6779775201252,83.5207004994683,9075,5500
USM00070316,"(100,250]",-0.188778862523858,1.13713088419944,1234,175
USM00070326,"(1,100]",-0.525887042955802,0.550177857904301,2089,50
USM00070326,"(250,500]",-2.02589188540213,3.35546184543673,2903,375
USM00070326,"(500,1e+03]",-4.87228045715492,8.51162364037832,6736,750
USM00070326,"(1e+03,1.5e+03]",-9.60912727395285,16.3181477255902,6548,1250
USM00070326,"(1.5e+03,2e+03]",-16.9489103117274,24.8377316062977,5632,1750
USM00070326,"(2e+03,3e+03]",-28.8710528848899,38.5755521657207,11993,2500
USM00070326,"(3e+03,4e+03]",-47.2925455451966,57.1245709982146,11049,3500
USM00070326,"(4e+03,5e+03]",-69.6053579455891,78.0606686199104,10617,4500
USM00070326,"(5e+03,6e+03]",-91.1955425643889,101.934857689583,11686,5500
USM00070326,"(100,250]",-0.904613933641889,1.40729655628551,1950,175
USM00070350,"(1,100]",-0.357462846579414,0.694817572794425,1779,50
USM00070350,"(100,250]",-0.832647816834934,1.76666227299055,1354,175
USM00070350,"(250,500]",-1.7820303134556,3.85637093216357,2298,375
USM00070350,"(500,1e+03]",-3.51572458074599,8.2075014544456,6124,750
USM00070350,"(1e+03,1.5e+03]",-5.30933857890359,14.0168484765068,6735,1250
USM00070350,"(1.5e+03,2e+03]",-9.87048009251327,21.6657164956863,5691,1750
USM00070350,"(2e+03,3e+03]",-18.232102858906,33.3227955097684,12079,2500
USM00070350,"(3e+03,4e+03]",-35.9654094182036,49.7861505480716,11037,3500
USM00070350,"(4e+03,5e+03]",-52.5419191373733,67.4504009514668,10457,4500
USM00070350,"(5e+03,6e+03]",-67.4403495026657,85.7647528621758,11677,5500
USM00070361,"(250,500]",-1.51502827214476,2.03162658997386,2614,375
USM00070361,"(500,1e+03]",-3.16290066765922,4.39600179166729,6140,750
USM00070361,"(1e+03,1.5e+03]",-5.64237914594131,8.30021687243223,5888,1250
USM00070361,"(1.5e+03,2e+03]",-8.47961383383993,13.3719624734648,5381,1750
USM00070361,"(2e+03,3e+03]",-14.6664127882717,22.4247199781554,11199,2500
USM00070361,"(3e+03,4e+03]",-28.1820468448173,35.7780428742778,11328,3500
USM00070361,"(4e+03,5e+03]",-41.3649920383222,51.6056043341908,10611,4500
USM00070361,"(5e+03,6e+03]",-51.7385082970604,68.6383358522123,10986,5500
USM00070361,"(1,100]",-0.32410109527578,0.687433198153009,1930,50
USM00070361,"(100,250]",-0.666228153972344,1.04532538064401,2142,175
USM00070398,"(1,100]",0.223960871071765,0.662885796004415,1786,50
USM00070398,"(250,500]",-1.45807517027314,2.37226539332672,2412,375
USM00070398,"(500,1e+03]",-3.5379330843804,5.6541478443895,6311,750
USM00070398,"(1e+03,1.5e+03]",-6.91447739242062,10.3418216289082,6332,1250
USM00070398,"(1.5e+03,2e+03]",-10.5482762383863,15.0515941716428,5595,1750
USM00070398,"(2e+03,3e+03]",-18.4212320341919,23.5869263435436,12416,2500
USM00070398,"(3e+03,4e+03]",-34.5010404258834,36.7653692084587,11793,3500
USM00070398,"(4e+03,5e+03]",-50.2483013042349,52.1193280555757,10745,4500
USM00070398,"(5e+03,6e+03]",-66.2400570567393,69.6529800691827,11786,5500
USM00070398,"(100,250]",-0.572055435052018,1.24931219382479,1503,175
USM00070414,"(1,100]",-1.17581241366159,9.62423183650758,273,50
USM00070414,"(500,1e+03]",-7.90128685227794,6.99931577394782,659,750
USM00070414,"(1e+03,1.5e+03]",-12.9080924554968,16.9801478988137,625,1250
USM00070414,"(2e+03,3e+03]",-22.2490384509341,37.5566657757949,504,2500
USM00070414,"(5e+03,6e+03]",-109.044004614793,110.942389473536,669,5500
USM00070414,"(250,500]",-4.65862022815286,3.19201275580317,43,375
USM00070414,"(100,250]",-4.66551005602159,7.16032505467202,223,175
USM00070414,"(1.5e+03,2e+03]",-32.6559510103931,22.3257282581061,66,1750
USM00070414,"(3e+03,4e+03]",-97.8371167664005,37.0779489008914,186,3500
USM00072201,"(100,250]",-1.64655994578795,0.881243975571668,2185,175
USM00072201,"(250,500]",-3.42865023274291,1.82541567769857,2081,375
USM00072201,"(500,1e+03]",-5.9714395060137,2.99568110943608,6962,750
USM00072201,"(1e+03,1.5e+03]",-8.39615665125687,4.95930772385202,6101,1250
USM00072201,"(1.5e+03,2e+03]",-12.0580758208882,6.47626845095039,7403,1750
USM00072201,"(2e+03,3e+03]",-20.4584814022809,9.04077890876849,12813,2500
USM00072201,"(3e+03,4e+03]",-33.7587925693153,13.1651106319881,13537,3500
USM00072201,"(4e+03,5e+03]",-49.6921743957992,19.2845179727041,13182,4500
USM00072201,"(5e+03,6e+03]",-67.1132308401722,25.7717568100524,13957,5500
USM00072201,"(1,100]",-1.09587501522562,1.3519391069921,852,50
USM00072206,"(1,100]",-0.884775704508943,0.981473500779838,1800,50
USM00072206,"(100,250]",-1.7669124204385,1.4499944885808,3064,175
USM00072206,"(250,500]",-4.16711056588027,3.05399328273747,3490,375
USM00072206,"(500,1e+03]",-9.5250721985222,7.29614017378949,7657,750
USM00072206,"(1.5e+03,2e+03]",-24.0366666163364,18.5213119564205,6250,1750
USM00072206,"(2e+03,3e+03]",-37.19616293413,28.6251229112516,10999,2500
USM00072206,"(3e+03,4e+03]",-58.6070994868848,43.2997400972533,11675,3500
USM00072206,"(4e+03,5e+03]",-82.5353170087333,57.7798151553843,10869,4500
USM00072206,"(5e+03,6e+03]",-109.521345061175,73.4978735751901,10798,5500
USM00072206,"(1e+03,1.5e+03]",-16.8440812387057,12.8730220436993,5250,1250
USM00072208,"(100,250]",-2.19760561686655,1.62357718970185,2808,175
USM00072208,"(500,1e+03]",-10.1019018098793,7.30215406965699,7331,750
USM00072208,"(1.5e+03,2e+03]",-25.2031687330524,18.625672936113,5799,1750
USM00072208,"(3e+03,4e+03]",-61.0745839530495,45.1050012713096,11165,3500
USM00072208,"(5e+03,6e+03]",-115.316200447311,78.7271518911407,10240,5500
USM00072208,"(1e+03,1.5e+03]",-17.4385254363486,12.9282142352959,5159,1250
USM00072208,"(1,100]",-1.01815330546289,3.36270792027256,1613,50
USM00072208,"(2e+03,3e+03]",-38.8639819129421,30.3373463923574,10470,2500
USM00072208,"(250,500]",-4.59960909808455,3.07940942688008,3290,375
USM00072208,"(4e+03,5e+03]",-85.8160389133665,60.3072712900153,10118,4500
USM00072210,"(100,250]",-1.58683767761294,1.4432752135905,2877,175
USM00072210,"(500,1e+03]",-8.44269267747752,5.7786910291041,6934,750
USM00072210,"(1.5e+03,2e+03]",-19.8174276279421,15.2960922458294,5917,1750
USM00072210,"(3e+03,4e+03]",-47.7389440022912,38.6765047076546,10561,3500
USM00072210,"(5e+03,6e+03]",-92.769168399514,67.1235332990969,10215,5500
USM00072210,"(1,100]",-0.963534380917167,0.960905828137126,1524,50
USM00072210,"(1e+03,1.5e+03]",-14.6353726805558,10.250442921727,4699,1250
USM00072210,"(2e+03,3e+03]",-30.3485255182005,25.3855706193698,10143,2500
USM00072210,"(250,500]",-3.83604703955047,2.3660404850249,2987,375
USM00072210,"(4e+03,5e+03]",-68.573521614882,52.3112232207994,10077,4500
USM00072215,"(500,1e+03]",-8.26661942693111,7.4853789451054,6180,750
USM00072215,"(1e+03,1.5e+03]",-15.3713386453946,14.3805811389473,5383,1250
USM00072215,"(2e+03,3e+03]",-37.5832024392049,36.7060495348424,9829,2500
USM00072215,"(5e+03,6e+03]",-107.483683667195,86.0464990851652,8641,5500
USM00072215,"(250,500]",-3.88831755656793,3.09593997673711,2615,375
USM00072215,"(1,100]",-0.618603778659754,2.44147879521085,1103,50
USM00072215,"(1.5e+03,2e+03]",-23.2594272169409,21.6932466000515,4691,1750
USM00072215,"(3e+03,4e+03]",-57.7138552783686,53.3232935723865,8978,3500
USM00072215,"(4e+03,5e+03]",-79.6999700283306,68.2687120618777,8101,4500
USM00072215,"(100,250]",-1.49312525967034,1.41835527392268,1681,175
USM00072230,"(500,1e+03]",-8.53959514478171,8.07226717871147,5994,750
USM00072230,"(1e+03,1.5e+03]",-15.6594673276935,15.7285624161288,6529,1250
USM00072230,"(2e+03,3e+03]",-36.5195447395341,38.8055550427713,10451,2500
USM00072230,"(5e+03,6e+03]",-103.56146185075,91.9727057411756,9662,5500
USM00072230,"(1,100]",-0.662271442785558,1.18820308209169,1622,50
USM00072230,"(100,250]",-1.75376812394622,1.68990962234724,1761,175
USM00072230,"(1.5e+03,2e+03]",-22.9490295087478,23.8119185095944,5347,1750
USM00072230,"(3e+03,4e+03]",-55.1427505556307,55.5350950810073,9557,3500
USM00072230,"(250,500]",-4.53821253846207,3.79924054152624,2865,375
USM00072230,"(4e+03,5e+03]",-76.7581098320945,73.4619511263015,9829,4500
USM00072233,"(1,100]",0.0953552412940298,0.671652064743227,2346,50
USM00072233,"(100,250]",-0.658632579812537,1.08986120315079,3037,175
USM00072233,"(250,500]",-2.72767507835198,2.31058944288217,2447,375
USM00072233,"(500,1e+03]",-6.74106375491702,5.07326851522922,6817,750
USM00072233,"(1e+03,1.5e+03]",-12.0979358590039,8.81992078220363,6559,1250
USM00072233,"(1.5e+03,2e+03]",-18.2245903102436,12.845679317531,7556,1750
USM00072233,"(2e+03,3e+03]",-29.8176087236719,21.6669510515126,12438,2500
USM00072233,"(3e+03,4e+03]",-48.6466298911847,34.0841963606531,13208,3500
USM00072233,"(4e+03,5e+03]",-67.4445182726726,45.9134912641342,11694,4500
USM00072233,"(5e+03,6e+03]",-89.2333109442002,59.2624524900669,12371,5500
USM00072235,"(1,100]",-0.269732829634756,0.620876661807951,2814,50
USM00072235,"(100,250]",-1.85328210629987,1.48742151632745,1866,175
USM00072235,"(250,500]",-4.33394418785172,3.61112466612531,2258,375
USM00072235,"(500,1e+03]",-8.55344218106549,8.43580532403037,6094,750
USM00072235,"(1e+03,1.5e+03]",-15.1064263624964,16.3559516009334,6877,1250
USM00072235,"(1.5e+03,2e+03]",-21.0532355919342,23.8229272723648,5963,1750
USM00072235,"(2e+03,3e+03]",-33.430406265794,37.6288778649484,12168,2500
USM00072235,"(3e+03,4e+03]",-52.6741361483686,55.7305738722119,12325,3500
USM00072235,"(4e+03,5e+03]",-73.0023873017578,73.4939808219072,10822,4500
USM00072235,"(5e+03,6e+03]",-96.2415878559346,94.0701567319731,11382,5500
USM00072240,"(100,250]",-1.21791147540722,1.67797590197643,2893,175
USM00072240,"(500,1e+03]",-7.95582708873486,8.27127046428629,7330,750
USM00072240,"(1.5e+03,2e+03]",-19.9082254488313,21.8810201967227,6137,1750
USM00072240,"(3e+03,4e+03]",-51.8465701020202,51.0573702900931,10936,3500
USM00072240,"(5e+03,6e+03]",-95.8477727465345,85.5505518472017,10323,5500
USM00072240,"(1,100]",-0.389717582002232,1.03477383779493,1621,50
USM00072240,"(1e+03,1.5e+03]",-13.7928218360358,14.8627057600017,5315,1250
USM00072240,"(2e+03,3e+03]",-32.2157921019275,34.5597105955456,10389,2500
USM00072240,"(250,500]",-3.46751845867137,3.43913189817371,3011,375
USM00072240,"(4e+03,5e+03]",-71.8853611879464,67.5689016725209,10280,4500
USM00072248,"(1,100]",-0.742770920708332,1.15507830963848,2360,50
USM00072248,"(500,1e+03]",-8.31272215083013,8.65643445072668,7429,750
USM00072248,"(1e+03,1.5e+03]",-15.4587330517801,17.1023871116918,6289,1250
USM00072248,"(3e+03,4e+03]",-57.885105570588,57.9447902100113,11120,3500
USM00072248,"(5e+03,6e+03]",-103.392605933056,99.4079989571002,10593,5500
USM00072248,"(2e+03,3e+03]",-35.6758005499648,38.7550595072094,11105,2500
USM00072248,"(100,250]",-1.86790012608534,1.77199092757472,2747,175
USM00072248,"(1.5e+03,2e+03]",-21.7933177517202,24.5246151353951,4859,1750
USM00072248,"(250,500]",-4.51840283437239,3.92651075662056,1920,375
USM00072248,"(4e+03,5e+03]",-78.683488706458,77.5350246418065,10550,4500
USM00072249,"(1,100]",-0.754529416679855,0.671544991452512,1497,50
USM00072249,"(100,250]",-2.49383413060037,1.62179930173874,1279,175
USM00072249,"(250,500]",-4.86403072325242,3.39547860693306,2162,375
USM00072249,"(500,1e+03]",-8.20171678943981,8.1949568824802,6246,750
USM00072249,"(1e+03,1.5e+03]",-14.1135562577356,16.4249912261749,6677,1250
USM00072249,"(1.5e+03,2e+03]",-19.0823569338256,25.0457166505806,5533,1750
USM00072249,"(2e+03,3e+03]",-32.7161404431317,41.6188067158315,11740,2500
USM00072249,"(3e+03,4e+03]",-49.0897125216704,61.0406795775441,9969,3500
USM00072249,"(4e+03,5e+03]",-63.604553518223,81.6450262880115,9868,4500
USM00072249,"(5e+03,6e+03]",-78.7664184461583,103.214614313373,11101,5500
USM00072250,"(1,100]",-0.651685429933091,0.63217045748925,1978,50
USM00072250,"(100,250]",-1.66906056508942,1.40696635262041,2114,175
USM00072250,"(250,500]",-3.84096924642539,3.31454469651618,1910,375
USM00072250,"(500,1e+03]",-7.03363031608988,6.7982524523406,8010,750
USM00072250,"(1e+03,1.5e+03]",-12.8467882309456,11.8977557495443,6932,1250
USM00072250,"(1.5e+03,2e+03]",-19.7141303327624,17.1874488857935,7183,1750
USM00072250,"(2e+03,3e+03]",-32.8634575981109,26.3522490178282,11335,2500
USM00072250,"(3e+03,4e+03]",-52.5339941801696,38.3257525137811,11723,3500
USM00072250,"(4e+03,5e+03]",-73.3546935575131,53.3673599609323,10900,4500
USM00072250,"(5e+03,6e+03]",-91.9460079597444,65.949589297799,12143,5500
USM00072251,"(1,100]",-0.607715447751827,1.10232327265066,1980,50
USM00072251,"(500,1e+03]",-7.28153643446029,6.94136294180417,7369,750
USM00072251,"(1e+03,1.5e+03]",-13.4654920827494,12.3580241483565,5214,1250
USM00072251,"(3e+03,4e+03]",-49.9433265915054,41.3441392241631,10385,3500
USM00072251,"(5e+03,6e+03]",-90.1526172976045,69.8355768878614,9976,5500
USM00072251,"(100,250]",-1.3929485510114,1.51066617418774,2441,175
USM00072251,"(1.5e+03,2e+03]",-19.3862047006332,17.8267180399817,5746,1750
USM00072251,"(250,500]",-3.51282868777402,2.95841175298947,2892,375
USM00072251,"(2e+03,3e+03]",-31.6351131611196,27.9522395544142,9890,2500
USM00072251,"(4e+03,5e+03]",-69.2810095635889,55.4067783371603,9683,4500
USM00072261,"(1,100]",-0.219437011907177,0.490990770936509,893,50
USM00072261,"(100,250]",-1.348541710546,1.53755573014654,736,175
USM00072261,"(250,500]",-2.74978054183528,3.76895503903696,2563,375
USM00072261,"(500,1e+03]",-5.64802774049235,7.96726727163428,4044,750
USM00072261,"(1e+03,1.5e+03]",-8.77625576553326,15.0806264447219,5330,1250
USM00072261,"(1.5e+03,2e+03]",-11.6248496492129,23.7081085660287,4603,1750
USM00072261,"(2e+03,3e+03]",-17.4476060001834,39.4307762199348,9567,2500
USM00072261,"(3e+03,4e+03]",-25.358833174169,61.3500007525844,8010,3500
USM00072261,"(4e+03,5e+03]",-29.5955168533101,81.2255190769787,9070,4500
USM00072261,"(5e+03,6e+03]",-37.7332728399698,100.374536036351,9680,5500
USM00072265,"(500,1e+03]",-7.16993117463011,10.7890736021118,6127,750
USM00072265,"(2e+03,3e+03]",-22.9266596457303,48.3242724787491,8701,2500
USM00072265,"(4e+03,5e+03]",-33.3577739729071,100.300059556818,8473,4500
USM00072265,"(1,100]",-0.705386108564878,1.45644220385971,2069,50
USM00072265,"(250,500]",-3.62306457561847,4.43732709651426,2495,375
USM00072265,"(1e+03,1.5e+03]",-12.3859038123406,20.2706921282509,4084,1250
USM00072265,"(1.5e+03,2e+03]",-17.293037143555,31.0574235136359,3551,1750
USM00072265,"(3e+03,4e+03]",-28.4667754783355,73.5312931530384,8266,3500
USM00072265,"(5e+03,6e+03]",-30.1044574024166,122.7747064925,7465,5500
USM00072265,"(100,250]",-1.75654624860813,2.22781498764665,1206,175
USM00072293,"(250,500]",-1.73388674005457,3.82178732613509,3825,375
USM00072293,"(500,1e+03]",-4.95014713765966,8.69872041291899,8471,750
USM00072293,"(1e+03,1.5e+03]",-13.718491989298,17.1984767090515,7033,1250
USM00072293,"(1.5e+03,2e+03]",-21.8768958688821,25.5487494451404,5012,1750
USM00072293,"(2e+03,3e+03]",-39.8100912830237,39.5530840984331,9437,2500
USM00072293,"(3e+03,4e+03]",-70.4474169491777,55.376350619365,9112,3500
USM00072293,"(4e+03,5e+03]",-101.488451102829,71.7281089507772,8394,4500
USM00072293,"(5e+03,6e+03]",-131.08710821348,86.0056837824962,9173,5500
USM00072293,"(1,100]",-0.588099182401417,0.562194320239467,2005,50
USM00072293,"(100,250]",-1.13514994459417,1.79355575085065,1536,175
USM00072305,"(100,250]",-1.38298580057811,1.48239060496886,2917,175
USM00072305,"(500,1e+03]",-8.30213768641943,6.66293985431756,7346,750
USM00072305,"(1e+03,1.5e+03]",-15.3432778590695,11.842827044087,5174,1250
USM00072305,"(3e+03,4e+03]",-57.4250576938526,41.4095499516887,10844,3500
USM00072305,"(5e+03,6e+03]",-110.546956214133,71.7352992242464,9798,5500
USM00072305,"(1.5e+03,2e+03]",-22.4508570328138,17.0916344438357,5613,1750
USM00072305,"(1,100]",-0.679845274749524,1.28931896623208,1797,50
USM00072305,"(2e+03,3e+03]",-35.2511841746281,27.6426792771082,10380,2500
USM00072305,"(250,500]",-3.46486560012011,2.6667407267503,3335,375
USM00072305,"(4e+03,5e+03]",-81.3319111215545,54.4488852507946,9848,4500
USM00072317,"(500,1e+03]",-8.60992409052714,7.87665596938864,6071,750
USM00072317,"(1e+03,1.5e+03]",-15.304606638646,14.6978863873434,5497,1250
USM00072317,"(2e+03,3e+03]",-36.6515927215488,38.3281061862147,10069,2500
USM00072317,"(5e+03,6e+03]",-106.450304965132,93.6103003384124,8996,5500
USM00072317,"(250,500]",-3.99682420831295,3.37355374890728,3156,375
USM00072317,"(1,100]",-1.06567396294077,1.12203547701852,473,50
USM00072317,"(1.5e+03,2e+03]",-22.8103439461876,23.1927541242374,4846,1750
USM00072317,"(3e+03,4e+03]",-57.0425714913119,55.7218207947257,9180,3500
USM00072317,"(4e+03,5e+03]",-79.0483290543635,73.2574347247617,8255,4500
USM00072317,"(100,250]",-1.87832751466321,1.73766597849302,1350,175
USM00072318,"(1,100]",-0.943213570918724,1.93021506500517,1705,50
USM00072318,"(100,250]",-1.48812542862427,2.57949585290548,3195,175
USM00072318,"(250,500]",-3.15108995681159,3.02570057312254,3581,375
USM00072318,"(500,1e+03]",-7.12388919121212,8.30969378315235,7923,750
USM00072318,"(1e+03,1.5e+03]",-12.8996863285829,15.9237203453142,6353,1250
USM00072318,"(1.5e+03,2e+03]",-19.9612592738446,24.3752549157802,5531,1750
USM00072318,"(2e+03,3e+03]",-32.3136863899253,38.4157239200796,12978,2500
USM00072318,"(3e+03,4e+03]",-53.8907668902107,57.2482402418889,11842,3500
USM00072318,"(4e+03,5e+03]",-78.759155036538,75.8025893286552,10735,4500
USM00072318,"(5e+03,6e+03]",-102.534235260182,92.2485636450197,10563,5500
USM00072327,"(500,1e+03]",-7.64699470703764,8.18466959246672,5876,750
USM00072327,"(1e+03,1.5e+03]",-13.5055034136557,15.6895638568524,6673,1250
USM00072327,"(2e+03,3e+03]",-32.9295655609252,38.1314510780304,10541,2500
USM00072327,"(5e+03,6e+03]",-98.5659334416588,92.521002209446,9449,5500
USM00072327,"(1,100]",-0.879739429409743,1.19869025328064,1547,50
USM00072327,"(250,500]",-4.25904230764695,3.83606771334206,2829,375
USM00072327,"(100,250]",-1.80189507966458,1.73738253015767,1804,175
USM00072327,"(1.5e+03,2e+03]",-20.228477976101,23.9774529101268,5291,1750
USM00072327,"(3e+03,4e+03]",-50.3832032419838,54.556943045985,9243,3500
USM00072327,"(4e+03,5e+03]",-72.5312207485608,72.4865060844219,9615,4500
USM00072340,"(500,1e+03]",-8.43533924954131,9.01991693428925,5633,750
USM00072340,"(1e+03,1.5e+03]",-15.1043918094685,17.1331406944592,6207,1250
USM00072340,"(2e+03,3e+03]",-37.7705779879383,41.6370936679859,9404,2500
USM00072340,"(5e+03,6e+03]",-104.349208086039,98.4109187399411,8844,5500
USM00072340,"(1,100]",-1.0177167820292,1.44749026093615,1380,50
USM00072340,"(100,250]",-2.08430520137139,1.9700113976176,1753,175
USM00072340,"(250,500]",-4.69253849526337,4.39691375908978,2610,375
USM00072340,"(3e+03,4e+03]",-55.9383744667227,58.5877759423241,8305,3500
USM00072340,"(1.5e+03,2e+03]",-22.9863248228497,26.3829352024906,4702,1750
USM00072340,"(4e+03,5e+03]",-78.1533162095855,77.7575866752753,8613,4500
USM00072357,"(1,100]",0.0564508735409946,0.520547647430321,1459,50
USM00072357,"(100,250]",-1.36901668025159,1.57178402359287,1618,175
USM00072357,"(250,500]",-3.75666724504431,4.15020758262201,3663,375
USM00072357,"(500,1e+03]",-7.80976708004616,9.18770499248707,5159,750
USM00072357,"(1e+03,1.5e+03]",-13.7383227558137,17.3022625585842,6821,1250
USM00072357,"(1.5e+03,2e+03]",-21.2895209283024,27.4643806524026,5345,1750
USM00072357,"(2e+03,3e+03]",-36.3144584244444,44.2014996238552,10964,2500
USM00072357,"(3e+03,4e+03]",-56.4156056840415,63.935649363712,9386,3500
USM00072357,"(4e+03,5e+03]",-69.7885505003206,84.2784161791871,9660,4500
USM00072357,"(5e+03,6e+03]",-86.8903681887291,107.2443751467,10872,5500
USM00072363,"(250,500]",-3.44547459765748,4.96458264074268,4110,375
USM00072363,"(1.5e+03,2e+03]",-20.5094503550375,32.0296085250962,4258,1750
USM00072363,"(4e+03,5e+03]",-39.7474281816396,99.2489543174627,9194,4500
USM00072363,"(5e+03,6e+03]",-43.6846842233562,123.017027486002,7379,5500
USM00072363,"(2e+03,3e+03]",-27.2928577714845,48.5327312602341,8492,2500
USM00072363,"(500,1e+03]",-8.10951299145574,10.992563684606,3966,750
USM00072363,"(100,250]",-0.902732185850333,1.95652359039694,1550,175
USM00072363,"(1e+03,1.5e+03]",-13.3805470123767,20.0750544640329,4462,1250
USM00072363,"(3e+03,4e+03]",-34.739662158265,73.6489462816815,8548,3500
USM00072363,"(1,100]",0.0171978136868729,0.90134968298693,880,50
USM00072364,"(100,250]",-1.00980716150101,2.2639449239702,3347,175
USM00072364,"(1.5e+03,2e+03]",-8.32214834713046,33.0614818647051,4973,1750
USM00072364,"(4e+03,5e+03]",7.57734143901669,100.841625619503,9197,4500
USM00072364,"(5e+03,6e+03]",16.6622728641506,126.325620656555,7456,5500
USM00072364,"(250,500]",-3.17937640581921,4.78601658978509,2348,375
USM00072364,"(500,1e+03]",-5.01899961096374,11.3871917149074,4686,750
USM00072364,"(1e+03,1.5e+03]",-7.27019127243369,21.6852622016554,3285,1250
USM00072364,"(2e+03,3e+03]",-8.17794058154597,51.8415257734904,8272,2500
USM00072364,"(3e+03,4e+03]",-1.31544652819893,75.2316940728928,7961,3500
USM00072364,"(1,100]",-0.282573211400334,0.907736559878361,1191,50
USM00072365,"(1e+03,1.5e+03]",-10.9400139391801,19.7210126354418,3917,1250
USM00072365,"(4e+03,5e+03]",-8.40751110730614,96.2751958127899,8014,4500
USM00072365,"(5e+03,6e+03]",-1.74466382136284,124.435248876426,7025,5500
USM00072365,"(3e+03,4e+03]",-12.7687134326384,70.7204376763708,7296,3500
USM00072365,"(1.5e+03,2e+03]",-14.4424312845625,28.5660549387174,3892,1750
USM00072365,"(1,100]",-0.420175669946977,0.955687070108896,976,50
USM00072365,"(100,250]",-1.12823122242964,1.68388678127914,2522,175
USM00072365,"(250,500]",-3.62294593896748,4.74093638506046,3047,375
USM00072365,"(500,1e+03]",-7.07863242827617,10.4295447221886,3809,750
USM00072365,"(2e+03,3e+03]",-15.6325190191605,46.5613094093674,7320,2500
USM00072376,"(500,1e+03]",-5.37333712633042,11.2347089386038,6438,750
USM00072376,"(3e+03,4e+03]",-12.1335699451195,69.5698565363102,10358,3500
USM00072376,"(5e+03,6e+03]",-7.57566668733155,109.864293272798,3674,5500
USM00072376,"(4e+03,5e+03]",-10.9965013523379,90.8773449217353,8856,4500
USM00072376,"(1,100]",-0.137184665300338,2.13745954499783,1298,50
USM00072376,"(100,250]",-0.734463971484176,1.99973761032725,2797,175
USM00072376,"(250,500]",-3.01030070814724,4.55451869510558,1901,375
USM00072376,"(1.5e+03,2e+03]",-10.4457824905084,30.5714958061426,4317,1750
USM00072376,"(2e+03,3e+03]",-10.2087297267965,46.7080767697012,10249,2500
USM00072376,"(1e+03,1.5e+03]",-8.87720175720116,19.8645128437918,4508,1250
USM00072388,"(1,100]",-0.344726106720659,2.37311701090463,2303,50
USM00072388,"(500,1e+03]",-4.9868708435204,11.2665724477729,6352,750
USM00072388,"(2e+03,3e+03]",-7.89499472773938,48.1345386297175,9204,2500
USM00072388,"(4e+03,5e+03]",4.97665631602867,99.3900804443534,8660,4500
USM00072388,"(100,250]",-1.32743093854609,2.14478768762379,2775,175
USM00072388,"(5e+03,6e+03]",14.1906241283177,125.344370691645,8176,5500
USM00072388,"(250,500]",-3.64848059448535,5.0643984512945,1879,375
USM00072388,"(1e+03,1.5e+03]",-7.7880074795914,21.3967572581112,4076,1250
USM00072388,"(1.5e+03,2e+03]",-9.6024479193862,31.2229389420027,3616,1750
USM00072388,"(3e+03,4e+03]",-1.87478897445524,73.5936735022423,8715,3500
USM00072402,"(100,250]",-0.67217846972012,1.40452774339485,2641,175
USM00072402,"(500,1e+03]",-7.10398185199762,6.42474870787708,6983,750
USM00072402,"(1e+03,1.5e+03]",-13.6356934867457,11.6035390955753,4977,1250
USM00072402,"(3e+03,4e+03]",-57.2346241701278,39.6792161578294,9980,3500
USM00072402,"(5e+03,6e+03]",-112.733398126066,69.1007153263968,9374,5500
USM00072402,"(1.5e+03,2e+03]",-20.5925089113092,16.174877936326,5232,1750
USM00072402,"(1,100]",-0.322545033230719,1.28428549308279,1500,50
USM00072402,"(2e+03,3e+03]",-33.8241385954205,26.553553221158,9895,2500
USM00072402,"(250,500]",-2.59588662813326,2.62804329865986,3213,375
USM00072402,"(4e+03,5e+03]",-81.3864414951128,53.8310240859288,9213,4500
USM00072403,"(1,100]",-0.726657778280636,0.614218032936063,2433,50
USM00072403,"(250,500]",-4.15796981850648,3.08668740349221,2025,375
USM00072403,"(500,1e+03]",-7.91690572124525,7.51066687465213,5521,750
USM00072403,"(1e+03,1.5e+03]",-14.07439843254,14.9487406159068,6485,1250
USM00072403,"(1.5e+03,2e+03]",-19.8186536012128,23.13280478842,5661,1750
USM00072403,"(2e+03,3e+03]",-31.7283659754004,37.2215489067998,12100,2500
USM00072403,"(3e+03,4e+03]",-50.6866279430991,56.2825747610206,11775,3500
USM00072403,"(4e+03,5e+03]",-72.3932872334738,74.7384757212489,10213,4500
USM00072403,"(5e+03,6e+03]",-101.693433358331,94.2601466914995,10974,5500
USM00072403,"(100,250]",-1.97992732814928,1.41390119059622,1680,175
USM00072426,"(250,500]",-2.97472654368532,3.63254837459392,3948,375
USM00072426,"(1e+03,1.5e+03]",-12.2754699974714,15.7140284464846,5831,1250
USM00072426,"(2e+03,3e+03]",-31.6052458937617,38.8266671837531,10794,2500
USM00072426,"(5e+03,6e+03]",-95.6507459275146,94.2425433001426,9163,5500
USM00072426,"(500,1e+03]",-7.07796899142443,8.48868548787379,5773,750
USM00072426,"(100,250]",-1.06597526488362,1.49021472902881,1532,175
USM00072426,"(4e+03,5e+03]",-73.1240666810346,76.4647623346576,8389,4500
USM00072426,"(1.5e+03,2e+03]",-18.5503681410457,24.2782738074292,5198,1750
USM00072426,"(3e+03,4e+03]",-51.3122832230487,57.3927649826427,9658,3500
USM00072426,"(1,100]",-0.282262635764862,0.860862901089818,1277,50
USM00072440,"(250,500]",-3.99706440503981,4.46055901653319,3293,375
USM00072440,"(1e+03,1.5e+03]",-14.802721257959,17.6134581090341,6286,1250
USM00072440,"(2e+03,3e+03]",-37.5421481197013,42.5664734072341,11154,2500
USM00072440,"(5e+03,6e+03]",-103.679615511103,104.81584036645,10219,5500
USM00072440,"(500,1e+03]",-8.22255961010341,9.48590463653953,6035,750
USM00072440,"(100,250]",-1.68642582540187,1.78923840080921,2445,175
USM00072440,"(1.5e+03,2e+03]",-22.8582153561292,27.073488170301,5512,1750
USM00072440,"(3e+03,4e+03]",-60.1093685174581,62.6067250494008,10182,3500
USM00072440,"(4e+03,5e+03]",-81.0185263449525,84.1167891855012,9476,4500
USM00072440,"(1,100]",-0.419739992607056,0.784085937522523,1243,50
USM00072451,"(1,100]",-0.644146232291128,1.63644500788103,2417,50
USM00072451,"(100,250]",-2.43387080599661,1.9009906638846,1810,175
USM00072451,"(250,500]",-5.76837000576946,4.6510743631626,2519,375
USM00072451,"(500,1e+03]",-11.0445487295646,11.1453247289055,6111,750
USM00072451,"(1e+03,1.5e+03]",-18.9124042280856,20.5104142198568,4609,1250
USM00072451,"(1.5e+03,2e+03]",-27.7948473114778,31.3773095179914,4447,1750
USM00072451,"(2e+03,3e+03]",-43.0048264346932,48.9479249875654,10010,2500
USM00072451,"(3e+03,4e+03]",-63.0892532465361,73.0606344728806,8872,3500
USM00072451,"(4e+03,5e+03]",-78.3629540697815,96.6623823383477,10012,4500
USM00072451,"(5e+03,6e+03]",-90.7998920513272,118.622103182776,9325,5500
USM00072456,"(1,100]",-0.71331545644206,0.463638687344972,1404,50
USM00072456,"(250,500]",-4.2782407999235,3.62379645498067,2900,375
USM00072456,"(500,1e+03]",-8.31660456923652,9.10633457553178,5696,750
USM00072456,"(1e+03,1.5e+03]",-15.0821843560942,17.6833988377655,6729,1250
USM00072456,"(1.5e+03,2e+03]",-22.3757092464907,27.602960894569,5336,1750
USM00072456,"(2e+03,3e+03]",-39.4980394364953,45.7808584565863,11496,2500
USM00072456,"(3e+03,4e+03]",-60.9481798858187,66.1567322055135,9483,3500
USM00072456,"(4e+03,5e+03]",-81.5370646662795,89.0269853411023,9325,4500
USM00072456,"(5e+03,6e+03]",-103.370020591451,110.568467150879,10480,5500
USM00072456,"(100,250]",-2.01726138304871,1.42887288539827,1830,175
USM00072476,"(1.5e+03,2e+03]",-12.962274325162,31.2964120278227,4937,1750
USM00072476,"(4e+03,5e+03]",-10.3784451895628,100.959348735388,8691,4500
USM00072476,"(5e+03,6e+03]",-3.1553482090339,131.684804205417,7491,5500
USM00072476,"(1e+03,1.5e+03]",-10.2813641339804,20.8449875781914,3704,1250
USM00072476,"(3e+03,4e+03]",-12.070713922493,75.6804228178272,7800,3500
USM00072476,"(1,100]",-1.12038589498937,1.61222007743116,1938,50
USM00072476,"(100,250]",-1.83370819287877,2.43457260524893,2048,175
USM00072476,"(250,500]",-3.65948534133658,4.81663567254361,2982,375
USM00072476,"(500,1e+03]",-6.90721000165141,11.5748502340596,5293,750
USM00072476,"(2e+03,3e+03]",-14.5461593853361,50.2385287132192,8028,2500
USM00072489,"(1,100]",-0.325771113032607,1.33709352185296,2101,50
USM00072489,"(100,250]",-0.862967205845516,2.15845771416708,2142,175
USM00072489,"(250,500]",-1.98886758065146,4.89987451062133,3291,375
USM00072489,"(500,1e+03]",-3.61070805723223,11.7556503833434,5788,750
USM00072489,"(1e+03,1.5e+03]",-4.7581656938095,21.4842614683802,4529,1250
USM00072489,"(1.5e+03,2e+03]",-5.9989534219628,32.4300374105344,5595,1750
USM00072489,"(2e+03,3e+03]",-3.85302047981453,52.5162429303858,9744,2500
USM00072489,"(3e+03,4e+03]",-2.98466281667201,79.4457915626514,9030,3500
USM00072489,"(4e+03,5e+03]",-3.30941771970922,106.175478694964,9408,4500
USM00072489,"(5e+03,6e+03]",-0.653518136162795,135.086600263496,7530,5500
USM00072493,"(1,100]",-0.42615015460285,0.668205770093391,1685,50
USM00072493,"(100,250]",-0.759407114081297,1.98463649521275,2668,175
USM00072493,"(250,500]",-1.68980733092692,4.69702345769957,3688,375
USM00072493,"(500,1e+03]",-5.68070266551405,9.83043857847021,8608,750
USM00072493,"(1e+03,1.5e+03]",-12.9938497974333,19.4637679287003,6198,1250
USM00072493,"(1.5e+03,2e+03]",-22.8123638458897,29.5045257613039,6012,1750
USM00072493,"(2e+03,3e+03]",-36.897260106666,46.3219714527418,10315,2500
USM00072493,"(3e+03,4e+03]",-64.3320289942133,66.9839504943445,11145,3500
USM00072493,"(4e+03,5e+03]",-96.8490427973713,88.4138948660719,9389,4500
USM00072493,"(5e+03,6e+03]",-124.710433932703,109.636920843706,9767,5500
USM00072501,"(1,100]",-0.275091018293196,2.32989032531524,1750,50
USM00072501,"(500,1e+03]",-3.83397194878352,6.59239917028151,6608,750
USM00072501,"(1e+03,1.5e+03]",-8.46559255744327,12.6551285798093,4986,1250
USM00072501,"(2e+03,3e+03]",-26.2721380770419,26.5331994814867,9503,2500
USM00072501,"(5e+03,6e+03]",-102.595698243209,63.7573203170706,8879,5500
USM00072501,"(100,250]",0.152566271833216,2.9645445553763,2501,175
USM00072501,"(3e+03,4e+03]",-48.9021158510111,37.0420127298224,9225,3500
USM00072501,"(1.5e+03,2e+03]",-14.4681911935952,16.9578907139045,4638,1750
USM00072501,"(250,500]",-1.14303063128218,2.66621614468218,3134,375
USM00072501,"(4e+03,5e+03]",-73.1904959857496,49.2931129711586,8463,4500
USM00072518,"(1,100]",-0.501763689581074,2.61976169765825,1310,50
USM00072518,"(500,1e+03]",-5.21121720523324,7.57674820837881,4245,750
USM00072518,"(1e+03,1.5e+03]",-10.0845932651847,14.2260543166887,4347,1250
USM00072518,"(2e+03,3e+03]",-31.189562587912,37.1953165715218,7745,2500
USM00072518,"(5e+03,6e+03]",-110.1595459484,95.3542278340579,7064,5500
USM00072518,"(100,250]",-1.30731516492545,2.01030996789584,1710,175
USM00072518,"(4e+03,5e+03]",-77.9963469416952,73.6152440007041,6888,4500
USM00072518,"(3e+03,4e+03]",-51.3260204826942,54.8794802961462,7314,3500
USM00072518,"(250,500]",-2.6167933406927,3.31364854351101,2253,375
USM00072518,"(1.5e+03,2e+03]",-17.4993389853306,22.3755576619043,4143,1750
USM00072520,"(100,250]",-1.13513289418987,1.49330833860895,1679,175
USM00072520,"(250,500]",-2.77114927399035,3.65329091417164,3407,375
USM00072520,"(500,1e+03]",-6.46723606559896,8.4741720315356,4544,750
USM00072520,"(1e+03,1.5e+03]",-10.9234659144381,15.0405075053789,6879,1250
USM00072520,"(1.5e+03,2e+03]",-16.2355454474594,23.6684034953647,5870,1750
USM00072520,"(2e+03,3e+03]",-28.2328341671515,36.320212084787,13168,2500
USM00072520,"(3e+03,4e+03]",-46.1637200023058,53.1747661859695,11029,3500
USM00072520,"(4e+03,5e+03]",-67.7248817130027,72.0078820297577,9974,4500
USM00072520,"(5e+03,6e+03]",-93.8367582818973,88.840695377756,10461,5500
USM00072520,"(1,100]",0.111333987575025,0.58704383758376,1497,50
USM00072528,"(100,250]",-1.66085961694092,1.35000403187058,1586,175
USM00072528,"(250,500]",-3.12398222775235,3.11655148562835,2675,375
USM00072528,"(500,1e+03]",-6.42386019934877,6.86151751092745,5938,750
USM00072528,"(1e+03,1.5e+03]",-11.4810084340788,13.3014206905984,6870,1250
USM00072528,"(1.5e+03,2e+03]",-17.2234276972961,20.1077184817334,6036,1750
USM00072528,"(2e+03,3e+03]",-31.1924555791978,32.5028221004465,13062,2500
USM00072528,"(3e+03,4e+03]",-51.1613087436777,47.5578122319769,11145,3500
USM00072528,"(4e+03,5e+03]",-75.1447819963041,63.1928289435392,10187,4500
USM00072528,"(5e+03,6e+03]",-102.930280330307,80.0125273652802,10806,5500
USM00072528,"(1,100]",-0.717090543875161,1.06348975774664,1258,50
USM00072558,"(250,500]",-3.29004606962917,5.07175838205446,3135,375
USM00072558,"(1e+03,1.5e+03]",-14.050718258447,18.9863553569669,5639,1250
USM00072558,"(2e+03,3e+03]",-38.3453362831957,46.9326763064319,9903,2500
USM00072558,"(5e+03,6e+03]",-101.449357973362,114.885246669095,8983,5500
USM00072558,"(500,1e+03]",-7.03817221876665,10.2171005273361,5669,750
USM00072558,"(100,250]",-0.870281997762373,2.49155204332083,2588,175
USM00072558,"(4e+03,5e+03]",-78.6567718762226,90.8724875121731,7897,4500
USM00072558,"(1,100]",-0.0561147478478233,1.08034625568383,1319,50
USM00072558,"(1.5e+03,2e+03]",-21.6884991674621,29.1248957365738,4882,1750
USM00072558,"(3e+03,4e+03]",-58.6819561450318,68.3623945906833,8846,3500
USM00072562,"(500,1e+03]",-10.7309088637996,12.0039069328083,6955,750
USM00072562,"(2e+03,3e+03]",-42.9858444481327,51.5164382954334,9786,2500
USM00072562,"(4e+03,5e+03]",-80.5051028565327,103.892874504278,9105,4500
USM00072562,"(1,100]",-0.32389601666662,1.01124409594224,1947,50
USM00072562,"(250,500]",-4.6266934479007,4.78477196420325,2976,375
USM00072562,"(1.5e+03,2e+03]",-28.4965776264879,33.7455866492932,4202,1750
USM00072562,"(100,250]",-1.62824525771386,2.04812446865723,1391,175
USM00072562,"(1e+03,1.5e+03]",-19.7755341584573,22.452111990924,4735,1250
USM00072562,"(3e+03,4e+03]",-62.3274346194017,77.2235119793279,8881,3500
USM00072562,"(5e+03,6e+03]",-94.1061329022251,127.391845787908,7770,5500
USM00072572,"(1,100]",-0.119965753485256,1.24367064146595,1411,50
USM00072572,"(1.5e+03,2e+03]",-7.13481506767885,30.5554662598509,5432,1750
USM00072572,"(4e+03,5e+03]",-2.07809518256533,94.4854134512104,9496,4500
USM00072572,"(5e+03,6e+03]",2.44711690241165,119.594217622291,8024,5500
USM00072572,"(100,250]",-0.579769980058192,2.31127070005224,3748,175
USM00072572,"(250,500]",-2.3796041501132,4.69990888573852,2528,375
USM00072572,"(1e+03,1.5e+03]",-6.25653099048256,20.1673476563801,4030,1250
USM00072572,"(3e+03,4e+03]",-5.47449684492859,70.8811609199376,8315,3500
USM00072572,"(500,1e+03]",-4.10273748772575,10.6888457195358,5754,750
USM00072572,"(2e+03,3e+03]",-8.8114721102163,47.9291577476171,8771,2500
USM00072582,"(1e+03,1.5e+03]",-8.59989927600456,23.2956607910144,4618,1250
USM00072582,"(3e+03,4e+03]",-9.25150149623039,82.5024664289889,8586,3500
USM00072582,"(5e+03,6e+03]",-6.8649182021752,145.019357363674,7100,5500
USM00072582,"(4e+03,5e+03]",-9.60176461161338,112.906938067583,8771,4500
USM00072582,"(1.5e+03,2e+03]",-11.2046158818704,35.756212370955,4720,1750
USM00072582,"(1,100]",-0.0636984407795379,1.04877742593926,1245,50
USM00072582,"(100,250]",-0.443722071807084,1.8296275471153,2439,175
USM00072582,"(250,500]",-2.54909736737723,4.55989468977784,2077,375
USM00072582,"(500,1e+03]",-5.11203325469628,11.6700352040574,5601,750
USM00072582,"(2e+03,3e+03]",-11.7756742012973,56.4112421839184,8824,2500
USM00072597,"(1,100]",-0.390661109669012,0.62937107234201,1031,50
USM00072597,"(100,250]",-1.23935652455836,1.86098477614084,1740,175
USM00072597,"(250,500]",-2.95476147868057,4.38822957208703,3457,375
USM00072597,"(500,1e+03]",-7.50030269973381,10.6928764114751,4037,750
USM00072597,"(1e+03,1.5e+03]",-13.1985013963658,19.1515537640676,6031,1250
USM00072597,"(1.5e+03,2e+03]",-17.9187065580475,29.8764824981616,5499,1750
USM00072597,"(2e+03,3e+03]",-25.9334991176723,49.193645760631,12790,2500
USM00072597,"(3e+03,4e+03]",-39.2065350882007,73.2421466225177,10740,3500
USM00072597,"(4e+03,5e+03]",-50.5767231266419,97.8855591051166,9783,4500
USM00072597,"(5e+03,6e+03]",-64.0338542128414,122.371758162477,10439,5500
USM00072632,"(1,100]",-0.434489695960795,0.537314583776719,1372,50
USM00072632,"(100,250]",-1.59823992596698,1.45663508386138,1427,175
USM00072632,"(250,500]",-2.76231934664277,3.32334257641784,3676,375
USM00072632,"(500,1e+03]",-5.97597240991959,7.55528784963597,5876,750
USM00072632,"(1e+03,1.5e+03]",-10.9449416289168,14.0283299452853,7379,1250
USM00072632,"(1.5e+03,2e+03]",-17.7757044453496,21.936761425656,6240,1750
USM00072632,"(2e+03,3e+03]",-32.6166702031027,35.6541876023446,13008,2500
USM00072632,"(3e+03,4e+03]",-53.9915659251685,52.666485959977,11094,3500
USM00072632,"(4e+03,5e+03]",-78.7795476277734,69.9070134493616,10427,4500
USM00072632,"(5e+03,6e+03]",-105.082554210131,88.7718605275154,11224,5500
USM00072634,"(250,500]",-3.07506379753377,4.43990833730701,4011,375
USM00072634,"(500,1e+03]",-6.54345687653742,9.53604968573431,5018,750
USM00072634,"(2e+03,3e+03]",-36.5415739856434,40.3340029621633,9601,2500
USM00072634,"(5e+03,6e+03]",-113.759830397227,96.9358470967612,8137,5500
USM00072634,"(1e+03,1.5e+03]",-13.1272741324324,16.9709294958372,5019,1250
USM00072634,"(100,250]",-0.962557309614309,1.91790300736712,2410,175
USM00072634,"(4e+03,5e+03]",-86.6898382796325,78.2168286754531,7613,4500
USM00072634,"(1,100]",-0.20791511404912,1.09300777418367,1244,50
USM00072634,"(1.5e+03,2e+03]",-20.9020220767959,25.4412091186581,4723,1750
USM00072634,"(3e+03,4e+03]",-60.1122411682964,59.1491161125589,8393,3500
USM00072645,"(500,1e+03]",-6.85224265469511,8.84507867946174,6922,750
USM00072645,"(1e+03,1.5e+03]",-12.6577411576941,16.0157660407143,5606,1250
USM00072645,"(2e+03,3e+03]",-35.9648840828509,38.6846347363429,10458,2500
USM00072645,"(5e+03,6e+03]",-110.358001145473,91.4069113937223,9014,5500
USM00072645,"(250,500]",-3.16798976856384,3.88989894749662,2993,375
USM00072645,"(1,100]",-0.65818739349386,0.993235529311912,1562,50
USM00072645,"(100,250]",-1.46967104179469,1.74793462470438,1763,175
USM00072645,"(3e+03,4e+03]",-58.480767271855,56.5685811905273,9625,3500
USM00072645,"(4e+03,5e+03]",-84.8033064854966,74.3063117357016,7874,4500
USM00072645,"(1.5e+03,2e+03]",-21.0154485258112,23.8628411578005,5161,1750
USM00072649,"(250,500]",-2.9037418301885,3.77073794427689,3676,375
USM00072649,"(1e+03,1.5e+03]",-12.0630124212658,16.3764165101327,5664,1250
USM00072649,"(2e+03,3e+03]",-34.547707064987,41.6024620558807,10064,2500
USM00072649,"(5e+03,6e+03]",-103.685764368158,104.273817574656,8842,5500
USM00072649,"(500,1e+03]",-6.19564230626473,8.66197934976197,5979,750
USM00072649,"(4e+03,5e+03]",-77.1286034111237,81.8131898820125,7856,4500
USM00072649,"(1,100]",-0.632237459301543,0.864125562790723,1311,50
USM00072649,"(100,250]",-1.27419359125992,1.50731494213179,1596,175
USM00072649,"(1.5e+03,2e+03]",-19.8190352974516,25.3200261743489,4975,1750
USM00072649,"(3e+03,4e+03]",-54.7005097689954,61.8849660534069,9120,3500
USM00072659,"(250,500]",-4.3528373308763,4.66533114754187,3283,375
USM00072659,"(500,1e+03]",-9.42367805492465,11.0922271406935,5808,750
USM00072659,"(2e+03,3e+03]",-45.7252197164931,50.4412281294745,9397,2500
USM00072659,"(5e+03,6e+03]",-118.947442741368,123.260063800714,8628,5500
USM00072659,"(1e+03,1.5e+03]",-17.7094381589066,20.0432449080364,5304,1250
USM00072659,"(100,250]",-1.79363535456381,1.8047548950401,2352,175
USM00072659,"(4e+03,5e+03]",-92.1874728335334,97.3926757347859,7584,4500
USM00072659,"(1,100]",-1.07655846845152,3.08347129525132,1090,50
USM00072659,"(1.5e+03,2e+03]",-27.8603763902003,31.1000032158538,4629,1750
USM00072659,"(3e+03,4e+03]",-67.4367690222247,73.9304345615216,8588,3500
USM00072662,"(1,100]",-0.783008911476997,1.17160392147553,1286,50
USM00072662,"(100,250]",-1.94086547169351,2.49982110139809,2849,175
USM00072662,"(250,500]",-5.40629523216753,6.55627965607888,4557,375
USM00072662,"(500,1e+03]",-10.5777950445986,12.9195205482802,5229,750
USM00072662,"(1e+03,1.5e+03]",-18.046024229822,22.5431428143729,5035,1250
USM00072662,"(1.5e+03,2e+03]",-25.97566719072,33.7167595209776,4830,1750
USM00072662,"(2e+03,3e+03]",-38.0805008347036,50.7274711708952,9527,2500
USM00072662,"(3e+03,4e+03]",-52.3433476432913,75.0177673996898,9360,3500
USM00072662,"(4e+03,5e+03]",-66.5278935127008,100.583731860002,9681,4500
USM00072662,"(5e+03,6e+03]",-78.6105238834098,124.754787609145,7761,5500
USM00072672,"(1e+03,1.5e+03]",-13.6480231461431,23.8812490500886,5995,1250
USM00072672,"(3e+03,4e+03]",-26.2012920614314,81.4838608195484,8347,3500
USM00072672,"(5e+03,6e+03]",-27.2510330388589,135.420191245808,6078,5500
USM00072672,"(4e+03,5e+03]",-24.4270858682959,106.871712744044,8084,4500
USM00072672,"(1,100]",-0.549744695306955,1.22870146996628,1139,50
USM00072672,"(100,250]",-1.35866521547504,2.33615952910512,2137,175
USM00072672,"(250,500]",-4.29683208246014,5.77583298713168,3153,375
USM00072672,"(500,1e+03]",-8.67720664238943,12.5435745429363,4399,750
USM00072672,"(2e+03,3e+03]",-22.8842504201672,54.2572852887596,8324,2500
USM00072672,"(1.5e+03,2e+03]",-18.516907137404,35.258809151909,3744,1750
USM00072681,"(250,500]",-2.04097562365616,4.5985078354741,2320,375
USM00072681,"(500,1e+03]",-3.87446557428477,10.0948306459885,5223,750
USM00072681,"(1e+03,1.5e+03]",-6.76266185677727,19.7784083165938,4145,1250
USM00072681,"(1.5e+03,2e+03]",-9.33660724908054,30.4958748601165,4421,1750
USM00072681,"(2e+03,3e+03]",-12.5588359765767,48.2156811032844,10667,2500
USM00072681,"(3e+03,4e+03]",-15.7191450286971,74.4239768255942,9898,3500
USM00072681,"(4e+03,5e+03]",-17.9324318831078,99.6222621931431,10777,4500
USM00072681,"(5e+03,6e+03]",-15.0793266480426,124.780131787907,9607,5500
USM00072681,"(1,100]",-0.110144706947068,0.814811411842466,1652,50
USM00072681,"(100,250]",-0.786113990909995,2.26769659334234,1661,175
USM00072694,"(1,100]",-0.0177719321022463,0.717881355194536,1870,50
USM00072694,"(250,500]",-1.88376800169019,3.68413558823882,2625,375
USM00072694,"(500,1e+03]",-5.13135882316253,9.6567069392354,6669,750
USM00072694,"(1e+03,1.5e+03]",-8.64164091821952,20.0844038931965,6760,1250
USM00072694,"(1.5e+03,2e+03]",-12.8250072725512,29.2702445194171,6120,1750
USM00072694,"(2e+03,3e+03]",-20.8711392478269,46.3137552783125,12596,2500
USM00072694,"(3e+03,4e+03]",-37.1245041749893,70.35084439026,11891,3500
USM00072694,"(4e+03,5e+03]",-54.0388312875016,93.0859188136021,10544,4500
USM00072694,"(5e+03,6e+03]",-72.7508030586547,119.95889318739,10857,5500
USM00072694,"(100,250]",-0.784295088919613,1.61573546976797,1473,175
USM00072712,"(250,500]",-2.8101364985796,3.47204800300218,3041,375
USM00072712,"(1e+03,1.5e+03]",-13.0328288991691,15.2835600077383,6555,1250
USM00072712,"(2e+03,3e+03]",-37.0543246687034,40.1296820814063,10350,2500
USM00072712,"(5e+03,6e+03]",-120.304514210637,104.557591609894,8956,5500
USM00072712,"(500,1e+03]",-6.50251308145346,8.12870468773818,5632,750
USM00072712,"(4e+03,5e+03]",-86.4398419838696,79.7134490935444,8834,4500
USM00072712,"(1,100]",-0.840085370187938,1.37172330506478,1670,50
USM00072712,"(1.5e+03,2e+03]",-21.6916459715187,24.4016813592332,5171,1750
USM00072712,"(3e+03,4e+03]",-59.6293862632427,59.140801195002,8500,3500
USM00072712,"(100,250]",-1.09621676622837,1.40237509021337,1676,175
USM00072747,"(250,500]",-3.23258961367965,4.68930743280793,3171,375
USM00072747,"(500,1e+03]",-6.67866057467283,9.9493922203883,5631,750
USM00072747,"(2e+03,3e+03]",-36.8183518900268,45.7868589150561,10182,2500
USM00072747,"(4e+03,5e+03]",-84.8412289339997,91.2228066392642,8043,4500
USM00072747,"(1e+03,1.5e+03]",-13.2052408992443,18.701499706548,5586,1250
USM00072747,"(5e+03,6e+03]",-110.800932914778,112.346977794533,8725,5500
USM00072747,"(100,250]",-1.2717120800834,2.05169045491171,2469,175
USM00072747,"(1.5e+03,2e+03]",-21.1602714746637,28.2037737799332,4942,1750
USM00072747,"(3e+03,4e+03]",-57.8863275610552,68.1904639175739,8855,3500
USM00072747,"(1,100]",-0.340085956497718,0.989564713850084,1323,50
USM00072764,"(100,250]",-1.59631802048873,1.77663454821574,2080,175
USM00072764,"(500,1e+03]",-10.9560406433307,12.7635144522365,6735,750
USM00072764,"(2e+03,3e+03]",-45.1055921427055,51.6693575028122,10061,2500
USM00072764,"(4e+03,5e+03]",-94.6560586673905,101.595938501725,8432,4500
USM00072764,"(250,500]",-4.0433383305683,4.46349419489676,3772,375
USM00072764,"(5e+03,6e+03]",-116.061494291102,125.92164018569,8482,5500
USM00072764,"(1e+03,1.5e+03]",-18.4112182819561,21.3182792973736,4306,1250
USM00072764,"(1,100]",-0.78063731078688,1.32871308314076,1291,50
USM00072764,"(1.5e+03,2e+03]",-27.3586020073186,31.9683052447975,4925,1750
USM00072764,"(3e+03,4e+03]",-66.9046873438097,75.288225385119,9153,3500
USM00072768,"(1,100]",-0.300391416572131,1.50044244290208,1978,50
USM00072768,"(500,1e+03]",-8.67037002235784,12.2733262794806,6804,750
USM00072768,"(2e+03,3e+03]",-34.9886541860095,55.564512411625,9637,2500
USM00072768,"(4e+03,5e+03]",-67.3270741149591,114.334918140336,8678,4500
USM00072768,"(100,250]",-0.944067932526745,3.01672652943811,2747,175
USM00072768,"(5e+03,6e+03]",-77.6143611306011,142.779259788148,7776,5500
USM00072768,"(1e+03,1.5e+03]",-17.4094283934252,23.9870629098838,4489,1250
USM00072768,"(1.5e+03,2e+03]",-24.667935382215,36.0608797596281,3901,1750
USM00072768,"(3e+03,4e+03]",-48.0977114081363,84.4572111825152,8666,3500
USM00072768,"(250,500]",-4.22731449519411,5.31272391100094,1903,375
USM00072776,"(250,500]",-3.24012009244776,5.07245402677853,4100,375
USM00072776,"(1.5e+03,2e+03]",-12.791485457703,31.3885387281384,4900,1750
USM00072776,"(4e+03,5e+03]",-22.8773575142065,95.1839685852704,8830,4500
USM00072776,"(5e+03,6e+03]",-26.185744597036,119.021651629264,7367,5500
USM00072776,"(100,250]",-1.37940573643595,2.09303933387494,2022,175
USM00072776,"(1,100]",-0.703652711895831,1.08241417361077,1015,50
USM00072776,"(500,1e+03]",-6.56867510383236,12.2403444092665,5017,750
USM00072776,"(1e+03,1.5e+03]",-10.0607254806837,20.8523757921317,3387,1250
USM00072776,"(2e+03,3e+03]",-15.5396849117894,48.2698960379278,8060,2500
USM00072776,"(3e+03,4e+03]",-19.6145425732028,70.7970933533731,8520,3500
USM00072786,"(1,100]",-0.407737461148013,1.26876234970521,2300,50
USM00072786,"(500,1e+03]",-4.61151331130964,10.7206970041105,6137,750
USM00072786,"(2e+03,3e+03]",-11.6556302848217,48.6651247001794,10851,2500
USM00072786,"(4e+03,5e+03]",-22.0866103359484,100.389796463227,9309,4500
USM00072786,"(100,250]",-0.525901719607428,1.52505923228332,2704,175
USM00072786,"(5e+03,6e+03]",-23.5162615861036,126.938670302718,8163,5500
USM00072786,"(250,500]",-2.32372696910001,4.85461289016985,3204,375
USM00072786,"(1e+03,1.5e+03]",-7.65054530402016,20.4871170410959,4865,1250
USM00072786,"(1.5e+03,2e+03]",-9.73110342953925,30.9004507992832,4318,1750
USM00072786,"(3e+03,4e+03]",-15.1912665127941,74.4212287442979,9569,3500
USM00072797,"(1,100]",-0.323382878583728,0.575221227853235,2062,50
USM00072797,"(100,250]",-0.714311435911854,1.06765851643837,2155,175
USM00072797,"(250,500]",-1.86111004429702,2.94902467872498,3026,375
USM00072797,"(500,1e+03]",-4.2573011448666,7.15865415789304,7802,750
USM00072797,"(1e+03,1.5e+03]",-9.24855111145058,14.0786860748716,7435,1250
USM00072797,"(1.5e+03,2e+03]",-15.1188656812028,21.5479042812829,6420,1750
USM00072797,"(2e+03,3e+03]",-25.8853981000287,33.1631776534367,13161,2500
USM00072797,"(3e+03,4e+03]",-48.1944970616755,51.1856606788133,12212,3500
USM00072797,"(4e+03,5e+03]",-69.6901410782749,69.6689096370147,10717,4500
USM00072797,"(5e+03,6e+03]",-90.5982887745711,89.4126327495784,11310,5500
USM00074004,"(500,1e+03]",97.4154235797685,8.99726163337098,855,750
USM00074004,"(1e+03,1.5e+03]",94.4654239038179,21.6320845302273,893,1250
USM00074004,"(2e+03,3e+03]",87.791344200667,54.1042504887235,862,2500
USM00074004,"(5e+03,6e+03]",75.4598077486758,111.463998294299,891,5500
USM00074004,"(250,500]",99.9753911473036,5.60555508131405,38,375
USM00074004,"(3e+03,4e+03]",101.380036940373,47.9646186645767,31,3500
USM00074389,"(500,1e+03]",-6.86321407066782,7.04977453932666,6125,750
USM00074389,"(1e+03,1.5e+03]",-14.00615057031,13.3156725221571,5825,1250
USM00074389,"(2e+03,3e+03]",-37.7960369466,33.6095037775363,10133,2500
USM00074389,"(5e+03,6e+03]",-121.886754430186,84.3311432667217,9060,5500
USM00074389,"(1,100]",-0.127515992477864,1.18492056678092,2009,50
USM00074389,"(250,500]",-2.97862442803641,3.43127605894086,3272,375
USM00074389,"(4e+03,5e+03]",-88.6216157640688,65.547507157387,8851,4500
USM00074389,"(100,250]",-0.72985443862463,1.34912795426735,2716,175
USM00074389,"(1.5e+03,2e+03]",-22.3827337597631,19.9634631321113,5416,1750
USM00074389,"(3e+03,4e+03]",-61.7542268335615,49.4091557198948,9065,3500
USM00074455,"(250,500]",-3.34072227397071,3.99820628161043,2967,375
USM00074455,"(1e+03,1.5e+03]",-13.7940077977812,16.9459334441692,5487,1250
USM00074455,"(2e+03,3e+03]",-36.483102166375,41.8303623591299,9801,2500
USM00074455,"(5e+03,6e+03]",-106.669866394906,101.598515350515,8765,5500
USM00074455,"(500,1e+03]",-7.22573793106582,9.06806199386558,6591,750
USM00074455,"(1,100]",-0.341619776761439,0.924182019251986,1223,50
USM00074455,"(100,250]",-1.28730385275241,1.76678939476834,1721,175
USM00074455,"(1.5e+03,2e+03]",-21.3531222452955,25.858826909054,4915,1750
USM00074455,"(3e+03,4e+03]",-57.8675739554696,61.6480262807261,9127,3500
USM00074455,"(4e+03,5e+03]",-81.3569104859695,81.6167210150704,7671,4500
USM00074560,"(500,1e+03]",-7.98542005342858,8.81846189132287,5960,750
USM00074560,"(1e+03,1.5e+03]",-14.8525750933634,17.0139251370947,6683,1250
USM00074560,"(2e+03,3e+03]",-38.5466359925317,42.0317332727856,10282,2500
USM00074560,"(5e+03,6e+03]",-110.429304326549,103.104903556721,9067,5500
USM00074560,"(250,500]",-4.32487242045641,4.20364011580211,3030,375
USM00074560,"(1,100]",-0.809051949433283,1.11833584069542,1383,50
USM00074560,"(100,250]",-1.71803439642275,1.68185830541189,1717,175
USM00074560,"(1.5e+03,2e+03]",-23.4409934375116,26.1342939989772,5222,1750
USM00074560,"(3e+03,4e+03]",-58.8460231106959,60.4359599973333,8629,3500
USM00074560,"(4e+03,5e+03]",-83.8077219792513,80.433336196317,9223,4500
USM00074626,"(250,500]",3.2127414930799,3.96276406122324,226,375
USM00074626,"(1e+03,1.5e+03]",-5.55568344857183,11.2126495089879,226,1250
USM00074626,"(2e+03,3e+03]",-17.4738041018839,31.8043719894406,226,2500
USM00074626,"(5e+03,6e+03]",-11.0127169037296,69.0503782480921,226,5500
USM00074646,"(250,500]",-12.7725504049231,7.00291547391747,749,375
USM00074646,"(1e+03,1.5e+03]",-23.8236832303224,19.6096851054315,1415,1250
USM00074646,"(2e+03,3e+03]",-55.839200904514,50.6155548883074,1415,2500
USM00074646,"(5e+03,6e+03]",-112.248182107246,110.323095827543,1412,5500
USM00074646,"(500,1e+03]",-14.6015468071117,7.88629653138606,668,750
USM00074794,"(100,250]",-1.77928784931559,3.51461409997983,1543,175
USM00074794,"(500,1e+03]",-7.20891809603783,5.56923607505771,1788,750
USM00074794,"(1.5e+03,2e+03]",-13.0601201073531,8.86596360698993,1560,1750
USM00074794,"(3e+03,4e+03]",-33.0402585261411,14.9498645170701,1782,3500
USM00074794,"(5e+03,6e+03]",-81.959486079839,31.3540782079766,1786,5500
USM00074794,"(1e+03,1.5e+03]",-10.9807451101868,9.0621679444645,228,1250
USM00074794,"(1,100]",-1.46583871998285,3.43310440599568,244,50
USM00091165,"(1,100]",-0.333728672488692,0.526498705238389,1815,50
USM00091165,"(100,250]",-1.11505447043702,0.763204226517357,1857,175
USM00091165,"(250,500]",-2.62154283341765,1.33888058918194,1389,375
USM00091165,"(500,1e+03]",-4.30303929669933,2.49166912028643,6751,750
USM00091165,"(1e+03,1.5e+03]",-5.58355810951086,4.21643953833224,6508,1250
USM00091165,"(1.5e+03,2e+03]",-7.02695677247464,6.12183559218374,9754,1750
USM00091165,"(2e+03,3e+03]",-14.0570509731153,10.1369146367777,15710,2500
USM00091165,"(3e+03,4e+03]",-30.1624378101346,15.3123664922613,12360,3500
USM00091165,"(4e+03,5e+03]",-51.2781286134942,21.1507186229315,10394,4500
USM00091165,"(5e+03,6e+03]",-74.6091251101326,28.512236680168,10446,5500
USM00091285,"(1,100]",0.0636811003401231,0.392011293057511,1703,50
USM00091285,"(100,250]",-0.726483349843123,0.690277235331993,2508,175
USM00091285,"(250,500]",-2.39546963926455,1.16510093646853,1800,375
USM00091285,"(500,1e+03]",-4.86931334308659,2.50948798726019,6608,750
USM00091285,"(1e+03,1.5e+03]",-7.3225482363877,4.55780966703722,5649,1250
USM00091285,"(1.5e+03,2e+03]",-9.69610555886315,6.57656413522859,8863,1750
USM00091285,"(2e+03,3e+03]",-18.391536251548,11.5933263081306,15569,2500
USM00091285,"(3e+03,4e+03]",-38.2416326342243,17.3290577228499,12630,3500
USM00091285,"(4e+03,5e+03]",-63.1831333912983,23.9150504980658,10185,4500
USM00091285,"(5e+03,6e+03]",-91.3235223806402,31.3921069454113,10399,5500
UVM00043243,"(1,100]",-0.897220800948921,3.68714513897753,482,50
UVM00043243,"(500,1e+03]",-3.33372607581316,8.94024346764144,666,750
UVM00043243,"(1.5e+03,2e+03]",-0.11986836277531,18.3473007290338,160,1750
UVM00043243,"(3e+03,4e+03]",0.309527684709819,35.5337487531609,660,3500
UVM00043243,"(5e+03,6e+03]",-3.10538491334221,74.0122259148324,660,5500
UVM00043243,"(1e+03,1.5e+03]",-3.73935101696469,15.8854178203487,506,1250
UVM00043243,"(100,250]",-3.1751782337554,2.71509539258488,50,175
UVM00065503,"(250,500]",-10.4854870347382,4.40666655355222,173,375
UVM00065503,"(1e+03,1.5e+03]",-13.9968901480366,10.9542479205489,229,1250
UVM00065503,"(2e+03,3e+03]",-23.76090124556,24.8206440495675,229,2500
UVM00065503,"(5e+03,6e+03]",-28.8422505363103,55.9423464594288,229,5500
UVM00065503,"(500,1e+03]",-8.23284956500594,4.48266305810534,56,750
VMM00048820,"(100,250]",-1.96827334476785,2.61389367133864,611,175
VMM00048820,"(500,1e+03]",-7.96280968250244,6.14228264165979,1356,750
VMM00048820,"(1.5e+03,2e+03]",-16.5368661384964,8.06178372510368,688,1750
VMM00048820,"(3e+03,4e+03]",-51.4681922297504,19.3097923424041,1355,3500
VMM00048820,"(5e+03,6e+03]",-129.952420424603,52.7286756118739,1351,5500
VMM00048820,"(1e+03,1.5e+03]",-19.3559245254871,6.41201260121862,668,1250
VMM00048820,"(1,100]",-1.23447183735263,2.6211367280319,668,50
VMM00048839,"(100,250]",-1.51065185594307,2.5918207665607,332,175
VMM00048839,"(500,1e+03]",-7.56086567423059,7.64863536450402,673,750
VMM00048839,"(1.5e+03,2e+03]",-15.8678163048956,9.70529999708446,392,1750
VMM00048839,"(3e+03,4e+03]",-50.6266336942368,18.7679988400428,673,3500
VMM00048839,"(5e+03,6e+03]",-127.740835140985,40.8957543801085,671,5500
VMM00048839,"(1e+03,1.5e+03]",-21.5509094519875,8.68865797021665,281,1250
VMM00048839,"(1,100]",-1.13393150013167,2.93673093314351,328,50
VMM00048845,"(100,250]",-0.235120402022648,2.40239015239599,300,175
VMM00048845,"(500,1e+03]",-6.86881426127056,6.44932102488342,670,750
VMM00048845,"(1.5e+03,2e+03]",-15.5899667932185,8.20962842198056,345,1750
VMM00048845,"(3e+03,4e+03]",-52.949239036837,18.7195921868198,670,3500
VMM00048845,"(5e+03,6e+03]",-133.649333233889,47.2439556378035,668,5500
VMM00048845,"(1e+03,1.5e+03]",-20.4397115926923,9.61717658234072,325,1250
VMM00048845,"(1,100]",0.185270934324954,2.51514180421115,353,50
VMM00048855,"(100,250]",-0.465206834759573,2.42337195972543,593,175
VMM00048855,"(500,1e+03]",-6.6713390982229,5.42135525067574,1434,750
VMM00048855,"(1.5e+03,2e+03]",-14.6379506415195,6.77268711348135,827,1750
VMM00048855,"(3e+03,4e+03]",-41.6207986001264,12.9933285190457,1431,3500
VMM00048855,"(5e+03,6e+03]",-106.94362592356,29.8295339277398,1433,5500
VMM00048855,"(1,100]",0.0410161402135039,2.59490124477702,817,50
VMM00048855,"(1e+03,1.5e+03]",-16.9758159290786,6.03741974853269,605,1250
VMM00048900,"(100,250]",2.35337452425795,2.4933854405197,234,175
VMM00048900,"(500,1e+03]",-4.82510196046081,5.44004113618515,1436,750
VMM00048900,"(1.5e+03,2e+03]",-14.55424400432,5.39091537669048,843,1750
VMM00048900,"(3e+03,4e+03]",-38.741311204821,11.546774511868,1436,3500
VMM00048900,"(5e+03,6e+03]",-97.587913798829,24.1780988854516,1429,5500
VMM00048900,"(1,100]",2.7663064089006,2.59296212964146,1202,50
VMM00048900,"(1e+03,1.5e+03]",-14.4729662755847,4.6901092150469,593,1250
WIM00060096,"(100,250]",-1.78539491288369,2.26274135836027,526,175
WIM00060096,"(500,1e+03]",-12.1965291810764,7.40173330881321,792,750
WIM00060096,"(1.5e+03,2e+03]",-33.5892395951236,16.6632856085244,611,1750
WIM00060096,"(3e+03,4e+03]",-88.9455143560116,31.5286833348684,828,3500
WIM00060096,"(5e+03,6e+03]",-165.287359212433,49.3147476228174,719,5500
WIM00060096,"(1,100]",-1.02583408869144,2.01209824494965,47,50
WIM00060096,"(1e+03,1.5e+03]",-19.6208849323519,10.0130028191613,186,1250
WIM00060096,"(250,500]",-3.51193525887227,2.43523223774887,251,375
WIM00060096,"(2e+03,3e+03]",-54.5597045684923,22.3714837751413,456,2500
WIM00060096,"(4e+03,5e+03]",-116.477215942407,34.9860213321348,475,4500
