id,lon,lat,adz,bias_sl,sd_sl,abs_bias_fit,sd_fit,abs_bias_ratio,sd_ratio
010010-99999,-8.667,70.933,33.3276333055886,-0.309146373579212,3.73241277202228,2.42342616899583,3.46003807414875,0.276780163686209,1.07872014470261
010070-99999,11.933,78.917,325.353505545344,4.2326494006111,3.29899563190339,4.19060987033754,5.87006476232478,1.00896248706153,0.562003276876431
010100-99999,16.144,69.293,12.2394001933637,-1.04428441186336,2.8256425235625,2.1040542608229,3.28558573243147,0.593030811644975,0.860011807231524
010260-99999,18.933,69.65,96.552427195449,-0.54711000599825,2.99964173021305,2.90672574679236,3.95583477927562,0.307365512760799,0.758282865080209
010620-99999,25.067,76.5,9.96907989412796,-0.429816600906968,2.64422274075198,2.05729231461525,3.27785556737211,0.363594179512818,0.806692877829232
010980-99999,31.1,70.367,4.52303451293255,3.44924113590575,3.54501927445411,1.97568581558267,3.28675711863532,1.59521095570694,1.07857658673788
011150-99999,12.483,66.767,32.382325625341,6.19489159592442,3.53237492086982,2.41304480324149,3.45139924892491,2.29824532340686,1.02346169367978
011410-99999,13.617,68.15,1.56046956975624,-3.60436591704933,3.09099703166425,2.06161427099454,3.30406138570046,1.60225759339474,0.935514408128638
011520-99999,14.365,67.269,109.638689961021,0.75559360439622,2.87932180129715,2.99078639527957,4.05192811311724,0.359687893276456,0.710605351554972
012050-99999,5.267,62.333,12.9698883060219,5.8195299466885,6.22484253760897,2.11890006528653,3.28911778608844,2.41304738216389,1.89255689289614
012180-99999,7.417,62.233,941.765713587846,5.85708331866979,10.2894950321703,6.47503791277109,11.6297198586972,0.911404840829633,0.884758631952374
012380-99999,9.283,62.117,156.799008596845,2.15509780986252,5.38761412926854,3.28098197977779,4.41089782251855,0.702224402037103,1.22143253959855
012710-99999,10.94,63.458,261.416214523436,2.36935108157275,3.62997889228401,3.86715111499716,5.29114637902684,0.657030408615622,0.686047716742935
013000-99999,2.267,61.2,77.1799948090072,-1.77400328757746,4.67941175159495,2.77788658098451,3.81383146304921,0.693740686687966,1.22695819071504
013170-99999,5.333,60.383,80.9752416886756,-1.15376173408201,3.5367264257577,2.80366782263534,3.84180119056923,0.500583540134129,0.92059069439605
013370-99999,6.433,60.633,728.003284521855,-0.50930310262641,4.47935532184133,5.80696342751185,9.67115533847184,0.160029959619504,0.463166515795942
013670-99999,9.217,60.983,488.902160794588,-0.431860403728858,4.74689134897764,4.92112675474884,7.41013597891455,0.171894228983405,0.640594364595314
014150-99999,5.638,58.877,72.5712127899181,-1.20588531839207,2.88713954804704,2.74610956617919,3.77963553161352,0.525516863683677,0.763867183462138
014410-99999,7.383,59.583,156.162216216165,0.547773755986692,4.27456401962323,3.27717794975423,4.40588568306339,0.277395920955979,0.970194037501932
014470-99999,8.2,59.5,140.555641850811,-2.62182400578519,3.04010789094755,3.18300724385342,4.28451746455569,0.847629070237429,0.70955665745263
014920-99999,10.717,59.95,149.808616872862,2.18152556994341,3.54780080385242,3.23905916007079,4.35613471423193,0.717165857812381,0.814437807045176
020810-99999,22.45,68.45,64.6009472048304,1.32504693990562,2.3541666103144,2.68961521027133,3.71959685855453,0.57218404716297,0.632909075858628
024900-99999,18.633,59.833,6.63277063586954,-0.323000254341745,2.2501606250526,1.99508070769022,3.27812452001871,0.329849151494431,0.686417069062331
025200-99999,12.714,58.426,0.434531558304826,-1.98621283609382,2.10663832647089,2.20818341132599,3.3070054036941,0.918037096636859,0.637022946535759
027330-99999,28.567,61.033,11.6930036155313,0.28868538093978,1.71708923412944,2.09284180887338,3.28324961244726,0.304177978865002,0.522984675797939
027390-99999,28.333,64.117,32.5221696661194,-0.855429809133152,2.55431094350125,2.41459589542109,3.45267939216422,0.465048966569455,0.739805424534408
027460-99999,22.917,59.817,24.3103495937706,0.167062310205245,1.9178548586967,2.3125191662648,3.37717420258827,0.237176094017928,0.567887453725915
027590-99999,25.6,60.4,18.0178352348916,-0.652937514837724,2.19899469678453,2.21410147999616,3.32293255463993,0.424795286150964,0.661763265015413
027610-99999,21.3,61.15,24.8858334491136,-2.29081623590521,2.44326454969164,2.32052309560572,3.38241363258566,0.989467606293742,0.722343514156163
027770-99999,23.65,60.467,18.0402758427954,4.36069983068728,1.70543632072155,2.21449161280274,3.32310956521344,1.79064831431495,0.513204962777691
027810-99999,20.733,62.983,3.72524395117089,0.303498125561493,1.74217127101261,1.97892644043774,3.29146409070951,0.324131491945202,0.529299795774794
027870-99999,24.267,63.083,0.420428341355091,0.824775111337101,1.87321602720444,2.21097656042645,3.30702180919269,0.488670809875504,0.566435946082172
027880-99999,27.317,63.15,28.2193539747263,0.73534463956997,1.94676695199472,2.36414830892486,3.41306490937147,0.431313083795473,0.570386735584594
028010-99999,20.783,69.05,247.984672916465,1.78563157359559,3.06663466225366,3.79602106673901,5.1726826525386,0.532034535698995,0.59285188522993
028140-99999,27.167,66.717,11.6685306494827,1.96091949533228,1.72577268232955,2.09233798860017,3.28315149136411,0.949305031270688,0.525645157364491
028170-99999,27.45,68.433,188.610226463038,2.56242379675222,2.82896913377418,3.4672603364835,4.66713050394941,0.771924082871429,0.606147424285706
028180-99999,28.3,68.483,19.3807569194118,1.22946025656584,1.83883268049745,2.23725852464888,3.33397014450541,0.631822036900109,0.551544435251756
028200-99999,24.033,68.067,469.494553679773,0.162210797414346,7.63139605947471,4.84069854558721,7.22546319246741,0.123993292593064,1.05618087812425
028250-99999,27.9,70.083,181.366316240128,0.825361093760767,2.52392429836889,3.42548252121739,4.60779684008771,0.337630109571788,0.547750776772712
028440-99999,23.967,66.767,58.8194892145891,2.17516833689925,1.83377933956126,2.64700544595109,3.67500294682749,0.850067908316174,0.498987175274051
028470-99999,25.717,66.5,57.8235963765659,0.694653078049593,1.74659287760718,2.6394896962111,3.66720676809384,0.380524605476923,0.476273356823846
028490-99999,28.667,66.833,45.9187941505255,-1.78184186315929,2.11725984925454,2.54396075447338,3.57061456290074,0.749629199327196,0.59296790845285
028630-99999,24.1,65.383,17.2112644066781,3.02858042374088,2.56954834152404,2.1998797487316,3.31669062065358,1.30693984626486,0.774732598067193
028970-99999,27.692,64.285,13.3525750542999,-12.9368279068483,1.85111920437145,2.12659400191391,3.29114029633938,5.11568514093055,0.562455270117285
029070-99999,23.45,64.333,2.70946285492497,0.611161398710172,2.15115350920114,1.9992926045927,3.29787000537046,0.444590359955573,0.652285719478956
029200-99999,22.517,63.75,12.4230198226459,1.06690716941319,2.276259118899,2.10780353945942,3.2864310965524,0.60085322598266,0.69262341184846
029290-99999,29.608,62.663,17.0230134494195,-1.47744362844417,1.87053494573176,2.19650441497935,3.31526962258414,0.733335950595621,0.564218045189864
029390-99999,30.983,62.767,4.4871494247526,0.876107816630705,1.88701579190341,1.97565911932588,3.28695582892913,0.555855127989275,0.574092227006954
029810-99999,21.367,59.783,7.23392708965345,1.32966035351114,1.82347142376858,2.00470172457147,3.27688288923225,0.730490315697842,0.556465240109879
029870-99999,25.6,59.983,25.9956257839068,2.49358511379512,2.06295968947895,2.33554839233265,3.3925747510654,1.05573409429012,0.60808083560461
029920-99999,26.45,60.283,2.86760665912926,0.0404071467103561,1.73271274827153,1.99451810521872,3.29688382513903,0.216637893138471,0.525560753781933
029930-99999,19.133,60.3,15.1622883292205,2.80914886179171,2.47480661337143,2.16200858933181,3.3020880244631,1.24310224807439,0.749467184108098
030020-99999,-0.85,60.75,12.7280941854507,-0.69342297515687,2.25984808792157,2.11400758563464,3.28789942666878,0.456549162946338,0.687322753728873
030080-99999,-1.633,59.533,56.5970428070493,3.60192262099114,2.28277357335045,2.63015160300663,3.65755250251561,1.31045493676763,0.624125989108945
030170-99999,-2.905,58.958,3.50321824030123,12.1922870604783,2.09952915033969,1.98153100199506,3.29285459428685,5.11470017915319,0.637601536971113
030230-99999,-7.367,57.333,3.86959016649417,3.26348127351917,2.91433817957289,1.97767739769305,3.29057418133241,1.51895532365243,0.885662507201957
030260-99999,-6.331,58.216,17.013987335762,8.04274943935947,2.14322710278123,2.19634204354049,3.31520185137944,3.16827364681902,0.646484648254358
030310-99999,-4.883,57.717,177.836114157867,5.02833461791031,2.83982593194671,3.40498705021605,4.57908741773646,1.41571138311571,0.620172901907711
030440-99999,-4.433,58.283,158.093229865066,1.27987188522865,2.60942504342994,3.28870411904174,4.42109899860655,0.469783817713067,0.590220903049758
030880-99999,-2.267,56.85,108.690474305063,2.36909442145012,2.99695633121486,2.9847573675087,4.04493272232353,0.823326883013744,0.740916236919095
031050-99999,-6.25,55.683,17.7590287107473,-4.13190533924994,2.80702345094714,2.2095804428166,3.32090374635317,1.70945481671513,0.845258900993339
031320-99999,-4.95,54.85,10.6183542385779,-0.491983041079247,2.63489813599263,2.07065874656188,3.27950838504291,0.385886707991082,0.803443024573377
031580-99999,-2.383,55.7,62.7320087803939,3.27277958113892,2.71211345546802,2.67601591736676,3.70529535149598,1.1878969373261,0.731956078581706
032920-99999,-0.167,54.1,7.50211567214594,-0.35570092419944,2.53074784949364,2.00933067217392,3.27650670826137,0.341007637490087,0.772392085483183
033020-99999,-4.535,53.248,21.2761986923414,0.129811556512108,2.07395298113796,2.26770231570961,3.35010988927388,0.227557549429095,0.619070134916524
033790-99999,-0.483,53.03,26.9450984631602,-3.83472838548416,1.93833845862313,2.34799573109492,3.40130977982188,1.52202769763902,0.569880012141862
034880-99999,1.133,52.95,8.62394037145712,2.11754819817903,2.34960413211291,2.03026059833524,3.27608431194728,1.03449747425274,0.717198920535816
035070-99999,-3.617,52.067,26.5745167979127,0.30754849211113,2.33788637466754,2.34318074029442,3.39789704804401,0.284029953026309,0.688039202368811
036930-99999,0.833,51.55,21.5176523232959,-0.693401381378015,2.03285641543496,2.27143948903174,3.35221743892315,0.430607049549891,0.606421406866729
037070-99999,-4.15,51.087,80.7605303703354,-1.88176041733495,2.50182740674668,2.80221763148535,3.84022239963978,0.721260886813092,0.651479822361684
037810-99999,-0.083,51.3,80.7419196253308,0.214386818562604,2.05168281743642,2.80209188676834,3.84008553542824,0.216343712731069,0.534280499355496
038530-99999,-2.639,51.009,60.3457379845564,-3.14501487248089,2.04152814608907,2.65841586633526,3.68688094674988,1.15406426092655,0.553727710651669
038950-99999,-2.196,49.208,77.6389528884736,0.0876332042153425,2.35322272164464,2.78102160800802,3.8172216691735,0.179100680952878,0.616475260173758
039530-99999,-10.25,51.933,35.9798712002825,-5.27102785133441,2.55584701053819,2.45134623574101,3.48406448338726,1.95538828397931,0.733582005363276
039660-99999,-8,53.017,32.9617062305935,0.166111060438144,2.12361245211893,2.41943613544981,3.45669815673279,0.228164285681664,0.614347089572359
039700-99999,-8.983,53.717,1.62996880624372,-0.0175878094309748,2.09211174541562,2.05605262009268,3.30376131440378,0.20249497422796,0.63325148106021
039760-99999,-10,54.233,9.07975699206661,0.271516605054535,2.20115988956873,2.03926436366699,3.27641999845601,0.303834691690146,0.671818597922736
042023-99999,-52.7,70.733,496.634024886812,9.16556633159886,4.9330567552946,4.9527548569294,7.48374170039692,1.77260239735806,0.659169831453825
042030-99999,-73,76.633,5.00413837485278,5.114216063896,3.19366146173139,1.97729730872529,3.28424070377432,2.2662665656327,0.972420035492881
042050-99999,-69.383,77.483,136.515936650768,8.29162773768037,3.35145004428442,3.15833275378114,4.25355840139849,2.40317880558941,0.787916781201953
042080-99999,-57.817,74.033,41.0405785710462,0.314159958930963,3.51962569552745,2.50050515109332,3.52885988271297,0.271340963582183,0.997383237789986
042140-99999,-54.617,70.683,150.986535683057,4.27927711807314,4.70144348369735,3.24614873421036,4.3653228436283,1.27578413383006,1.07699788815383
042200-99999,-52.85,68.7,7.53513456111414,0.873039483297495,2.37887016246333,2.00991272869581,3.27646789350488,0.547046703098297,0.726047145824042
042310-99999,-50.689,67.017,236.193103930114,9.17350836534637,4.27778980650944,3.73261630654356,5.06981023074335,2.28546782055139,0.843777106403097
042420-99999,-52.55,65.017,6.59924029548827,-0.969411589538659,2.56283823836833,1.99458008043382,3.2782101139965,0.589041659181019,0.781779736273203
042500-99999,-51.75,64.167,17.8567538513407,2.90882232215494,5.36564059051993,2.2112922703736,3.32166705606489,1.25726848388987,1.61534569839655
042530-99999,-50.417,62.567,1.76720492280748,1.404892421466,3.58815606611804,2.04589493344801,3.30313336311606,0.748221144729694,1.08628858470707
042660-99999,-48.45,60.75,12.5279493857484,3.53431035457567,3.7377236213094,2.10994110815685,3.28692726357383,1.54574765766447,1.13714826084877
042700-99999,-45.426,61.161,509.626875146584,5.55022294601374,5.78555564510367,5.00538718900851,7.60744896015406,1.0989641124775,0.760511923958607
042850-99999,-45.2,59.983,17.5509039943559,2.15973734586524,3.33082798434277,2.20591577597647,3.31928964813287,0.982934269232912,1.003476146234
043010-99999,-33.367,83.65,143.375929614726,4.47956745315259,3.78335944591776,3.20015992338418,4.30624159037548,1.3457708737622,0.878575752548029
043120-99999,-16.65,81.6,149.38107153373,5.0152897158405,3.54225582778117,3.23648332912732,4.35280371445688,1.4760643177093,0.813787172625393
043130-99999,-13.717,80.65,3.50790383629986,2.72840130940022,4.03088407302667,1.98146690474417,3.29282503627755,1.30100518496863,1.22414158924869
043200-99999,-18.667,76.767,62.969306940316,1.76804193742172,3.36683736109946,2.67775122894145,3.70711681243512,0.713725453636985,0.908209137032253
043300-99999,-20.217,74.3,241.766556128367,-23.2599089322599,3.78138252280765,3.76269854783946,5.11829708213928,5.573912549904,0.738796998713321
043410-99999,-22.65,70.75,317.402445422876,6.52979476385142,4.14927995979954,4.15168797876809,5.79695635746354,1.51123523244419,0.715768707566234
043510-99999,-32.283,67.783,54.5775498163236,-3.95150081966232,3.5104302352261,2.61456461960318,3.64152332478255,1.42925299788112,0.964000480605385
043600-99999,-37.633,65.6,16.7920573188857,4.55014664644301,3.37823117834784,2.19233437708135,3.31354619368536,1.87575016291909,1.01952137706296
043730-99999,-40.3,64.783,4.70326855692311,3.88726460722632,5.87583041942794,1.97602631796508,3.2857813176468,1.7718974048838,1.78825973228069
060320-99999,10.333,57.383,38.6882749046565,-1.48215593196232,2.59163099978289,2.47825248846667,3.50822149702478,0.665543280711844,0.738730722099725
060600-99999,9.125,56.297,0.437920043414415,0.0502856315581642,2.17616623481176,2.20751728670438,3.30700142061553,0.20324362627726,0.658048170540765
061190-99999,9.983,54.85,10.6870722768479,-1.08353067744856,2.41330189549842,2.07207775296781,3.27971127726637,0.615662055947333,0.735827544401987
061590-99999,10.867,55.75,18.9989505686193,-0.298037628692291,2.0898009231885,2.23088073459815,3.33082277845259,0.292227199299394,0.627412823254249
061680-99999,12.35,56.117,34.8089602304304,-1.87572622230296,2.69063907611091,2.43922815616753,3.47349893301647,0.808282343552627,0.774619232076255
061740-99999,12.15,55.4,3.22103966122478,-1.78979886624431,2.15691486711974,1.98618755973798,3.29464442635286,0.921008094210572,0.654673035386531
061930-99999,14.767,55.3,3.24560669609398,-1.60338385430963,2.27987142014618,1.98571676810687,3.29448815633357,0.846188061848885,0.692025987637316
062040-99999,3.633,53.267,26.1425521043119,2.91748792239385,6.67086226165718,2.3374985293543,3.39392441564849,1.20440165414695,1.96553059075199
062050-99999,3.817,55.417,47.5074993594908,-12.8948728140171,6.8112107343824,2.55746003093963,3.58391646126232,4.38104592651062,1.90049372188306
062390-99999,4.733,54.85,0.00224058738203158,26.9179867204407,3.48683221785041,2.31240803077147,3.30746848240793,9.74893629247662,1.05422991523472
062510-99999,5.35,53.4,0.283058960628757,-1.27114924298481,2.5248349465973,2.24004128336374,3.30717056370107,0.646395094022272,0.763442615965881
062790-99999,6.573,52.733,6.49886389274115,0.819915575918216,2.09391068954499,1.99310715713142,3.27847669022863,0.529425930266439,0.638684025354156
063400-99999,4.342,51.449,15.9474139837508,-4.75041365105893,2.08716630559443,2.17681280397235,3.30744457612458,1.96144222086333,0.631051029746965
064280-99999,3.667,50.933,18.5776420687748,-5.36824702344134,2.25117037151105,2.22374475149438,3.32739793448634,2.15447758833559,0.676555800007903
064940-99999,6.067,50.517,261.916694522977,-1.69846784224046,2.69366039329828,3.86977936355167,5.29558535098225,0.503107287424596,0.508661500998874
066050-99999,7.067,47.133,885.229502031147,-41.0481478419877,10.4989683483935,6.30734039966053,11.1189478918853,6.10343326507657,0.944241168362317
066090-99999,7.017,46.55,917.425775095853,-2.81144597961564,11.8473081296418,6.4035580009034,11.410478949626,0.479672363031107,1.03828315901061
066190-99999,6.583,46.833,385.702988772287,-9.29744149816776,4.51405862515203,4.47496856170803,6.43218688501786,1.96934741931395,0.701792206266018
066280-99999,7.267,46.75,136.685140551947,4.46987665932775,3.17667796539273,3.15936876193146,4.25485142720148,1.35812403249149,0.746601384265515
066390-99999,7.933,47,558.343919288824,0.712185943321393,5.95428060963634,5.19723581988793,8.07107982758492,0.212767380821747,0.737730357874309
066550-99999,8.417,46.817,813.887762784055,21.8636680958438,12.9270737110616,6.08691969927767,10.4668581681487,3.3951633110536,1.23504813988972
066590-99999,8.25,46.983,1211.37125341924,-10.89572809403,13.7936191784375,7.20454335949904,13.9930647998763,1.47909195422725,0.985746823566448
066660-99999,8.183,47.6,214.455204902413,-0.832050813676339,2.87595635702592,3.61331276043055,4.88321618822045,0.323838932572905,0.588947170506899
066800-99999,9.35,47.25,1511.66928778877,-19.4129689012013,21.772721852077,7.91263583877506,16.4981241983599,2.36703089053487,1.31970893116694
066890-99999,8.95,47.367,219.089642216634,11.3529412900906,3.73173658704337,3.63901488700045,4.92264635215014,2.86371071708815,0.758075295295874
067020-99999,6.1,46.433,752.74115789732,-5.00400678440281,8.94420991603111,5.88935885882875,9.90149007860598,0.861433346602129,0.903319585741619
067160-99999,7.617,46.15,240.023205315398,-2.19106731164185,5.18249520577342,3.75331084543884,5.10310371317875,0.63269942156419,1.01555749149084
067170-99999,7.167,45.867,345.956580085325,0.625235615826062,4.72885605956881,4.28984187870641,6.06066018775333,0.234921244650764,0.780254281394018
067220-99999,7.517,46.117,589.500029077845,6.91692974950133,8.85930491321916,5.31565491155354,8.36701954319766,1.27533869569301,1.05883640733476
067300-99999,7.983,46.55,1328.96146898724,-11.1039955182335,18.6545226986451,7.49293851747039,14.9887661842163,1.45178090546679,1.24456692895036
067350-99999,7.567,46.5,327.327465434807,2.37860658671205,6.8576796642027,4.20021797661611,5.88825547578318,0.612441082739844,1.16463691027105
067440-99999,8.333,46.567,404.851399066577,-3.58773012624683,7.29526792171489,4.56135670809504,6.61255771263768,0.807635257105865,1.10324449914024
067450-99999,8.317,46.5,1022.75139906658,7.84673198198782,9.63864937618291,6.70557639046439,12.3520541040168,1.1583711738916,0.780327651985306
067480-99999,7.75,46.033,750.523372293928,26.1084604235347,8.52343622617943,5.88203211918708,9.88087687046439,4.16927710901649,0.862619415049835
067500-99999,8.617,46.65,452.312237215945,-4.31578383800808,8.10715594802717,4.76821240957964,7.06213431776419,0.914121045926534,1.14797532633078
067510-99999,8.517,46.45,332.548013736215,7.49902437704501,7.14449307137911,4.22552469458562,5.93643898030405,1.69272724068294,1.20349810637036
067530-99999,8.683,46.517,1059.66127998922,-15.2826915411711,13.1544783099104,6.80717037247029,12.6776513734676,2.15989100249151,1.03761161451724
067590-99999,8.8,46.2,375.720545098862,12.500654019878,4.99087786289571,4.42922652438016,6.33847434715679,2.63746329278564,0.787394188182593
067800-99999,9.817,46.833,667.717455996059,-1.1499851750291,9.93281396923274,5.59968961519096,9.106277313157,0.270503136900589,1.0907655925305
067820-99999,8.85,46.7,744.871541648397,18.0293078432057,8.84523517674905,5.86330753916653,9.82831300040365,2.91189884021112,0.899974916996007
067830-99999,9.183,46.467,339.995569731381,2.04792954293109,6.86346130438972,4.26136852629936,6.00535580959544,0.535125464214256,1.14289003383
067840-99999,9.85,46.817,407.282544003941,4.02333415593158,6.14635147850161,4.57220032371136,6.6355087046757,0.891789335446008,0.926281880117283
067880-99999,9.633,46.35,626.01435672796,13.8453795147834,9.75184737514495,5.45051000610704,8.71289636417397,2.41078151285531,1.11924289783165
067910-99999,9.817,46.417,1021.34687965246,-5.37122771744963,14.7747566175756,6.7016690946495,12.3396199063456,0.815259301737659,1.19734292706842
067940-99999,10.067,46.35,709.62588410989,1.10180139554254,10.2266973431594,5.74477640789837,9.49947626268826,0.256502601681077,1.07655380784807
067980-99999,10.283,46.8,955.133130723158,11.6705492271262,8.76399450210562,6.51384906297457,11.7497032974284,1.73521687134292,0.745890707216733
070240-99999,-1.47,49.65,114.835445192166,-6.01363024029203,2.22338506500548,3.02367412998019,4.09038691009666,1.84853366117844,0.543563509729924
070610-99999,3.2,49.817,8.35574481028179,-4.69437401137469,2.14653122274384,2.02507334609431,3.27602051616046,2.05711807120738,0.655225207581912
070750-99999,4.647,49.784,106.784509506942,-3.1403441634527,2.34697337944636,2.97261124664054,4.03089008667279,1.04830166836971,0.582246930325908
070930-99999,6.251,48.982,30.6694036540256,-10.0836042497861,2.36716226731392,2.39358872334404,3.43566774311256,3.65760488503525,0.688996272139335
071090-99999,-4.445,48.282,53.4818588502445,-6.69788143468292,2.03079788256493,2.60598819769666,3.63275290817134,2.31742072942219,0.559024501225214
071390-99999,0.117,48.45,66.8200064656381,1.67181601826622,2.46357485046922,2.70557261040681,3.73645513392749,0.677512657556243,0.659334787162208
072010-99999,-4.168,47.975,53.8501147021409,-7.96214143649375,2.28131327013135,2.6088805599781,3.63570658154497,2.72192555269906,0.627474527705676
072450-99999,1.209,47.678,1.11917195538233,6.86212034574799,2.22433344943186,2.10461929693311,3.30565242651532,2.82656292780168,0.67288787883143
072550-99999,2.37,47.058,9.17559843001939,1.96818486967269,2.43905838785502,2.04118227420936,3.27652604763065,0.971274235115863,0.744403783885306
073000-99999,-2.333,46.7,29.6388690168151,-0.396367329239709,2.17899497531999,2.38145035111384,3.42616858172946,0.311081996916314,0.63598591935604
073850-99999,4.796,46.295,105.721126751363,-4.98284158119487,3.16693937406777,2.96581834736312,4.02306548269077,1.58197603904035,0.787195581999228
073901-99999,-0.312,47.56,12.9858736004395,-8.60902900753809,2.29259955517934,2.1192226917408,3.28919998780689,3.47776041963198,0.697008258445227
074380-99999,1.469,45.151,185.898088685356,-1.19896577216408,3.17545678811233,3.45166232934043,4.64484998779608,0.429936981090096,0.683651096688925
074750-99999,4.296,45.541,253.28504192627,-8.8096501914396,4.16129881733181,3.82422817227891,5.21927410951731,2.152904476947,0.797294552846671
075100-99999,-0.716,44.828,3.32451128507186,-4.41255418612146,2.63358969027341,1.98429184203456,3.29398652811061,1.9774464911893,0.799514408391952
075520-99999,2.483,44.408,38.2281539663137,-5.75067866784363,2.79025489524345,2.47378425210679,3.50414664090143,2.10192742241315,0.796272297133565
075600-99999,3.583,44.117,913.0911928226,-4.09979411351017,12.8818684403882,6.39071633970902,11.3713311421133,0.667534968317156,1.13283733270951
076210-99999,-0.006,43.179,59.748082057201,-20.8234062884241,3.45821003211631,2.65396273506577,3.68223948915891,6.76083013009329,0.939159455081025
076220-99999,0.602,43.688,47.0247207411553,-0.342709981449492,2.70176293391533,2.55338776569349,3.57988909080451,0.275991798656498,0.754705764727521
076430-99999,3.963,43.576,7.1599264434083,-0.0124296117139351,2.68760071877155,2.00345762113571,3.27700588441294,0.204688750225965,0.820139118930213
076450-99999,4.4,43.867,0.255517063038859,-3.34387858530086,2.62019577855957,2.24630653641599,3.30719894149901,1.39965387487925,0.792270384971745
076840-99999,6.953,43.542,136.322759699413,-1.73805051014498,3.34392367291954,3.15714969250239,4.2520825708546,0.611965792577007,0.786420211084345
077800-99999,9.098,41.501,131.672573346275,-4.24599157015413,3.54661711264912,3.12858329295431,4.21668137269871,1.30794615611264,0.841092034037009
077900-99999,9.484,42.553,152.313599078814,3.83720619381993,3.0390281068481,3.25412363240092,4.3756936526843,1.15531789000942,0.6945248794974
080020-99999,-8.377,43.302,101.660981722224,3.49685961028094,2.38485621662866,2.93977013609937,3.99324869055097,1.16195543659592,0.597222061894575
080270-99999,-2.033,43.3,45.9475774251401,1.98282934879311,4.72562450518244,2.54420789867333,3.57085681718334,0.815591257704552,1.32338672400479
080530-99999,-6.6,42.567,490.427854201613,-1.668700205512,5.73960753999666,4.9273861891709,7.42465922314429,0.399584649022976,0.77304659614613
080550-99999,-5.656,42.589,28.9287410679233,-3.33684121860021,3.12584424391689,2.37288223291565,3.41961441871517,1.3355372436225,0.914092602607327
081410-99999,-4.75,41.633,48.8592884834526,-2.73851553909823,3.06389012978075,2.56873147568943,3.59512593224182,1.05532711635209,0.852234438383135
081480-99999,-2.483,41.783,42.1772264388196,-2.82367371080671,3.15285137738729,2.51093174348489,3.53871468183347,1.10386883329339,0.89095947564604
081600-99999,-1.042,41.666,41.2134614171251,-8.9783491166741,3.15000119385566,2.5021040074454,3.53036375735701,3.15723542327888,0.892259667942516
081750-99999,1.167,41.147,216.066634264122,4.45554868629898,4.95087461037479,3.62226617335503,4.89690394738722,1.20214185059907,1.01102138485203
081810-99999,2.078,41.297,72.9367022791932,1.15990675482253,2.8305843699333,2.74865052548563,3.78235874363666,0.510952699220978,0.748364859545754
082150-99999,-4.017,40.8,717.622857560303,-8.96006813215175,7.97816887858595,5.77194166802155,9.57424087876711,1.50831570714143,0.83329519066929
082310-99999,-2.133,40.067,60.8744108748911,-2.50689505658523,3.04053793282905,2.66233946449533,3.69097652505334,0.950845122841705,0.82377601488135
082610-99999,-6.333,39.467,0.611094018472159,-15.8873429106565,2.44876523486898,2.17586243115765,3.30677073489932,6.12413505262558,0.740530696314977
082800-99999,-1.864,38.949,60.2162902373644,-1.11317684250378,3.06439897172473,2.65745295184695,3.68587668674634,0.510910809157157,0.831389444672331
083060-99999,2.733,39.55,97.3779613992801,-3.62835257089003,2.62258214439226,2.91208731400073,3.96187511159814,1.20991996715625,0.661954774070192
083140-99999,4.219,39.863,88.5304841453249,-6.45986152107498,2.84942821426322,2.85414011257087,3.89717803012923,2.07500619756174,0.731151667240805
083730-99999,1.373,38.873,10.1746807172939,9.8796785569993,2.91912251660357,2.06151394817365,3.27832613638402,4.05216554233482,0.890430785456676
084100-99999,-4.849,37.842,112.381154385672,-1.23396605124934,2.62703063886831,3.00817417360483,4.0721974472547,0.494264527769328,0.645113767909102
084190-99999,-3.777,37.189,326.55567843313,-1.09929225139692,4.22132754908523,4.19646393749565,5.88114132571945,0.34053114698241,0.717773526479374
084290-99999,-1.23,37.951,170.297523762574,-6.42695862628451,3.91000455173697,3.36091975283753,4.51824109009724,1.79412136737461,0.865382009009355
084510-99999,-6.06,36.745,15.0728424238909,-3.28743996900554,2.1826528755047,2.16029951363802,3.30149894808101,1.4236893062564,0.661109668616846
085090-99999,-27.091,38.762,27.7119658439681,-1.85336551369545,3.23835346460751,2.35778985559712,3.40838159220906,0.823491450599935,0.950114703121799
085220-99999,-16.9,32.633,275.395271719318,2.42660643043822,3.80782566286843,3.9399719198226,5.41575728246173,0.659149761144244,0.703101240374935
085340-99999,-9.036,38.704,56.1758440860284,0.350314828826052,2.31380462848548,2.62692310997148,3.65422338081176,0.271933398718527,0.633186422219073
085440-99999,-8.633,40.917,18.1384300608516,-5.85070431398167,4.21883037856044,2.21619452271101,3.32388580950521,2.33808891847815,1.26924648448993
110400-99999,16.417,48.133,14.2535802395568,-0.796064276211501,2.33485291774695,2.14443939371284,3.29632425793841,0.490109275823411,0.708320157558533
110550-99999,13.433,48.467,139.775553211979,-6.45048208386255,3.16059666013182,3.17825218300085,4.27852466992619,1.88961543093331,0.738711799968736
110780-99999,15.583,48.033,43.1714565976913,-1.45105469596459,2.76497051579872,2.51989337365842,3.54727158977308,0.646067411844083,0.779464003762846
111100-99999,10.233,47.133,447.763510204173,2.41864142308113,7.50083260597761,4.74881573259852,7.0189333152013,0.55605713207924,1.06865705501613
111190-99999,11.183,47.317,478.443651007862,5.92370826383187,5.45388218972326,4.8779720475566,7.31059926637763,1.19444805719107,0.746023956586754
111260-99999,11.467,47.217,627.587444090872,-5.69761178187924,8.28792212714491,5.4562286357087,8.72776926828826,1.04052617200142,0.949603715723615
111270-99999,11.033,46.867,182.032280152371,-0.211584231480013,6.3684777477255,3.42933894077879,4.61322805228722,0.181095151679376,1.38048188286899
111360-99999,12.183,47.233,728.507110497086,8.16314579469607,7.56000339951053,5.80865642671515,9.67585531014545,1.37321565936138,0.781326627691881
111380-99999,12.633,47.133,624.41084262656,6.18419072544124,8.14340248665815,5.44467319077489,8.69773323095402,1.12440003191663,0.936267217034999
111490-99999,13.567,47.25,134.113001748176,-3.79376401877751,3.16783213393509,3.14359605310657,4.23523016423087,1.17844128607961,0.747971659412842
111520-99999,13.1,47.983,62.3424689018422,-0.00655731099809982,3.20299870281651,2.67316165122797,3.70230162750053,0.159638041384393,0.865137156579784
111550-99999,13.717,47.817,635.47651388025,-2.77525478381223,7.84801154030054,5.48479744210736,8.80231898312073,0.547262428761323,0.89158454213598
111570-99999,14.133,47.533,695.563392968674,1.88228750495423,6.79460435772842,5.6966092432185,9.36779286779037,0.384450174514615,0.725315392176375
111800-99999,15.783,47.717,647.223083554909,-1.65214163341556,8.21269107325923,5.52699926275693,8.91319847066696,0.35708344062931,0.921407853789739
112410-99999,15.467,47.2,740.661246051786,-7.55124234769198,9.24657652443996,5.84930893183837,9.78912533643432,1.26805018217326,0.944576374972436
112520-99999,12.45,47,923.342184018625,10.4248363358584,9.72219725239618,6.4210307649403,11.4638621954971,1.57849845014417,0.848073457845206
113080-99999,10.183,47.25,161.236489795827,-0.59489437532991,3.4772390807562,3.30740756448366,4.44595506163799,0.287569522512727,0.782112961680524
113100-99999,10.317,46.983,341.220721637231,-12.2501272998312,5.3865354338107,4.26723616649248,6.01671223717626,2.67453234002715,0.895262266413241
113400-99999,12.733,47.333,268.81084262656,2.61437174224849,3.63158030911663,3.90582353288447,5.35690446109756,0.706876187619237,0.677925159108132
113510-99999,13.633,47.433,138.20734515928,-1.93344651258112,3.63895422522812,3.16867906938463,4.26649834034673,0.66330318530405,0.852913545240567
113840-99999,15.833,47.617,412.31828362323,-1.66398456056663,4.85080032911808,4.59457367165713,6.68308035997779,0.424762639630794,0.725833009306236
114140-99999,12.915,50.203,7.1918155186786,-0.320044210674484,2.37240964111407,2.00399188330547,3.2769518600618,0.327494755930262,0.723968414070424
114570-99999,13.617,49.067,290.120482768708,-0.934251427175486,4.47262169754027,4.01537932493061,5.54831956086254,0.317636974430166,0.806121862390521
115200-99999,14.45,50,20.8874710177533,-0.758026787995519,2.15087180141361,2.26162014957582,3.34673867883544,0.455539400735017,0.642676948461972
117300-99999,17.117,50.183,749.507075157546,-3.10510609140863,8.43206892136165,5.87867074248406,9.87142845731391,0.565181404865034,0.854189336206371
117870-99999,18.45,49.55,790.241012842688,-6.02383060875988,8.70942340875627,6.01151344230068,10.248905876299,1.00189159810056,0.849790554609068
118580-99999,18.2,47.867,44.2884768403328,-10.8555276587174,2.57638215386746,2.52979675685736,3.55681548899117,3.74795029832162,0.72435080252032
119160-99999,19.6,48.983,1118.1489775911,-15.5199389699039,15.2126950760289,6.96405363829914,13.1890610304923,2.14627865047798,1.15343276074454
119300-99999,20.217,49.2,1791.98880630427,-12.5111774025371,25.849170025744,8.50171240228047,18.7349861236354,1.44541136409122,1.37972720423495
119330-99999,20.083,49.117,383.748937822167,-34.1543001784821,5.26844252603454,4.46605329926643,6.41382418382064,6.97823766482755,0.821419854214992
121150-99999,16.867,54.583,8.84647574923649,-0.405742750156309,2.35171062576295,2.03463005881152,3.27621299530588,0.357347119358716,0.717813716364734
121420-99999,18.517,54.567,17.5783369097755,-24.6970393569645,2.72441635932299,2.20640029662792,3.31950148989607,9.31016723149163,0.820730572833179
121850-99999,21.367,54.067,9.31859734529631,-0.0951963145475648,2.23830702610337,2.04405722530305,3.27670665243145,0.233955552818457,0.683096555024985
122050-99999,14.617,53.4,13.8502588963866,-1.7561727455649,2.30936434615349,2.13650056198102,3.29393376205477,0.855745217012072,0.701096170407781
122150-99999,16.747,53.717,3.26559313386835,-4.19425978983245,4.11019602743111,1.98534336940233,3.29436104304455,1.88877715957668,1.24764589361237
122500-99999,18.583,53.05,5.40272249889105,-1.28241072653643,2.26151699305828,1.98014776864986,3.28238490185188,0.718671181236404,0.688985923552829
122700-99999,20.35,53.1,21.481051999791,-2.30420428198277,2.5543159892834,2.27087498329461,3.35189733115113,1.01202843826918,0.762050784057333
123850-99999,22.25,52.181,1.22316274224633,-2.13058563695497,2.11242884998032,2.09316126346324,3.30532898360244,1.01443194992114,0.639097911421213
124970-99999,23.533,51.55,10.466552272565,-1.56706793600978,2.28801377792232,2.06752597822907,3.27907875752465,0.805081605225091,0.697761154004584
125100-99999,15.733,50.733,930.418049470895,0.387691592979591,14.1747594043384,6.4418447284143,11.5276300036081,0.12787546073252,1.22963344589493
125200-99999,16.617,50.433,80.8779422796011,-1.71690959342613,2.38663170961077,2.80301076678674,3.84108578616143,0.671178433845313,0.621342985415547
125500-99999,19.1,50.817,29.9149616427373,-1.46445490500436,2.45757032184391,2.38473598025058,3.42871530078483,0.680982564246216,0.716761266612417
125700-99999,20.7,50.817,20.5060543260186,-2.99266379323377,2.40574112913086,2.25557264442443,3.34345910001837,1.267491096742,0.719536580877465
126000-99999,19,49.8,80.1163015817073,1.09205044071228,3.93586131700864,2.79786062966491,3.83548301162229,0.482752493053064,1.02617096858002
126500-99999,19.983,49.233,1026.8349668178,-8.75405693096905,13.0777149273169,6.71691915467488,12.3881873400622,1.28227249504029,1.0556600871723
126600-99999,20.7,49.617,273.520717207839,-1.39101327890267,4.48480097963735,3.93027735844069,5.39897435797374,0.426838575986638,0.830676473396054
132890-99999,21.95,44.117,524.301975811694,-2.14510005954108,7.15476624637095,5.06407426746925,7.7471703468415,0.475389064270015,0.923532841805644
133630-99999,19.35,43.35,524.152350461804,-5.1854097653497,6.26439581674271,5.06347989239182,7.74574589987779,1.02191611640848,0.808753075264391
133670-99999,19.717,43.733,214.564759866392,-5.79591740544286,3.68466650397019,3.61392203049214,4.88414600358797,1.53039298236036,0.754413668482346
133690-99999,20,43.283,27.9133895271323,-5.54182864613714,4.84850789151358,2.36032541325034,3.41024051747444,2.11228716080647,1.421749541321
133780-99999,20.8,43.283,877.455439277811,-11.4999536838512,12.6190910478268,6.28381412555389,11.0482961474984,1.76890956352248,1.14217530733769
133830-99999,21.35,43.567,336.070869400483,0.0870683755997473,5.02589389912143,4.24251723097485,5.96901258368052,0.123788348467228,0.841997537894692
135850-99999,21.567,41.333,140.018988788858,-3.82097997882308,4.01836959396537,3.17973655111425,4.28039404496467,1.17426340685032,0.938784969737183
135920-99999,22.25,41.417,366.034831354872,-2.33516670301157,6.06661276744374,4.38436832584503,6.24778771561496,0.580457187884386,0.971001743910342
140080-99999,13.85,46.383,1430.73112019331,-13.6431945164964,17.7075156607996,7.73063641517635,15.834897221877,1.71835977232793,1.11825895758486
140310-99999,16.2,46.65,49.9345576885328,-2.53622415712652,2.48874272981873,2.57756717215904,3.60397345780747,0.986566332196895,0.690555232704958
141050-99999,13.615,45.473,12.7693843112837,0.29199591827497,2.92200778613081,2.11484466438221,3.28810412048786,0.302884499818688,0.888660358388308
142840-99999,18.81,45.463,3.5605571060199,-1.58192951142412,2.56187154629068,1.98077451160562,3.29249343434557,0.839225613486589,0.778094656033805
143210-99999,14.767,44.75,152.352225291639,5.33164849508964,4.5658541020077,3.25435555852437,4.37599581734179,1.55330213246551,1.04338630396161
143240-99999,14.983,44.817,1007.96904547871,-6.61752804304312,10.3664278144943,6.6642969264048,12.2210220587046,0.993471950724249,0.848245569372055
144470-99999,16.45,43.167,22.8117945635105,0.67909985910105,3.64816203891102,2.29095437501881,3.36366621918595,0.422471922025993,1.08457908757484
145440-99999,17.467,44.067,569.927065833516,-14.9609549774118,5.5665227375987,5.2416352834405,8.18117576104685,2.6927790105378,0.680406203238252
146520-99999,18.267,43.717,1033.87088695872,-14.3965986545637,16.4431735382468,6.7364018294946,12.450379648397,2.05856432596752,1.32069655726233
150330-99999,24.65,47.6,762.583083529416,-8.12363909621419,8.77221460583503,5.92173282481776,9.99287718666782,1.34288350690749,0.877846734425861
150730-99999,26.383,47.217,18.2861032915164,-2.23311422124725,2.42487472847569,2.21874579655359,3.3250597255775,1.00528494598939,0.729272533008271
150880-99999,25.25,47.1,842.786975786201,-3.02575710579861,11.1872999620668,6.17745352542194,10.732009089342,0.528009231719186,1.04242363838258
151080-99999,25.95,46.983,1022.00736004076,-7.99742639191932,14.1530578880985,6.70350689932764,12.3454675402836,1.17962355151106,1.14641732619009
151180-99999,22.617,46.683,528.816086134791,-10.7532626743822,7.02716457802643,5.08196807214237,7.7901430399548,2.01600269455916,0.902058478513792
151190-99999,22.8,46.767,1003.94020089365,-6.59195381887147,14.6100382373897,6.65298626006216,12.1852470882119,0.991467557888171,1.19899400739469
151480-99999,25.3,46.65,234.347493394151,11.4954460665562,3.38062771734958,3.72260974760712,5.05380996267242,2.84076596786,0.668926560816292
151630-99999,23.317,46.533,231.153186469768,-7.14168091920064,3.55545879724398,3.70523753227161,5.02618439132952,1.81718175502745,0.707387258489237
151680-99999,25.3,46.3,135.774363330623,-0.53301129955622,2.92511546988448,3.153789612967,4.24789521948814,0.282723256941272,0.688603489197398
151790-99999,21.65,46.25,239.405471271408,-0.893520341993296,3.53952195293534,3.74997966109051,5.09772597304163,0.327888708445191,0.694333507068336
151840-99999,23.133,46.317,296.559660010681,-4.31130762514053,3.42987767005027,4.04794410492104,5.60666871795702,1.05790825791692,0.611749657878853
152450-99999,20.7,45.783,8.06673875316749,-1.23783380948373,2.4040742999838,2.01959771761027,3.27606601791994,0.689726696185449,0.733829625787031
152540-99999,23.933,45.65,611.686674587525,-2.81484682351051,6.69475955563082,5.39808315696229,8.57732242771398,0.562021038919662,0.780518583981354
152620-99999,26.383,45.817,888.954003389919,-12.6097854945399,10.3090711735581,6.31857061074992,11.152761058572,1.92265890359359,0.924351478473984
152790-99999,24.617,45.6,1128.43758532157,9.32183858904243,13.8166132309674,6.99115510975009,13.2784581398124,1.31112471243038,1.04052843225385
152800-99999,25.45,45.45,1480.64423144945,-13.881592328511,19.0810218113002,7.84357037485111,16.2448807795713,1.72367364118597,1.17458675568093
152840-99999,26.417,45.6,935.841080016494,5.42434097700821,11.5228927882338,6.4577361758368,11.5764455525048,0.851475368896938,0.995373989016914
152970-99999,23.633,45.433,35.3796176414728,-7.32655656076175,4.39453826154305,2.4451733364848,3.47865684994007,2.65741797394618,1.26328593221799
153010-99999,25.267,45.433,346.217232933137,-15.2412384124135,4.13094608206181,4.29108257320779,6.06308123614941,3.28552851508761,0.681327846546441
153020-99999,25.583,45.5,64.64423144945,-2.35070216959053,3.24710959748952,2.68992837593469,3.71992691623418,0.893657108760392,0.872896073124117
153150-99999,22.05,45.183,935.467862607899,-19.2112977875343,11.5369426966921,6.45664418909891,11.5730876084722,2.83344918206712,0.996876813431048
153160-99999,22.517,45.3,402.572749980243,4.70013241020009,5.22189708985385,4.55116811134055,6.59105594881383,1.02949105940962,0.792270181046425
153170-99999,22.533,45.283,1138.57274998024,-17.2374737570395,15.2597516016399,7.0177123440785,13.3663589656754,2.3594243760884,1.14165358276152
153200-99999,23.467,45.383,316.714333752479,-0.351002438791472,4.21856914595171,4.14830279818629,5.7906419936897,0.183078098768334,0.728514929872864
153250-99999,25.5,45.35,604.94106637779,3.58765103427497,7.62184077174093,5.37318390095888,8.51342662189032,0.695985534116785,0.895272974121033
154100-99999,22.633,44.633,190.712597207635,-2.40285205928872,4.09816470917402,3.47931560861819,4.68445525819782,0.729485254449754,0.874843388033692
154220-99999,26.1,44.417,18.6371758099096,-0.267006594011885,2.3795166983322,2.22475941490948,3.32787867369715,0.281495162404042,0.715025075024338
154280-99999,29,44.683,25.906611600929,-3.69632500827424,2.02267563909811,2.33436255918828,3.39175749839318,1.48051807792578,0.596350311027937
154700-99999,24.983,44.1,10.8492715242973,0.258028145815238,2.47134970084102,2.07542842327112,3.28021061434038,0.294330892276341,0.753411896796141
154990-99999,28.583,43.817,42.9611632317101,-1.19700353963975,2.46521301489925,2.51800971895442,3.54546658448673,0.562292271287871,0.69531413035617
155250-99999,24.7,43.15,60.5072493059557,8.05891101977398,3.74317532139491,2.65961606582817,3.68813315741499,2.70884526520174,1.01492412600919
156000-99999,23.667,42.833,880.584075840756,-18.705272588805,13.2190294936582,6.29329616586474,11.0767416965511,2.82709190353109,1.19340414860212
156150-99999,23.583,42.183,1648.37241334643,-13.2044731881563,23.3057990572972,8.20735047393374,17.6000892913842,1.5738970458559,1.32418641016249
156400-99999,26.333,42.667,244.936435113545,4.26496475207598,6.55392857883294,3.77971711064201,5.14598427627614,1.11338311128727,1.27360058386646
157300-99999,25.383,41.65,23.4097886542551,0.256536711423265,4.27146700958337,2.29968831300195,3.36902948661681,0.27022176286905,1.26786275589199
160080-99999,10.533,46.75,875.021517047743,6.37157425512532,12.2699106176766,6.27642446687008,11.0261557073421,1.01404129695836,1.11280041234193
160210-99999,11.783,46.3,392.719875272774,-2.84302768675735,10.8711931873851,4.50682945144196,6.49819628207048,0.667693541227884,1.67295549649376
160220-99999,11.033,46.15,714.483278167748,-1.70155864868081,10.8094369644094,5.76129603115727,9.54489914887526,0.351613889157369,1.13248309864889
160330-99999,12.217,46.733,572.476522069846,-10.8049893607596,7.07984355502952,5.25134754165685,8.20539729176794,1.9656244521615,0.862827636893629
160590-99999,7.65,45.201,104.474387931276,0.384139655063888,3.831110036174,2.95783893603635,4.0139002884844,0.255691393213751,0.954460689311388
160880-99999,10.268,45.432,172.308391897972,3.45128301062963,5.32388671676004,3.37271453559269,4.53440938103888,1.02028770112407,1.17410808539309
161190-99999,8.933,44.633,16.8683427667705,8.42263085929366,6.46827401035282,2.19371528496577,3.31411296995252,3.31238825019588,1.95173612637758
161340-99999,10.7,44.2,1360.59702241273,-14.7917397149098,15.5616684770538,7.56794386306581,15.253293992305,1.89537011839085,1.02021691084591
162060-99999,11.072,42.76,49.0592297223058,1.85605904222554,3.62474524757555,2.57038288787315,3.59677564611761,0.767350238802817,1.00777629861015
162160-99999,12.064,42.43,0.724556439380422,5.10391116754658,5.14972920797485,2.15741457033877,3.30658366290194,2.10878318727371,1.55741687886262
162320-99999,15,42,1.07250222106938,3.58038945701431,8.19516704473419,2.11006235065576,3.30578688536012,1.56333026143576,2.47903671014819
162390-99999,12.595,41.799,34.5507485832318,-1.7429856268653,2.66170531463221,2.43651275639572,3.47115983649004,0.763826284077971,0.766805747938034
162630-99999,15.233,41.05,450.128427760117,-0.265887783169976,6.48603776226953,4.75891118789354,7.04139159457648,0.145636188900302,0.921130102644099
163100-99999,15.283,40.017,97.77179221179,-5.1671481287261,8.92479773973249,2.91464208325603,3.96475735890896,1.65966095144068,2.2510325177096
163320-99999,18.133,40.239,21.0743630438274,3.12949222508804,3.76257397858752,2.26455448112373,3.34835601029478,1.31286695555109,1.12370786350651
163440-99999,16.4,39.333,588.777728234795,-1.31237741569912,7.29701272274797,5.31294537490652,8.36016623060465,0.311782977270497,0.872831056401162
163620-99999,16.242,38.905,418.431643976919,9.25286169803436,3.1545898301986,4.62157770701654,6.74088704342941,1.90426900770694,0.467978444064494
164050-99999,13.091,38.176,50.4523228020017,-0.137673492384259,3.1627379401386,2.58178297127158,3.60821253797139,0.20691706662301,0.876538703542323
164200-99999,15.55,38.2,76.1556740993357,7.43236068924235,4.48783456582013,2.77087141824309,3.80625610658156,2.42515210014068,1.17906794502346
164290-99999,12.488,37.911,56.2425104552778,0.747126161459541,3.59731636788584,2.62743487205011,3.65475078832921,0.398769666669996,0.984284996770018
164340-99999,13.433,37.717,487.516107931225,7.76471171031901,5.23348953113614,4.91543232571928,7.39694251433221,1.52614070552923,0.707520643968207
164600-99999,15.066,37.467,237.828351185803,-1.5614505393329,3.85500398064175,3.74146355291423,5.08401017682017,0.486023400558639,0.758260476782305
164900-99999,12.618,35.498,21.073501511092,-2.74147782401906,2.76478329181357,2.26454099775051,3.34834853975121,1.17251935372151,0.825715500937366
165600-99999,9.054,39.251,163.661112373364,-2.62225496641115,3.11063355512852,3.32178543567562,4.46520605243001,0.816962390736412,0.696638300361454
165970-99999,14.478,35.857,81.3718777404873,-2.23111937742662,2.6752028509952,2.80634426242934,3.84471671863201,0.826023898497468,0.695812733882528
166410-99999,19.912,39.602,33.493981395915,4.44511262391131,3.86242203725316,2.4252283581377,3.46155454805367,1.69050481483078,1.11580562537282
166421-99999,25.133,37.017,7.84004882847354,-3.03049046375137,2.84271258814117,2.01540009631214,3.27618637366807,1.40355026181619,0.867689521874918
166430-99999,20.765,38.925,82.4981951182361,-3.00204123363757,2.94584198408658,2.81392718437644,3.85298942860109,1.05676468998715,0.764560100326082
166480-99999,22.466,39.65,235.602124339734,-3.52809187730757,3.81031345246559,3.72941457166495,5.06468375317785,0.952399394538869,0.75232998508047
166500-99999,25.236,39.917,2.5706150768866,3.65958563412228,3.39710174221668,2.004090340677,3.29872074594844,1.66111644079012,1.02982398446097
166820-99999,21.293,37.921,15.9267661644139,-8.46062773739395,2.70617299061033,2.17642807253263,3.307299629696,3.34798002956035,0.818242461708579
167160-99999,23.735,37.882,153.951286642865,19.650480146355,3.51369275983698,3.2639472253181,4.38852014120639,5.35355012706164,0.800655493601329
167540-99999,25.18,35.34,325.399406413633,3.72558905609045,5.96176973697931,4.19083353557933,5.87048757553558,0.900818377808536,1.01554933219246
170300-99999,36.3,41.283,381.8285994867,1.18097556182323,5.16591510267903,4.45727358396163,6.39578691052075,0.339092755998323,0.807705943764536
170380-99999,39.79,40.995,355.502826414346,8.53310316056954,3.79563804284578,4.33504696364291,6.14947518506213,1.86825551612918,0.617229589293388
170450-99999,41.817,41.183,589.603944533174,-5.06377542483679,6.12346953243289,5.31604458821054,8.36800547774152,0.956625304440562,0.73177169263584
170630-99999,29.309,40.899,12.7524886014847,1.04996489247552,2.72610403951195,2.11450221425904,3.28802019172603,0.59283365071266,0.829101976433087
170720-99999,31.167,40.833,705.636957208247,3.10013336197955,10.4026198763763,5.73116532212301,9.46215046112644,0.577762453067599,1.0993927774784
170850-99999,35.85,40.65,393.31116998733,-2.11805055353005,5.34768747898306,4.5095034047372,6.50376353780811,0.522616782943856,0.822245065936903
170880-99999,39.467,40.467,688.514458062259,-16.4879379310562,6.95795931129149,5.6722709887245,9.3016864720975,2.75229943113155,0.748032018942312
170920-99999,39.527,39.71,759.762391607353,-1.32712650532125,9.69503221787673,5.91247771376328,9.9667005394553,0.284932998893647,0.972742401509596
170960-99999,41.17,39.957,433.912395048896,-5.62960773400015,6.39906261134655,4.68920379915045,6.88750734914191,1.18122316471819,0.929082509384732
170980-99999,43.115,40.562,270.060214640703,-2.75407488013859,4.75805832820996,3.91232373353333,5.36805037761683,0.737496855774173,0.886366183903497
171120-99999,26.427,40.138,139.709927463125,-0.423452362310564,4.1176950119011,3.17785194745588,4.2780208363906,0.251084702566495,0.962523365214656
171240-99999,30.582,39.784,128.768005527499,-7.74501648945816,3.72560265322839,3.11065383380823,4.19468918896565,2.28352449970591,0.888171324595105
171280-99999,32.995,40.128,234.766590543789,-7.27756135565093,3.98348417570068,3.72488398896115,5.05744079603404,1.84089347209824,0.787648207137582
171300-99999,32.883,39.95,252.482525649049,0.184461911740914,4.67454802240419,3.81996899261284,5.21220638589636,0.158441394582078,0.896846301990839
171400-99999,34.8,39.817,128.51869418647,-0.610882124681111,3.47283558987971,3.10911172299213,4.19280571330322,0.307799317378885,0.828284406038863
171500-99999,27.926,39.619,249.810785426853,-6.55574538346088,4.63330112580793,3.80575953929036,5.18871085800355,1.6386761311394,0.892958049235119
171550-99999,29.967,39.417,207.969846752586,0.641519853427916,4.1649304474139,3.57709904605587,4.82837495280108,0.279983351037843,0.862594659306171
171600-99999,34.167,39.15,160.231955245293,-1.8837836425544,4.38046020102381,3.30143812734402,4.43799907682187,0.627074165802587,0.98703495093125
171900-99999,30.601,38.726,191.033377876874,23.4349127040454,3.58538230739094,3.48115226032046,4.68710275883582,6.01205659542365,0.764946384124396
171950-99999,35.495,38.77,391.508226321552,-4.67994034338943,6.20645833671131,4.50134487055971,6.48679044940857,1.03570948963768,0.956784157761282
171970-99999,38.254,38.354,364.908939613043,1.31685832156827,5.37437402177245,4.37912302796563,6.2372625602393,0.372373951456973,0.861655889882284
172030-99999,40.5,38.867,270.75230049571,-44.9197435813315,4.89773067453312,3.91592032251599,5.3742289506023,10.2854536006332,0.911336439059639
172100-99999,41.95,37.917,201.195774439411,-6.86436438210046,5.55123106166512,3.53896332792833,4.77152516277801,1.82333034102535,1.16340810795036
172375-99999,29.701,37.786,232.819387242968,-11.4766301141519,4.8415332790526,3.71430759562776,5.04058365344398,2.84189747482537,0.960510451154723
172440-99999,32.562,37.979,205.115080471542,-3.95425449122321,4.27391923963653,3.56106645336084,4.80436220122223,1.09681891256347,0.88959138812416
172480-99999,34.05,37.5,169.706318305053,-3.6453352261116,4.49518632047193,3.35744645520035,4.51349618853379,1.07463195516898,0.99594330707349
172500-99999,34.683,37.967,383.14550944066,-5.58332869223377,5.75114899989857,4.46329640166415,6.40815539731916,1.22566298683957,0.897473398086531
172710-99999,38.883,37.483,180.999650093941,-10.9782349847235,3.7487380909308,3.42335790215746,4.60480858401262,2.92561506520004,0.814092056713497
172750-99999,40.733,37.3,297.649145844274,-19.114766355382,5.04099579699057,4.05342962571289,5.61656277453546,4.30769067882785,0.897523271678826
172900-99999,27.67,37.14,247.953428429306,-39.8730763826668,6.307527800882,3.79585425585818,5.17240863248012,9.39814853532582,1.21945659151404
173020-99999,30.7,36.867,113.214794058751,1.20769019350162,3.48369621765172,3.01344531776291,4.07837030032231,0.486044335133966,0.854188305896698
173200-99999,32.833,36.083,246.951213988085,0.20406909233662,4.31860093426301,3.7905001965381,5.16362297371864,0.16409953620436,0.836350941237083
173400-99999,34.633,36.8,29.3980528359583,1.85845767958969,3.8614780335187,2.37856389110707,3.4239464671309,0.819317468295848,1.12778574974463
173700-99999,36.154,36.573,311.939875763513,-9.47621335151704,9.40583232582026,4.12474058039996,5.74688765747021,2.15714009858133,1.63668282493636
176000-99999,32.486,34.718,169.091391826592,-3.78103795118432,2.81482147588827,3.35383110832495,4.50856509329094,1.11085250776468,0.624327567118178
200460-99999,58.05,80.617,42.5307588632459,2.44829188180564,5.74175588265489,2.51413478797683,3.54176411839565,0.978155288066801,1.62115705358035
200870-99999,90.567,79.55,2.56458396534494,-1.00411693826014,4.2685762628964,2.00431237022422,3.29875730775865,0.600610752933139,1.29399524264994
201070-99999,14.25,78.067,59.2311503068071,1.41246359666788,2.83529038428179,2.65009560290866,3.67821485044318,0.607112874574979,0.770833270911343
202920-99999,104.3,77.717,9.67100808188831,-0.71312392507467,4.1096851918909,2.05120031385279,3.2772637111651,0.4755110441495,1.25399893145305
204710-99999,82.95,75.95,11.4926612139467,0.685922166014923,3.53541840922015,2.08871424460915,3.28246337504581,0.458112427234693,1.07706256103187
204760-99999,88.9,75.417,3.69205040393508,-0.80708783210657,3.85427446484366,1.97926148148714,3.29167047733142,0.527208542490056,1.17091746922625
206670-99999,70.05,73.333,3.76414370286999,-1.35706125439624,3.38742688522931,1.97855698949148,3.29122301057974,0.749250980417137,1.02923043328888
206740-99999,80.4,73.5,28.2074965552712,4.47191772480931,4.23721335061704,2.36400079227608,3.41295544132177,1.73600431194644,1.24150854690797
207440-99999,52.7,72.367,129.884392621971,-0.218883062476213,4.75196978050023,3.1175530944875,4.20313128572574,0.198720804836745,1.13057848005805
208710-99999,82.7,71.883,20.4328268477258,-1.79272389445567,4.26745027189416,2.25440245145118,3.34283285979802,0.832385221428965,1.27659696158186
208910-99999,102.467,71.983,12.8954085843535,-1.19591004410791,3.96407486338775,2.11739549670477,3.28873746931728,0.647938015574266,1.2053485267131
209670-99999,72.517,70.167,14.4255260301683,0.494836332304892,2.74586008426601,2.14779826829676,3.29737596910162,0.375722102479068,0.832740976460178
214320-99999,137.867,76,21.0896455625774,5.15041838343093,3.66074248783829,2.26479359296528,3.3484885511709,2.0437035147245,1.09325220376166
215350-99999,138.9,74.667,29.3806888852207,-0.549851139024208,3.2867286331079,2.37835501245563,3.42378621836641,0.36473997629936,0.959969000247948
216080-99999,113.5,73.217,3.34512449778977,1.22666321097503,3.97654445205807,1.98394098771882,3.29385560435792,0.695130528266191,1.20726131612962
216360-99999,139.867,73.336,22.9745983433436,-0.00720294340834977,3.7631898996875,2.29334950413773,3.36512234947809,0.181575181572174,1.1182921477643
218130-99999,123.567,71.917,62.9038479150628,2.24725173327486,3.77310732453436,2.67727279833406,3.70661452780742,0.864657178544859,1.0179389564866
218240-99999,128.903,71.698,50.5416976139915,-0.825304461531989,3.84375905758733,2.5825082199056,3.60894290214614,0.429943528771053,1.06506507911265
219080-99999,113.967,70.133,60.5028205509782,-0.288666714320569,3.55407129689657,2.6595831735395,3.68809883269124,0.249610999617101,0.963659451149559
219210-99999,127.4,70.683,165.726607471078,2.81562229942899,4.8594408712045,3.33399983358771,4.48165878269025,0.864794586161043,1.08429514758539
219310-99999,136.217,70.767,3.52496480385759,0.940192171203854,8.81256625749826,1.98123696598933,3.29271747628784,0.580433143204287,2.67638092881064
219460-99999,147.883,70.617,38.985830644894,-2.40276349595361,3.18265569896391,2.48112105464766,3.51085014140563,0.973715405292956,0.906519951230295
219780-99999,170.933,70.083,118.213275191452,0.679911738426749,3.99607993389157,3.04491615184333,4.11550472153833,0.332846162754288,0.970981739609785
220030-99999,31.983,69.933,13.0542021389822,-1.17771058193138,3.15314094358021,2.12060055943285,3.28955363163866,0.640200802786393,0.958531550680176
220280-99999,35.117,69.2,27.7476544137142,-2.5151499970724,3.17748641199137,2.35824021168422,3.40871092739385,1.0548973402399,0.932166581347728
221130-99999,32.751,68.782,57.6569376551881,-29.9717477165594,4.63054904316779,2.63822627573466,3.66589844088861,9.70986316448005,1.26314166031434
221650-99999,43.3,68.65,46.1688435748956,1.32134269923092,3.99308508408871,2.54610451854047,3.5727175368554,0.597925215023025,1.11766044835532
221930-99999,49.3,68.783,5.23644518324301,1.12685909434653,2.78068452584234,1.97881116884703,3.28313239392664,0.656306182089389,0.846960826491869
222170-99999,32.35,67.15,128.254832578531,-0.570593176920135,3.2467630963193,3.10747906508357,4.19081303127761,0.296770447618754,0.774733463909625
222710-99999,44.15,67.883,20.7084374028083,-11.6093287516169,2.5435121322034,2.2587914181741,3.34519564605531,4.38936001897215,0.760347794665683
222920-99999,48.683,67.683,28.5913351048778,0.250282401505474,2.8264813856639,2.36875037361911,3.41649927482131,0.2615363150468,0.82730337643983
223240-99999,34.35,66.683,4.54392276223278,-1.97857688774896,2.48531393629031,1.97570781293736,3.2866421127972,1.00115889072071,0.756186360119114
223340-99999,36.017,66.333,20.6476068694457,0.46079802187138,2.60518414099324,2.25782631118261,3.34467281322266,0.348389605964479,0.778905527229462
223490-99999,39.533,66.183,65.5813367874096,-1.02131840181034,3.36170068056561,2.69668945733087,3.72706043803925,0.475904344828225,0.901971067132506
223650-99999,43.25,66.383,21.7649365322256,-1.08315442768904,3.17341754814605,2.27523501952629,3.35438595132928,0.570457787016276,0.946050214313737
223830-99999,47.72,66.739,22.0437341147334,1.51806093428464,3.30601108627852,2.27947601939252,3.35684231761798,0.726058048425152,0.984857426554509
224080-99999,31.167,65.217,34.329119541969,-2.96685955659441,2.18103345231723,2.43416919652935,3.46914960611459,1.18154725388541,0.628693974013985
224380-99999,36.817,65.2,6.93124842262648,0.0980895012872991,2.69683720125141,1.99971350472188,3.27743879538511,0.23926321962798,0.822848989597845
224460-99999,39.733,65.467,31.1834236047733,0.736963277780375,3.30932863278392,2.3995184915175,3.44039743801569,0.426609894504585,0.961903004640252
224810-99999,46.2,65.767,22.7808679728806,-1.48711877917164,3.20997115991585,2.29049791045965,3.36338996832587,0.712101869606605,0.954385661533508
225200-99999,34.8,64.983,5.55092311403486,-0.0418596834022759,2.38284877259188,1.98150134085097,3.28175188929033,0.218359617414698,0.726090470266223
225590-99999,41.667,64.217,25.0235156915206,-1.96112608843006,2.29619973435589,2.32241608888422,3.38367050322393,0.871992651304298,0.678612096588038
225630-99999,43.383,64.7,25.04759628989,-1.36876345193537,2.27251183515767,2.32274631561654,3.38389045170702,0.662037336333287,0.671567790857796
226560-99999,41.8,63.483,11.3465662490504,-0.959170875477431,2.19768030252394,2.08570041745314,3.28191483051121,0.56432325478552,0.669633557243049
226710-99999,44.45,64.017,2.50743387459021,-1.61702923499212,4.92102619707603,2.00647495643893,3.29910194314642,0.844624132211514,1.49162598849029
227210-99999,34.433,62.917,36.6022078289987,-3.32995452222479,2.40095498318487,2.45766227110236,3.48965109203275,1.29492625295494,0.688021501251661
227490-99999,39.3,62.133,25.335061173413,-1.31498574900765,3.1812121206288,2.32666888919797,3.38651876696295,0.642093510118418,0.939375311208369
227620-99999,42.783,62.817,2.05714067431284,-4.29752083200237,2.6543307964773,2.02765072424593,3.3016686496493,1.89801572898629,0.803936154150188
227780-99999,45.017,62.233,32.0778366115085,-3.25725994103115,2.56774860029272,2.40964863492318,3.44860951783256,1.29131053692686,0.744575048875508
227980-99999,49.117,62.167,51.4787017132507,-2.70864815043258,2.88388544557975,2.59006926649348,3.61657610820419,1.03837418313722,0.797407647259978
228020-99999,30.717,61.717,23.7426896704022,-2.17524231576114,1.89607429527993,2.30447573259334,3.37203159363453,0.9539188678546,0.562294344708751
228200-99999,34.267,61.817,15.1982969623929,-1.01067127461672,2.44295639916623,2.16269533813712,3.30232644454159,0.567346647954708,0.739768293714327
228310-99999,36.583,61.8,31.8209293088109,-0.161451469509331,2.5918159624473,2.40676272422829,3.44625327126943,0.227556058840316,0.752067755453331
228450-99999,38.933,61.5,7.76311649811609,-1.71707883334122,2.21345378802639,2.01399739810392,3.27624437565767,0.881893845639362,0.675607047042108
228540-99999,40.183,61.667,71.8670630229232,-2.28163886339005,2.62730489773222,2.74120320327939,3.77438273699213,0.858211808681308,0.696088627150188
228670-99999,42.067,61.083,32.6735025626743,-1.09620317297226,2.42308876445771,2.41626833823695,3.45406389013378,0.54734440999255,0.70151822361452
228870-99999,46.717,61.233,40.5562211770839,0.781972426749656,3.15838295568784,2.49600005824168,3.52463706346407,0.427894660156325,0.896087426540231
229960-99999,49.65,60.367,13.5300648188984,0.572449730158766,3.01523375604522,2.13014040667287,3.2921159709228,0.407753794222498,0.915895364159979
230220-99999,61.7,69.75,2.23700538983751,5.03402841520102,4.15709810302868,2.01825038868181,3.30067968767004,2.19756877238003,1.25946729049713
230320-99999,66.8,69.717,18.3281780571092,1.22467834524633,3.65486524096545,2.21947033901541,3.32539550300209,0.634196417038604,1.09907685797552
230780-99999,88.25,69.333,132.539794186215,-0.454799108496087,4.37439260133178,3.13392352783224,4.22326531120994,0.262746065288187,1.0357844650964
231140-99999,55.5,68.533,32.3147505933474,-1.12060345077248,3.11938921129614,2.41229334056004,3.45078040794956,0.556469854256108,0.903966304001846
231790-99999,87.767,68.1,10.9916246724162,-2.95433920537172,3.36774866042477,2.07836975614879,3.28067212524472,1.33973771493943,1.02654228519516
232050-99999,53.033,67.633,4.47264906020405,-0.266871345740167,3.17496755818224,1.97565235957791,3.28703652605009,0.30976536054154,0.965905773489376
232260-99999,64.017,67.483,11.3643437265784,1.0844657233774,4.02387092151439,2.08606729885398,3.28198044499459,0.612693151519901,1.22604963343132
232560-99999,78.733,67.467,7.27806744976623,18.8861616258651,2.62752387082397,2.00545092251006,3.27681348913014,7.73759384057034,0.801853349157652
232740-99999,86.567,67.467,26.1304501441624,-1.57042171494975,3.46464666585144,2.33733823842552,3.39381321476034,0.729705639923513,1.02087134636138
233240-99999,60.767,66.433,16.1782263980309,-2.04221900587969,3.39010278179224,2.18109641208323,3.30907902127007,0.948201263640636,1.02448529031835
233450-99999,72.933,66.633,0.178891762859896,-0.612859128732512,4.68331768741953,2.26459806653839,3.30727754132489,0.402539212553941,1.41606430936044
234050-99999,52.267,65.433,0.733135407478599,8.77527595129901,2.98861105309848,2.15608631582189,3.30656818212908,3.49208378359078,0.90384074620053
234180-99999,57.133,65.133,39.7410085407606,4.5521132797467,3.66736918123454,2.48832956814118,3.51749823662533,1.69061449366485,1.04260725507939
234260-99999,64.717,65.483,17.05677692242,-1.2893234437708,2.93802223876189,2.19711135580799,3.31552342665085,0.663422160867646,0.886141299785569
234430-99999,74.5,65.833,7.87991696004752,-1.13893028923029,2.78287923314309,2.01613152455145,3.2761597501761,0.651369085136543,0.849433313803916
234450-99999,72.667,65.467,5.51207575025621,1.42956122045403,2.62974453583178,1.98113241483345,3.28191475115905,0.777693769553834,0.801283621063908
234530-99999,78.4,65.95,8.40258831061066,-1.67007727185889,2.43071734757547,2.02597252946944,3.27602437120731,0.859105650018569,0.741971692560908
234650-99999,82.45,65.7,2.40518221372742,-1.30401220964132,3.38868715506461,2.01061809725606,3.29970959639142,0.718553017527032,1.02696526954084
234710-99999,76.484,60.949,13.369616519785,1.48321807406367,2.41014010559425,2.12693513060709,3.29123296059593,0.754955099940113,0.732290948240218
234720-99999,87.989,65.783,15.7862959222823,1.15783721590505,3.93542956785091,2.17380403458282,3.30631918001636,0.620029439129677,1.19027515299701
235270-99999,60.883,64.283,27.0635293557178,-0.999029598342291,4.04740480024515,2.34952308624652,3.40240116768071,0.526063328132871,1.18957306936387
236060-99999,53.817,63.55,4.09352175883203,-1.03476850887397,3.48393296558347,1.97636272800116,3.28922274041837,0.61976724634068,1.05919642436266
236250-99999,62.1,63.65,26.0348517491957,-1.35431434701705,3.6453952305446,2.33606990866053,3.39293499561921,0.653832383099767,1.07440762503595
236310-99999,65.05,63.933,0.813562974486697,0.133873929233591,3.70526464813825,2.14406051314007,3.30641329316833,0.239735031056761,1.12062961269664
236350-99999,69.6,63.667,3.37162829240872,-1.12320803281106,2.97766274353884,1.98350259179367,3.29368737285651,0.653596270917809,0.90405141911098
236620-99999,82.083,63.983,19.9394534735358,-0.526005241153552,3.92380480310555,2.2464404737991,3.33864407413499,0.373576362182828,1.17526897626012
236780-99999,87.95,63.15,33.9380335187093,-0.892054469543998,4.25324582104005,2.43000420922774,3.46559680726874,0.475103231988496,1.22727658685491
237010-99999,50.9,62.983,29.3701682181224,-3.1663155934371,2.6484549587601,2.37822840522591,3.42368912359928,1.2738098153643,0.77356759423759
237110-99999,56.2,62.7,3.96605532024188,-3.08794583686543,3.01093067811323,1.97702212330163,3.28998726524747,1.4484916396641,0.915180040335735
237240-99999,60.867,62.433,10.3704352563057,0.324153426169104,3.40625965712583,2.0655441916875,3.27882012903654,0.321239224348349,1.03886749595097
237480-99999,74.534,62.19,7.9872116274416,0.219457213332757,2.53919938086811,2.01811463543858,3.27609968843318,0.285712653112573,0.775067800846592
237760-99999,89.017,62.467,24.7567729710197,-6.13917958481814,3.766128564747,2.3187410234213,3.38123658500562,2.35537054651431,1.11383172104792
237880-99999,92.117,62.317,185.30652517998,0.372513329135441,4.52110635727522,3.44825319960233,4.64000064310952,0.22098717712008,0.974376235052713
238030-99999,53.683,61.683,15.6702815340866,-5.14000547684629,3.35938779145118,2.17162812440038,3.30551696110306,2.11107430159732,1.01629724820113
238120-99999,56.867,61.833,30.2755379162354,-1.76772491151827,2.99110434923181,2.38898964810249,3.43203949822921,0.784954322355474,0.871523871090381
238470-99999,71.3,61.3,9.32556162463737,-0.535067041444148,2.27888769287313,2.04419762206351,3.27671612646314,0.406834371853803,0.695479133657192
238490-99999,73.402,61.344,16.981868410084,-1.5138723849447,2.45774479916032,2.19576385786778,3.31496096338709,0.747050740022004,0.741409876709107
238620-99999,82.417,61.533,17.721136056273,7.58839641883222,4.41418683938925,2.20891515389481,3.32060869518406,2.98584339461608,1.32933062718026
238670-99999,80.25,61.1,15.4917152040962,-1.56591416398121,3.07175277990939,2.16826369828373,3.30429585128123,0.774254120876448,0.929624016178313
238840-99999,90.017,61.6,83.8252478069729,-1.85700239541818,3.39050950753111,2.82282982049506,3.86272560409438,0.709335874163732,0.877750545867734
238910-99999,96.367,61.667,216.66738745201,-13.6639852804743,4.58076476507318,3.6255995436401,4.90201299079927,3.4331944074187,0.934466059896405
239090-99999,54.35,60.283,42.692988542851,-2.35297686707126,2.60660952006687,2.51559847788725,3.5431609593895,0.946073188453815,0.735673470650343
239210-99999,60.45,60.683,33.8601138162624,-1.59472818102371,3.24333392263998,2.42916980613643,3.46488812233141,0.715126919796654,0.936057329452141
239290-99999,64.217,60.317,4.55605929713511,-1.33785138002593,3.48401768311982,1.97572275069901,3.28657551756465,0.742349432910861,1.06007534727255
239390-99999,68.967,60.333,4.04317378067434,-0.408283288492585,2.42417246086988,1.97659595462407,3.2895231361738,0.366746657563065,0.736937349432826
239460-99999,74.017,60.5,2.95815672592068,-0.225550642192529,2.32952399211974,1.99209064753875,3.29631323660377,0.291141352706854,0.706705893800274
239660-99999,84.083,60.35,21.6960108861079,1.81944249660235,4.43399266999072,2.27418031138941,3.35378052987402,0.836082098585976,1.32208790363431
239750-99999,88.367,60.35,39.4376912764553,-2.39994410135721,4.24605501933088,2.48544643994705,3.51483205217814,0.971360283860475,1.20803923382331
239820-99999,93.433,61.017,188.234208690659,-2.91730045771231,5.5491606742674,3.46510090323864,4.66403681286497,0.861844513192868,1.18977634545271
241250-99999,112.433,68.5,2.18836795376095,-0.0757501356699233,3.10713427088563,2.02066034363791,3.3009524519211,0.228412422611044,0.941284164537824
241360-99999,118.333,68.617,156.963777529151,-0.12186805001603,4.74786100941566,3.28196577968678,4.41219546991869,0.164429845810909,1.07607676082927
241430-99999,124,68.733,25.4514918607527,-0.908736306237392,3.79746929439401,2.32824745274438,3.38758462299288,0.498095138341036,1.1209961423898
242190-99999,108.533,67.133,100.752008474479,-0.217092614805969,6.60197592055449,2.93391327244731,3.98658450361328,0.208826652833578,1.65604815715576
242630-99999,134.683,67.65,47.106551820066,0.629380290600025,3.43637628669483,2.55407981003391,3.58057263388844,0.369793967691854,0.959728132358254
242660-99999,133.4,67.567,140.340552472684,-2.20355608130736,3.84702323656245,3.18169662030602,4.28286441226528,0.734323427518762,0.898236055651292
243220-99999,112.03,66.4,85.9089357572412,-6.21167278747301,3.94118140085013,2.83674267071076,3.87799349054129,2.01144452833798,1.01629397018406
243290-99999,114.283,66.25,133.499198646454,-3.00344185615735,5.94467750575353,3.13982452400306,4.23055870893675,0.962530427786745,1.40517551338924
243430-99999,123.4,66.767,28.4045121008448,-0.481112434695817,3.62489334887377,2.3664452446571,3.41477436734653,0.342274961129838,1.06153231778254
243710-99999,136.683,66.8,272.468597472761,-0.260413488801533,5.66463241198555,3.92482664545238,5.38956431361998,0.17185158871321,1.05103716782272
244490-99999,127.117,65.3,421.726264464037,6.15662499893697,15.6417253989284,4.63606006753708,6.77206365029655,1.29605668769545,2.30974282089676
244770-99999,135.8,65.3,85.1238203317393,-0.282507793834372,4.02052603377178,2.83150958187499,3.87224313103177,0.234880847436726,1.03829379967174
245070-99999,100.233,64.267,215.435851326014,20.6207274271753,4.57337150031472,3.61876353150832,4.89154310279686,5.12792911406612,0.934954758489153
245380-99999,116.917,64.233,46.4021628340208,0.499228068335193,6.97609373308688,2.548098273342,3.57467662532283,0.327820161532922,1.95153141508482
245850-99999,144.4,64.55,382.524283027971,0.963250960970718,10.9014612138294,4.46045631956118,6.40232029862773,0.294983135966847,1.70273599341258
246390-99999,118.333,63.283,29.897139074633,0.895199413335119,3.03875273235186,2.38452463855574,3.42855093612031,0.483684346004991,0.886308177702169
246410-99999,121.617,63.767,15.2200048085993,-1.25354868236259,3.13439594080773,2.16310898895897,3.30247052663425,0.658459225526502,0.949106408529309
246430-99999,124.833,63.95,28.1032160734043,0.947489387289212,3.49300449934029,2.36270124941917,3.41199275326262,0.505637599306914,1.02374323509339
246520-99999,127.467,63.967,64.0347504148971,1.01636840946047,5.416174255921,2.6855114153135,3.71527467681985,0.47602039728093,1.45781260527339
246610-99999,130.3,64,173.147863073144,4.91535928271262,4.77953234912235,3.37762981457092,4.54117253261119,1.39656427809674,1.0524886061473
246710-99999,135.867,63.95,385.560539675246,-0.981447648293117,6.95166010379081,4.47431927643251,6.43084796066694,0.297819172024596,1.0809865427249
246790-99999,139.6,63.217,253.645080777457,2.42948247002131,6.54878570251673,3.82613766001874,5.22244649035365,0.677158865538417,1.2539689424512
246880-99999,143.15,63.25,143.508863644185,-1.64026960137545,5.11875805075939,3.20096693086959,4.3072678106177,0.578300114903368,1.18840022859533
246910-99999,145.6,63.833,229.561721526337,0.500512376356919,7.18461674136248,3.69655705904058,5.01245292188285,0.238412670739584,1.43335346053758
247240-99999,112.483,63.033,110.313134056355,-0.84302888053837,3.4525141817745,2.9950692873675,4.05690767393338,0.384263878656879,0.851021137098521
247260-99999,114.039,62.535,16.3251067993402,6.3541397566997,2.87093052390991,2.18380591282806,3.3101323518696,2.55388801550003,0.867315931427447
247380-99999,117.65,62.15,41.0845278618336,4.28138865228294,3.73984011490124,2.50091205490251,3.52924235814711,1.59331182147498,1.05967222859263
247530-99999,129.667,62.733,46.022066929711,-0.248826149493869,2.93415790566942,2.54484703998131,3.57148353978324,0.245932271690885,0.82155156897279
247680-99999,132.6,62.033,34.6369629441502,2.12679547388757,3.29358437738442,2.43742118455509,3.47194119393261,0.894252239923651,0.948629079069692
247710-99999,136.85,62.783,38.8976454911973,-0.221658279346686,5.5663264168931,2.48027260713298,3.51007163980802,0.242145056670141,1.58581561520423
247900-99999,148.167,62.783,264.01311267418,-0.512137628708054,6.02503575520163,3.88077146114647,5.31419798113178,0.231040956526678,1.13376200446308
248170-99999,108.017,61.267,24.7298813974446,-7.22482045503403,3.96571714575236,2.31836877016641,3.38099147133436,2.74088349856996,1.17294503088091
248260-99999,114.617,61.617,4.36921554825045,-0.325377876786235,3.97431688238537,1.97567319660593,3.28761871217801,0.333395327750771,1.20887403021028
248560-99999,129.15,61.483,59.6656864379019,4.52286969543451,3.2848762282662,2.65334731213418,3.68159862165033,1.59286916354134,0.892241812822525
248980-99999,149.633,61.117,352.23825964078,1.70073365578211,5.83463674708595,4.31964203736558,6.11906971218294,0.456617657228551,0.953516959525614
249080-99999,102.267,60.333,49.4697798337098,0.230703147652946,3.49088142212939,2.57376160072205,3.60015653566622,0.237722778331702,0.969647121603113
249440-99999,120.417,60.4,40.0833211551601,0.636446496978076,5.7037012940414,2.49156417803066,3.52050067052024,0.379883709439988,1.62013924377368
249510-99999,125.317,60.817,253.319153090632,13.0737790123472,4.76421171835403,3.82440911846279,5.21957462972556,3.13887484752421,0.912758616616337
249620-99999,131.983,60.9,110.703847405205,-0.27411473350838,3.55962905179586,2.99754837763075,4.05979391281306,0.221330672210106,0.876800430820235
249660-99999,134.45,60.383,70.6572584834016,5.39111585312455,3.90614037127818,2.73273868235295,3.76533755599593,1.82232974328649,1.03739447345379
249820-99999,142.783,60.717,255.783730698684,4.99734199120662,7.87251747556304,3.83746304674918,5.24131004692602,1.26740952763315,1.50201331443466
251210-99999,158.717,68.733,10.1284891024203,-3.79724047663318,3.16784625340769,2.0605643526768,3.27821606494588,1.67823959282291,0.9663323559669
251230-99999,161.283,68.75,11.4066579661505,-3.30054319507999,3.35633683190602,2.08694040256612,3.28213789159723,1.46912669163543,1.02260689305552
251380-99999,164.167,68.117,171.093403216822,0.651390695168255,4.28829484066402,3.36559149812673,4.52463488620015,0.297856277810581,0.947765941013947
251510-99999,170.783,68.883,6.51911893013924,0.0922346946698297,4.48571546285726,1.99340120906771,3.27842164904907,0.237520817955834,1.36825458804494
252060-99999,153.717,67.45,29.0930112634029,8.95186778277972,4.7018916893701,2.37487952742051,3.42113091185984,3.28774395331286,1.37436766101827
252480-99999,167.967,67.25,189.66334300258,0.899990380849603,5.28407146450477,3.47330295369967,4.67580298100679,0.352349266382022,1.13008856146608
253350-99999,164.283,66.533,185.706967609352,1.27873913325525,4.8559377133908,3.4505611870208,4.64328286236204,0.450249736442289,1.04579838388751
253780-99999,-179.117,66.35,109.437681716616,-3.17144752058662,4.44895218681452,2.98950907392872,4.05044466057397,1.05213869424133,1.09838611797848
254000-99999,150.9,65.733,33.996789566901,-1.81094324225511,4.24355371427313,2.43063238599579,3.4661310176248,0.788547636782455,1.22429120327398
254280-99999,160.533,65.233,100.882991149501,-2.96008746381377,4.65362243140238,2.93475783283613,3.98754459101485,1.00737450271908,1.16703959672035
255030-99999,153.967,64.75,213.723511995049,0.380119466026028,5.61646155347243,3.60924147989942,4.87700902906234,0.214180517336638,1.15162008518001
255510-99999,170.417,64.683,35.289126750088,-0.363694007153699,3.7057748297805,2.44423564949661,3.47784002616399,0.293350842111218,1.06553918578823
255630-99999,177.741,64.735,12.0911787059037,1.3850091305162,4.08223167062648,2.10102030219698,3.2849250422558,0.724719114619754,1.2427168407542
256270-99999,158.5,63.3,261.13276107603,0.787623599652942,4.72285022971907,3.86566187064565,5.28863307362533,0.294943501765635,0.893019077703113
256480-99999,167.85,63.2,57.2397458771599,0.518477848260035,4.89770110072811,2.63505623521035,3.66261862735663,0.324867489399819,1.33721296128034
257000-99999,150.667,62.8,157.089543208563,-0.190194001052298,4.62267485442556,3.28271656505939,4.4131861564739,0.182459877493217,1.04746881063341
257030-99999,152.417,62.917,166.988341855399,4.13269431733489,4.76893367867161,3.34144585886571,4.49173309762719,1.20597673051751,1.06171350234297
257150-99999,155.8,62.517,279.970465465399,0.459530352302503,5.43281427420426,3.96354259167499,5.45680926796519,0.214970582803922,0.995602742814965
258080-99999,152.383,61.133,145.729068811087,-7.20180143003844,5.00846326094385,3.21442557105041,4.3244374229518,2.07348384904114,1.15817683806953
259040-99999,150.7,60.6,335.636573157628,-3.80494699729776,7.8976569830494,4.24042605948547,5.96499441172876,0.908135037500199,1.32400073460597
259160-99999,151.35,58.833,29.3311485223038,2.5145901134021,4.48102072091193,2.37775851015331,3.42332900338236,1.04754797970921,1.30896583894932
259190-99999,153.333,59.1,124.711748548816,1.11005829510155,5.24530551187663,3.08550101564004,4.1641260582091,0.449046949946029,1.25964138418339
259220-99999,155.883,60.717,55.649377224256,0.899869575378627,3.70967911448051,2.62287144028702,3.65005197796686,0.448263593985786,1.01633596915156
259270-99999,154.267,59.65,7.59334585778528,2.02425317775575,3.77896733283557,2.01094493892047,3.27640344633097,1.00530009186143,1.15338888959703
259410-99999,163.017,60.733,26.8625879027242,-2.21940989362038,3.91147029659904,2.34692837415784,3.40054961135596,0.955208398744776,1.15024650237035
259560-99999,169.667,60.433,133.053492798892,-1.72255115533953,7.69188478899451,3.13708402532422,4.22716919218459,0.611080508413991,1.81963021570456
260580-99999,28.117,59.389,15.4468670334671,-1.79109444928068,2.28591761300308,2.16741579536787,3.30399180923418,0.858919128116172,0.691865399488663
260630-99999,30.263,59.8,30.0631129291093,-23.383213217622,3.16862702209664,2.38648877503014,3.43008139692342,8.27414034110445,0.923776043606052
260940-99999,33.55,59.65,1.77254504915032,-2.06423085541176,2.42030864648661,2.04552073428049,3.30310802108961,1.00735021360435,0.732736753092383
261440-99999,26.417,58.75,6.33895215555262,0.12002827392884,1.71361550679372,1.99084449050753,3.27893338431402,0.248922916019741,0.522613699623001
262290-99999,24.367,57.867,12.6254063728439,2.09167132547423,2.06078516726743,2.11192302175273,3.28739646039167,0.992246442138671,0.626874547106467
262490-99999,27.017,57.85,64.813690598344,1.03191825144305,2.25752407825181,2.69115367554102,3.721218615046,0.480051544739014,0.606662577985601
262580-99999,28.396,57.784,0.0724705780006403,-4.1840469881056,2.83506475478322,2.29235441906743,3.3073897693592,1.677454321744,0.85719100332481
264030-99999,21.183,56.883,0.807647505136821,-2.33624850513961,2.5502445049875,2.14491942750271,3.30642529886784,1.07233833879679,0.771299598348929
264240-99999,23.317,56.617,17.5253843214808,-1.91110448057774,2.33474185233576,2.20546464298616,3.31909283310062,0.891197926695682,0.703427704417264
264770-99999,30.62,56.35,37.1488872506157,-3.79951166209399,2.37494396742439,2.46314258012154,3.49454126014402,1.45099722535716,0.679615374558923
265180-99999,22.233,55.617,59.2601597990904,0.0965452515434374,2.11853093397453,2.65031300850834,3.6784409599349,0.189360628589062,0.575931748544912
265540-99999,27.95,55.817,4.39700507754941,1.17201768320659,1.88043096766829,1.9756555118803,3.28746118254247,0.675383822661445,0.572000964651389
265850-99999,32.95,55.85,1.6701468996803,-1.23393243114512,2.33710511178927,2.05296836255073,3.30358222698269,0.679182890230849,0.707445721405231
266530-99999,28.767,55.467,0.220993933325872,0.034925418684136,2.57720258983701,2.25438601140047,3.30723432768845,0.19420858821896,0.779262167261765
267630-99999,30.417,54.5,5.3585612983282,2.40040025879082,2.10208425045755,1.97977339817198,3.28257962027591,1.16962310384042,0.640375708626639
267950-99999,34.017,54.417,15.9700887758562,-2.58321186250581,2.45668521051213,2.17723501477173,3.30760399418776,1.15164034740846,0.742738615272296
268320-99999,25.317,53.902,4.35859045583862,-2.74295160400097,2.47431118292053,1.97568235162321,3.28767915416934,1.30992233388693,0.752601171492869
268550-99999,28.133,53.45,9.27794364984473,0.232392507489977,2.43088915378153,2.04323835289355,3.27665260079949,0.28797635371325,0.741881868461856
268780-99999,31.017,53.45,14.1954785623786,0.115875014984056,2.39451543533017,2.14330089104415,3.29597319964241,0.23299466854898,0.726497240811897
268940-99999,33.75,53.533,11.786366027772,-2.35619580586203,2.23938068113165,2.09476273904179,3.28362917501054,1.10075413173105,0.681983428023496
268980-99999,34.176,53.214,23.9971529364003,10.0163470168127,2.15326424793715,2.30809985425768,3.37433341190924,3.74500465176396,0.638130257175389
269410-99999,26,53.117,17.1146373729816,-0.375272997638646,2.34690323735407,2.19814988170266,3.3159594509303,0.324397470864854,0.70775993255757
270510-99999,42.767,59.967,18.1522644232485,-0.717996123295689,3.11940070426546,2.21643408012337,3.32399547797662,0.448380519228492,0.93844914198388
270660-99999,45.467,59.533,43.2135742232312,-2.08141819965206,2.80384011753164,2.52026988448024,3.54763278168847,0.854697857604304,0.790341134517641
270830-99999,48.283,59.85,6.59955274290917,2.03241581310916,2.84557430434612,1.99458472590912,3.27820930841542,1.01516528454902,0.868027034467051
271130-99999,38.017,59.267,11.8204831829677,2.34435742144129,2.16388561046107,2.09546423900719,3.28376993374296,1.09589543893285,0.658963829416209
272080-99999,35.883,57.8,6.45180988474658,-0.908788765665849,2.18910746122717,1.99243039684071,3.27860699096943,0.56522692366919,0.667694379734086
273160-99999,37.583,57.35,9.22512808591617,0.037668838605337,2.34873407951737,2.04217631278642,3.27658558513802,0.21149942901325,0.716823662464606
273290-99999,39.417,57.2,23.8350230615195,-2.0093219188169,3.02195912948852,2.30579427284725,3.37286614261293,0.894335676389598,0.895961773077491
273690-99999,45.167,57.133,10.8198904729189,-0.614101229236627,2.46918738882406,2.07482138423694,3.28011805292536,0.432690685286815,0.75277393952999
273930-99999,49.95,57.55,0.306830457521187,-2.67375379405103,2.4267187789628,2.23475725704182,3.30714585157392,1.16052486409125,0.73378039187715
274790-99999,46.583,56.333,0.184876063054148,-2.82625170424765,4.64873494368637,2.2631216172506,3.30727137930317,1.2038021357733,1.4056103689519
275320-99999,40.35,56.117,36.2074092420704,-0.848657602459413,2.54471179430844,2.45366523473604,3.48610944626192,0.456604758927577,0.72995751669159
276750-99999,46.333,55.183,13.1426687343537,-1.6734029944448,2.31461740497474,2.12238161270982,3.29001693454394,0.828789747423119,0.703527504880638
277190-99999,37.617,54.233,12.4957609281712,-0.286031027746899,2.56326896519223,2.109285781468,3.28677405888575,0.301243747744899,0.779873797002403
277520-99999,43.233,54.633,0.315789939097471,-4.08271507855956,2.54033079072383,2.23279459581482,3.30713646342626,1.67693359961185,0.768136065389934
277600-99999,45.203,54.118,8.69980980699322,-20.2970731077549,2.57162525211228,2.03174413488905,3.27612054641018,8.21452405918827,0.784960509139429
278480-99999,41.8,53.45,1.2813036147665,0.725667020778213,2.21128454594466,2.08713658743081,3.3051339427993,0.473754275956253,0.669045365245258
279060-99999,36,52.933,6.82618530856612,-1.69186635173417,2.31746419396004,1.99804801550768,3.2776645520195,0.877431633870621,0.707047398286123
279300-99999,39.538,52.703,19.0500731487052,7.64054824711001,9.72237415188042,2.23173959124198,3.33124186759213,2.97998691866853,2.91854345565965
279620-99999,45.017,53.133,17.1651727558595,-3.99218305873016,2.52911544502122,2.19905529009717,3.31634138204888,1.66435384825646,0.762622165109762
280090-99999,52.25,59.35,22.7692360700392,-1.78816188716556,2.78726041802846,2.29032610533008,3.36328609689976,0.820033860126498,0.828731287712255
280490-99999,62.333,59.433,42.9898770062917,-1.14828016056693,3.04141650074187,2.51826728464599,3.54571319729327,0.546101456604516,0.857772846112774
280640-99999,65.717,59.617,2.84705874011512,0.175552794488907,3.58411541009284,1.9950991626362,3.29701278880003,0.27075188217175,1.08707962015437
280760-99999,69.283,59.6,5.99322741137391,-0.358022079794715,2.50947375540223,1.98634347109971,3.28005462323201,0.345093946097162,0.765070720965468
280970-99999,73.283,59.583,19.0951143006276,-3.39567597437039,3.11796850729453,2.23249502333451,3.33161171162881,1.42568456341283,0.935873918443565
281160-99999,54.65,58.983,0.445798657671077,-0.549060999297923,2.6063852959468,2.20597583632554,3.30699209508844,0.38768306250748,0.788143793817293
281440-99999,60.783,58.867,23.0674246716514,0.218640468393321,3.49691266977873,2.29470930847459,3.36595398269498,0.257143190604524,1.03890685605241
281650-99999,66.083,58.717,3.20287689029894,0.19150654261279,2.66543175385933,1.98654410043371,3.29475996602237,0.278099448343657,0.80899118034301
282240-99999,56.333,58,15.3770955008846,0.159574681394807,2.15223576620936,2.16609438258059,3.30352095051189,0.247393597805185,0.651497538066427
283210-99999,55.383,57.717,5.14011307059494,0.163175728872066,2.40232868448194,1.97813116921895,3.28358308496001,0.267611229425391,0.731618059395381
283340-99999,58.217,57.35,56.2672393382297,2.42290632267881,2.75351475738371,2.62762462900706,3.65494637591126,0.934545116306608,0.753366663744061
283660-99999,67.083,57.417,1.63614662945552,-1.23782424343645,2.35978020222392,2.05557224960883,3.30373404134533,0.680013740054678,0.714276685923237
283820-99999,71.183,57.683,17.3975042605018,-6.38265719375224,4.97207796480839,2.20319812975498,3.31811028886434,2.5461164381525,1.49846675726687
284180-99999,53.733,56.467,5.5069432317611,1.47529660184415,3.01887975470774,1.98108440943271,3.28193643222932,0.796142442528102,0.919847113753238
284340-99999,57.783,56.65,70.0171131483484,-1.11043479781862,2.73627919381622,2.72824131816852,3.76054047268208,0.498858244814322,0.727629236726352
285020-99999,51.033,56.233,44.4129931124543,0.106002594352974,2.12241491585886,2.53089037677419,3.55787482561399,0.199942102491331,0.596540075153597
285060-99999,52.067,55.767,27.1279990013155,-1.58488861059028,2.05443471944018,2.35035222492418,3.40299541411457,0.731449465213282,0.603713631502124
285520-99999,63.65,56.067,31.3450851112511,-2.38101030639274,3.1020643159829,2.401366883719,3.44188351483388,0.992983797588476,0.901269407466459
286210-99999,55.533,55.417,53.4951973756328,-1.50757402351681,2.45335659288063,2.60609313944894,3.63285999973614,0.646334135322478,0.675323737512269
286610-99999,65.4,55.467,32.3849311595958,-2.7842503189801,2.44624944620081,2.41307375238154,3.45142310669246,1.12741749716948,0.708765448506567
287480-99999,61.617,54.083,21.5682582896555,-0.651321246704222,2.84280668937462,2.27221884678037,3.35266040799377,0.415306767011327,0.847925630223837
287660-99999,66.967,54.367,1.21419417882254,3.14748670259636,3.73980394221181,2.09411435019867,3.3053581680622,1.40606242061651,1.13143682229279
287860-99999,71.75,54.367,19.0603980302907,-1.88476091102757,2.58881804262257,2.23191286454461,3.33132659756596,0.872927150048429,0.77711325107364
287970-99999,72.967,54.2,14.4111294217444,-3.27265721436517,2.28708114406746,2.14751763928378,3.29728718684852,1.42497906657414,0.69362509677339
287990-99999,74.8,54.167,15.5005432378794,-4.72269314987938,2.95792141568178,2.168430464788,3.30435582613848,1.95721538139998,0.89515826119079
288060-99999,52.45,53.617,55.0011042411272,0.467919359821571,2.74310552042318,2.6178567410496,3.64489947858366,0.310443820935701,0.752587427044517
288250-99999,55.934,53.583,65.8030823631159,-1.82020165090983,2.68671636160386,2.69828411834868,3.72874508453909,0.725452012721054,0.720541710599657
288380-99999,59.083,53.35,17.8694497961842,-1.08013431408604,3.89565988393223,2.21151424438757,3.32176646999842,0.582749774358251,1.17276753772943
288670-99999,65.55,53.317,26.3313404520147,-6.08771155286853,4.1188426252552,2.33999125494212,3.39565984021496,2.31962388665975,1.21297268250358
289660-99999,66.967,52.817,35.8591890611218,-1.50653409119478,3.40576310255389,2.45011165144087,3.48297876624114,0.680155305381328,0.977830567204239
289780-99999,68.75,52.533,2.14406080631511,-0.807926483598218,2.60155038809475,2.02293932307143,3.30119758596172,0.518413769065974,0.788062610719757
290230-99999,81.95,59.85,14.4164142603488,0.106645587799835,3.72647357429963,2.14762066799317,3.2973197625917,0.229128588975571,1.13015231843048
290680-99999,90.928,59.5,60.1779803914946,-2.26818286710507,3.61814846604629,2.65716781051625,3.68557936770111,0.876793073172892,0.981704124392015
291110-99999,78.233,59.217,11.4387301123472,-1.35736625273238,2.53333866487429,2.08760201993274,3.28225841501249,0.717794405176983,0.77182791375817
291490-99999,86.733,58.633,10.6623570644665,-8.48539263707456,3.82316761022206,2.07156734216103,3.27963770648236,3.49413079321642,1.16572864211964
292030-99999,76.517,58.583,12.3921144229936,0.946216085945297,3.43364547121591,2.107173246611,3.28628675877233,0.554706553477103,1.04484049118666
292310-99999,82.95,58.317,7.18862288281422,-0.672179101869928,2.73314395829252,2.00393826676721,3.27695719904614,0.468134185825319,0.83404933060709
292530-99999,89.467,58.45,16.3281285052745,0.560456240809303,2.79846255739993,2.18386151966301,3.31015412730174,0.395123307607337,0.845417599838799
292740-99999,93,58.083,66.5043813541067,-5.72384401990483,4.67726968745139,2.70331472569978,3.73406486309633,1.94293865974883,1.25259465460194
292760-99999,94.75,58.183,81.910173979519,3.13323760429867,4.53693392048315,2.80997149293862,3.84867160735589,1.09766431887697,1.17883113534857
292820-99999,97.45,58.383,141.964335823778,0.242540539183953,3.50388056462394,3.19158228685624,4.29535695161922,0.201144246960916,0.815736760434562
293130-99999,79.431,57.533,23.4785245375587,-1.2962190724816,2.73219252138282,2.30068112482316,3.36964844610168,0.641350797333279,0.810824204686301
293320-99999,83.783,57.583,27.817399656738,-1.55203356766815,2.64292603148371,2.35911895817615,3.40935458029306,0.717715351367247,0.775198345974484
293480-99999,86.217,57.067,23.3432763896183,-0.707705417864893,2.59619025574038,2.29872545979631,3.36843101448929,0.431519788279908,0.770741702760982
293630-99999,92.267,57.633,5.94370887675711,1.94713256891114,5.25835237082205,1.98574682724731,3.28023010340644,0.984465731621216,1.60304375152261
293930-99999,99.533,57.65,51.166589524073,-4.25174078758808,3.22112661152173,2.58755920295181,3.61403833349283,1.53899584598905,0.891281805638358
294050-99999,76.567,56.6,3.94568569223435,-4.14685038039777,3.09157109187957,1.97714898363746,3.2901106306998,1.87588651756194,0.939655664776839
294300-99999,84.917,56.5,4.317545603621,1.64062742238336,2.6423457079485,1.97573032608331,3.28791372705159,0.864644828166688,0.803654209722224
294560-99999,89.317,56.533,14.2344548246598,-1.37925733324803,2.7382449910419,2.14406482570878,3.2962084560308,0.710745559252418,0.830725673927558
294670-99999,90.517,56.283,4.90316508759366,-0.581687540353471,2.30037195628082,1.97677903057099,3.28474489172537,0.436731548112349,0.700319821510555
294810-99999,95.217,56.85,59.2479711630628,-0.193600192706546,2.60533075076399,2.65022166897619,3.67834596139511,0.220175043406378,0.708288665097682
295760-99999,94.3,55.817,1.30761675431972,-2.42221231293697,2.72226286308173,2.08449553531596,3.30504236774731,1.13067028865257,0.823669581257806
295940-99999,98,55.95,29.0951278118675,-1.7534938177942,2.93825582177134,2.37490520098854,3.42115045018732,0.783849782949133,0.858850221454149
296020-99999,76.75,55.3,7.4415947182524,-0.81775446182061,2.52842264151898,2.00827045884835,3.2765821081715,0.525363784902864,0.771664667036215
296310-99999,82.75,55.3,6.24504633016881,7.80726348802089,2.31312074382822,1.9895667814307,3.27921986854343,3.33683094985983,0.705387511833925
296540-99999,87.65,55.217,32.1943277170338,-0.507858648910201,3.02558874314372,2.41095101867268,3.44967719328863,0.346230026697515,0.877064308808379
296640-99999,90.85,55.083,65.3929644839216,-0.990896803533555,2.82998427075123,2.69533325207202,3.7256283434552,0.466585700432585,0.75959918968371
297120-99999,78.667,54.7,3.01339931003452,-2.89568280715275,2.76596110993142,1.99071288093667,3.29596366292922,1.3633377147332,0.8391964817577
297240-99999,80.467,54.333,22.7242328069473,-0.590719941116355,2.58571560373209,2.28966076687523,3.36288438012278,0.390986586637234,0.768898157491125
297360-99999,84.217,54.333,58.3138856190697,-0.392873829855501,3.22346879892203,2.6431969784438,3.6710495618762,0.284065502728233,0.878078256528517
297520-99999,88.817,54.75,295.445530822835,4.93883511181387,6.04782610947461,4.04232725102111,5.59655723443156,1.1973675191701,1.08063329939105
297590-99999,89.283,54.333,88.8949925720048,-5.0987274230574,3.92905093510606,2.8565501874613,3.89984401378025,1.66800050956246,1.00748925372979
297720-99999,93.433,54.367,140.706029470436,-1.00297193355475,3.91452361419796,3.18392340550034,4.28567357053531,0.407981319945662,0.913397520779682
297890-99999,96.967,54.217,486.841304513392,6.46976991833972,7.91526741125504,4.91265725079329,7.39051943476379,1.28767989462444,1.07100285455213
298020-99999,76.533,53.817,12.5069183761784,-4.56278677567799,3.07037590033661,2.10951297712064,3.28682706431805,1.9401270735447,0.934145861724443
298070-99999,75.45,53.35,6.87248870982955,-0.350443716613892,2.83457123488314,1.99877756791623,3.27756296799584,0.34034390556943,0.864841122065893
298270-99999,80.767,53.267,18.6278779100151,-2.08590519329224,2.69520891525182,2.22460108320195,3.32780352111119,0.949094973658782,0.809906263441857
298660-99999,91.7,53.717,119.330602591736,-1.58705755735993,4.15438972692335,3.05192017693747,4.12383579930683,0.587585715160814,1.00740910383038
298760-99999,94.2,53.683,323.687204744357,0.56518492599152,7.91541604355193,4.18248238413551,5.85472155839027,0.227482954255294,1.35197139003281
299370-99999,82.767,52.517,30.4858123218683,-4.39569575294413,3.17161600819036,2.39145104291335,3.4339769270956,1.6931622497787,0.923598520177846
299390-99999,84.917,52.667,27.3035329502175,-4.66494549561207,3.19243312597768,2.35260159422325,3.40461382505861,1.81060878114613,0.937678482793191
299560-99999,89.917,52.8,172.622433262761,-10.3721072537723,7.22249411553689,3.37455390957859,4.53693851380542,2.80602812801094,1.59193123150327
300890-99999,121.767,59.017,251.787333483529,-1.08049712725699,5.82843177489396,3.81627607598788,5.20608769713842,0.366171463417168,1.11954160474431
301570-99999,112.867,58.317,467.735496847165,1.80049482914247,6.48252684026183,4.83333376732562,7.20873344005829,0.431342745364321,0.899260167429552
301980-99999,123.717,58.067,252.778178853763,-4.45572630060736,5.38530893403707,3.82153858724676,5.21480963910801,1.14675044560105,1.03269520974465
302300-99999,108.067,57.767,114.635622654653,-0.163594035771245,3.9956802489006,3.02241425939518,4.08890411091495,0.188391820752278,0.977200770796875
302520-99999,114.017,57.817,386.246803587999,-6.15911498393765,6.87617470761461,4.47744636634994,6.43729879576437,1.33785770730884,1.06817702980309
303370-99999,107.617,56.317,128.806790306195,-6.78473227386443,4.0864253724511,3.1108936913083,4.19498225609399,2.01743194251311,0.97412220671847
303720-99999,118.267,56.9,530.280480353255,5.78317369051105,10.2959182883568,5.08775709131085,7.80408259275647,1.1244536202695,1.31929899075045
303850-99999,121.483,56.583,320.544048314792,13.147522423611,6.57637818383087,4.16710915330403,5.82581087900554,2.9241918231009,1.12883482152333
303930-99999,124.867,56.833,36.2608442835983,0.469306232503698,3.81410216261509,2.45420818920055,3.48658928773997,0.328110332930194,1.09393503158711
304050-99999,101.033,55.383,41.3722407913253,-3.50019355736488,3.20600204060171,2.50356825951018,3.53174337767533,1.33181376674197,0.90776755210113
304550-99999,113.617,55.467,255.384934983532,1.74311905887296,7.04954305371454,3.83535340704459,5.23779003300729,0.517401662163937,1.34590027650784
304930-99999,124.883,55.967,95.4223579312253,-7.43828435826529,4.85429487984191,2.89937211056093,3.94756872344169,2.33522077021318,1.22969230428234
305210-99999,105.167,54.8,254.509862966074,-1.58211923869186,4.7342425765214,3.83072069812969,5.2300701411658,0.480778924300306,0.90519676576768
306030-99999,102.05,53.933,45.2302000587612,-0.615523160711971,3.3042324918726,2.5380185886987,3.56480494437688,0.367187733762285,0.926904148594355
306120-99999,103.067,54,74.0131139488256,-2.5427560408379,4.15465740862606,2.75611205507125,3.79036665698344,0.934475223633335,1.09610963387182
306640-99999,115.617,53.533,169.075392479211,0.493176385243852,4.05301866968529,3.35373700648794,4.50843685157363,0.257717738281516,0.898985347498129
306950-99999,123.9,53.467,141.857257973544,-1.73986635707352,4.10695412365021,3.19093100744273,4.2945322205962,0.606856739548056,0.95632164638412
307030-99999,101.983,52.967,81.9906891146569,-0.808640807226811,3.812890666834,2.81051353264799,3.84926297193532,0.395298431594105,0.990550839117384
307310-99999,108.283,52.983,63.3681753102487,2.38351203294639,4.82341677515151,2.68066230611079,3.71017470327888,0.906575975515066,1.30005111912622
307410-99999,109.967,52.767,142.993873019201,-2.79067280032141,3.53810837182941,3.19783981710429,4.30329333383667,0.889890574789222,0.822186194933394
307450-99999,111.55,52.533,39.8176636676388,0.234880085273587,3.45397487284702,2.48905565780105,3.51817118300606,0.245856942595112,0.981752931617107
307580-99999,113.306,52.026,184.232730866937,-20.2438801074748,4.32091682813974,3.44205865433359,4.63120779551701,5.26219468720248,0.93299999026655
307770-99999,117.7,52.233,186.665372237844,1.27001955152066,4.36174387130544,3.4560804140289,4.6511453698657,0.447417485560679,0.937778444760024
307810-99999,120.033,52.75,231.534029602999,3.80488319824587,5.33890324932493,3.70731230042493,5.02947356479459,1.0231907904272,1.06152327486047
308020-99999,100.983,51.683,757.843328650074,12.7495960900652,13.1198650948593,5.90617033248795,9.94888436741576,2.06825535419685,1.31872726733351
308150-99999,103.6,51.533,96.7773764327012,1.75302136560913,4.95169484069817,2.90818757570614,3.95748053672249,0.661061433845033,1.25122405397831
308290-99999,106.65,51.1,121.371439676775,-2.35995865468028,3.62829927740986,3.06468510325408,4.13908301525732,0.802303309223449,0.876594952078848
308380-99999,108.867,51.317,119.673930843484,-2.42656647342187,3.3072733760165,3.05407014371283,4.12639806871837,0.823440831239356,0.801491596530268
308440-99999,110.467,51.35,214.542993545834,-2.469000459935,5.02651262027433,3.61380098757432,4.88396125948682,0.721717085708041,1.02918765182885
308590-99999,114.517,51.1,122.253016209027,0.224325538130033,3.32317967795375,3.07018803704963,4.14568169198932,0.202881621531792,0.801600297575937
308620-99999,116.033,51.867,89.9906298436521,1.39821430238542,3.81738130031585,2.86378180030534,3.90785595281628,0.564309582212829,0.976848007297909
309570-99999,113.267,50.267,168.570190651879,-3.00329205068539,4.35899509014575,3.35076465331217,4.50438892906106,0.909765297568133,0.967721739573315
309750-99999,119.067,50.333,76.5348100682956,1.07699612275859,4.31443323435318,2.77347095671681,3.80906149147753,0.481750454978917,1.13267618388581
310040-99999,125.367,58.617,85.4926469697858,3.87815426633731,4.61503769307773,2.83396930250049,3.87494483525818,1.31319573430196,1.1909944242523
310110-99999,127.05,59.667,173.324971463879,-2.42208847355045,4.73674850324773,3.37866617077975,4.54260040325614,0.753374573858467,1.04273941856132
310160-99999,128.5,58.633,229.67983283346,0.565966284294508,4.44564493161877,3.69720186406712,5.01347126880276,0.253970697340151,0.886739884056504
310410-99999,133.033,59.633,69.9435676460616,1.53876346174285,4.3891378822272,2.72772377664897,3.75998883367562,0.631641244053263,1.16732737153811
310870-99999,141.85,58.817,102.900962373109,3.74222961685292,9.09483991043145,2.94774462414365,4.0023457616808,1.23043614864793,2.27237736367186
310880-99999,143.2,59.367,12.1217213733793,-1.06085882080797,3.87167273595267,2.10164599702226,3.28505957563602,0.599950501564959,1.17857002188555
310960-99999,149.033,59.15,18.2766205680584,-0.539522784782287,4.6491758853462,2.21858235619656,3.32498412813292,0.382376786347071,1.39825506113223
311230-99999,130.9,57.767,404.718001066241,-1.80305747023469,7.11453193288336,4.560760913414,6.61129868485366,0.455081263398599,1.07611715519412
311520-99999,136.15,57.65,110.171120250672,4.99628742797838,7.58642320925208,2.99416783492581,4.05585888197395,1.57298895978621,1.87048500207183
311680-99999,138.15,56.45,55.765175050221,0.133835700663066,5.97298634379595,2.62376419310433,3.65097047721829,0.202907665713772,1.63599962833631
311740-99999,137.533,54.833,40.6592220744342,-12.6306023363105,4.30126505173119,2.49696128992261,3.52553623563635,4.38130528427666,1.22003144039585
312530-99999,128.867,54.717,46.3934037266804,-0.461621057556803,4.25810953896622,2.54802353877795,3.57460313388387,0.315490036518008,1.19121182953245
312850-99999,134.417,54.5,179.919157296962,-2.55291339289283,8.55766608970621,3.41709147583559,4.59601130595273,0.779382715906981,1.86197672721613
312950-99999,125.817,53.467,2.27155210048795,-3.15043445149088,4.75842982942182,2.01659539954903,3.30048371220463,1.45054483217486,1.44173710411778
313290-99999,132.933,53.067,222.281732054907,-3.93188201268679,5.51681442036244,3.65663309792286,4.94991848293627,1.0662191991161,1.1145263178334
313480-99999,136.033,53.05,117.404292383867,-6.76072460893448,4.55048511150051,3.03983809624236,4.10947986241827,2.05114595965334,1.1073141282709
313710-99999,126,52.783,75.70521382493,-2.75960418757759,5.98084577968061,2.76777818891996,3.80292059879778,0.997498605820283,1.57269804201837
313880-99999,129.917,52.35,37.5558795721526,-0.989750105965295,2.8440016936698,2.46718270456683,3.49817116640755,0.502075623342102,0.812996722681941
314180-99999,135.8,52.283,142.817088165301,-0.57852498453503,4.86477582537413,3.19676588734018,4.30192968794675,0.291748251689,1.13083573611265
314390-99999,140.467,52.383,231.34813215076,-2.04034774012353,4.97700215220194,3.70629968341426,5.02786789770355,0.603938837296901,0.989883237480277
314840-99999,135.083,51.417,476.240723530079,1.32941044436367,8.565078670119,4.86882669094194,7.28963853195403,0.340746786900418,1.17496617048624
314890-99999,136.8,51.2,1.2469997240393,-1.08516011856562,3.38004748876102,2.0906592422983,3.30525024151808,0.611875190949215,1.02262982884122
315210-99999,129.333,50.783,9.79661274173645,3.66333347715863,3.08723166409529,2.05376269264154,3.27749987849025,1.63027421817812,0.94194714829933
315320-99999,132.25,50.867,236.116871348141,-1.58483095858199,5.19436020763762,3.73220343262631,5.06914878654467,0.492611234731749,1.02470067981143
315340-99999,131.017,50.433,215.587554507018,42.7476249445779,3.90796063651547,3.6196061640027,4.89283204897443,10.4979998628213,0.798711379707914
315870-99999,128.65,49.617,30.414569211326,-1.64051678974577,3.00806141999224,2.39061866346009,3.43332060662536,0.740504728902414,0.876137641846646
316320-99999,134.633,49.933,235.18457731807,-0.494263680364083,4.25455362494837,3.7271510487886,5.06106345932372,0.235208931237273,0.840644196450539
316830-99999,140.083,49.65,321.064216389516,0.550065833017647,5.22547265028265,4.16965713242316,5.83059250998593,0.224870007206022,0.896216403621604
317020-99999,131.083,49,83.7344382542714,6.28686126522832,2.89086741514326,2.82222168176085,3.86205970250338,2.04286827170159,0.748529965310843
317070-99999,130.967,47.733,44.935607231445,-1.48960541624914,3.74305841806495,2.53545868434562,3.56231118082835,0.655454619267221,1.05073875584181
317130-99999,132.95,48.733,42.4554196801405,-2.54680952394602,3.08397109572511,2.51345374925785,3.54111489531732,1.01106895192813,0.870903991226964
317540-99999,137.05,48.6,139.835021786874,-1.70297229339609,4.87715801532705,3.17861483909925,4.27898127489608,0.598859187425969,1.1397941944594
318450-99999,135.317,46.533,137.153946955,-1.66005213963573,3.82008481512817,3.16223803542709,4.25843564299349,0.589817515612097,0.897062944091559
318660-99999,138.333,46.533,187.632409911259,2.17250188227224,3.9561039611762,3.46164274683858,4.65908862176513,0.674594367300008,0.849115413408342
318730-99999,133.733,45.867,26.2397210215772,-0.824118211366904,2.98006810572561,2.33878335244595,3.39481747068444,0.466438627740303,0.877828670159633
319090-99999,136.6,45,149.196217378641,-10.2230245605501,4.9287683511974,3.23536921772962,4.35136417546177,2.87067326829545,1.13269497850622
319590-99999,135.85,44.367,59.5843060735572,-4.10487386408365,4.57071066411025,2.65273911222714,3.68096541598,1.46059464489934,1.24171518815897
319890-99999,133.9,42.9,208.091424967369,4.76527392519039,4.54734686884912,3.57778058907743,4.82939935428005,1.29121069909787,0.941596777416853
320760-99999,143.767,50.4,145.026591410548,-1.01459992640719,3.57672233097714,3.21017123313241,4.31899876619851,0.408229116996428,0.828136918901067
320980-99999,143.1,49.217,133.336501012706,-4.39484680197065,3.86853169080574,3.13882433015078,4.22932116768216,1.34517260462745,0.914693289402246
320990-99999,144.733,48.65,4.5968445997104,-1.21142387812352,3.15583890099702,1.9757844174618,3.28635295072626,0.691265308099036,0.960286052141663
321500-99999,142.718,46.889,202.738934565448,5.93123688655745,4.11934950750569,3.5476787934523,4.7844360647747,1.58887036613698,0.860989561096721
322520-99999,159.167,58.5,44.9954193232399,0.439884894824577,5.44165939449475,2.53597930615395,3.5628179024365,0.309582115042558,1.52734704481342
322870-99999,156.7,57.083,37.9615672942595,0.232537779852907,3.78941936904874,2.47117698910025,3.50178017311043,0.246548011963009,1.0821408488594
323330-99999,163.233,57.65,67.4490704171404,-3.32343576136801,3.88936914668374,2.71006159554518,3.74121205922575,1.19107862810921,1.0396013604983
323890-99999,160.833,56.317,512.710147339433,12.0074234175155,6.96523345295608,5.01778361895153,7.63680615302641,2.26674771633979,0.912061051883033
324110-99999,155.583,55.583,1.78704844098137,-2.61074597101413,3.70685759578193,2.0445121111443,3.30303886327131,1.2225314068618,1.12225673061281
325090-99999,159.983,54.117,105.078593113474,2.58790758130366,5.11592402801576,2.96170806040719,4.01834088249967,0.892018485504649,1.2731433637938
325940-99999,156.483,51.483,125.301835122723,1.24888930914791,4.80527816735722,3.08916854192452,4.1685616833771,0.48726864974977,1.15274248825899
331350-99999,31.25,51.467,11.8156482941422,-24.0582993071699,2.62136969081605,2.09536484201053,3.28374991966474,9.46236880058279,0.798285422138261
331770-99999,24.317,50.833,7.37229305178121,-2.02709340715663,2.68445422961654,2.00706731761965,3.27667522812243,1.00798785473219,0.819261612068513
332610-99999,33.2,51.233,6.70034515800501,-0.927126605988965,2.28277605769343,1.9961022787404,3.27795727754956,0.571742038835497,0.696402016380129
333170-99999,27.033,50.167,31.2212576255653,-2.13357358990879,2.44663710508522,2.39995177632247,3.44074529309486,0.908143925499518,0.711077658086262
333250-99999,28.733,50.233,7.09416274607025,-4.97451934468335,2.5129935346464,2.00236494689242,3.27712219259298,2.18773818402545,0.766829366425922
333930-99999,23.956,49.813,25.403026246858,-6.45017820436896,3.27812292257141,2.3275910657316,3.38714085986323,2.45798562903957,0.9678141707705
335870-99999,30.233,48.767,1.39330414501893,-2.28169563299472,2.53421247828722,2.07624884286549,3.30473012504798,1.07974648516512,0.766844003109158
336140-99999,33.25,49.05,22.363819847374,0.76624870632555,2.458446390588,2.28429580616467,3.35967650376616,0.454782391842838,0.731750925373949
336580-99999,25.9,48.367,27.3578844616918,-1.83333198908033,2.89578624645922,2.35329567343117,3.4051150609554,0.817767331583421,0.850422436429132
336630-99999,27.783,48.45,133.83035913449,-0.614522871583593,3.36305047038236,3.14185971391712,4.23307854619131,0.306031247531178,0.794469186830527
336790-99999,28.7,48.033,42.4461874244773,-2.85018618897577,6.07127680997959,2.51337023587518,3.54103531462377,1.11177383684576,1.71454850645133
338370-99999,30.676,46.427,23.0944613954561,-10.8844102655391,2.55707719912936,2.29510457406968,3.36619639006305,4.07298187379206,0.759633991254284
338810-99999,28.283,46.483,34.6463518218505,4.50079312218437,2.80016564558599,2.43752000551049,3.47202626352876,1.7023860647088,0.806493221263848
339240-99999,32.7,45.517,15.2896093626519,-1.92539084938547,3.22073145832502,2.16443351569607,3.30293427953414,0.910283869009151,0.97511218381835
339460-99999,34.133,44.683,225.066381374501,0.386264439275214,5.28501469517348,3.67194632369515,4.97378370883085,0.212434286184736,1.06257429043206
339830-99999,36.417,45.4,26.3082770205677,0.0349460489187203,3.20599570174642,2.33968751142784,3.39544776157792,0.188382012727077,0.944204101157057
341100-99999,37.35,51.167,13.8880239270036,-4.45773189546391,4.52120821752488,2.13724740967973,3.29415291778469,1.87988881030543,1.37249494190615
341230-99999,39.217,51.7,17.4945989296804,-1.81026630957834,2.14569640353204,2.20491990497448,3.31885573266128,0.854097862687041,0.646516925220933
342380-99999,40.417,51.483,13.0219929684194,-0.996231374765581,2.94075248569446,2.11995129169957,3.28938647026441,0.571091294523637,0.894012458638853
343360-99999,40.567,49.933,43.7886151393442,-4.37352978560706,2.59541749515268,2.52538591265641,3.55255371871684,1.61087871970948,0.730577973101032
343980-99999,49.483,49.667,6.31323793994381,0.139063075846213,3.04056181574688,1.99049074445729,3.27901048778674,0.256601265139603,0.92728029601369
345040-99999,34.967,48.6,49.9179838266635,-3.08212435305775,2.62374407197628,2.5774318150797,3.60383753804509,1.1639979594365,0.728041717829361
345600-99999,44.346,48.783,59.1236947473143,6.32670896301576,2.33440381594922,2.64928989368692,3.67737704253808,2.16769785998444,0.634801324135651
347200-99999,38.9,47.2,2.72716257909174,-0.693579807488942,2.50997329895798,1.99872284968923,3.29776043755841,0.477675948590053,0.761114503761925
347980-99999,49.267,46.6,5.88998433142307,-1.80550874242327,4.65625542942476,1.98511418142118,3.2804246708049,0.927727490213266,1.41940629543012
348380-99999,40.083,45.85,13.6867274853033,-2.66336542362371,2.83095780271218,2.13325843993065,3.29299625794141,1.20131217492918,0.85969056171413
348580-99999,43.35,45.917,20.821363803516,-1.63631232482683,2.5177703325259,2.26057768909543,3.34616819170286,0.77386422894943,0.75243388505364
350260-99999,57.452,52.217,2.02862765636075,14.0351344662552,3.13077763306837,2.02926808058168,3.30182019593606,5.74677495748588,0.948197493286215
350850-99999,70.95,52,17.7356120432308,-2.95046203305497,3.20046172167861,2.20916941284143,3.32072135131205,1.27362357507058,0.963785088566398
351080-99999,51.543,51.151,5.77075073100906,-3.12353740233521,3.53228301303231,1.9837667631393,3.28087195406709,1.45888795039488,1.07662934198135
351730-99999,69.8,51.617,5.03420869065889,-2.112589747635,3.02446518594096,1.97746857614437,3.28409314169443,1.05454001426768,0.920943790400684
351880-99999,71.467,51.022,4.21836790914836,-6.78753272501021,3.19073823891076,1.97593113036596,3.28848743754857,2.94335033621596,0.970275331594188
352170-99999,52.567,50.25,4.0161092058705,-2.01191331894471,3.15009817198919,1.97673588749325,3.2896854817591,1.01420314197775,0.957568189863771
352290-99999,57.207,50.246,53.339377504678,-6.46941193167933,3.68027175875254,2.60486637300442,3.63160845694973,2.24467371358575,1.01339993074135
353440-99999,60.133,49.95,24.9115776188862,-0.70909687769773,2.94818500654625,2.3208776881838,3.38264855361933,0.428624354314418,0.871561133181213
353580-99999,63.482,49.635,15.7112352173015,0.97962949183202,9.38035010076812,2.17239713013544,3.30579936082643,0.553671262084102,2.83754368517486
353610-99999,65.233,50.133,17.2038410319783,-4.40784514548135,8.16908329959658,2.19974705004703,3.31663431621628,1.81789073365072,2.46306421532662
353630-99999,66.833,50.217,19.69912404784,10.4365824486706,3.5583655844339,2.24251252890453,3.33662403319095,3.98779671319829,1.06645685850044
353940-99999,73.334,49.671,36.1008751873729,10.6861121608292,2.66391824646743,2.45258088423605,3.48515232845262,3.78858788274092,0.764362069548388
354060-99999,51.867,49.05,4.73824673499615,-2.06774651206018,3.21113974738672,1.97613060323543,3.28559639131753,1.0369996270411,0.97733846916573
354260-99999,57.117,49.15,30.7811151265978,-3.09767574755232,3.17199983448488,2.39488432429025,3.43669619681114,1.24277012292516,0.922979411863095
355630-99999,67.083,48.583,80.4225049934228,-4.70163584161442,6.5639824468563,2.79993261263297,3.8377360955129,1.57628547374006,1.71037879715881
355760-99999,69.65,48.3,5.4332584426129,-3.4845303910322,4.3106322890086,1.98041456512516,3.2822518873841,1.60639694954829,1.31331550316941
356710-99999,67.717,47.8,16.2014561706852,-3.88938000547052,3.03782536418578,2.18152578371492,3.30924493482046,1.63689643863487,0.91798141993699
356990-99999,74.817,47.45,3.52405040520978,-6.198800250472,3.38442751721253,1.98124915304231,3.29272323841893,2.69976928445838,1.0278505881465
357000-99999,51.917,47.117,5.09313283269516,0.800853751352415,3.75455298044946,1.97782598666468,3.28380748536446,0.524998025831285,1.14335356051871
357460-99999,61.667,46.783,4.95458223820062,-7.35270669281259,3.11293422291234,1.97703185550785,3.28448648992648,3.17020819710152,0.947768922922872
358490-99999,62.117,45.767,3.2768493668837,-3.59498055012356,2.70155204971489,1.98513683016557,3.29428946555873,1.64778876576013,0.820071240842429
359250-99999,56.117,45.4,4.82987540661185,-1.68421806713614,4.17243815238058,1.97645963025215,3.28511908171814,0.881992195816148,1.2701025590215
359530-99999,64.083,45.5,2.24780593717018,-5.64272597998645,4.86978841418148,2.01772797542139,3.30061861367671,2.439789381519,1.47541687912764
359690-99999,67.067,45.25,3.03433535853222,-10.9019626014592,3.32210173809195,1.99021050529784,3.29583095599116,4.5787143605739,1.00797091308735
360210-99999,79.183,52.25,1.36478029258208,-3.53489380282689,2.43240095126811,2.07893518671176,3.30483642696747,1.56455804846012,0.736012509248481
360340-99999,81.217,51.576,20.0396539752362,-5.75095641962674,3.00389567336142,2.24806851642995,3.33949033975105,2.27467269547829,0.899507220489626
360380-99999,82.2,51.15,94.8106136046714,-5.27407918777706,4.11628763278631,2.89538433518279,3.94309502907149,1.70056718703281,1.04392301033526
360580-99999,86,51.433,562.362982405434,-2.63378829132179,7.2019429448633,5.2126923633817,8.10928891520241,0.548565911129635,0.888110291811392
360610-99999,87.117,52.25,145.025490754361,-4.60761410181492,4.12543428352619,3.21016456444313,4.31899024927401,1.37665432707876,0.955184903281421
360780-99999,90.217,51.017,321.089402487725,-2.19958428914758,10.3457687273249,4.1697804648072,5.83082406155107,0.578096617066352,1.77432359785056
360920-99999,93.917,52.15,350.876135087543,5.07630116127145,7.50426344754525,4.31319786117098,6.1063931820511,1.15854392902826,1.2289191383226
360960-99999,94.5,51.717,367.389857026227,-2.69002279723092,8.082684278631,4.39067253526995,6.26045956365164,0.652266692203477,1.29106884190407
361030-99999,96.1,52.467,149.038462181912,-12.435486497584,5.83006500241803,3.2344182298928,4.35013598144472,3.46385586757253,1.34020293326137
361520-99999,78.35,50.867,39.6979375124278,-2.85196225016242,3.36736870367061,2.48792114485072,3.51711996890347,1.12183758796282,0.957422190156468
362290-99999,85.617,50.283,520.627376337103,-3.77538038134559,7.17091756470436,5.04945360369468,7.71218675978005,0.770414654606565,0.929816378682831
362780-99999,90.433,50.383,577.658951849638,-21.459114447195,9.24341218005586,5.2710242451673,8.25462092854452,3.80506362723805,1.11978639117056
363070-99999,95.167,50.25,245.206292174825,-9.97399933880216,10.7977708204717,3.78116291078146,5.1483449621667,2.44653136474321,2.09732853952495
363970-99999,81.217,49.217,17.1913928463084,-4.39564522994616,4.53182983839934,2.1995244547883,3.31653994904312,1.81352134864438,1.3664330621758
364280-99999,84.517,49.2,463.812009341238,0.454390079281956,8.1073155106754,4.81686130726061,7.17142510432878,0.179502534320137,1.13050270939617
364390-99999,85.617,49.183,380.249200558422,-4.52084145668842,9.39110457649064,4.45003900738422,6.38095853356053,1.01430341239707,1.47173885037778
365010-99999,79.333,49,40.1346526496052,-6.87891767867828,4.72210739529381,2.49204749563531,3.52095030244194,2.46617665309203,1.3411457105824
365350-99999,82.367,48.75,104.123937981497,-10.3039170628845,5.10431456175824,2.95559296883364,4.01132559869907,3.12650163382267,1.27247575300635
368210-99999,76.267,44.833,2.12932463239235,-7.18785703915571,3.2037602339669,2.02371536013936,3.30127838278925,3.04624569021571,0.970460489084851
368590-99999,80.067,44.167,283.027642992893,-4.84386747077774,7.24698515376017,3.97922140298692,5.48431000646847,1.19303490272087,1.32140326590085
368700-99999,76.933,43.233,673.239381328614,17.3810571740227,10.9638621670875,5.61907539957342,9.15821418626102,2.9221828473088,1.19716158020581
369110-99999,75.283,42.833,809.198256173745,24.0844523228123,14.2692751627113,6.07206217942149,10.4237053243948,3.74075163192938,1.36892541746328
369740-99999,76,41.433,457.112977306853,-3.87597702878742,12.6480564609141,4.78858880265217,7.107747410503,0.82743756266188,1.77947466763159
369820-99999,78.233,41.883,267.113622914681,-11.5582885857884,6.96207797033732,3.89697769920447,5.34177945703783,2.74240385344007,1.30332561018871
371710-99999,39.957,43.45,538.310582758256,-0.722832518545638,4.96972200349381,5.11936529293696,7.88051089291636,0.217610433705498,0.630634494517481
373080-99999,43.133,42.517,650.519720435241,9.54132310677165,6.87681931405592,5.53877180019893,8.94428908088579,1.66280883580348,0.768850296749899
374090-99999,43.483,42.033,227.005902483901,-18.8518244039267,23.636834417207,3.68258125697427,4.99044614914252,4.62676591677887,4.73641708793279
375490-99999,44.767,41.75,470.340558208588,0.942309536308617,6.87435541518713,4.84423608177294,7.23350984322136,0.269881329013095,0.950348525706259
376750-99999,48.517,41.367,688.246026054387,27.2942214032617,10.7339972920715,5.67134156402868,9.29916777769758,4.50375677879633,1.15429655090374
376820-99999,43.783,40.95,224.983711069147,-6.31649442564825,9.71436443915931,3.67149245833302,4.97307421733222,1.63406610313571,1.95339221065768
377170-99999,45,40.567,213.227648856261,-5.12691533493477,7.70606825517649,3.60648032047914,4.87280532392534,1.37025259974416,1.58144389995223
377490-99999,47.75,40.65,380.641299924669,-1.56396283607182,7.30540474742932,4.45183620324076,6.38463924916615,0.416807574273367,1.14421574380783
378650-99999,58.596,51.073,14.6079963755462,5.11973803580924,3.48893429969209,2.15134546419419,3.29851250861268,2.11957970460754,1.05772959495597
381410-99999,57.883,43.883,16.7874048636639,1.1561455654897,7.17263776696885,2.19225004633128,3.31351170758207,0.61515295273057,2.16466347487357
381490-99999,58.933,43.083,4.52241296403461,-9.61029159686097,5.38093789944244,1.97568523339301,3.28676054822916,4.08383564295227,1.6371554363282
381780-99999,64.333,43.15,39.5303093914588,-0.2876131673384,12.4793575616718,2.48632851826462,3.5156467477663,0.263739626273967,3.54966197033325
381980-99999,68.217,43.267,2.71872745471185,-6.36546295835306,2.9321074063319,1.9989932312096,3.29781268258799,2.74729153829277,0.889106716646776
383340-99999,70.3,42.483,291.117700504887,7.23712741231229,6.42504963126415,4.02043870608721,5.5573413992855,1.71158772751271,1.15613729113173
383430-99999,72.75,42.95,136.132307939638,16.7839774028066,4.69928008171461,3.15598303890754,4.25062796997447,4.72758686757236,1.10554960700144
383450-99999,72.217,42.517,713.202545355065,15.659503381015,13.5137262423646,5.75694617995244,9.5329258087554,2.5826502124616,1.41758432966646
383880-99999,57.767,41.033,0.886466469818956,-12.0919675928134,9.07951371509831,2.13379320711667,3.3062570856179,4.78092492561267,2.74616083383046
383920-99999,59.817,41.75,0.860214991230436,-1.76542926693972,2.93375398893512,2.13742358348934,3.30631510707025,0.858955414337553,0.887318326877423
383960-99999,60.633,41.567,3.86540853336766,-7.92606495058514,2.61850265654661,1.97770897266967,3.29059977298472,3.40074845089908,0.795752396886453
384130-99999,64.617,41.733,64.2230231685897,0.248361266358586,10.6694124901019,2.68687753353628,3.71671287932831,0.23482586277113,2.87065825004758
384620-99999,70.367,41.9,1001.1540342682,11.6756433044879,13.1270831503399,6.64514908091087,12.1604909380621,1.70404328399762,1.07948628202603
385110-99999,55.333,40.783,73.084912804704,-6.41906388921566,8.15375243359458,2.74967982693335,3.7834624239815,2.12915248815297,2.15510332068107
385450-99999,62.283,40.467,20.0020857179822,-4.99650077614723,3.66004525370919,2.24745877504386,3.33917277512752,2.00057625107022,1.09609340402262
385790-99999,67.833,40.117,436.880003380997,6.49486534156583,7.61992529465797,4.7020459105967,6.91564825915843,1.34463737186885,1.10183818047236
386110-99999,71.583,40.983,218.818945323454,-4.59727342211316,6.30497034020532,3.63751764560991,4.92033783537293,1.23196415307657,1.28141004767561
386130-99999,72.95,40.917,273.19204673933,-1.81192252774552,12.43663156305,3.92857535152402,5.39603401889635,0.522046559950688,2.30477263847822
386470-99999,55.517,39.25,135.017616633228,6.78844693476676,4.63800789180163,3.14914912705006,4.24212250316118,1.99730037907732,1.0933224790999
386560-99999,58.6,39.317,4.55881508020069,-7.93149249429603,5.51686603480092,1.97572636202548,3.28656041934959,3.40566414108784,1.67861390964256
386830-99999,64.617,39.717,6.29870634658624,-5.50957405738262,2.81398863180959,1.99029211528064,3.27905450902646,2.41320045166885,0.858170739175986
387130-99999,68.983,39.9,210.240901183763,-3.04049768618529,6.56984651605757,3.58981330131137,4.84753396081955,0.865686872564587,1.35529664550237
387500-99999,53.967,37.467,7.79577912373237,-16.9391098279148,7.27878740844829,2.01459150627908,3.2762186817609,6.93516612315295,2.2217037736126
387740-99999,57.417,38.433,5.33110161535797,-13.021055035712,5.58996282217244,1.97954757005555,3.28270209249809,5.45303312547825,1.70285413195036
387990-99999,62.8,38.083,19.0868891421893,-7.61558485325429,5.13685311717376,2.23235715843253,3.33154413049709,2.97017717036303,1.5418835578826
388380-99999,68.35,38.05,449.9704018606,-0.169969926211022,6.45704452349658,4.75823734301527,7.03989075809733,0.127413405387828,0.917208056967311
388460-99999,69.983,38.367,195.734567630766,15.5175963710696,11.5978033566436,3.50798606635103,4.72602580633266,3.99642017359916,2.45402878272545
388950-99999,62.183,37.6,0.622963355860549,-16.1022328421948,4.77175042141323,2.1738530346088,3.30675263858332,6.20910447481787,1.44303216567706
389110-99999,65.135,37.822,8.95097384491649,-9.36154508178141,7.37857638984061,2.03669970027701,3.27629669335268,3.88754927542448,2.25210873142567
389150-99999,66.017,37.517,8.30531410764633,-9.31838220035048,5.90257652020042,2.02410876288472,3.27601984508631,3.88984117670484,1.80175237004552
389470-99999,69.083,37.233,122.291161243264,-11.7422501165454,13.3150969930271,3.07042599432672,4.14596738198587,3.4287925687293,3.21157784571121
389540-99999,71.5,37.5,1509.35531477684,24.4506816297961,25.7607120353693,7.90751380190963,16.479277758915,2.96766466492496,1.56321851067977
389740-99999,61.217,36.533,33.6372771442083,-6.1423249410555,7.427657905629,2.42677504526791,3.46285992607618,2.26950306679531,2.14494899135161
389870-99999,62.35,35.283,100.072250478629,-8.40476752696518,5.11754015255977,2.92952705541,3.9816030853674,2.59650015383845,1.28529641022406
401800-99999,34.887,32.011,233.920898207466,0.5436843209793,3.80638332656701,3.72029362508483,5.05011566870787,0.247301352393063,0.753722008815081
401830-99999,35.217,31.767,395.091369360969,-5.14204346578432,4.06431231029832,4.51754368210237,6.52052911727036,1.1244632480051,0.623310200323089
401990-99999,34.96,29.561,420.735783514885,9.27198718460852,4.84881213661948,4.63171132434071,6.76268919519167,1.90423555944351,0.71699467425873
402600-99999,37.149,32.161,78.183016642406,-11.5671170854849,12.3201358491804,2.78473157763766,3.82123749357537,3.67369960079461,3.22412199448325
403560-99999,38.731,31.693,1.65041644254165,-1.93195637911176,2.84151285713273,2.05447122596531,3.3036706771347,0.952039057786898,0.860107781565321
403570-99999,41.138,30.907,40.4687927165495,-0.0515101030168003,2.82397693955215,2.49518277908147,3.52387333956285,0.184132369773417,0.80138434825313
403600-99999,37.279,31.412,15.750473674114,-1.66865600664791,3.23994236505742,2.17313300940197,3.30607074098802,0.811278750073524,0.97999789444589
403610-99999,40.1,29.785,28.3093252888347,-21.7339508867234,3.15107287625891,2.36526597150682,3.41389554744317,7.75982094082202,0.92301385102977
403620-99999,43.491,29.626,16.1964008956932,-5.34204345942426,4.06661446668005,2.18143237087783,3.30920880687238,2.17870251842739,1.22887817119148
403730-99999,46.125,28.335,2.32030597540955,-3.18714687451948,2.94276055938799,2.01433784822866,3.30020414014364,1.46644846360526,0.891690463505663
403750-99999,36.619,28.365,65.1196386030143,-5.30128333650454,3.33893095036838,2.69336286348421,3.72354875081124,1.81666900521755,0.896706656423107
403940-99999,41.686,27.438,7.28000169209145,-17.4581551374403,3.52112129905764,2.00548387140341,3.27681051565684,7.1675397085599,1.07455749492791
404000-99999,36.476,26.199,52.5478592492085,3.7078739130919,3.17295689109275,2.59860578440377,3.62523373797295,1.35798943327074,0.87524201759937
404050-99999,43.767,26.3,12.0020079646209,1.49585205066657,4.05567139581673,2.09919210608783,3.28453709929142,0.767874004384624,1.23477716135149
404150-99999,49.8,26.433,9.44376559847145,1.31048875757439,2.53256851881309,2.04658557677128,3.27688644439278,0.710947542501141,0.77285818773082
404200-99999,49.485,25.285,19.3971513112276,0.493812051869954,2.58950661549695,2.23753049808647,3.3341061697932,0.36303232148998,0.776671912537675
404300-99999,39.705,24.553,115.551075179215,-14.8178363577639,4.89608436850076,3.0281831260003,4.09570007713432,4.34156499555874,1.19542063048876
404370-99999,46.699,24.958,12.0939443037378,-16.722400812378,3.08183876348554,2.10107696868741,3.28493718944246,6.62125766353966,0.938172812981124
407010-99999,44.433,39.333,332.450085927024,0.685850326145344,5.91381901842087,4.22505136851024,5.93553417428622,0.2509708855333,0.996341499311145
407040-99999,47.067,38.433,440.054663560569,-0.466025495522799,8.46436313520052,4.71574139089121,6.94576341434078,0.185213457325524,1.21863683374592
407060-99999,46.235,38.134,434.991742354041,-4.67110603940573,7.07545233722221,4.69387906919282,6.89774129964234,0.995615410084888,1.02576365651595
407100-99999,47.533,37.933,532.121613665855,-3.42121530315222,8.36931165961173,5.09502450600043,7.8216075761042,0.700839701228633,1.07002449025707
407120-99999,45.069,37.668,160.252146008703,6.29454450534221,4.70870133189054,3.30155818358681,4.43815887458214,1.78730514626281,1.06095826331451
407160-99999,47.7,37.45,400.914558376841,-0.978017430511038,8.42188359367625,4.5437384123846,6.57541494587005,0.293040064663515,1.28081401143603
407190-99999,49.606,37.325,147.524556949239,2.24500985549073,4.85452399604548,3.22528259906854,4.33836424181027,0.73685949521711,1.11897566120908
407210-99999,55.95,37.9,56.6573929584772,-7.50802261131674,7.86014552094581,2.63061325579369,3.65802891634152,2.55797249835848,2.14873794076153
407230-99999,57.308,37.493,160.915234831084,-8.99274670262654,4.41187392908276,3.30549931394796,4.44340943525469,2.49448125449232,0.992902858349779
407260-99999,45.717,36.767,178.566569384678,-35.6690383367719,5.68956568388741,3.40923522047206,4.58501665024362,9.25220312846878,1.24090403981087
407270-99999,46.267,36.25,192.793100616036,23.4277273531661,5.06438530110385,3.4912147584394,4.70164539740313,5.99509893637547,1.07715169329892
407290-99999,48.359,36.774,236.18997059712,26.5136198678547,7.38899229268228,3.73259933723875,5.06978304293697,6.38227663794839,1.45745729750237
407310-99999,50.047,36.24,158.75344882363,6.3599902247665,6.00585077280527,3.29263865753978,4.42631037110974,1.80876451573598,1.35685260844
407320-99999,50.68,36.91,109.277858535407,6.50373181422789,4.15882368749288,2.9884931801448,4.0492653609258,2.00766676400301,1.02705634647319
407390-99999,54.95,36.417,303.863042313762,-20.9210888367857,7.09633767735115,4.08458301359776,5.67310870742743,4.67241813993798,1.2508728535486
407400-99999,58.5,37.067,383.089869262822,3.10659364563164,7.70724042543272,4.46304210695108,6.40763273956956,0.72669011624551,1.20282181246712
407470-99999,47.009,35.247,443.273890947087,-6.34762758389599,7.33200380258228,4.72958443406473,6.97631217017076,1.30940185979054,1.0509856244582
407540-99999,51.313,35.689,449.181377703523,-8.94403980844659,7.88483102315361,4.7548712427606,7.03239740091692,1.79719718565079,1.12121522343512
407570-99999,53.495,35.591,185.296135928809,5.54048654213457,5.64953368771483,3.4481933050048,4.63991551065233,1.52993687884469,1.2175940865183
407620-99999,59.217,35.267,76.8548786888234,1.74501667478852,3.84625131845916,2.7756627554649,3.81142843946175,0.685362579234715,1.0091364378344
407630-99999,58.467,35.2,168.61105705376,-1.97881959427357,4.72127643305777,3.35100515953149,4.50471626313991,0.643681192724017,1.04807409773838
407660-99999,47.158,34.346,324.65995295603,9.27562109637515,6.3007839485321,4.18722890615176,5.86367718754892,2.08558645035345,1.07454482008514
407802-99999,53.983,26.517,12.9754703281702,-1.70749537988467,2.56868838235207,2.11901273745568,3.28914646767931,0.842873098062596,0.780958953209655
407805-99999,48.283,33.433,435.721863241398,-27.7077554161501,8.28931490072679,4.69703873859516,6.90466478170889,5.42765925654329,1.20053835527048
407806-99999,48.55,34.867,276.74811328601,-56.513915761986,7.20028583159595,3.94695491455675,5.42788276068647,12.8208890931985,1.32653672694385
407824-99999,51.55,30.683,490.271841444964,-58.2702310169219,10.6350943716817,4.92674653571812,7.42317409397722,10.8297357597419,1.43268825936744
407825-99999,48.417,38.317,63.2870893889606,4.68104574675924,5.42781290495874,2.68007109327108,3.70955344249977,1.62922324526711,1.46319846555468
407830-99999,49.683,33.4,90.9398626346665,-19.095073282672,4.41409067127442,2.87003218780814,3.91479603053643,5.81450626897917,1.12754039721185
407890-99999,55.083,33.783,89.7454218725304,-7.05591903674654,5.06913249139898,2.86216495624469,3.90606301158282,2.24733739571957,1.29776004031867
407910-99999,56.893,33.668,428.7399142578,3.91605418461938,7.68631487977326,4.66672745107108,6.83848324236854,0.854710109336988,1.12397948599945
407920-99999,58.167,34.017,230.572184197076,-0.887504259668794,5.29605332724513,3.7020704729373,5.02116889686228,0.330195380730707,1.05474510737024
407980-99999,50.842,32.297,256.855403492146,-3.90945851469069,5.33475881854093,3.84312720456313,5.25077494334626,1.01527270719998,1.01599456767826
408000-99999,51.862,32.751,44.4416881816167,-7.62427029556513,4.89531021688251,2.53114211798408,3.55811882391414,2.68026703444982,1.37581414762798
408090-99999,59.266,32.898,337.066119689828,-1.35668583907115,5.35473124613167,4.24730557013197,5.97822341202169,0.391103081872932,0.895706111511954
408180-99999,52.667,31.183,44.6978997510616,23.6180352680313,9.30901837866408,2.53338514633733,3.56029530171759,7.95086482741985,2.61467591583573
408210-99999,54.277,31.905,248.750134363544,-12.5879650154553,4.95926664460698,3.80010581275016,5.17939821100073,3.04363789761834,0.957498620993033
408270-99999,60.033,31.533,100.44771062557,-22.8502850937165,5.41880061101649,2.93195042506004,3.98435431082384,6.8037944030931,1.36001976438086
408330-99999,49.676,30.745,123.11605863432,-6.18044385518586,4.45407065053942,3.07556886651133,4.15214901393398,1.86835832411304,1.07271454747704
408350-99999,50.828,30.338,13.5673944306924,-5.56922385753704,3.65019857041465,2.13088442754433,3.29232411840501,2.30691390089,1.10869964169354
408351-99999,55.033,25.867,6.28037312372217,-1.04025413253688,14.1761733384419,1.99004285369316,3.27911050867796,0.61856531113608,4.32317645316483
408410-99999,56.951,30.274,195.987177339484,11.3667119418883,4.49865305091579,3.50942353253767,4.72812371564431,2.95970526575364,0.951466865393295
408480-99999,52.589,29.539,378.447447793717,-15.2997388485223,6.01270565606933,4.44177084648177,6.3640498992876,3.19718160540988,0.944792349403546
408510-99999,55.717,29.467,208.052360913895,3.87798475578442,6.07373855758792,3.57756161496739,4.82907019036691,1.07367715541422,1.25774493187196
408530-99999,56.567,29.233,90.2302077066329,-3.76092879399791,5.86715759381782,2.86536063046729,3.90960765321759,1.26611357945501,1.50070240142618
408560-99999,60.907,29.476,61.0891543142918,-10.0531476641457,3.74043491932478,2.66392913395869,3.69263746203269,3.33545639530228,1.01294398862156
408580-99999,50.835,28.945,21.7250438318641,-13.7793190813469,2.9508509745373,2.27462487938242,3.35403545441422,5.14639625249998,0.879791228996612
408590-99999,53.723,28.892,440.1884291686,10.3851350005249,6.41856601985382,4.71631749235671,6.94703256591091,2.08674702344605,0.923929168167388
408720-99999,51.933,27.833,137.914871302254,3.07960986655615,4.24428494638337,3.16689158355673,4.26425849192729,0.976197355440783,0.995316056570742
408780-99999,62.333,27.333,48.3916115754362,-20.158899003059,4.39760994118659,2.56485315158341,3.59125888320924,6.74058363689819,1.22453158744623
408790-99999,60.72,27.236,159.222984546838,-33.7542080896962,3.88746939376037,3.2954348817517,4.43001966962377,9.02510757183296,0.877528698216936
408830-99999,54.825,26.532,1.27320174639148,0.225208284268375,3.98781368202057,2.08796036975699,3.3051617261299,0.280223875428383,1.20654116574502
408980-99999,60.617,25.283,4.69013923268904,8.94370470126856,7.06418412457295,1.97599028762418,3.28585111249605,3.81411217502401,2.14987955410029
410240-99999,39.157,21.68,68.2175368404348,7.02601976091062,3.55819718642932,2.71552575139631,3.74701080276905,2.34052542034301,0.949609535099233
410360-99999,40.544,21.483,35.2131794337261,-29.3354791288788,3.49208880723867,2.4434472075764,3.47715416316695,10.1362372160379,1.00429507676994
410550-99999,41.634,20.296,70.6163188850167,-23.7164220820399,3.22683538248488,2.73245145062181,3.76503099926509,7.49165840600065,0.857054133980501
410610-99999,45.2,20.504,56.2532290747861,-3.860451115234,3.80599973346454,2.62751712619608,3.65483556792997,1.39422133893716,1.04136004554103
410840-99999,42.621,19.984,47.9184491040519,-16.7960538849991,3.70193975097759,2.56090665306428,3.58733459160377,5.65063095527072,1.03194716200771
411120-99999,42.657,18.24,9.72854744930737,-5.4903385506021,3.06225304368239,2.05237320378701,3.27736948356743,2.34696812429864,0.93436307960893
411140-99999,42.804,18.297,14.6714525506927,-16.4110396611569,3.28816193491503,2.15257481548396,3.29891257948421,6.37532994826066,0.996741155059386
411280-99999,44.419,17.611,21.9819993480189,-3.95221977718722,3.94287681985418,2.27854039163603,3.35629738647341,1.60235920650616,1.17476980310053
411360-99999,47.121,17.467,24.3567966794216,3.61056279611848,3.8326419456488,2.31317071313527,3.37759616941342,1.46118498138966,1.13472474310462
411400-99999,42.586,16.901,8.80682701597895,0.25030203130911,3.21394539061132,2.03384764808166,3.27618510754087,0.296111738161193,0.981002380852569
412400-99999,56.25,26.217,84.6633786926473,11.7817376125359,8.75800238664346,2.82843546600935,3.86886943934689,3.68994313933963,2.26371102047887
412540-99999,57.633,23.067,1108.72135768522,17.624616228168,11.1500272717382,6.93909268741218,13.1069977794099,2.43640145240252,0.850692695565574
412580-99999,58.567,23.633,16.3644066621884,5.45087166566558,3.06330390229648,2.18452870314502,3.31041588922312,2.216728641677,0.925353189691029
412870-99999,58.25,20.867,7.18479958433818,1.32753481339892,3.94107202266921,2.00387409626504,3.27696361309619,0.72988287075816,1.20265968377523
413040-99999,55.183,18.133,2.82631468506065,-0.0571533069833594,2.83730499854977,1.99569739939038,3.29714275946776,0.223245537347378,0.860534470460048
413160-99999,54.091,17.039,239.525133088899,-2.86574984002633,3.86780245666863,3.75062514306507,5.09876746030755,0.791824667371005,0.758575966991702
415300-99999,71.583,34.017,242.795131763268,-35.9205807401258,7.8599230016079,3.76822797444963,5.12727248287911,8.53295113525938,1.53296377905672
415360-99999,73.35,34.383,572.002150087568,13.7264781773896,11.3664664845329,5.24954202891723,8.20089075155394,2.47436719408916,1.38600389017244
415710-99999,73.099,33.617,9.44065823637527,-9.23658362760788,6.14998210197826,2.04652268489504,3.27688173804467,3.82348199187914,1.87677877738974
416200-99999,69.464,31.358,178.711469656432,7.26799496968992,15.1450881877282,3.41007747410682,4.58619352812431,1.98666011636109,3.30232208799142
416240-99999,70.897,31.909,43.364085355983,-3.83372869910896,6.65393550909867,2.52161335630671,3.54892267508659,1.43424329590799,1.87491701518583
416400-99999,74.333,31.55,10.0812047022938,-1.96335385922703,5.21328189245345,2.05959293795364,3.27810598886421,0.962400631248988,1.59033353715928
416600-99999,66.938,30.251,322.460032111501,-22.6105200662526,6.89620312215148,4.17648685308758,5.84342913969556,4.94185502756075,1.18016372874349
416850-99999,69.717,29.883,216.42022417505,8.916668886691,13.0780186450696,3.62422841830362,4.89991061382442,2.28325590427997,2.66903208564087
417100-99999,62.75,28.817,8.63551685909567,15.9645788912316,9.36818141213198,2.03048653116332,3.27608932653087,6.50648746336637,2.85956226414991
417120-99999,64.4,28.883,51.8500141644955,-5.2635404992992,8.65846027075112,2.59304465996452,3.61958906318238,1.86338741690374,2.39211140259622
417440-99999,66.633,27.833,90.258694116365,-1.18191119227616,17.7793459067005,2.86554829909754,3.90981593034886,0.499743590881509,4.54736136519709
417490-99999,68.39,26.219,0.698104459091535,2.92212480625235,8.78933703074159,2.1615673109432,3.30663017564458,1.28575549909336,2.65809496794671
417590-99999,63.344,25.29,24.1305350355371,2.67984065016664,8.16347894209395,2.30998745396431,3.37554223306952,1.13162094217914,2.41842002808259
417680-99999,69.783,25.517,17.6066792845926,2.69952051409861,4.83257477805367,2.2069004076101,3.31972064839293,1.18198678647488,1.45571729970505
417800-99999,67.161,24.907,72.7767883432416,-5.3502725345448,4.28550997051167,2.74753924273912,3.78116751475382,1.80144783396379,1.13338273265862
420270-99999,74.833,34.083,260.71487372408,-0.637802684736882,9.28032609985049,3.86346539469134,5.28492879105203,0.260756665131606,1.75599832405748
426230-99999,93.897,24.76,179.559942631403,3.79755213159491,6.58573127938678,3.41500632301742,4.59308943643221,1.09771269239807,1.43383475774476
426670-99999,77.337,23.287,30.0930334103643,-3.6451055249034,3.3710490714989,2.38684190516503,3.43035724803084,1.43586163048525,0.982710787173556
427010-99999,85.322,23.314,26.087326696043,-2.96513826977996,3.88543606674132,2.33676657559695,3.39341701422611,1.22150983432635,1.14499221594414
427540-99999,75.801,22.722,29.9118130140007,4.40872366917596,3.57447548412626,2.3846986510487,3.42868626361415,1.70164175290596,1.04252043182231
427790-99999,81.9,22.767,41.2074391962342,-4.84038344360141,4.00517389173194,2.50204839259158,3.5303114011883,1.77891317700952,1.13451008610283
430140-99999,75.398,19.863,47.3722004806687,2.61677243130431,4.32537530905325,2.55632133476048,3.58278908022195,1.01977903823669,1.20726484652155
430410-99999,82.033,19.083,22.5105531864857,-6.06990890982276,3.70970177803988,2.286487892361,3.36098047019744,2.35777407389202,1.1037558268888
430630-99999,73.85,18.533,151.310863435144,0.0194761768730602,3.73012502885966,3.24809896596314,4.3678555294139,0.138597241318993,0.853994598434025
430860-99999,79.433,18.767,34.3784776306129,2.36514214487091,4.06359405566052,2.43469215961599,3.46959749594154,0.976300746053658,1.1712004232231
431280-99999,78.461,17.452,27.3052320523574,10.0851362439898,4.08267015358451,2.3526233092402,3.40462949356663,3.71066737402815,1.19915255427914
431850-99999,81.15,16.2,1.30257505429989,7.71702310120473,3.18966261173169,2.08499752604604,3.30506007222949,3.17873538307532,0.965084610271559
431890-99999,82.233,16.95,23.3011550994733,-2.88328678861769,3.28365467003546,2.29811459660221,3.36805225033884,1.20913088860838,0.974941724762468
432450-99999,79.983,14.45,4.40526286690664,4.73038849745169,3.65747656755507,1.97565198825543,3.28741452768733,2.11273172572915,1.11256932667024
432790-99999,80.181,12.994,5.35721970231935,-1.5791035245284,3.01735083510673,1.9797622399932,3.28258557909486,0.838428576335649,0.919199442757175
432840-99999,74.89,12.961,19.3502987609173,2.95375242506685,3.10736280191433,2.2367528314316,3.3337176192951,1.26198916665053,0.932101382531424
432950-99999,77.583,12.967,56.7400713896947,0.162884193800934,3.38734787144751,2.63124533507085,3.6586813553533,0.211699858320407,0.925838449006012
433210-99999,77.044,11.031,38.5922181791183,-4.67393627771146,4.028116306907,2.47732296546766,3.50737182262698,1.73778133501845,1.14847142265344
433460-99999,79.833,10.917,2.91650460083209,5.05992079038752,3.34678056326036,1.99318066687219,3.2965761245774,2.23005130124112,1.01522926721111
433710-99999,76.95,8.483,74.4366830320497,2.32599653019999,3.32807961462118,2.75903944204993,3.79351297330881,0.867125599566984,0.877308088317499
434210-99999,80.428,8.301,29.6876784025381,-4.84079406877272,3.07663818506534,2.38203303309026,3.42661888293146,1.85313423109729,0.897864130846464
435550-99999,73.529,4.192,1.12379072810287,0.676182975836762,2.7868896271594,2.10409102123443,3.30563875803943,0.451667382685882,0.843071439788025
435990-99999,73.156,-0.693,1.85113518314103,0.021396502324804,2.87996935794978,2.0401870368486,3.3027275986723,0.205259098940863,0.871997242251385
442030-99999,99.667,51.117,283.366518908725,-7.03043806725389,8.16279757982229,3.98095583851621,5.48736170889907,1.68054279904429,1.48756324311269
442070-99999,100.15,50.433,257.741885369239,2.58178254221794,8.03964310823782,3.84780704362226,5.2586104511756,0.708813089287982,1.52885314150633
442100-99999,90.35,49.6,305.383525225867,3.60492825362834,9.42428308287703,4.0921716080178,5.68697406618722,0.893896962923001,1.65717004740897
442130-99999,94.4,49.65,53.7620152046061,-6.1034597613881,9.1572622341247,2.60818953080454,3.63500051775355,2.12453574530857,2.51919145249089
442140-99999,89.933,48.933,346.259780114132,6.97843316820275,8.12822521034189,4.29128506129375,6.06347645326559,1.56084079167342,1.34052226853529
442150-99999,91.717,49.017,274.530631398719,-0.970810825013674,6.12277709392961,3.93550298512476,5.40801343180977,0.331599557016712,1.13216750866698
442160-99999,93.1,48.817,142.61591727616,-8.5120569650173,8.03990755733117,3.19554353082965,4.3003783754122,2.43862828020703,1.86958143108989
442170-99999,90.3,48.417,495.37617753323,41.4925399551388,14.5466369826416,4.94762525834461,7.47176645755204,7.70841200774872,1.9468805757357
442180-99999,91.567,48.017,371.733862114611,6.09651082100395,8.04450879236944,4.41082001983828,6.30111726817361,1.34326055411438,1.27667974582881
442210-99999,95.783,49.65,40.7925181031494,-9.38041218335268,7.66845586672345,2.49820266269223,3.5266989392768,3.29544506990752,2.17440048009768
442240-99999,96,48.767,142.67901030487,-3.68450614163047,6.89907352936242,3.19592693018071,4.30086486195799,1.13219395856018,1.60411306813802
442250-99999,98.2,48.733,239.751609000653,-8.15700544269776,5.33571767849795,3.75184654672882,5.10073892888377,2.03605782747688,1.0460675899885
442290-99999,99.55,48.083,313.307100044995,13.3772922480117,8.31354674416127,4.13150119363121,5.75940679364266,2.99628385437845,1.44347274676585
442300-99999,102,49.567,98.9639209267436,-20.1628958912603,4.21044600201527,2.92236368669568,3.97348479172197,6.0376096122065,1.0596356152632
442310-99999,100.167,49.633,359.988919269705,2.3520424319253,5.88179990246176,4.35612537080396,6.19131130050257,0.587308237359845,0.950008748871069
442320-99999,102.7,49.383,259.555367802078,8.15810494707754,8.18042340519598,3.85736508391648,5.2746569191299,1.98700471049249,1.55089203537155
442370-99999,101.383,48.533,109.833993148144,-3.75310465282238,4.58267385078272,2.99202708084218,4.05336973876728,1.2179472135699,1.13058372320518
442390-99999,103.55,48.8,150.952943044388,6.31106430210808,4.535735096874,3.24594669198405,4.36506058746881,1.81824912689844,1.03910014671851
442590-99999,114.55,48.083,52.3008192304458,1.92139067314995,3.73899121087029,2.59664165368543,3.62323814360381,0.781940871417319,1.0319474080032
442650-99999,91.467,46.117,197.9774162335,-2.27403430517766,4.85969704274762,3.52073327136815,4.74467530478295,0.689932437182964,1.0242422780435
442720-99999,96.85,47.75,353.168713720409,15.9862447091435,7.43987335875106,4.32403838180261,6.12773233854455,3.41751939025474,1.21413158207856
442750-99999,98.083,46.833,237.339232577511,2.90755564194805,6.53325368324474,3.73881909869439,5.07976054260888,0.803892679212854,1.28613418456323
442770-99999,96.25,46.4,0.552522634513025,-6.31750899559113,5.5610917199961,2.18606677625825,3.30685540354465,2.53810108365514,1.68168578342891
442820-99999,101.467,47.45,108.209443097923,-2.37162256118902,5.46193379824918,2.98169539139355,4.04138633258806,0.82477708081167,1.3515000420045
442840-99999,100.133,46.7,350.163187495858,-3.32833825036298,8.00154173001227,4.30982102537194,6.09976056667433,0.795941934256677,1.31177964160236
442850-99999,102.767,46.9,86.4012861330068,-7.32780177618586,5.68779088123697,2.84001888432103,3.88159826699462,2.34363997548988,1.46532188289563
442860-99999,103.8,46.967,226.35842363664,6.70321489538156,8.68315054203609,3.67903375620251,4.98488001152185,1.72365559016856,1.74189760274394
442870-99999,100.683,46.133,283.001387849699,-0.391416133025077,5.96908984355222,3.97908699476697,5.48407359695998,0.199017374314574,1.08844087119128
442880-99999,102.783,46.267,26.2173713914794,-2.65281100219392,4.72905372255961,2.3384881760409,3.39461202948458,1.11073599982066,1.39310580457633
442910-99999,106.75,47.85,185.013395008107,-2.25996930274869,4.12924452762617,3.44656299345577,4.63759909592534,0.699334916818836,0.890384106563713
442920-99999,106.767,47.843,126.913395008107,-30.3428039554517,4.47142789402749,3.09917011319033,4.18069382603875,8.56942100136312,1.0695420616975
442940-99999,107.483,47.3,59.9912563318005,-5.11901586744904,5.79974727230648,2.65577690996015,3.68412949689894,1.78054914139035,1.57425174038761
442980-99999,108.217,46.45,28.4925195052592,2.02620091287164,4.47045474292146,2.36753268066622,3.41558692131361,0.880966738375489,1.3088394018098
443020-99999,112.117,47.783,116.291624576818,1.37619601805996,4.36111082666038,3.03284420454912,4.10120289272017,0.531072390807397,1.0633735859305
443040-99999,110.633,47.317,125.886613691347,0.866894586080504,4.24316027733634,3.09280023260924,4.17296091821935,0.380453823642683,1.01682243387675
443130-99999,118.617,47.617,49.2220098256031,1.47895033995912,6.39230755792057,2.57172447515591,3.59811719551039,0.64424734573848,1.77657013670835
443140-99999,115.633,47.167,148.015413886878,-4.86758586915087,4.85960822484279,3.22824653814035,4.34217810717467,1.43970786648359,1.1191637249548
443170-99999,115.367,45.9,25.3917133877267,-1.31530745334864,6.33850961845758,2.3274377064189,3.38703729452082,0.642032695973283,1.87140236947238
443360-99999,103.9,45.45,41.3297619631833,-3.20622304734487,7.21941053575315,2.50317691186324,3.53137443019183,1.23410080595134,2.0443628050399
443410-99999,106.283,45.767,28.8981129036165,2.67038293017396,5.91344882121029,2.37250880464444,3.41933165388931,1.10369824630229,1.72941657018969
443470-99999,105.317,44.417,33.5018561225036,-3.9964963464291,3.84207472009074,2.42531349318085,3.46162630713459,1.53709896628543,1.10990453018341
443520-99999,112.367,45.733,83.3416918462217,0.0874635413575014,5.32175149458546,2.8195897319135,3.85917916046762,0.176968718667192,1.37898534203855
443540-99999,110.117,44.9,10.6446318473944,-5.30064721200589,4.36930465843375,2.07120131948701,3.27958535649925,2.25600662540233,1.33227349907969
443580-99999,111.9,43.733,7.33092762627916,-0.378896202962887,3.78237715164273,2.00635489701183,3.27673426934549,0.350667099863128,1.15431305706649
443730-99999,104.417,43.583,155.593003615531,1.72510485000878,5.95855917096718,3.27377509435106,4.40140943610742,0.5896230682479,1.35378434055362
444540-99999,85.359,27.697,188.474770452321,-0.000630194369590919,5.39096268178984,3.46648254129122,4.66601586551622,0.126215151373544,1.15536741347823
450070-99999,113.915,22.309,32.6724860330745,-2.74774005020039,2.74510764401681,2.41625712509525,3.45405459309169,1.11366724910936,0.794749350374249
450320-99999,114.15,22.533,64.5046560401615,0.918596113682166,2.8430678402646,2.6889182520834,3.71886242169756,0.444851827968736,0.76449933282738
470030-99999,130.4,42.317,97.3690038296717,-0.923293320043518,6.73045028252491,2.91202918389077,3.96180956070658,0.417139843575582,1.6988323591517
470050-99999,128.3,41.817,42.1488585710972,9.88768064379669,3.9375756430562,2.5106739247028,3.53846966862306,3.45028419004961,1.11279055970782
470220-99999,128.15,40.817,18.8969128250983,-24.9726864191458,9.90624410770848,2.22916196273007,3.32998852546514,9.3335195078216,2.97485833117841
470310-99999,127.25,40.367,37.7310800419868,15.4946354146211,7.23282288575873,2.46891165656729,3.49973089546645,5.38737330874788,2.06667972532635
470410-99999,127.55,39.933,247.338768606634,5.71175425656577,8.21690631767111,3.79257137215055,5.16701946287809,1.44709399519051,1.59026037674226
470460-99999,128.183,40.033,47.1619064773649,1.50796929351284,6.63860573929881,2.55454752538562,3.58103480722262,0.657370453995259,1.85382329317474
470610-99999,128.183,38.733,139.5001826726,-3.25319083378193,15.9523017892192,3.17657254471618,4.27641087565417,1.0208395966988,3.7303014731434
470650-99999,125.767,38.517,31.3943138234005,-2.99205626321435,7.01685587915218,2.4019282027501,3.44233590426179,1.2033572229337,2.03839952703772
471020-99999,124.63,37.966,19.3178311241606,8.04422961733007,2.57768525771649,2.23621318752403,3.33344870433308,3.122647627125,0.773278813130021
471070-99999,128.944,37.754,135.758981676337,15.941262677499,3.95547677787594,3.15369533450008,4.24777781941946,4.49989973774006,0.931187304522564
471150-99999,130.9,37.483,204.331572437453,1.93670836411684,4.23191857724542,3.5566563473209,4.79778564179366,0.600669160878292,0.882056618032504
471350-99999,127.983,36.217,58.3972901200971,-0.643485573586791,2.44383456472365,2.64382623571474,3.67170236786502,0.363724165348732,0.665586237629785
471690-99999,125.451,34.687,67.6513152905172,8.90021196272454,2.88856458738729,2.71150171404464,3.74273946453964,2.9270456003854,0.771778162694685
471710-99999,126.867,35.55,82.9240519347841,30.041248203148,2.76994164941234,2.81678775047813,3.85611501301403,9.20808037799385,0.718324437954793
471890-99999,126.567,33.25,138.855474744816,1.77870635012536,6.45225236339724,3.17263784947452,4.27146535402085,0.620454954591125,1.51054774617885
474010-99999,141.683,45.417,0.883786018288612,-0.411882947367129,2.9337344290907,2.13416052228263,3.30626310248134,0.346175921950626,0.887326367610898
474050-99999,142.967,44.583,158.256226658059,1.43644421609483,3.78751253655744,3.28967578719765,4.42238512903803,0.510978860681581,0.856441134375221
474090-99999,144.283,44.017,14.2362856932541,0.359053241528853,2.91513271708173,2.14410069123918,3.29621953138084,0.324894299364314,0.884386700985458
474180-99999,144.4,42.983,10.7651615071151,2.49933039891317,2.84913600919903,2.07369072448529,3.27994811713278,1.16538105001447,0.868652767498545
474240-99999,141.55,42.617,73.7667711610234,-0.87077466696282,2.67163952983166,2.75440727988261,3.78853557359278,0.421205629497075,0.705190561876674
474300-99999,140.75,41.817,43.4341626759648,-1.22094274400469,2.8548376995494,2.52223779779103,3.54952278642879,0.569426649770093,0.80428775114913
474400-99999,143.317,42.3,145.005415218882,3.04939600979132,5.81947715331534,3.2100429285815,4.3188349063809,0.95669944475505,1.34746460086198
475740-99999,139.933,40.65,48.2686102192135,0.331276416132509,4.27531589382103,2.56382945675139,3.59023989649963,0.271319415087131,1.19081621759853
475840-99999,141.167,39.7,475.001956596417,0.473605103706689,4.83236238096732,4.86367544232754,7.2778526687347,0.181518273090028,0.663981891489356
476020-99999,138.233,38.033,65.7139414485324,0.272985948167727,3.67507884920394,2.697643305554,3.72806801357421,0.241736139495335,0.985786427667808
476050-99999,136.633,36.583,394.602966370397,5.80294238464704,5.4148309620717,4.51533932158739,6.51592878528114,1.25673299063086,0.83101444790239
476200-99999,138.117,36.05,340.171550825843,-1.44121355857471,3.93922038776963,4.26221185334128,6.0069867208605,0.4076285596603,0.655773114012368
476220-99999,138.55,36.35,15.7314382491728,-3.87339871265382,3.69201381719053,2.17277613083351,3.30593899018561,1.63627572926954,1.11678219959626
476290-99999,140.467,36.383,86.8046178008036,2.0900387159579,2.93961869691809,2.84269965278887,3.88455061021201,0.774834410802356,0.756746144377729
476370-99999,137.817,35.517,519.680405659043,1.54983372111519,5.35194819154147,5.04567775425454,7.70317091464935,0.369627268649462,0.694772094614117
476390-99999,138.733,35.367,3214.04201445894,-13.7465776907015,39.4692880148192,10.8619930298591,29.0474406005976,1.25388016462092,1.35878711510326
476480-99999,140.85,35.733,13.8759048547414,1.19217609446727,3.30649843412779,2.13700781806593,3.29408248168638,0.641703101095987,1.00376916865635
476780-99999,139.783,33.117,143.37649756479,1.86150726874655,3.99008980932605,3.2001633715426,4.30624597438686,0.638217027634117,0.926581953993971
476900-99999,139.5,36.733,355.620644138799,-3.78669516884727,5.14369799267972,4.33560188243975,6.15057313718078,0.886486371926977,0.836295720407842
477400-99999,133.333,36.2,13.4477037106198,-0.616874855890062,2.90028437006727,2.12849655847598,3.29166033189551,0.424910145797426,0.881100744801677
477540-99999,131.4,34.417,166.583695008617,0.455294558789583,3.23006623113533,3.33905913002618,4.48850022165774,0.248835593939672,0.719631518686294
477780-99999,135.75,33.45,39.7521463910969,1.988303307875,3.81751797430768,2.488435130914,3.5175960360529,0.832644243180866,1.085263326198
478120-99999,129.733,33.167,93.1912319860758,0.794621393892188,3.57087867094297,2.88480361720351,3.93125483627642,0.382480504130928,0.908330499969626
478130-99999,130.3,33.267,96.3150028456456,0.36333442530047,2.70227245978855,2.9051821442124,3.95409788014339,0.253535461169921,0.683410613925055
478270-99999,130.55,31.55,70.7586254129851,1.29647502945727,2.83966801087169,2.73344964421287,3.76609645867638,0.555590847896008,0.754008305955529
478900-99999,133.75,34.283,113.291352949912,0.0328941157556931,2.58801908544593,3.01392907458173,4.07893747518166,0.151651927072297,0.634483637268961
478910-99999,134.05,34.317,185.950266926652,-2.71520866280909,2.69187478162957,3.45196290868411,4.64527789884386,0.813572580791165,0.5794862740719
478970-99999,132.7,32.917,164.894942478446,1.24493113542897,2.98163728884278,3.32908548748346,4.47502827961897,0.455704408045424,0.666283451754333
479180-99999,124.245,24.396,32.1092966093161,-22.4830377085223,3.15986072587051,2.41000073979427,3.44889790396241,7.89794909473017,0.916194336237141
479290-99999,126.714,26.364,5.95414360089837,-0.842718664230324,2.70534540402027,1.98587148673807,3.28019281766137,0.540140015842984,0.824751944292428
479420-99999,128.701,27.426,22.4165684605599,-1.10335049675691,2.78935776842735,2.28508508222033,3.36014493042721,0.57569174708253,0.830130195626029
479450-99999,131.263,25.847,50.8057459574625,-29.4904700191419,2.87012073038403,2.58464671675147,3.61109834772883,9.72249750879923,0.794805473018802
479710-42402,142.183,27.083,5.61534773278847,2.0162630639349,3.32638183549324,1.98213450738576,3.28148664556218,1.01374968054616,1.01368135689102
479910-99999,153.979,24.29,6.76507661574034,3.56181968335522,2.72429971932185,1.99709627360248,3.27780365995222,1.62661717383261,0.831135724389777
480480-99999,94.917,21.2,125.771635589753,-0.637768994293627,6.42624223477246,3.09208639918506,4.1720956715237,0.316743214904785,1.5402911967322
480970-99999,96.133,16.907,24.288387328369,-26.1606808590762,7.24821986771364,2.31221074238886,3.37697473680857,9.48032821908255,2.14636484801293
483000-99999,97.976,19.301,433.767498218683,-14.7900312727056,6.22962464556488,4.68857577804097,6.88613359707139,2.94686479041434,0.904662182013762
483020-99999,99.033,19.917,609.612262071528,-12.5859826449779,12.9192384553438,5.39044101790523,8.55767751525261,2.22156246114685,1.50966642904193
483070-99999,100.883,19.417,428.318380018279,-0.643675564311325,6.37397061362916,4.66489049836696,6.83448945699927,0.221432683746719,0.932618398745427
483270-99999,98.963,18.767,127.392018059811,-9.22603313292463,4.61987937268668,3.10213641548544,4.1843021806081,2.70007351501537,1.10409792918333
483530-99999,101.722,17.439,153.266113571531,-3.54585021177784,4.59797894925063,3.25983966058937,4.38315002635737,1.07606987983728,1.04901245031574
483770-99999,99.05,17.233,250.939126527025,4.60617081598119,5.79765945047755,3.81176613213752,5.19862710941403,1.18424113449072,1.11522894957762
483810-99999,102.784,16.467,26.9539535512891,-4.48808883045505,6.59162125431912,2.3481101215214,3.40139137157644,1.75136796599372,1.93791908493732
484000-99999,100.137,15.673,1.91700974275109,1.53010794966421,2.92982819966075,2.03595811702104,3.30239833777994,0.800528974054568,0.887181950809224
484070-99999,104.87,15.251,7.31705260269818,1.21933107524092,3.44173608788174,2.00611691307581,3.27675465343254,0.686053817469652,1.05034903491367
484160-99999,103.683,15.317,9.78900199418251,-1.0325044143319,7.97038818727859,2.05360722131841,3.27748501585635,0.600133176918524,2.43186106075791
484210-99999,98.633,14.75,327.956622307949,5.24332572326279,7.77045955848307,4.20327580580455,5.89405665772649,1.2211330911478,1.31835508372605
484400-99999,102.033,13.783,31.3439341065756,3.55111915896217,3.68821961453902,2.40135375103611,3.44187293679452,1.3962858398482,1.07157343756389
484590-99999,100.748,13.681,0.357546043373629,6.21185267710434,3.64560511004849,2.22384941934258,3.30709197760004,2.46410562545865,1.10235975737636
484750-99999,99.952,12.636,8.31432371464772,-9.86064985159178,3.04624300539442,2.02428082075797,3.27601969965432,4.10439669247289,0.929861015706301
485000-99999,99.805,11.788,138.821662867162,8.00965869969705,3.95550558526762,3.17243140573429,4.2712061151409,2.31717294607864,0.926086327523702
485010-99999,102.883,11.767,237.872553079416,7.28860877923694,6.75123758318864,3.74170245607478,5.08439431435976,1.8361987574311,1.32783516890522
485500-99999,100.05,9.467,4.66843329845054,2.752498714267,4.79515709019024,1.97593449350412,3.28596695275299,1.31364489763371,1.45928341919959
485640-99999,98.4,7.883,11.8739641117252,4.58185228036846,3.23807861343369,2.09656336227734,3.28399277872036,1.95714549246022,0.986018798340792
485650-99999,98.317,8.113,15.9179035240118,-8.63695981383018,4.23931592644218,2.17626285770812,3.30723747923245,3.41407413980808,1.28182991184112
485680-99999,100.608,7.187,9.69199078240276,6.49286508201964,3.50072245863836,2.05162783837326,3.27730180780443,2.74055055241826,1.0681721318134
486150-99999,102.293,6.167,0.583483513100804,1.71329311760609,2.75619194856673,2.18061212419152,3.30681158566511,0.825667054786459,0.833489262138402
486180-99999,103.103,5.383,6.36064304897697,1.55657347223561,2.93464771007805,1.99114511454251,3.27886913374797,0.825553461430243,0.895018248783706
486200-99999,100.7,4.217,31.0816694698241,2.7382301326168,2.85156325608311,2.39835103920003,3.43946169394758,1.11726636588181,0.82907254385214
486470-99999,101.549,3.131,33.0216211862614,-6.5869673833415,2.79938796836013,2.42009188003203,3.45724538817345,2.42696725805208,0.809716307073914
486650-99999,102.252,2.263,26.5099325617056,-5.29201224222684,2.67197697592185,2.34233598689156,3.39730268949225,2.03776480646157,0.786499532168915
486980-99999,103.994,1.35,0.930992505723157,7.3460358933528,2.61784728572778,2.12780141079015,3.30615403105717,2.98577961832876,0.79181044232555
488030-99999,103.967,22.5,589.055358879561,4.26051743431642,7.43463959996956,5.31398703608539,8.36280048432049,0.818804274032527,0.889013149830472
488060-99999,103.9,21.333,19.0671009117538,-0.1661336883453,4.46115720052727,2.23202531993128,3.33138162001321,0.243824126916238,1.33913124024187
488080-99999,106.25,22.667,364.885746295244,1.60167842430643,5.59123277294292,4.37901490695721,6.23704577997299,0.430758762657099,0.896455304351981
488380-99999,107.967,21.517,41.9398556241173,-1.05205234451475,3.65013374644824,2.5087706997195,3.53666303166045,0.515842681085483,1.03208411821313
488400-99999,105.783,19.75,10.3637076785905,2.11086067078136,4.59366494526466,2.06540554244256,3.27880241999157,1.0177184961936,1.40101913956635
488480-99999,106.6,17.483,131.127381435684,-1.63584616737077,3.75899192371877,3.12522302811197,4.21254647107179,0.58916269449031,0.892332452480311
488550-99999,108.199,16.044,55.4516700561609,-3.45216351564468,3.0425901472678,2.62134511772019,3.64848248043757,1.26617319347606,0.83393305671099
488630-99999,108.783,15.133,82.2361704971882,0.456851363252268,3.23671772963643,2.81216535494911,3.85106568871581,0.288889973993153,0.840473258900903
488870-99999,108.1,10.933,188.78058551149,4.68305612268387,3.56571043599437,3.46823836218443,4.66853262733694,1.30613527959311,0.76377541309556
489140-99999,105.15,9.183,0.683679808471802,4.26481326132776,5.91244831200954,2.16386888820201,3.30665477628432,1.78868159856913,1.78804523363438
489180-99999,106.6,8.683,6.45962202625259,-2.9854289768824,3.88870102545566,1.992542135559,3.27858512205669,1.39834305192226,1.18609121943927
489200-99999,111.917,8.65,2.3508769400101,3.68826866753118,3.07306923275649,2.01296776175959,3.3000271217427,1.66666231507822,0.931225447363488
489350-99999,103.133,19.467,109.1407460913,39.1428052702304,8.88006777470762,2.98762144164469,4.04825378234479,11.3667168107372,2.19355511095557
489470-99999,104.76,16.557,26.2806770310198,-18.3496457618994,8.39489728736445,2.339323736629,3.39519399208836,6.63878004425051,2.47258251131647
489910-99999,104.844,11.547,12.9019975125298,-2.90810105138792,8.44363566219148,2.11752868991703,3.28877093558472,1.30203006542631,2.56741373223376
504340-99999,121.7,50.45,155.655444025865,3.38016762875794,3.67566328144047,3.27414849100515,4.40190027958505,1.02809087612887,0.835017389759442
504680-99999,127.45,50.25,3.6479656820882,1.34083910724255,2.3401851185519,1.9797352186443,3.29194547440594,0.742353092137377,0.710882102011184
505270-99999,119.7,49.25,5.79084688387468,0.902195055201285,3.12445288334155,1.98398824884772,3.28079507833061,0.56449343343381,0.952346248011135
505480-99999,123.717,49.2,126.531220922155,-0.491763542942574,3.60910001102093,3.09680021645795,4.17781431635559,0.275734954197495,0.863872766410844
505640-99999,127.35,49.433,77.6281118074215,0.674810475008417,2.71818112901449,2.78094761264188,3.8171416163424,0.358070476493356,0.712098581141735
506030-99999,116.817,48.683,46.775473674114,8.25054112198102,3.28348489707579,2.55127530584345,3.57780482064041,2.86783074120614,0.917737289114631
506320-99999,121.917,48.767,91.2910305921238,0.566702933605076,3.28079385377945,2.87234108858417,3.91736332389464,0.316309325060863,0.837500528421164
507450-99999,123.918,47.24,0.725123369728692,3.34325328573953,3.38593597812889,2.15732651603941,3.30658264590716,1.44628567943832,1.02399859332715
507560-99999,126.867,47.45,41.3538621592236,-26.8157986702623,3.23622300338721,2.50339897619229,3.53158376431111,9.09496170398689,0.916365919475362
507740-99999,128.833,47.7,117.085111394436,7.01822030387611,3.35537523053867,3.03783296091894,4.10710439857454,2.12509193817994,0.816968575647413
508540-99999,125.317,46.383,10.7511289373792,0.548697935375085,2.85860102633762,2.07340084599326,3.27990506774378,0.40751441308022,0.871549928213023
508880-99999,132.183,46.317,84.2552175214013,-0.987011048751953,3.86186921771209,2.8257071869618,3.86587792333609,0.447126269739463,0.998963054265163
509150-99999,116.967,45.517,85.8659242867086,-2.1694496467123,3.55862577800577,2.83645626318474,3.87767853340312,0.800085310923344,0.917720679357775
509490-99999,124.867,45.083,29.7216599354775,1.79366375159968,2.77300879119789,2.38243823606279,3.42693236830451,0.795737345870303,0.809181067255742
509530-99999,126.567,45.933,9.22544129812424,0.406380124831704,2.72755451385345,2.04218260483779,3.27658597184622,0.356536199684027,0.832437951358433
509630-99999,128.733,45.967,19.536074134006,-2.18477019975574,3.44720434611839,2.23982895916094,3.3352616291355,0.979904307814142,1.03356339904642
510530-99999,86.35,48.05,41.5935298846956,-7.37925225967636,4.19743174999708,2.5056023842549,3.53366363003372,2.62152182901919,1.1878413424305
510760-99999,88.083,47.733,196.9850163059,5.70045305325654,5.5654546800641,3.51509732400473,4.73641708596616,1.54428462199071,1.17503475286295
511330-99999,83,46.733,123.623399443872,-1.07047294895902,4.73837471180709,3.07872905565002,4.15595428256643,0.43883538667997,1.14014120215033
511560-99999,85.75,46.817,28.8340092086748,-2.67692822458676,4.58910011825595,2.37172617565025,3.41873982496254,1.10627825574888,1.34233675366222
512430-99999,84.85,45.617,110.966473403889,19.3620533371303,4.80709684353549,2.99921391368231,4.06173459488098,5.67614722251403,1.18350835861947
513340-99999,82.817,44.567,302.893051414729,8.90562159126337,6.54243092931411,4.07973484421533,5.66426920179418,2.0537480686559,1.15503530927551
513790-99999,89.567,44.017,101.074701462146,-3.28678481696278,6.55228917640272,2.93599359879577,3.98894993543049,1.10209309420424,1.64261003082647
514950-99999,91.733,43.217,152.136826557107,-6.93590706287021,4.59127347524386,3.25306208351364,4.37431101993871,1.98129071606209,1.04959922929947
515420-99999,84.15,43.033,165.547032896683,-7.33183080028442,9.25903039539035,3.33293914603068,4.48022644452871,2.04329641090047,2.06664339627243
515730-99999,89.23,42.95,381.696460708422,19.0062974140395,7.53483623608991,4.456668782642,6.39454608193981,3.93536430805091,1.17832229833649
516440-99999,82.95,41.717,113.654535841113,-17.1925307250616,5.22606691914968,3.01622318868353,4.08162870791821,5.03168592426173,1.28038763276319
516560-99999,85.817,41.733,248.893591099535,-1.06204747967341,5.92634697208611,3.8008709229203,5.18065728218014,0.363193294490405,1.14393727461396
517090-99999,76.02,39.543,44.4700280071431,2.96617348872901,5.35338448637456,2.53139063786219,3.55835975439053,1.14342686337959,1.50445285352871
517110-99999,78.45,40.933,787.937051404532,5.69285401060711,11.1937456267042,6.00410064572747,10.2276232427991,0.952146091815966,1.09446206229638
517160-99999,78.567,39.8,17.1533172802385,-0.389762193427864,4.92282805856204,2.19884302092943,3.31625168980906,0.329682825761925,1.48445549946949
517300-99999,81.05,40.5,16.6407703095604,-3.4389223692265,4.92765867736714,2.1895855026038,3.3124295694906,1.46450907227646,1.48762670239203
517470-99999,83.667,39,18.5673940801651,2.65306700974503,4.4104979674199,2.22356987993349,3.32731529095548,1.15769638700147,1.32554254158264
517650-99999,87.7,40.633,14.0393842284317,-2.23890347130334,4.13316432443483,2.14023356460138,3.29504109324852,1.03737165833541,1.25435896168446
518110-99999,77.267,38.433,27.6252800236318,-1.7886186688626,4.85095962826208,2.35669397416778,3.40758171812686,0.80114240081643,1.42357837009662
518180-99999,78.283,37.617,191.597635039106,-0.784677862415834,5.24969655380147,3.48438119079216,4.69176235649919,0.322428452725534,1.11891782978509
518280-99999,79.933,37.133,83.366650037857,-3.37401383760233,5.19520605513024,2.81975707330161,3.85936224005648,1.16695702488541,1.34613071590145
518860-99999,90.85,38.25,182.930339759882,-2.73675809826362,5.88771649567868,3.43453434917041,4.62055971952403,0.822653409785603,1.27424313353214
521120-99999,95.133,43.6,209.863172964901,6.50002534512001,5.76033529557307,3.5877010921853,4.84434396080816,1.71246017926858,1.18908470211353
522030-99999,93.517,42.817,76.6088288145033,3.46365714632511,4.24208199550974,2.77397805194688,3.80960897984457,1.21065477026277,1.11352162858531
523230-99999,97.033,41.8,56.5179212734472,-12.7700239011946,4.39191594835513,2.6295460055709,3.65692768173663,4.24023927993794,1.20098517952356
523780-99999,102.367,41.367,113.569427776687,-4.65490686186841,4.06676461773796,3.01568569821272,4.08099794971489,1.46625930312514,0.996512291318861
524360-99999,97.033,40.267,63.7137252686953,0.050530103393358,4.57083630263295,2.68317850023327,3.71282009212509,0.172949805784694,1.23109555249599
524950-99999,104.5,40.75,59.7621159015821,-7.92930902359486,4.94354091179601,2.65406751911894,3.68234861967691,2.67252015770085,1.34249671130534
525330-99999,98.483,39.767,34.5265863119669,-2.10917861162702,4.33916298498824,2.4362578395101,3.47094079126302,0.888606775780408,1.25014030660238
526020-99999,93.383,38.833,135.153216583263,0.354236506852101,5.40262486379051,3.14998097319686,4.24315643504219,0.234038619139407,1.27325611169384
526520-99999,100.283,39.083,133.999918183707,-1.87672135221979,4.7446879106397,3.14290142936674,4.23436920906184,0.652425380785817,1.12051823456626
526810-99999,103.083,38.633,19.9855790617846,-3.39910145053037,4.03496191790282,2.24719061726678,3.33903334774119,1.41930502602315,1.20842216823993
527130-99999,95.367,37.85,290.353041447003,0.541016197445686,6.17713861092549,4.01655974247526,5.5504230370855,0.230488747365748,1.11291311845107
527370-99999,97.367,37.367,23.045374583191,0.805565797422486,5.40988069621924,2.29438668090781,3.36575634609237,0.467210141796965,1.60732986584132
527540-99999,100.133,37.333,0.150448053744185,6.34765304625371,4.9755383886234,2.27173304001468,3.3073069861654,2.47053123349046,1.50440778840195
527870-99999,102.867,37.2,70.2247165348263,0.722977265854219,4.22374313764297,2.72970128262428,3.76209706258352,0.378665752289169,1.12270977260284
528180-99999,94.9,36.417,4.83304991064733,-6.43733576465897,5.3086668656126,1.97647244625204,3.28510273271348,2.80129737569184,1.6159819943371
528360-99999,98.1,36.3,35.8772686295779,-1.60618263954875,5.28244504732221,2.45029681208745,3.4831414676066,0.713888389439213,1.51657493571514
529080-99999,93.083,35.217,27.5753784581129,-9.69915849952226,5.53284449283613,2.35606183699643,3.40712130742806,3.57105660928133,1.62390592925872
529550-99999,100.75,35.583,320.038184309245,-21.179193489785,6.82396975766681,4.16462978083874,5.82116183838373,4.64757001270247,1.17226937630745
529830-99999,104.15,35.867,341.382914033462,6.72282743211277,6.02256623222166,4.26801235094656,6.01821606291544,1.514850822624,1.00072283368705
529960-99999,105,35.383,400.969246235335,-3.67925779809243,5.6247093181967,4.54398365409099,6.57593071070046,0.828562914692,0.855348020781923
530680-99999,112,43.65,5.33092762627916,-3.66572258640107,3.61025403476774,1.97954615638652,3.28270287190013,1.68003429807971,1.09978093529921
530830-99999,114.15,44.617,26.9964745701896,-0.549512071055525,3.523270293353,2.34865898171609,3.40178319101329,0.368423204669896,1.0357127704848
531490-99999,110.133,42.533,70.3579531332055,1.91564283369884,3.43876085692182,2.73063753371648,3.76309561785354,0.747729452310276,0.913811714112989
531920-99999,115,44.017,50.6372830075766,-0.663319438007446,3.44058367878106,2.58328307233802,3.60972357513622,0.377298941003595,0.953143255200983
532310-99999,106.383,41.45,5.98605243317024,0.299744447404079,4.01466444120031,1.98625622956565,3.28007981984825,0.321666141202106,1.22395327604742
533360-99999,108.517,41.567,33.4070698359024,0.388383515579678,3.48622767194472,2.42428767203528,3.46076238448373,0.303794843467425,1.00735828832836
533520-99999,110.433,41.7,39.997500181637,-3.06639078831668,3.38729672697367,2.49075511933217,3.51974858349559,1.19247168223958,0.962368943866333
533910-99999,114,41.9,2.79782110544875,-2.61417537890918,3.18035773738929,1.99653844210448,3.29732089129086,1.24739732678983,0.964527821902169
534800-99999,113.067,41.033,130.061706612987,-0.161578316776351,4.19686104267837,3.11864797387353,4.20447335698657,0.182824723917031,0.998189472577927
534870-99999,113.417,40.083,25.8135962745944,-1.94473994132981,3.9982138180375,2.33311988800417,3.39090387634945,0.862914397544978,1.17909972203101
535130-99999,107.4,40.767,3.66286309863722,-0.684163154567124,3.51126755198332,1.97957141695837,3.29185243588086,0.477567674182866,1.06665399509129
535290-99999,107.983,39.1,8.2906953604188,-0.972376973636805,3.50208566977275,2.02382983786002,3.27602032707564,0.583389954247172,1.06900608669266
535430-99999,109.983,39.833,39.0568742734522,0.960948323203667,3.45506133019134,2.48180354922748,3.5114769872144,0.489954585902269,0.983933923751038
535640-99999,111.217,39.367,76.9095604927525,-1.99772344773479,4.1143389294618,2.77603696228686,3.81183269516546,0.762422242632831,1.07935978792564
535880-99999,113.517,38.95,533.276000453136,-7.55037871961868,7.08160706335336,5.09957497230007,7.83259525406628,1.43767674501051,0.90412013306534
535930-99999,114.567,39.833,355.230268252283,-4.33071062935885,7.40814562435022,4.33376294311898,6.14693536011297,0.999368542935174,1.20517708261928
536140-99999,106.392,38.321,57.6045601868375,-29.6556972091286,4.88547070285586,2.63782886392489,3.66548703905467,9.61037026455578,1.33282989430944
536460-99999,109.783,38.267,12.5393842284316,2.45764012350305,3.67402795656277,2.11017382424945,3.28698190070562,1.13311998458705,1.11775119777023
537050-99999,105.683,37.483,100.911778375516,-11.8830178046152,4.35859017418017,2.93494342266411,3.98775560761584,3.60501361475441,1.09299330326465
537230-99999,107.383,37.8,51.2066312304662,-6.13026953557748,3.85128042402974,2.5878816938245,3.6143641784035,2.14719027248922,1.06554852636097
537640-99999,111.1,37.5,71.7819837973468,-4.56951860895895,4.43961075474734,2.74060939540734,3.77374749132055,1.56437200242139,1.17644616258991
537870-99999,112.983,37.067,125.23872679827,-1.7501101502867,3.84079983993423,3.08877644688356,4.16808713462434,0.626985320370306,0.921477818452658
540260-99999,120.9,44.567,21.373007490453,0.178122147800474,3.26873216809783,2.26920442124391,3.35095369098153,0.244879772182317,0.975463247043675
540490-99999,123.967,44.25,0.433710399958187,-0.516551907289608,2.83413585760203,2.20834512671759,3.30700636648122,0.375340608278248,0.857009495454241
541020-99999,116.117,43.95,65.9589950601123,-2.14083991018807,3.49346809316784,2.69940418219749,3.72992883755898,0.825416158696844,0.936604489069586
541860-99999,128.2,43.367,97.5696597621258,0.960713762586174,3.72941360893009,2.91333109826492,3.96327800004891,0.427943765352471,0.940992180938118
542080-99999,116.467,42.183,66.2851914421592,-2.80548447850415,4.35775986426775,2.70174446919454,3.73240348426802,1.03240108956469,1.16754790382004
542260-99999,120.7,42.333,6.60790549333871,-0.0543645267787247,3.60161176988639,1.99470905166909,3.27818782826975,0.222216104281911,1.09865936869986
542360-99999,122.533,42.417,44.7637187680044,-3.96678737643799,3.09183058967592,2.53396000734061,3.56085380802191,1.47226310354477,0.868283495017579
542590-99999,124.867,42.067,170.845514029383,-4.50583673708311,3.68990057795364,3.36413690149066,4.52264267312544,1.29546050378081,0.815872675477958
542730-99999,126.75,42.983,137.482040009203,-1.6401430995148,3.90189353241112,3.16424508371144,4.26094552016341,0.584061123266103,0.915734198887733
543240-99999,120.45,41.55,131.111287764553,0.00821179609230813,3.70411471631701,3.12512379972752,4.21242446078163,0.140191569769426,0.879330834488056
543770-99999,126.217,41.15,374.417321807778,-0.109651121734602,5.31544119017423,4.42321831675256,6.32625804300795,0.123831827579147,0.840218839326209
544010-99999,114.883,40.783,254.506780236498,45.5684327638895,6.29051691089042,3.83070436924567,5.23004295511287,10.6376304720873,1.20276582140513
544360-99999,118.95,40.4,255.914146029098,26.3516670839345,3.52867715083852,3.83815272729966,5.24246142052807,6.1896546230286,0.673095492323734
544710-99999,122.2,40.667,5.94845693037378,-0.0181392155510378,3.17006085002609,1.98580347914648,3.28021311711708,0.208439331547216,0.966419173645706
545270-99999,117.167,39.1,2.89459472335099,-1.74985496749384,2.8339369677999,1.99377212224351,3.29671412981352,0.902189477308684,0.859624722135129
545340-99999,118.1,39.65,1.67379063250448,-0.369866771299673,5.06214523886712,2.05269327311789,3.30356578682405,0.340764313699627,1.53232766214525
547150-99999,116.567,37.333,5.00819254345266,-2.10079808309969,3.0359562371472,1.97731995460942,3.28422073913706,1.04984343191541,0.924406877092223
547760-99999,122.683,37.4,45.8947929306899,0.623531384126968,3.04357715769548,2.54375459585246,3.57041252083491,0.369126796771966,0.852444119533774
548080-99999,115.667,36.233,3.19120738542214,0.832528386999507,3.01899480241353,1.98677701839968,3.29483419882672,0.535845545113261,0.916281251265567
548260-99999,117.1,36.25,1298.24375447719,-13.667707285665,14.119376607224,7.41909702678787,14.7305784505411,1.78905590343697,0.958507953684967
548430-99999,119.183,36.767,11.4608821724289,-0.19561672282838,2.91724262999655,2.0880589137209,3.28234225463461,0.268779323044188,0.888768569419429
548630-99999,121.167,36.767,20.5984780576191,-22.6253076042659,2.79140419598174,2.25704537673468,3.34425110219107,8.3877138183538,0.834687381624208
549090-99999,115.517,35.083,1.90639236194318,0.148668082898308,2.84766560764054,2.03662525286841,3.30245202591448,0.255720896165011,0.86228825893451
549450-99999,119.533,35.433,26.4871430515263,27.6471910010812,3.08103778144397,2.34203750219828,3.3970929926429,9.90387740461191,0.906963038137782
552280-99999,80.083,32.5,296.725210459867,-0.0438781684871599,7.63352032126611,4.04877809689287,5.6081717523504,0.119565772808013,1.3611423933418
552990-99999,92.067,31.483,118.361888759796,-8.63899257660102,6.52641834524134,3.04584837944521,4.11661215991695,2.57737827414688,1.5853857715304
555780-99999,88.883,29.25,400.306295743832,-6.08586085752874,11.2001365013197,4.5410097713697,6.569678761469,1.30645667360793,1.70482255038225
555910-99999,90.912,29.298,663.442925607242,80.1133770279786,14.4354005331496,5.58462543697542,9.06604745900145,13.2487000001845,1.59224850723863
556640-99999,87.083,28.633,644.26439305535,7.20799606727481,9.1893170529517,5.51640710457687,8.88528468636763,1.28116264961709,1.03421751551197
557730-99999,89.083,27.733,296.627999638638,10.4133705971509,5.36113098139314,4.04828839846219,5.60728915698628,2.39944560262291,0.956100324291918
560040-99999,92.433,34.217,129.462629073767,-10.375183581017,6.74301220920034,3.11494777574957,4.19994035478671,3.00839299919402,1.60550189754844
560180-99999,95.3,32.9,597.059720715663,1.50357783528581,12.924024726186,5.34391383997089,8.43872264308639,0.342848626819555,1.53151433846144
560210-99999,95.783,34.133,353.690003482969,15.2140166221276,7.79695553640509,4.32649946111661,6.13258680123162,3.25577921405013,1.27139750143271
560290-99999,96.95,33.017,653.167584384703,39.637263886634,15.8138904551102,5.54820514632269,8.96925219045315,6.63622726339524,1.76312251225832
560330-99999,98.217,34.917,68.090701606181,-9.44201690867597,5.93078496280186,2.71462534943565,3.74605463182948,3.0927451344902,1.58320834736609
560460-99999,99.65,33.75,271.688289085086,-8.31716994823055,6.56078567734263,3.92077968055431,5.38258982602731,1.99448300647387,1.21889014199414
560650-99999,101.6,34.733,176.216012619626,7.5934912118043,5.09763728834656,3.39555120892531,4.56595775747865,2.07762413525995,1.11644425093444
560960-99999,104.917,33.4,897.170038714164,2.50057087250511,10.1216694540179,6.34325067189687,11.2272692007562,0.438471570949101,0.90152549769949
561160-99999,95.6,31.417,802.215655081629,9.44207658599051,19.3348145709146,6.04985151414696,10.3593866564215,1.51790869831426,1.86640533963751
561370-99999,97.167,31.15,814.421523038576,1.97176759316268,14.0250362979921,6.08860779191162,10.4717676070229,0.375157798313188,1.33931890243498
561440-99999,98.567,31.733,894.817484579979,31.8805376202868,21.3155727306748,6.33619689157977,11.2059462763715,4.73663034196255,1.90216624325784
561460-99999,100,31.617,852.645860605431,-6.91930465267839,17.9137429187663,6.2079442454526,10.8221545539233,1.1060474537647,1.65528433635908
561520-99999,100.333,32.283,318.506476870924,-3.49211407011228,6.35962282624726,4.15711368492729,5.80709165802015,0.857207777218908,1.09514765751355
561670-99999,101.117,30.983,1079.41980991534,51.849679896337,17.1700124827749,6.8607175137827,12.8510341618194,7.11203490669408,1.33608021475714
561720-99999,102.233,31.9,1081.81502897587,22.4180052305461,17.968010976973,6.86717009809479,12.8720094067797,3.11082884274287,1.39589790600287
561820-99999,103.6,32.667,781.759243488475,-1.79619729417794,10.9486103033773,5.9841654128599,10.1705155732427,0.354123799745137,1.07650494456561
561870-99999,103.867,30.75,50.898247856684,8.94336056182554,4.63040348458842,2.58539441684295,3.6118526250708,3.0606656025158,1.28200233100531
562470-99999,99.1,30,1389.04066030767,14.2104929654876,23.9588101866024,7.63450876025234,15.4899631845484,1.80840581761587,1.54673125437134
563120-99999,94.467,29.567,996.817179939761,-1.68257345365323,13.7483151945373,6.63292507260264,12.1219306140824,0.305985753591669,1.1341687749446
563570-99999,100.3,29.05,584.079176901007,6.99437356235832,9.81510075582685,5.29527910833826,8.31557599980267,1.2931859574417,1.18032722640738
563740-99999,101.967,30.05,1137.18267873395,0.748641059855859,12.8574726547177,7.01407808774926,13.3543126163502,0.166173553864393,0.962795542091459
563850-99999,103.333,29.517,1743.62119414823,18.2617068159259,14.1846705289696,8.40419856197076,18.3552540649449,2.10706294175153,0.772785300534722
564440-99999,98.883,28.45,662.848861247852,-2.53643588423405,13.9758584827897,5.58252784775573,9.0604546711108,0.499206244547554,1.54251182640443
564620-99999,101.5,29,1077.3869164196,-67.8465907712973,13.6440466631259,6.85523451098771,12.833224572618,9.29223815626774,1.06318147757173
565710-99999,102.267,27.9,577.942601210021,-4.02216865079256,9.62060761469915,5.27209866864613,8.25731456493616,0.783453109586787,1.1651012613171
565860-99999,103.75,27.333,150.975734976394,-4.38309357356986,4.84077621862501,3.24608377449851,4.36523852158668,1.30351958672456,1.10893739132163
566510-99999,100.217,26.833,200.919906788378,-4.65878367474352,5.86514373231254,3.5374035353045,4.76921960450631,1.27774784700942,1.22979108086588
566710-99999,102.25,26.65,366.359073705725,21.598115739525,6.07300074116713,4.38587770377749,6.25081948247817,4.52285486442691,0.971552731316352
566840-99999,103.25,26.4,140.928254312762,-6.38165242935808,4.88403076706038,3.18527688522648,4.28738239893015,1.86733660554658,1.13916378634178
566910-99999,104.283,26.867,32.5296408400168,0.145858007753998,4.44179898190559,2.41467861028607,3.45274776368024,0.22158806994182,1.28645336581759
567390-99999,98.5,24.983,13.1926193099835,-3.74814551476034,3.55668052524069,2.12338576701001,3.29028120685301,1.61933695310169,1.08096551681748
567480-99999,99.183,25.117,154.608164246328,15.8846902731868,4.25652208987944,3.26788190319231,4.39367360420763,4.34851481393432,0.968784318844977
567510-99999,100.183,25.7,191.587087986851,-15.9734605051814,6.37339997815881,3.48432085647177,4.69167522915279,4.13457176231763,1.35844867064886
567860-99999,103.833,25.583,160.436040610836,-7.62206692853296,4.87396462731201,3.30265150122396,4.43961450620665,2.13589568381923,1.09783509818209
568380-99999,97.85,24,382.723299766613,-12.8453239801373,5.33565215709204,4.46136637792646,6.40418953847315,2.6898485142141,0.833150256568474
568860-99999,103.767,24.533,150.727808824242,-5.66164768804311,4.47038819494454,3.24459241068608,4.36330331342296,1.64547886986562,1.02454215850458
569460-99999,99.4,23.55,448.673928931516,37.1871973290317,5.91075053677455,4.75270498643938,7.02757845431426,7.17481705641696,0.841079267232643
569540-99999,99.933,22.567,351.113026380696,-6.115253575739,5.08529517403902,4.31431928982966,6.10859736753962,1.37407869679808,0.832481643177481
569590-99999,100.783,22,362.547646001055,4.43265869755107,5.63615573429753,4.3681011662575,6.21520017852947,1.01326133724193,0.906834144098486
569690-99999,101.583,21.5,250.32702848641,-1.70631538896767,4.31983670632126,3.80850871554824,5.19324659788411,0.512083306459536,0.83181813628517
569850-99999,103.333,23.45,344.992967288141,2.53673338254775,4.85774883586002,4.28525198457712,6.05171176619952,0.634602606578535,0.802706576838621
570140-99999,105.87,34.57,504.766304385927,-3.39820381087109,6.37127794172159,4.98577262965977,7.5611692982828,0.710602511995262,0.84263130349013
570460-99999,110.083,34.483,1024.30924830026,-0.861210102036678,10.3179991646066,6.70990663413346,12.3658419077249,0.188797188522855,0.834395202655873
571270-99999,107.033,33.067,237.291509221421,0.665628485256298,5.15478547599634,3.73856099476109,5.07934600975725,0.275005712244564,1.01485220067587
571310-99999,108.967,34.433,34.1859308320119,-6.7521301639438,3.98846403622826,2.43264867710741,3.46784962923883,2.4728942885504,1.15012600390741
572370-99999,108.033,32.067,334.870824023112,0.648113513780985,4.39409851351045,4.23673641118209,5.9579112979413,0.242384927958122,0.737523318789387
572590-99999,110.767,32.033,550.934379110731,-9.7691729181588,5.3606625091827,5.16859618876101,8.00061614486202,1.81159013205408,0.670031209111976
572900-99999,113.917,32.933,15.3288968295748,-0.74066910254801,3.33249285657872,2.16517990562307,3.30319721875113,0.465510452007541,1.00886887336345
572970-99999,114.05,32.133,29.0431305701998,1.00628883555786,3.11246000984006,2.37427403263621,3.42067044408663,0.524058881809655,0.909897653315484
573060-99999,105.967,31.583,52.3067418696752,-1.15871329710631,4.00820604447687,2.59668880014676,3.62328602052856,0.535640939130758,1.10623506446012
573990-99999,114.95,31.133,110.638748849633,0.575801429168245,3.29379303854975,2.99713542831197,4.05931294479501,0.307623611158669,0.811416385813064
574110-99999,106.133,30.75,13.6547538054535,1.35501956435591,3.71480432213476,2.1326230222488,3.29281516575151,0.704627874435034,1.12815452284488
574470-99999,109.467,30.283,527.367560293908,-4.39443768926169,5.6613537162219,5.07623418574654,7.77635405736919,0.8777317318868,0.728021599126775
574610-99999,111.367,30.733,42.771580907471,0.409432465039234,3.27621311008831,2.51630619464978,3.54383709791005,0.301505353353169,0.924481859513358
574760-99999,112.183,30.333,1.62558928443964,-2.37551474795546,3.08412215949685,2.05639452361921,3.30378058999617,1.12483214988446,0.933513008955727
575840-99999,113.083,29.383,6.83707763035797,-2.19484769316832,3.38446201927936,1.99821899098291,3.27764035935429,1.07870755241839,1.03259102531497
576040-99999,105.383,28.783,14.7118953560849,5.41344009114994,4.13814536862383,2.15335717487822,3.29916883804961,2.2286634257679,1.25429936197815
576550-99999,110.4,28.467,185.718516660251,7.11485150549317,4.0813922650805,3.45062773414179,4.64337754941682,1.92750418868493,0.878970581574419
577070-99999,105.233,27.3,153.46788698549,-4.24713964935163,4.21056362014898,3.26104963872306,4.38473088013121,1.26218479024472,0.960278688762531
577760-99999,112.7,27.3,1131.95686178193,-10.7651518588189,8.94577072066709,7.00039234853232,13.3089986069045,1.50194167656086,0.672159565485728
577990-99999,114.967,27.117,26.6745165429836,-9.04237000084827,3.69300225460169,2.34448542298857,3.39881758047617,3.3546911240004,1.0865550054276
578450-99999,109.783,26.167,177.483667093885,-1.27291605555474,4.02672433926591,3.40293592374652,4.57622864388029,0.454251899132609,0.87992201715069
578530-99999,110.633,26.733,124.060351027747,-2.48392530323287,3.62420772434224,3.08144906051108,4.15923366372556,0.83316145303685,0.871364298656863
579020-99999,105.183,25.433,72.1157706919539,-1.92600457806997,4.92485581814069,2.74293781346197,3.77623900010355,0.748088528863928,1.30416952369955
579320-99999,108.533,25.967,373.051400468687,-2.43501395582416,5.1861674419512,4.41691191942112,6.31345867651944,0.596922215391182,0.82144632723094
579570-99999,110.039,25.218,162.883874606135,-7.85617000686511,4.27298417361432,3.31718114164842,4.45902759864825,2.18909443822112,0.958277130850158
579930-99999,114.95,25.85,139.048592425166,12.2405154510542,4.08967873066412,3.17381679242026,4.27294625439855,3.46792346241657,0.957109798995066
581410-99999,118.933,33.633,3.48107927719965,0.341316146938814,3.00446109867213,1.98183942025067,3.29299435280314,0.338988953142601,0.912379669316653
582650-99999,121.6,32.067,8.00652451079115,-5.73171794564897,3.12147913133495,2.01847378983609,3.27609066515193,2.47440254125279,0.952806088225337
583140-99999,116.333,31.4,152.45930926017,21.6097033171594,3.1170051029154,3.25499847264702,4.37683360309752,5.88807251939401,0.712159836441913
583450-99999,119.483,31.433,9.2951935835632,-2.17998768332956,2.89499348317984,2.043585667259,3.27667527414608,1.05362587854867,0.8835155274684
584370-99999,118.15,30.133,1424.90394807031,-7.67201090136733,14.0001326987822,7.7173008124877,15.7868229553462,0.994488468640269,0.886823950479603
584720-99999,122.45,30.733,78.3285725598191,-0.0509790791067991,3.24806588686652,2.78572296486507,3.82231132626726,0.167688841998712,0.849764869895742
585060-99999,115.983,29.583,1064.97634537215,-12.1793766144605,9.29447399195176,6.8216309481154,12.7243539024242,1.73176942464222,0.730447617476357
585690-99999,121.95,29.2,108.01151984559,2.22339439835828,2.88818439130084,2.98043484376685,4.03992760398544,0.782486821506124,0.714909937606705
586060-99999,115.9,28.865,4.6740762486425,2.91484961158398,3.42801267240389,1.97594854392226,3.2859367833971,1.37920863499626,1.04323756005431
586330-99999,118.867,28.967,237.865518312191,10.7524355115653,4.10009633282652,3.7416644353022,5.08433317749549,2.65283491497215,0.80641771294111
587150-99999,116.65,27.583,110.153022837182,-3.27285299106746,4.24700623328093,2.99405294487061,4.05572524061445,1.07979273657148,1.04716320295837
587300-99999,118.033,27.767,390.586599160391,1.37447306849192,4.61972501038965,4.49716834114455,6.47811680988324,0.375107048737644,0.713127772463385
587520-99999,120.65,27.783,6.59530689952737,-0.1801067561661,3.24615222891159,1.99452163026583,3.27822026829562,0.272640151889011,0.990217850919244
589260-99999,117.4,25.3,428.945472348483,37.3350383245508,5.18049408553255,4.6676229407026,6.84043086464946,7.32155553117943,0.75733447030431
589310-99999,118.1,25.717,933.932521793247,-0.350831992945061,8.04949669080091,6.45214937604181,11.5592712470724,0.122384020670954,0.696367142767725
589680-99999,121.517,25.033,327.268399902745,24.3093319623478,3.33979428457932,4.19993079354188,5.8877109393196,5.27865899566819,0.567248344730266
589740-99999,122.067,25.633,96.7199313571658,-0.970555528919419,3.47406374284741,2.90781433135762,3.95706024967945,0.431524545039862,0.877940572961667
590070-99999,105.067,24.067,109.050332953277,-3.79871160230046,4.56668723998158,2.98704650724553,4.04758681081567,1.23276577853734,1.12824936275086
590720-99999,112.367,24.8,381.827712970918,31.4283610143591,4.99452459738867,4.45726952665148,6.39577858569484,6.44071516440744,0.780909553148026
593160-99999,116.505,23.553,46.925502481097,-14.2661360947692,2.96694444555276,2.5525476840752,3.57905981412643,4.83731545679121,0.828973138096864
594310-99999,108.172,22.608,34.4075222075072,23.0656823651263,3.1385158497376,2.43499961623648,3.46986100172694,8.02919435994488,0.904507658426539
595670-99999,121.55,22.033,311.572159819485,-3.3905909716339,5.83177032166827,4.12292048288281,5.7435220793524,0.841587257673912,1.01536483034219
596730-99999,112.767,21.733,7.40034417015495,3.70087067385008,2.9635917522699,2.00755288334951,3.27663666268997,1.67528697071333,0.904461512628295
598450-99999,109.583,19.517,30.9265908688237,-0.396118117026823,3.26020813336685,2.39656574730284,3.43803504888872,0.309372614055541,0.948276584446296
598550-99999,110.467,19.233,22.4975148400575,-1.59689591989978,2.86077845313235,2.28629354861273,3.36086448739349,0.752575377760827,0.85120315438574
599810-99999,112.333,16.833,6.09554764815202,0.759919613902407,2.67968603247151,1.98761602512301,3.27970379364863,0.506476723569146,0.817051234218439
599850-99999,111.617,16.533,5.24790854611412,-0.923563856119194,2.58369301951115,1.97889681640586,3.28307961593478,0.574273139042234,0.786972392314497
600010-99999,-17.887,27.815,76.0683796358848,-2.63953270284029,3.47852842729719,2.77027238053585,3.80560992335106,0.960021777245925,0.914052805557681
600250-99999,-16.572,28.044,172.86724048541,9.60967675824303,2.76432937884568,3.3759872773555,4.53891083521544,2.60828429889498,0.609029231726354
600300-99999,-15.387,27.932,342.428538558657,26.6726509241226,3.47033392974955,4.27301287250067,6.02791317341862,5.69297666902925,0.575710669664709
600340-99999,-15.932,23.718,0.521584699540617,3.76300317787311,2.97125962339946,2.19165760975531,3.30689720294984,1.58378359952723,0.898503775910849
600400-99999,-13.605,28.945,26.4761510206085,5.71380211203124,2.70556825407058,2.34189345961278,3.39699185583963,2.18650072577946,0.79646003549274
600600-99999,-10.18,29.369,118.954669551401,8.2140539614828,3.2553994949494,3.04956484921747,4.1210314596894,2.45496401154747,0.789947741674061
601150-99999,-1.924,34.787,125.869846625122,0.361721688924254,3.48327384640174,3.09269614225031,4.17283473225877,0.239853762969364,0.834750012856664
601350-99999,-6.752,34.051,29.8089231701193,-8.46948878241294,2.29743150161849,2.38347703716536,3.42773731407474,3.11065032486977,0.670247247997953
601850-99999,-9.233,32.283,24.0521646185242,-3.85210658136013,4.2974349193329,2.30887936901275,3.37483179039087,1.5494102841767,1.27337751516059
601900-99999,-6.283,32.533,274.857089083046,1.18306264282372,6.04527923953054,3.93719083849575,5.41093669371232,0.379308148800355,1.1172334073979
602100-99999,-4.398,31.948,230.167343094354,-7.9171352207206,5.86429886626589,3.69986234462399,5.01767580469327,2.00414550050549,1.1687281312158
602500-99999,-9.546,30.381,245.08401583683,-5.7763340211597,5.62749789577684,3.78050785531918,5.14727522945037,1.46625919944532,1.09329648113216
602650-99999,-6.909,30.939,200.6201258999,-17.0196425527103,5.99729877766702,3.53570793291698,4.76671505384104,4.34115720065184,1.25816179694533
603180-99999,-5.32,35.594,298.022068331821,0.301614227261296,4.89490091606304,4.05530566786428,5.61995083776667,0.175973751424924,0.87098642984006
603400-99999,-3.017,34.983,44.9012517175845,-0.9291909042265,3.19102940190007,2.53515944067416,3.56202003109131,0.470878361470543,0.895848247355989
604230-99999,7.95,36.25,101.42227683192,13.314206346457,3.20291810134455,2.93823298971289,3.99149826268815,4.01782147626085,0.802435048333827
604370-99999,2.733,36.283,382.958351842245,20.1575249472026,5.22192978567879,4.46244096667271,6.40639735531789,4.16277495005716,0.815111754088141
604440-99999,4.667,36.067,4.198032951492,-10.7666643356887,4.0371127832825,1.97598755602598,3.28860623551339,4.55037195492694,1.22760601122933
604450-99999,5.324,36.178,104.40336364546,-38.4535810713583,4.13389906095758,2.95738386239362,4.0133784317275,11.2667793400267,1.03002971966892
604591-99999,3.3,32.917,49.6547147694421,-30.9832908133275,4.33290833254662,2.57527827772489,3.601676619792,10.2375420921644,1.20302536566896
604680-99999,6.309,35.752,144.688032244064,1.75911882003945,4.63604688222417,3.20811953173949,4.31637964090037,0.609235705780954,1.07405911155144
605360-99999,0.15,34.867,320.480004400713,-1.8436420112528,6.15418223045464,4.16679533687638,5.82522223629176,0.502195155792169,1.05647166422483
605500-99999,1.083,33.717,72.0366201601719,21.6531427056248,4.36892678802088,2.74238597784269,3.77564836478859,6.83235828707978,1.15713285928985
605570-99999,-0.3,33.267,12.2719765573618,2.82193849685851,3.82714743895415,2.10472020059669,3.28573355786615,1.27535329748566,1.16477717123223
605600-99999,-0.6,32.767,164.039509940321,19.1355561395061,4.57185051807431,3.32402543551988,4.46821653315707,5.13478701190611,1.02319359058546
605710-99999,-2.27,31.646,56.7775312065028,-0.332994016502727,4.31272864844154,2.63153157422974,3.65897687112311,0.266002113265493,1.17867065038806
606700-99999,9.452,24.293,88.2434136689135,3.75436080682927,3.07088060906341,2.852240549454,3.89507821429225,1.26910964295871,0.788400242592151
607250-99999,8.8,36.483,224.57348752186,-0.904919933644586,4.00589532308018,3.6692396247735,4.96955449140477,0.336972700080992,0.806087412867429
607280-99999,10.7,36.467,33.6894966521442,-1.88254921912467,3.05994776175192,2.42733737110454,3.46333540841629,0.813896356000021,0.883526254579879
607380-99999,8.683,35.55,233.961535268797,-5.43891283827548,3.98759502066988,3.72051430864996,5.05046751847753,1.40715382153868,0.789549681505911
607500-99999,10.691,34.718,16.8323331776142,2.80240114938421,2.55064836023914,2.19306387880078,3.31384512247396,1.22626172196657,0.769694498678004
607600-99999,8.111,33.94,69.6443608259446,0.575609876616214,2.79875849510586,2.7256164277528,3.75774348502515,0.333458704935218,0.744797644187021
607700-99999,10.483,33.35,43.7198722454916,-1.61708899533522,2.70148273115372,2.52477670129545,3.5519664755095,0.699915796901145,0.760559749023592
607800-99999,9.255,31.704,7.62916221071924,-1.21667638426532,2.4725031178164,2.01158379230452,3.27636631282627,0.68350352854052,0.754647948899085
610170-99999,12.917,18.683,86.6429238227377,-0.820441481926816,4.9917535511367,2.84162527592956,3.88336709788669,0.395149477542632,1.28541892262856
610240-99999,7.967,16.967,4.53330088830029,-7.85300289686735,3.31195631113492,1.97569603795835,3.28670053316634,3.37400180345075,1.00768423460359
610360-99999,1.45,14.2,36.9695408377224,-3.86975929648701,4.83615063291535,2.4613515329099,3.49293877424107,1.47559627687739,1.38455064502702
610430-99999,5.265,14.876,6.78579269233126,0.0964825064744862,4.07833269285712,1.99741748355322,3.27775585870835,0.238839725597594,1.2442454132213
610490-99999,13.117,14.25,24.880254486114,-6.43691857713271,5.19897035997562,2.32044621395023,3.38236272902114,2.45951103156017,1.53708244103086
610520-99999,2.184,13.482,7.61582206015817,-7.256609202972,3.59925350606496,2.01134551605281,3.27637991955345,3.08862685496315,1.09854583242456
610750-99999,5.25,13.8,23.9730779783362,-1.9163828248508,5.49733453292672,2.30775826988619,3.3741153872521,0.860609280637518,1.62926690465194
610800-99999,7.127,13.503,21.922591191309,-7.73199356067257,4.35395150767979,2.2776381682077,3.35577352915343,2.96366663408299,1.29745093638014
610850-99999,12.627,13.373,1.45094551592541,-3.29870642298877,6.38584963409944,2.07099314201874,3.30450824922974,1.47752491475183,1.93246593818851
610900-99999,8.984,13.779,16.6885058703788,-12.763686487705,3.7443488581808,2.19045433238452,3.31278082572715,4.9299058259612,1.13027364475853
610960-99999,11.983,13.233,10.6409721815044,-3.84780419190955,3.54361934423856,2.07112575165026,3.27957459106816,1.69101188034811,1.08051189135613
612300-99999,-9.577,15.239,4.97073581765946,-8.27688973521084,3.57874519702042,1.97711606240303,3.28440601823828,3.5431887380749,1.08961717191714
612330-99999,-7.283,15.167,7.99540721410983,-4.73710791612558,5.47932620620008,2.01826696565009,3.27609579289048,2.07964762575267,1.67251709125566
612570-99999,-11.44,14.482,33.0255614971729,-0.884147457589236,3.68746811779801,2.42013497144824,3.45728137186397,0.474001192110228,1.06658027541737
612700-99999,-9.467,13.067,1.35185029100154,-5.11660558665717,4.15815376142664,2.0801720447691,3.30488384193737,2.17683374953386,1.2581845415145
612720-99999,-6.15,13.4,0.368225658736662,-4.14978164378122,3.95244808915802,2.22161359076977,3.30708036366155,1.70846502955112,1.19514727630687
612770-99999,-4.833,13.333,1.49534077322528,-4.35113616810034,3.70113803420473,2.0670978943941,3.3043310427403,1.88973555651851,1.12008693630628
612960-99999,-7.5,11.417,2.25424305509529,-4.2167541895263,4.00581785585116,2.01741879035741,3.3005821286964,1.87364701002198,1.21367010413805
616000-99999,-16.463,16.051,3.35720392858418,-4.13151179367026,2.84786594866341,1.98373941927286,3.29377891486698,1.86473337650943,0.864619642748069
616120-99999,-14.967,16.65,6.93610498042145,-1.98983484905624,3.8316650229273,1.99979135793786,3.27742876938837,0.996017064044164,1.16910703253586
616270-99999,-15.117,15.383,21.2328315639133,14.6628879354925,4.22311490904107,2.26702780139191,3.3497324276492,5.47984661659887,1.26073201375215
616300-99999,-13.25,15.65,21.4351853238619,-2.77406672665912,3.80825786066109,2.27016655782199,3.35149649772312,1.18190248070618,1.13628579449457
616790-99999,-16.051,14.147,10.0675689614955,-5.78974950023586,5.02026082183348,2.05931293191607,3.27807473611589,2.45759298200667,1.53146624954069
616950-99999,-16.282,12.556,9.11525914494246,-3.55242758827812,3.07497383612621,2.03997392368039,3.27645786840547,1.59546031181541,0.9385055323854
616980-99999,-14.967,12.883,33.9543993266049,7.92169823460269,6.43720293810711,2.43017926777381,3.46574562088502,2.8741238896967,1.85737894302332
616990-99999,-12.22,12.572,9.84336927939202,-13.5407287653088,4.24593439898987,2.054718385388,3.27759274048296,5.49599863750788,1.29544294705883
619010-99999,-5.667,-15.933,426.230391733543,-1.83725019629953,2.31567492735105,4.65577982228866,6.81471039651001,0.453326223551188,0.339805331791791
619950-99999,57.467,-20.3,314.856458611631,-5.81164055933061,3.58488811157517,4.13914951637733,5.7736038542624,1.36051673632181,0.620909955387501
619980-99999,70.25,-49.35,51.0915874846405,4.52203051231317,5.05615657895612,2.58695477239674,3.61342778166344,1.62685587661332,1.39926875102192
620020-99999,10.598,31.514,167.093791824298,-6.65907226333594,6.37614743575321,3.34206763881726,4.49257588298174,1.8633384251246,1.41926315811528
620070-99999,12.056,32.555,57.3632653766832,-5.57163119672452,8.14268551071157,2.63599590561475,3.6635904008892,1.93610941450968,2.22259713005451
620160-99999,15.021,32.243,1.56859208738458,-3.40414841259378,4.44370335707047,2.06094909124459,3.30402696334557,1.52449278509336,1.34493556086809
620530-99999,20.269,32.097,13.8461097667144,-5.30376214749723,4.17146759929491,2.13641846493768,3.29390974428548,2.20138123923905,1.26641830624895
622000-99999,12.783,26.6,77.4108058211775,9.35199388422795,8.05237911909175,2.77946381605264,3.81553670465552,3.00414776220535,2.11041846597011
622710-99999,23.314,24.179,19.2621704245333,-10.0028704728305,6.11874087793531,2.23528663976286,3.33298834641391,3.83976959494857,1.83581226274574
636950-99999,37.65,0.083,257.033454578653,47.8702963877726,4.84259871277389,3.8440675575028,5.25234826682191,11.1347937727696,0.92198736008495
637080-99999,34.729,-0.086,205.402900471237,-49.7596200204684,4.89820086730836,3.56268542822578,4.80677959514056,12.3710341123845,1.01901923530262
637560-99999,32.933,-2.444,19.6619498153041,-4.30557456574446,5.83630921559543,2.2419020272423,3.33631282901713,1.75264269765967,1.74932912910172
637910-99999,37.074,-3.429,86.4538628284124,0.056745727285311,5.0721949757961,2.84036849554559,3.88198315592201,0.166671948926514,1.3065989140263
637930-99999,38.567,-3.4,158.552222614884,-7.23659571653178,4.03051366669724,3.29143980031935,4.42472147825679,2.04054293988266,0.910907881208637
638320-99999,32.833,-5.083,5.74874216411808,-9.95191393917989,4.65428956370792,1.98352687392427,3.28095683518173,4.2084964124687,1.41857689616636
638620-99999,35.753,-6.17,27.6143180743422,-12.6543139261202,4.46680439332496,2.35655519212661,3.40748057612536,4.60495703439472,1.3108818358707
638660-99999,37.65,-6.833,21.4655690430728,4.0145300082682,5.41600299004259,2.27063596854876,3.35176198432249,1.62942012574567,1.61586741999443
638700-99999,39.225,-6.222,7.2342749403466,-2.39773570711393,3.06508322793591,2.00470760818652,3.2768823307493,1.15691576040366,0.935365667291153
643870-99999,30.139,-1.969,2.98648214795571,6.61368320422805,5.23648318686647,1.99137466134937,3.29613411011051,2.85532453813075,1.5886741898044
644000-99999,11.887,-4.816,32.1012179394849,3.79562403160653,2.94966498389838,2.4099103489281,3.44882385198927,1.47620493984939,0.855266928810245
644010-99999,12.7,-4.2,43.3177560794206,-2.30143505989906,7.26953397358081,2.52120015413533,3.54852577204176,0.927259008664004,2.04860678506445
644500-99999,15.253,-4.252,54.9520121709504,-5.19018035978735,3.97066666827593,2.61747581285104,3.64450856294093,1.82525244825668,1.08949302757895
644580-99999,16.038,1.616,45.0281496643859,-2.25521306860022,7.04226585948246,2.53626401069487,3.56309510287792,0.907435275356596,1.97644622333948
647000-99999,15.034,12.134,2.84229284146471,0.921403030356428,4.23852250761013,1.99523556677469,3.29704266969624,0.569646829855714,1.2855528217961
647500-99999,18.383,9.15,15.1803276507523,-0.773281181108692,4.46891572593643,2.16235272349753,3.30220737545893,0.478254128339533,1.3533116542432
648100-99999,8.709,3.755,128.904465225765,0.373442471405098,4.40613255217202,3.1114976906214,4.19572038207582,0.241850485928128,1.05014923563426
648200-99999,9.8,1.9,16.7259771589942,-2.97503729854809,3.15718757808092,2.19113538883146,3.31305724862517,1.29129040217371,0.952952919660857
648600-99999,13.37,9.336,10.530977464909,-8.90309739455658,4.56799852381809,2.06885516379742,3.27925794860596,3.66042333840901,1.39299762184307
649100-99999,9.719,4.006,20.1009769040651,-0.434508282308622,3.25644668758488,2.24906209882833,3.34000939991259,0.339937130815239,0.974981294265249
653060-99999,2.933,11.133,17.5865499272177,-1.6005045121315,4.27313215128082,2.20654526756931,3.31956496671564,0.776083273869615,1.28725667192127
653350-99999,2.467,8.033,35.2116193953848,-4.39505750564977,3.95079936668391,2.44343099813954,3.4771400717837,1.66304476264054,1.13622094167096
653440-99999,2.384,6.357,7.52490374834934,3.19560049826203,3.04062130007224,2.00973211048693,3.27647974513399,1.47250795525943,0.92801467934846
655030-99999,-1.512,12.353,6.52984185157521,-14.1228717071212,3.82572591021605,1.99355753543194,3.27839276603365,5.86426079981676,1.16695166907795
655050-99999,-3.483,12.467,28.9978193209454,-4.04457724846968,3.74913529060879,2.37372326271508,3.42025214604629,1.5814248043411,1.09615757275167
655070-99999,0.367,12.033,8.79569627179006,-3.48341699348426,3.95584633369742,2.03362829168218,3.27617766305564,1.57221838995155,1.2074578183919
655100-99999,-4.331,11.16,104.926320898956,-2.48209484137684,3.70221084973883,2.96073333039767,4.01722156535541,0.861694489772827,0.921584928664817
655180-99999,-1.15,11.15,34.9273308004007,-3.86445315861633,3.80008271401949,2.44046763727341,3.4745701542666,1.48427178836878,1.09368426749225
655280-99999,-7.567,9.5,21.3093262129524,-4.25384384770392,4.75401016425619,2.2682168910848,3.35039845021697,1.71729457435722,1.41893874262875
655360-99999,-5.557,9.387,29.4069677049502,-7.38391700676376,4.2580905769576,2.37867109254099,3.42402873968728,2.73873490694786,1.24359078170194
655450-99999,-2.783,8.05,26.0335393425635,-3.85551670106783,4.28628483899967,2.33605247029637,3.39292294168267,1.53576731978188,1.26330155817625
655600-99999,-6.473,6.793,13.2855587630587,23.9969315254589,3.8607339131915,2.12525123417459,3.2907780055051,9.33127131093837,1.17319792059292
655620-99999,-4.7,6.65,31.8921838911606,-2.150708300927,4.44214420776402,2.40756504221493,3.44690700657064,0.91165915893243,1.2887334062962
655780-99999,-3.926,5.261,8.21485358468488,-0.0485888597393553,2.53532101413235,2.02238787968826,3.27602772716685,0.217487906660555,0.773900963385597
655920-99999,-7.367,4.417,8.79667535868518,0.992171181902519,3.40455112959349,2.03364758158595,3.2761783111171,0.588941884714877,1.03918370927516
672950-99999,33.429,-19.151,141.571901321425,-14.8888084613834,5.52397775146874,3.18919495941432,4.29233499937239,4.17131884616541,1.2869400343348
680020-99999,17.08,-22.612,109.253787879271,-15.6570494950264,6.16640725634874,2.98834015638571,4.04908776455215,4.6317299261798,1.52291271884317
680060-99999,15.953,-17.878,2.60167359330148,0.320579649800045,4.2771583717403,2.00296531258133,3.29853191202771,0.327842997134377,1.29668546062694
680140-99999,18.123,-19.602,77.4309889367166,-8.89394839462995,4.54823142479562,2.77960167620811,3.81568578937816,2.86435650487021,1.19198269350602
680980-99999,14.645,-22.98,116.608076678198,-7.8315559462098,4.10935622568967,3.03483446184063,4.10355581829251,2.35698617181396,1.00141350761486
681100-99999,17.1,-22.567,83.5537878792709,-6.50027142459945,3.75293451702666,2.82101143255005,3.8607348613982,2.10787332918763,0.972077765440619
681550-99999,27.688,-23.726,108.846385249423,-11.2131582002817,4.67044131822816,2.98574931031257,4.04608251201453,3.36029850615716,1.15431193119756
681830-99999,30.383,-23.067,46.7484682747166,-6.41719498353691,3.68009520208537,2.55104600808489,3.57757878715753,2.26715525272553,1.02865525010822
682340-99999,24.691,-24.602,9.30155568861437,-13.3210408934033,4.77211022445429,2.04371381752924,3.276683733881,5.43341031454079,1.45638414080387
682530-99999,27.417,-24.583,139.688685499763,-1.63872535154996,6.73987584127489,3.17772239083775,4.27785776436364,0.581535288492174,1.57552593202628
682630-99999,28.21,-25.911,46.0234672550005,18.3724966504306,3.07916304544636,2.5448590489147,3.5714953185086,6.19815116143306,0.862149539854968
682670-99999,29.983,-26.5,51.4385540519697,0.84213160137327,5.17512103088987,2.58974685869818,3.61624993572172,0.434382382360851,1.43107393650241
682677-99999,29.433,-23.867,20.678606879643,2.05448215348106,3.07996252684575,2.25831839519258,3.34493916242986,0.926101264427348,0.920782823627911
682890-99999,30.914,-25.5,31.0623061742541,0.320996051182337,3.09308378633853,2.39812852469964,3.43928359539585,0.283284900647194,0.899339557365734
683000-99999,15.25,-26.683,36.6395950866249,-9.32852257562928,3.87866663184178,2.45803906203424,3.48998604927222,3.32264800075703,1.11137023961761
683450-99999,26.667,-28,13.7010043089383,-7.69161400861047,3.96588510570542,2.1335420064354,3.29307735398453,3.11049301229796,1.20430973202218
684030-99999,16.533,-28.575,93.5520329476682,-10.0537787401017,3.18264661064262,2.88716414454681,3.93389262773891,3.11581555830202,0.809032404240253
684240-99999,21.26,-28.399,6.38088747495317,-20.93636989418,3.44819473973724,1.99142750835274,3.27880981952737,8.60405122056034,1.05166048948648
684380-99999,24.765,-28.803,16.60674158288,-10.5795874308075,3.56236555936696,2.1889653180634,3.31217978315651,4.12039060391713,1.07553508341628
684420-99999,26.302,-29.093,12.0545736662111,-16.907249060981,4.4114255802278,2.10027007600482,3.28476491568457,6.6944004092553,1.3429958287619
684490-99999,27.9,-28.817,54.5794146223482,3.73213262114203,4.1377615652205,2.61457914179186,3.64153820623945,1.35881364013349,1.13626751413203
684610-99999,28.336,-28.248,11.9442455024143,-13.2217207169697,3.43110120494146,2.09800674215239,3.28428967544862,5.28163399052674,1.04470115123837
684790-99999,29.767,-28.567,71.4197920703043,-0.0485381768000069,4.64939896459966,2.73807904955741,3.77104175750658,0.16940234268678,1.23292163374872
684870-99999,30.6,-29.083,41.2445952650753,-1.67154756571416,4.61001623762563,2.50239143510899,3.53063439524895,0.72327263538018,1.30571895063085
685130-99999,17.283,-30.2,43.4375655645659,-3.38009986948588,3.38109653724548,2.52226810280349,3.54955191987782,1.28383708443558,0.952541789376577
685270-99999,22.733,-29.667,108.986891309086,0.29697762286751,4.78618480718455,2.98664303506969,4.0471188402676,0.228580217375646,1.18261533601718
685380-99999,24.017,-30.667,40.319035823268,-2.71889667860519,3.55237733346508,2.49377990375724,3.52256409516344,1.07519483131189,1.00846350484937
685910-99999,30.333,-30.85,169.001334314598,-1.60635446497447,3.93769764673282,3.35330140143385,4.50784328093713,0.54663631144729,0.873521416191341
686130-99999,18.333,-32.033,38.8008394654393,1.4590499506204,3.36016060793147,2.47933957576261,3.50921651159377,0.657545036677785,0.95752444935505
686180-99999,19.726,-31.5,31.1140700602398,-16.9711879280892,3.28454974410154,2.39872311885897,3.43975968398955,6.02720136132436,0.954877679213917
686330-99999,24.95,-31.183,24.8368751210915,-2.59158742001276,4.68128441448904,2.31984794811255,3.38196699650832,1.09636671086542,1.38418985735881
687230-99999,20.867,-33.2,210.157556750394,-2.64840819953805,7.55711377588954,3.58934733399511,4.84682998141526,0.76990481423895,1.5591868922299
687270-99999,22.55,-32.35,285.926023173688,-0.0581103575694269,6.38572916397449,3.99403343616214,5.51043227439409,0.124189186728893,1.15884359810531
687520-99999,27.279,-32.897,243.808570571372,-7.75369952574415,4.3436750069101,3.77366928521512,5.13612395215009,1.93129111658173,0.845710704682612
688280-99999,22.379,-34.006,97.0620067919474,4.39981477797194,3.36915704424172,2.91003631657289,3.95956310623981,1.43688052650897,0.850891109408592
688420-99999,25.617,-33.985,6.76837020350986,-0.157304108044776,5.11837689116171,1.99714724248548,3.27779601606039,0.263222006640884,1.56153002385839
689060-99999,-9.883,-40.35,40.2140641650054,1.49761143271614,4.64948291678551,2.49279432457337,3.52164559001796,0.667473677129786,1.32025861147538
689160-99999,18.5,-34.35,215.57635085312,-12.0628761090066,4.59869895045598,3.61954393888345,4.89273684983847,3.0495793455262,0.939903185393631
689940-99999,37.86,-46.875,3.71900548671055,8.38198683643783,7.51466538910586,1.9789880071115,3.29150283349258,3.58290835250432,2.28304995293962
700632-26645,-161.133,65.983,109.881214676393,-4.20600541291136,3.62984763005316,2.99232700445602,4.05371834449356,1.34752713789595,0.895436565044987
700634-27408,-149.598,70.331,8.96887254120928,-2.21842075374519,2.99143431460515,2.0370552456031,3.27631250456666,1.07148662152959,0.913049139981476
700860-27401,-143.577,70.134,10.1678148405674,-0.921986323182905,4.10531983988798,2.0613727634172,3.27830961724523,0.55516570781591,1.25226727161228
701195-26625,-166.089,66.25,8.29099783374037,-3.33976393699092,3.0499679577691,2.0238356058691,3.27602031401679,1.52140017680299,0.930997877125333
701196-00102,-160.433,66.983,77.7891716494675,-8.95478215844519,3.36896574536906,2.78204663695528,3.81833078185362,2.88075801604584,0.882313748557318
701210-26624,-163.005,69.733,5.50400061756563,-0.154396391049855,3.11175405669672,1.98105696482352,3.28194887978709,0.263757100432558,0.948142146838859
701335-26648,-162.975,67.566,78.2883779278602,-3.22755151416756,3.78937508158587,2.78544924605902,3.82201481437101,1.13456371868744,0.991460071619185
701337-00103,-168.1,65.617,17.5196439565244,-5.78203993943805,5.07760650490487,2.20536311200117,3.31904859538839,2.32206904558228,1.52983795174313
701486-26642,-164.548,67.731,31.1175808156965,-0.152243035613286,9.40398471911903,2.39876341638005,3.43979197092879,0.225007336551736,2.73388181570173
701625-26542,-151.767,68.167,348.025175662051,6.10060517082259,7.44755387904674,4.29967834007518,6.07988042098221,1.37521823404508,1.2249507166859
701740-26533,-151.519,66.918,130.117343604212,-0.480790709156805,3.62462992286399,3.1189914696877,4.20489453719494,0.271012163850567,0.862002575998483
701780-26529,-152.107,65.173,217.174900975996,-2.35893080825314,4.35700776775155,3.6284136446543,4.90633167335717,0.692501055933444,0.888037755664052
701940-26413,-145.267,66.567,2.37143786040593,-2.55337086958375,4.1160451304598,2.01206561127295,3.29990735332982,1.21548213385896,1.24732142140489
701975-26422,-141.164,64.776,397.782256443969,0.965251738968496,7.87263201930183,4.52966828957973,6.5458835295492,0.291321744220021,1.20268440215342
702000-26617,-165.44,64.511,27.0570990252788,2.85962180361984,3.44719898755804,2.34944029757768,3.4023419013613,1.17904621706792,1.01318417945557
702005-26647,-163.3,62.062,74.6301430502516,-8.72367781585232,3.30875297810252,2.7603748887524,3.79494914918375,2.82902369530327,0.871883350219382
702006-26502,-158.733,64.321,110.138990012517,-2.08837778607606,4.09531066438496,2.99396385633765,4.05562161608192,0.740814127593518,1.00978618127136
702070-26627,-160.8,63.883,84.1504321206783,-3.57428115415708,3.36891745115616,2.82500627583715,3.86510978342211,1.2253454027335,0.871622706709607
702460-26512,-152.302,63.886,72.4877932480766,4.47087486700337,3.67228784863822,2.74552907576592,3.77901367678289,1.53160694326249,0.97175828476082
702510-26528,-150.097,62.32,262.821086600037,5.10576057998146,4.90976881628973,3.87452473344228,5.3036111466168,1.28145591157061,0.925740722794448
702590-26523,-151.242,60.579,13.0736969142113,-4.93648942491847,2.83334802918216,2.12099332178873,3.28965520232351,2.07420956769484,0.861290273576679
702600-26435,-149.087,64.547,49.5057526174841,3.77747054799211,3.8359706311974,2.57405687344378,3.60045235471244,1.39147410867522,1.06541352399142
702610-26411,-147.876,64.803,58.7893325097001,7.48130838155633,3.38967181840968,2.64677869905194,3.67476741232249,2.53634244567657,0.922418057546498
702625-00104,-154.367,63.017,46.9138058262761,-4.05036187610994,3.54379835436564,2.55244857634946,3.57896201631912,1.490725154673,0.990174899372181
702627-26561,-155.47,64.727,14.4868822272387,-2.44891037372614,3.54356102765189,2.14899302425012,3.29775581293927,1.1132193806214,1.07453711816629
702628-00105,-162.033,61.867,4.77832658514885,-13.4853456562813,3.29433309647993,1.97626470735249,3.28538632884354,5.64775874516009,1.00272320109141
702645-46403,-148.917,63.733,279.983487241438,-3.71414231203424,5.67934230627538,3.96360949492763,5.45692628829111,0.944110885332402,1.04075847945051
702685-27518,-157.436,70.467,9.53159627331964,0.966084555991066,2.63728090503876,2.04836569435546,3.27702454645889,0.575303834625616,0.804779112163981
702686-00106,-164.028,59.932,1.37515867740258,-1.02585892973684,2.99850402811269,2.07795108199686,3.30479801957549,0.591888240390861,0.90731839294005
702710-26425,-145.459,62.159,108.804484855302,-6.99780161338572,4.20014661797162,2.98548275389671,4.04577349448211,2.15115154565126,1.03815664018266
702715-46407,-147.169,61.949,8.80499815495102,0.396769466698885,3.48788852164855,2.03381159735346,3.27618387276879,0.353921131166797,1.06461928179289
702746-26497,-149.507,61.416,309.209783938068,-1.87462672275999,5.38376160739695,4.11120883175711,5.72191491492098,0.514968375842379,0.940902073422617
702758-27517,-150.945,70.344,15.2717885471848,-4.23283598325743,3.39942214315954,2.16409466148377,3.3028152899387,1.77652695742481,1.02924985042764
702910-26412,-141.938,62.961,68.055608837498,1.35725995829826,4.23367181449919,2.71437612555279,3.74579001569707,0.577797956976444,1.13024803759891
702960-26410,-145.445,60.486,216.429285118389,-0.227833587858897,3.85355576775721,3.6242786907585,4.8999876765061,0.176475365132282,0.786441930503989
703051-26521,-159.767,62.183,0.842684061963056,13.103577180717,2.76142018307339,2.13988942879115,3.3063527374912,5.15308597108415,0.8351862013273
703052-26652,-160.341,61.536,23.7538847523109,-1.28244734442093,2.90436788471383,2.30463581450384,3.37213273744568,0.635536113174915,0.86128516011912
703055-00109,-159.05,58.983,43.8771286735277,-3.2789964730847,3.6621188891457,2.5261693956275,3.55330944498643,1.24877228569721,1.0306220006571
703057-26653,-165.087,60.541,31.0971946491666,-5.15073618546452,4.25446819346841,2.39852936578419,3.43960448336359,1.94951834960476,1.23690622397025
703058-00110,-161.167,56.017,2.21849432209266,-3.71302023696177,3.05098719689907,2.01915645871179,3.30078394156294,1.672393241949,0.924321994687846
703080-25713,-170.223,57.155,5.97665001236406,2.09196904701565,2.86389317543101,1.98614230778448,3.28011295649903,1.04256664588339,0.873108095182106
703160-25624,-162.732,55.221,37.0796587169166,10.0267918959367,4.18322615938289,2.4624520123731,3.49392290376618,3.55340503473813,1.19728633819415
703260-25503,-156.656,58.683,38.2726489327395,-0.556219520063762,3.57806868525944,2.47421809144854,3.504541223059,0.35512510770498,1.02098062414465
703400-25506,-154.909,59.749,76.076929319008,-3.32733983055535,3.30895458876208,2.7703310591244,3.80567321527657,1.17032183022476,0.869479432831862
703407-26553,-157.15,61.717,126.339391143382,-13.2168265857051,3.78382125290142,3.09561021118516,4.17636953646858,3.81488141930264,0.906007291706498
703430-25402,-146.333,59.433,29.9134142233841,-16.3022888072457,3.33762735721752,2.38471763491284,3.42870103024892,5.82458699038438,0.97343784942813
703500-25501,-152.488,57.751,126.052105347519,28.3487634264638,3.90176355163118,3.09382748464365,4.17420653427706,8.02730892056838,0.934731791441396
703606-25629,-160.367,59.067,66.8374427206284,-5.32150542644877,3.25736855714814,2.70569723403102,3.73658711117997,1.81598728808475,0.871749663590609
703610-25339,-139.671,59.512,45.6883471770431,-8.10356553124968,3.60046928944916,2.54197849852394,3.56867331085298,2.82827953433082,1.00890974763632
703621-25516,-151.707,59.446,143.666165831987,-0.199416443269793,3.96993194048887,3.20192169911717,4.30848241045194,0.188933343305611,0.921422339071925
703626-25323,-135.511,59.243,657.852949927473,0.770873098290492,7.59067784817167,5.56484882289251,9.01340437172262,0.209547366373491,0.842154366444003
703655-26552,-156.351,65.698,2.83172134788639,7.41871196236778,3.41191699249561,1.99554034272554,3.29710890682428,3.17314524104998,1.03482083513641
703710-25333,-135.367,57.047,290.817730586515,17.1017044801583,4.23392472458548,4.01891743490171,5.55462699957875,3.89511530885962,0.762233850248913
703835-25628,-169.663,56.575,29.6998129936064,6.16361402533626,3.34139716765552,2.38217777231916,3.42673082834073,2.31200659769655,0.975097647011121
703860-25329,-132.937,56.806,158.431335002906,-5.32240782251755,3.65656998630828,3.29071943806238,4.42376716827529,1.53596379728215,0.826573788180149
704540-25704,-176.65,51.883,44.6583968690888,-3.9376606191086,3.47077947639272,2.53303986421211,3.55995997980651,1.46310659199376,0.974949015180044
710170-99999,-105.283,73.75,24.3150927081368,1.07698415378088,3.05040647273683,2.31258574653598,3.37721728552328,0.560688382824636,0.903230741419171
710180-99999,-94.983,74.717,43.9332593348646,18.5810435051338,2.92356555849576,2.52666569419691,3.55378844839687,6.30431155370688,0.822661675265053
710210-99999,-124.467,61.25,780.676188877573,10.339823411228,14.8770907905146,5.98066164069565,10.1604977225089,1.67264146968556,1.46420886031566
710240-99999,-116.033,58.383,46.0220358283665,-6.26796829434966,7.15625040545429,2.54484677325925,3.5714832781755,2.22276153722675,2.00371942077525
710280-99999,-124.4,51.667,611.268893827785,-4.41301526019617,8.02763893578381,5.39654511130861,8.5733663141348,0.8332023528106,0.936346196073384
710290-99999,-117.8,70.75,67.6651625586974,1.32639348080036,3.97384566796573,2.71160026146801,3.74284400850642,0.568686427982019,1.06171821719909
710390-99999,-136.2,62.117,309.351953537268,-3.67364623911094,14.7219240631962,4.11191455544885,5.72321451856206,0.904970417151353,2.57231736036605
710400-99999,-71.117,48.3,136.16068791649,-0.108778090985502,4.30272501201898,3.1561569043801,4.25084470007566,0.166507649126377,1.01220470650043
710410-99999,-61.368,45.657,43.4507056276863,-0.454089826897166,2.54383673272649,2.52238510891304,3.54966441062987,0.315674473144916,0.716641473235804
710430-99999,-126.799,65.281,169.645865194154,-2.50685633740382,3.97860798065436,3.35709115386447,4.51301122573111,0.77956579646587,0.881586103302863
710435-99999,-128.651,66.241,0.277067618019402,0.32177867667399,2.91811866146389,2.24139094171036,3.3071767554776,0.299767050430713,0.882359449530683
710450-99999,-132.733,60.167,264.256044128857,9.09647893365681,4.41825508323244,3.88204343038406,5.31635672625308,2.18995523118668,0.831068212825964
710500-99999,-124.133,52.1,262.258439187312,1.94505581798147,4.44557402666462,3.87157311294428,5.29861741893707,0.559308000761014,0.839006419066284
710563-99999,-120.183,55.733,71.4420805174295,-16.4583042270978,3.00061617551256,2.73823487604287,3.7712083293029,5.23689753098482,0.795664390163038
710600-99999,-116.067,52.467,66.8935254553035,-30.9962678317771,3.82856701738654,2.70609800132625,3.73701155940316,9.82386309424983,1.02449964537921
710610-99999,-114.45,54.1,33.2630910052108,-1.21133486904354,2.80912837096317,2.42272497893589,3.45944937689443,0.585527164333679,0.81201603634534
710680-99999,-117.447,56.227,9.58764462443855,-0.102266974992838,2.55344824146513,2.04950403125642,3.27711777139828,0.236229073423365,0.779175000590725
710790-99999,-97.864,55.801,11.200948575074,3.95346809186324,2.38664765551499,2.08269401720166,3.28138936920247,1.72434986963286,0.727328392636031
710830-99999,-92.116,62.811,19.5298733353133,4.38336653171715,2.47938300698394,2.23972660334203,3.33520994934321,1.78242840937495,0.743396381229972
710870-99999,-117.6,61.317,11.8825762524664,0.724830927350049,4.66034669051128,2.09674029461416,3.2840289134462,0.471680179142458,1.41909429342411
710900-99999,-68.517,70.486,87.1053982661001,3.16874099124656,2.49131483627631,2.84469701763009,3.88675192390334,1.09688290805069,0.640976034759214
710934-99999,-65.714,66.145,475.747452000046,22.8833689575796,5.8118104086108,4.86677622637223,7.28494536994784,4.35706054645509,0.797783663908576
710950-99999,-77.967,72.683,325.439199946592,13.7337019091083,4.37055316997398,4.19102743156985,5.87085413831102,3.03423975168378,0.744449285744193
710990-99999,-87.683,56.017,2.35832740092182,1.10042244861793,2.71098555391102,2.01263907742438,3.29998378749295,0.636948801360867,0.821514809916869
711040-99999,-122.054,52.183,30.8080891378553,-2.22227657164644,3.0403084931499,2.39519658385044,3.43694448467079,0.940273481542305,0.884596334537861
711100-99999,-55.383,46.917,10.4624447281946,3.34481569849485,4.93450970166718,2.0674412547634,3.27906749114354,1.49752820687193,1.50485152104823
711130-99999,-121.767,49.25,701.929255036761,2.94596621692517,8.84530365926829,5.71847713261717,9.42743680156847,0.554149535880799,0.938251175313811
711160-99999,-110.467,49.117,26.7253753670977,-0.217446353796833,3.38975379665978,2.3451474387667,3.39928586555162,0.252164912096024,0.997195861345928
711200-99999,-110.279,54.405,28.7152988182764,-0.670782224068799,2.60348080745932,2.37027307223883,3.41764381404929,0.407899246727624,0.761776518886169
711210-99999,-113.467,53.667,10.8002391075188,-4.86742960540192,13.037605966975,2.07441538634125,3.28005666224051,2.08491202852469,3.9748112028252
711250-99999,-108.523,54.125,14.1359243631873,2.35300945479548,2.70742754071727,2.14213210443609,3.29561566616395,1.07981332576268,0.82152405346121
711290-99999,-109.181,51.518,3.6227646705297,0.513535723836228,2.45292825157814,1.98002104986289,3.29210310543289,0.408680290795218,0.745094601542133
711300-99999,-104,53.333,7.90729082752517,-2.97900452342656,2.59195295898645,2.01663546675548,3.27614282354759,1.38240304143524,0.791159939779348
711310-99999,-108.983,49.433,39.700805304946,-0.801580597062098,3.12594318335763,2.48794834887595,3.51714515845392,0.43561013949647,0.888772866210544
711320-99999,-105.833,59.25,86.2867229284465,-3.52895979728852,2.77428007161749,2.83925692692981,3.88075956856853,1.20654381661876,0.714880688328965
711390-99999,-109.517,49.65,310.258187922864,-3.35179230399348,5.88709895761852,4.11641032933016,5.73150081860309,0.834369570555999,1.02714788742774
711440-99999,-98.037,50.499,3.87501161520501,2.39094550898267,2.50763469945692,1.97763685953942,3.29054101984498,1.16681566866909,0.762073678563369
711480-99999,-98.9,49.183,16.9930151829371,-1.60162717930855,2.89554254541867,2.19596458542968,3.31504451459789,0.779545543983321,0.87345510223711
711520-99999,-57.617,47.617,41.3527183244278,2.12301176734938,3.09043088735598,2.50338843871812,3.53157382975426,0.873350823867761,0.875086020096321
711600-99999,-109.15,62.7,76.5038989008734,-1.06327304449939,4.88406680344399,2.77325914757921,3.80883283354595,0.477589147090762,1.28230012103131
711610-99999,-75.733,44.633,10.7021060804403,0.833698868246915,3.48661228123428,2.07238825058951,3.27975635657327,0.518467174595931,1.06307051566389
711620-99999,-113.717,61.917,2.10805255553629,4.90687353294737,5.3646384178587,2.02485177255627,3.30139435319727,2.14146176489134,1.62496140840105
711630-99999,-117.25,63.133,16.4156486765358,1.03790948621208,7.22993380984208,2.18546974911426,3.31078665205552,0.572678015352556,2.18375104459037
711650-99999,-117.333,64.117,25.8181147645985,-3.69297891104821,2.71370563447841,2.33318033815293,3.39094533465252,1.47995482482481,0.800279971117992
711800-99999,-59.3,47.7,99.7611267768555,1.34699914290018,6.62568488584909,2.92751767768531,3.97932370840207,0.538873702949799,1.66502787191185
712160-99999,-117.817,50.267,814.021267599665,-3.0260580029786,8.8342767039024,6.08734198442465,10.468086166119,0.535277811796585,0.843924721645432
712180-99999,-119.283,50.7,472.895497968853,-3.78305516688877,8.7682775807707,4.85490180537973,7.25781306816555,0.799838227208173,1.2081156539055
712320-99999,-115.067,51.083,400.871359374124,8.32565229417312,7.24646044559376,4.54354468119346,6.57500753718764,1.74989077167939,1.10212199828037
712340-99999,-113.633,50,104.337563429535,-0.320042084199056,4.49992926073091,2.95696221220299,4.01289498417938,0.237214650858586,1.12136731174667
712360-99999,-114.483,49.617,350.280086487868,4.13463397927438,5.49307276230377,4.31037489471055,6.10084797529954,0.963466274607949,0.900378567789844
712400-99999,-110.2,51.667,9.87946802998476,-3.63305991552201,2.62626859561019,2.05545686833502,3.27766625672451,1.61734677142677,0.801261748423011
712430-99999,-112.767,49.7,2.83944799256119,-2.20376245516564,3.304989297928,1.99531728356292,3.29706050039533,1.08353453605912,1.00240480801967
712440-99999,-112.05,49.133,41.8306291999561,-1.16440185457476,4.01379439902618,2.50777343514231,3.53571783380161,0.553366764639973,1.1352134383163
712460-99999,-115.267,56.533,37.8698361730305,-4.76344930812128,3.50195249162604,2.47027666004188,3.50096494664574,1.77204008600568,1.00028207794004
712480-99999,-114.683,51.767,108.745146549153,2.69706928071259,3.3986662028548,2.98510523317441,4.04533589224116,0.917352294065604,0.840144376978275
712520-99999,-118.333,53.383,304.243588932638,-31.4003962201419,6.08372444832996,4.08648354928077,5.67657787726691,6.9553059282518,1.0717239470445
712610-99999,-81.717,43.767,9.93661212990673,1.10154432118692,12.6950538074547,2.05662695036016,3.27778585924414,0.626428631271882,3.87305771414311
712790-99999,-66.25,50.217,53.1256205132487,0.00669080385803028,2.5644665924569,2.60318044876931,3.62988975818445,0.163281127934078,0.706486081753503
712820-99999,-79.217,44.533,29.1565523299241,8.91533144943947,5.96015237154693,2.37564960626443,3.42171746052284,3.27415809941821,1.74185988186068
713010-99999,-80,48.15,3.09254729252604,-0.205498880974066,13.4054476822209,1.98886933430315,3.29546146959023,0.283461598907762,4.06785143929714
713090-99999,-80.39,51.15,4.79131228872755,-1.64469651732355,3.27925459236499,1.97631145257941,3.28531869440394,0.866085126363877,0.998154181495611
713150-99999,-66.333,47.983,120.207223940515,1.69618609937063,3.01280378111212,3.05740765453963,4.13038024761255,0.617355758080766,0.729425283024145
713160-99999,-112.017,54.767,12.8778065298802,0.692398999031054,2.51728750910502,2.11703959164096,3.2886482365837,0.455628949152957,0.765447481157188
713210-99999,-68.55,63.75,66.7729070484059,-2.03223814441577,5.55581001669476,2.70523591543667,3.73609859603875,0.790031751553858,1.48706193744067
713220-99999,-94.067,61.1,8.71235932696181,0.776266358518683,2.352475275775,2.03199015822847,3.27612730475576,0.504056603210352,0.71806589211599
713290-99999,-63.633,44.7,92.8378381155899,5.07426903929682,2.22491822718247,2.88248978237881,3.92867127706807,1.64797808653736,0.566328427672092
713310-99999,-102.35,55.533,24.1507087187011,3.87268858435392,7.54551587200832,2.31027223164811,3.37572519476074,1.55596619256687,2.23522811741882
713340-99999,-98.5,58.7,2.23301766212217,11.6611183477608,12.2181999433319,2.01844443163425,3.30070219162583,4.82882139268378,3.7016971644187
713550-99999,-62.333,82.5,35.6143730434195,-4.77883382313757,3.68362121239967,2.44759718972135,3.48077395141223,1.79089389878154,1.0582764821327
713560-99999,-96,64.317,27.1909707793946,3.06799437515745,2.99372033009416,2.35116054203428,3.40357593907108,1.25141826374032,0.879580883073002
713620-99999,-111.917,60.017,10.0321106245507,1.26623549573612,6.31304934081967,2.05858508508347,3.27799449889062,0.690317279668853,1.92588771669879
713630-99999,-95.85,68.633,23.7304994410681,-0.16448852516605,3.21024428892029,2.3043013535449,3.37192147236856,0.236953323267513,0.95205191319752
713640-99999,-133.517,68.317,32.8504454725875,-0.846244943274728,2.62410757608306,2.41821587415354,3.45568158320235,0.461324659083086,0.759360349876716
713710-99999,-73.417,45.517,0.119043598604012,-0.109801122908139,2.09887911011641,2.27984445563702,3.30733989355111,0.219365195657467,0.634612461274077
714000-99999,-56.067,48.967,99.3521766001897,-5.92365012257877,4.2842888327635,2.92487473949509,3.97632817945066,1.87558687869728,1.07744850007712
714020-99999,-54.8,49.683,88.64942562891,8.72391161778291,7.51621438846294,2.85492676846215,3.89804798898989,2.74936302767974,1.92819955262035
714060-99999,-57.1,51.017,59.019505657513,8.59646483765624,5.57036571865749,2.64850806369107,3.67656430402751,2.8891349977971,1.51510085450033
714120-99999,-61.983,46.45,0.466283481744531,0.10204676352537,3.67156010672409,2.20201561300313,3.30696740649515,0.222813946976506,1.11024986200736
714210-99999,-63.283,51.867,15.0238010527295,-19.6057101399981,3.6053762714831,2.1593605432047,3.30117790135082,7.56035513551292,1.09214843283902
714270-99999,-67.381,49.317,46.7287586898941,1.03127076147452,2.66550709161786,2.5508786059209,3.57741379355297,0.501911402998058,0.745093311939899
714300-99999,-77.15,43.833,9.35950692578506,-1.75131705817176,3.12790655051992,2.04488242637504,3.27676320073794,0.884644820852712,0.954572045308462
714340-99999,-85.433,54.983,0.455288232347435,2.22317260034748,4.61526390360272,2.20413276897877,3.30698073943192,1.0070410120343,1.39561257450672
714450-99999,-97.6,52.817,2.77490680749796,1.74630209506573,6.61331549052261,1.99723125423204,3.29746379086909,0.899517051638265,2.00557637928743
714510-99999,-103.283,56.333,26.9120632587326,1.18552667768958,2.6730249130274,2.3475687090981,3.40100540668062,0.591917825302777,0.785951385956857
714550-99999,-107.15,50.95,9.15771719636666,-1.58596877326004,2.61844827510659,2.04082387892454,3.27650534349672,0.820981253585735,0.799158860004224
714670-99999,-125.267,72,27.3003468150439,0.0743950214985594,2.95557958969255,2.35256087150524,3.40458444381036,0.201361179435748,0.868117574544489
714700-99999,-111.25,65.75,0.414440472154126,10.3742727831903,12.3058871104438,2.21217263516947,3.30702869335985,4.00943237984953,3.72113103679828
714720-99999,-132.767,53.3,80.6231419655285,3.39952893271633,3.79469762833059,2.80128918763241,3.83921197175833,1.18121397765609,0.988405343660317
714790-99999,-127.933,50.1,86.3182256268705,-0.320139190409191,6.96544354468039,2.83946647312997,3.88099019959207,0.245589885991729,1.79475937491739
714820-99999,-127.467,52.183,471.769336129693,-1.83825712827409,5.08332693348479,4.85020385169398,7.24710032242619,0.437040754537559,0.701429082988462
714860-99999,-118.033,52.933,697.454890702355,8.74833460675621,9.2462600395849,5.70311790980129,9.38552059579602,1.4909171067252,0.985162191613164
714900-99999,-102.417,65.083,41.5605898644032,-11.4115117084335,3.00610776309927,2.50530007675856,3.53337797572143,3.9635016152134,0.850774466743965
714930-99999,-64.35,45.417,36.6851275824313,0.839920452658605,3.29616850789137,2.45849754180723,3.49039387832699,0.45290571775838,0.94435431151721
714960-99999,-106.717,52.167,8.66377000874411,3.76684799263444,2.61037123622623,2.03103859237156,3.27610234327702,1.68580913996908,0.79679172464897
715020-99999,-135.433,69.617,14.2170410990246,18.5399941946685,4.41520943787765,2.14372361459691,3.29610322581026,7.20196093477478,1.33952401833298
715030-99999,-123.433,65.217,3.1334818879281,-3.55332686613622,2.87604521771289,1.98797414367512,3.29520131946964,1.62916760065233,0.872798029279677
715050-99999,-137.583,60.767,479.569625984026,5.36617042662188,8.17964045390902,4.88263898001401,7.32131363725155,1.08983166963329,1.11723672269553
715060-99999,-136.217,66.983,108.184572697481,7.12149011587244,8.54631201934138,2.98153701682453,4.04120301895804,2.18911649626059,2.11479403020562
715120-99999,-64.226,50.271,53.3192474143821,-1.02541627448527,2.49893483210148,2.60470775433359,3.63144669159198,0.491323626952029,0.688137550769327
715200-99999,-71.117,51.533,55.1303226796358,7.37404770644179,3.4014942763565,2.61885860672071,3.6459279385435,2.52465683743223,0.932957078058804
715230-99999,-73.35,49.267,89.5672895592532,8.45285325167126,4.20250467130575,2.8609898115921,3.90476046892348,2.66375495123275,1.07625159206356
715520-99999,-96.567,50.7,3.65468561193171,0.72941925627904,2.63743312240529,1.97966085849137,3.29190349304486,0.495801372219514,0.801187862274111
715530-99999,-101.367,51.183,30.2207753316627,3.04158052319492,11.421674525066,2.38834631301593,3.43153478377126,1.22616201084866,3.32844492181238
715690-99999,-104.7,50.2,2.46892136012298,2.56655738426259,15.1087391935182,2.00799338970935,3.2993322276711,1.22271350349052,4.57933246818949
715700-99999,-95.977,50.522,7.78231393047065,-5.28277380070878,2.40897234936678,2.01434632699391,3.27622908285961,2.29991140783797,0.735288128040222
715720-99999,-96.5,56.033,10.1388812852758,3.6422514698989,6.48224620401978,2.06077793968646,3.2782406105252,1.61757542725711,1.9773552262173
715750-99999,-76.53,64.23,7.0521721070651,1.34954661578582,2.92089506734271,2.00167385021939,3.27719991079142,0.739323639499856,0.891277659847531
715890-99999,-53.967,48.55,24.9659716716463,3.84189140780465,3.53856487473603,2.32162593274451,3.38314505072489,1.53879058078454,1.04593945032828
715920-99999,-85.017,73,193.89529402561,3.45128929008061,4.84116051254678,3.49750624100946,4.71077049293036,0.988438554403062,1.02767912803481
716030-99999,-66.088,43.827,30.8017941747437,-0.347054266161221,2.46245571357371,2.39512373145556,3.43688654294005,0.292579642437373,0.716478615982251
716210-99999,-77.533,44.117,9.50139218349284,-0.174643668742702,2.67420963498447,2.04775300421663,3.27697595099152,0.264799479237642,0.816060195429671
716320-99999,-101.067,56.85,9.55674234766713,4.27678259667864,2.62132690588826,2.04887618837692,3.27706588279309,1.8740740011073,0.799900581691713
716340-99999,-65.583,47.433,45.6373483650125,-3.38669006878154,4.43299083776761,2.54153895916086,3.56824329579586,1.2778695656931,1.24234545413162
716690-99999,-114.417,50.367,383.357024076137,3.93489666431405,8.83326747031912,4.46426295726618,6.4101423325601,0.893364574457664,1.37801424867757
716820-99999,-122.85,61.117,162.143117568818,-1.46606000673424,5.13964700251128,3.31278884723707,4.45314559040974,0.515648803410381,1.15416100780087
716870-99999,-122.95,50.133,680.237367389093,-0.427369239535946,8.79017179277489,5.643523854339,9.22397998215836,0.150950702157846,0.952969521809179
716910-99999,-68.2,49.133,116.136823115564,0.174787089509112,2.66992925919933,3.03187028376607,4.10005221242995,0.191056589085593,0.651193965556103
716990-99999,-66.45,45.067,11.6130582468274,0.348077411577643,2.49257033963954,2.09119557183828,3.28293121100749,0.327291934578287,0.759251467494077
717020-99999,-63.833,46.433,5.54613937035073,-1.00164681272121,2.3874860699026,1.9814553818774,3.28177182604219,0.605147617679552,0.727499106109978
717130-99999,-70.017,47.35,166.896893068097,4.12898766650086,3.91766426721907,3.34090657061312,4.4910023159544,1.20518101166984,0.872336282994436
717190-99999,-64.5,48.017,15.8073478041686,-0.97977468811208,2.64564122400276,2.17419802949838,3.30646548554479,0.553352695570437,0.800141793576547
717210-99999,-76,46.267,30.9978373253099,-0.0189320834093391,2.46882384948465,2.39738685734893,3.43869055719791,0.179103484953388,0.717954642448672
717240-99999,-72.5,46.35,33.7373151286372,-2.02516162703937,3.03474842860288,2.42785169181782,3.4637707130597,0.862462273651424,0.876140102796283
717300-99999,-80.799,46.625,37.9824810045989,-1.99829193292852,6.43551262751344,2.47138202511861,3.50196596898877,0.840784494154297,1.83768565557242
717310-99999,-79.423,46.364,126.603509209949,-2.08667237735759,6.25167527549555,3.097248574509,4.17835885975233,0.719069678889414,1.49620352998261
717390-99999,-81.377,48.57,7.73572959739056,-0.400400655045188,6.25470452725065,2.01350090576331,3.27626713722111,0.358225713378747,1.90909479150587
717430-99999,-72.98,57.92,58.6869443343293,-1.29585594416535,4.76396196110325,2.64600846245462,3.67396747514978,0.570836336137559,1.29668049413231
717470-99999,-91.617,48.75,38.0092014251809,0.740611369607394,7.58165963154958,2.47164386603036,3.50220331501147,0.417483192985925,2.1648256681879
717490-99999,-89.333,48.367,36.5092849144458,-0.688020487444527,3.95115301761375,2.45672450304031,3.48881825611046,0.401802902577809,1.13251901577089
717540-99999,-108.25,52.77,28.0861351895143,-2.40815613120541,4.29111145491778,2.36248800946628,3.41183507354514,1.01595399582045,1.25771362402316
717550-99999,-91.77,53.43,2.30748944912381,0.523693655504783,2.4708689799281,2.01492259727766,3.30027796587661,0.407047778175322,0.748685112428643
717650-99999,-121.583,50.217,1107.56579440036,3.57217968586919,13.0834386337206,6.93602470903082,13.0969293907735,0.547628584520928,0.998969929771294
717670-99999,-81.633,45.233,36.2174075595387,-2.18429118170092,3.93098591372309,2.45376687500619,3.48619924173144,0.90876880109074,1.12758498328705
717690-99999,-124.15,49.35,251.086831783152,3.99822313197959,3.07742483018397,3.8125518180122,5.19992589826891,1.04305370040817,0.591820900987929
717710-99999,-131.6,53.033,33.5112542413821,-2.87695243648387,3.18897568520068,2.42541507684492,3.46171194478789,1.15434984362149,0.921213473582671
717760-99999,-117.3,49.483,899.184119975348,-4.44744108532319,9.07501598910852,6.34928132635995,11.2455169539625,0.722329956908414,0.806989667639143
717820-99999,-114.883,49.75,691.029370774551,0.800955655156782,7.8313353513115,5.68096940542465,9.32527931770266,0.210477607932344,0.83979633043751
717830-99999,-123.3,48.45,37.8842573502419,-2.2402007678681,2.55559201929479,2.47041831078698,3.50109314121022,0.92249659178209,0.729941168720636
718000-99999,-53.067,46.65,20.088831701575,1.59967212209626,4.21167226564389,2.24886548417146,3.33990653012884,0.763832255229152,1.26101500974682
718130-99999,-61.8,50.183,31.5730025193364,1.17651696114257,2.92908845940954,2.40395963652755,3.44397737606247,0.577321027487589,0.850495848134285
718140-99999,-59.633,50.45,46.6136203653898,0.328155582078326,2.78197630755758,2.5498998093076,3.57644951067422,0.271535340128546,0.777859801810295
718150-99999,-58.55,48.533,99.2650176315307,-0.370864030523523,2.88886088278629,2.92431119490158,3.9756898251625,0.25431801637075,0.726631354514235
718170-99999,-55.833,52.3,35.3971365253425,-1.04618719160205,3.13744266983203,2.44535465360928,3.47881493783792,0.524957899282972,0.901871104354273
718180-99999,-57.033,53.717,28.7116201920381,-0.409985702490519,3.1853720980339,2.37022796413747,3.41760985009155,0.317043006290957,0.932046733757094
718210-99999,-77.8,49.75,14.0990505008081,-3.44091179726498,5.7731963007174,2.14140751451198,3.29539547136736,1.49197417498568,1.75189786806435
718220-99999,-74.528,49.772,2.71852121710776,3.57589932228437,2.61652271255515,1.99899986807613,3.29781395932587,1.63101221986947,0.793411255100033
718250-99999,-66.864,52.922,34.6411747545034,0.245067528706134,10.2037687912805,2.437465517838,3.47197935631156,0.253642987187986,2.9388909737414
718270-99999,-77.704,53.625,43.790534723249,-0.383171985732837,2.9197456970871,2.5254029151706,3.5525701129653,0.291918799081026,0.821868563953552
718280-99999,-66.8,54.8,2.31424787325443,1.15328992112495,3.3188478032763,2.01461347845566,3.30023906495869,0.657472782711842,1.00563860312884
718310-99999,-82.468,49.414,3.74499996494728,-7.05521217243695,6.18046087583569,1.97873571039493,3.29134154431045,3.04801037914332,1.87779383957265
718320-99999,-84.15,49.733,25.3889454955311,-0.985576700083695,5.58608327236156,2.32740017595466,3.38701195646322,0.525421449965814,1.64926588514162
718340-99999,-86.939,49.778,9.17124720534031,-0.115856770066084,2.40175651397996,2.04109503874699,3.27652097081658,0.242358810148936,0.733020339369715
718420-99999,-91.9,50.117,6.04540542960649,0.193053458364757,7.72440240349152,1.98698583565167,3.27987373286407,0.278672056925147,2.35509139455389
718500-99999,-94.367,49.783,43.2456664450908,6.58513805399157,2.43053063478086,2.52055660650617,3.54790792730263,2.3456398859503,0.685060233969691
718540-99999,-93.793,51.067,6.54056353023202,1.02893060800968,7.48281815651172,1.99371429496948,3.2783640632494,0.613113784162829,2.28248541411078
718580-99999,-99.267,53.183,14.8462673447355,4.59286881217175,4.92075217066255,2.15595011335067,3.30002732439128,1.91753180399414,1.49112467472379
718610-99999,-102.571,50.368,34.7146792132126,2.26216889825035,2.8743645769029,2.43823853495067,3.4726452285767,0.940076466016644,0.82771616093965
718620-99999,-102.967,49.217,4.02193140305303,-1.81108933259158,2.63356311952576,1.97670491428312,3.28965050744663,0.93313067667592,0.800560154814102
718670-99999,-101.1,53.967,7.24724420100131,3.40690154335727,2.33504801597604,2.00492720635057,3.27686163952331,1.55968665814015,0.712586698141982
718690-99999,-105.673,53.214,27.2321975553579,-2.09147851753665,9.24404615125444,2.35168890547716,3.40395604450768,0.908752182806221,2.71567729735224
718710-99999,-110.073,53.309,30.811434061963,1.37956367815859,2.43437582442015,2.39523529010948,3.43697527250075,0.649192030982571,0.708290177091933
718810-99999,-116.465,53.579,44.1640487736639,0.955198643563521,3.2641832848319,2.52870188442904,3.55575599738504,0.480469421914679,0.917999797295549
718940-99999,-126.55,49.383,120.745197534964,-0.416585430577661,3.31407191295808,3.06077195342117,4.13440010650002,0.257412000141433,0.801584710620476
718980-99999,-130.45,54.283,59.9066704895403,0.167566327224141,2.51626096170718,2.65514622486522,3.68347230957733,0.211580154974484,0.683121997460031
719020-99999,-61.683,56.55,65.0623190800375,1.88269429641225,3.42310867635953,2.69294926429596,3.72311238784795,0.746236190801996,0.91942125828175
719030-99999,-133.05,54.25,9.1320260837034,6.80160914081459,2.47967544554313,2.04030939997793,3.27647633272259,2.87429914674096,0.756811645723882
719060-99999,-68.417,58.1,57.9660392597115,2.44567077911895,2.73056558052259,2.64056822647983,3.66832414891668,0.93794197950626,0.744363221371528
719120-99999,-94.717,56.35,3.08973096381027,1.15512103605638,4.25298792800046,1.98893236348028,3.29547935971141,0.66499237196708,1.29055213635836
719145-99999,-93.577,69.547,23.0015943422321,-0.85713825967347,2.78280774737675,2.29374540153671,3.36536410511088,0.485777357853358,0.82689648444
719150-99999,-83.359,64.193,48.2279847252885,0.551469311731474,2.70088887850868,2.56349100517416,3.58990316263628,0.343225852452503,0.752357029186619
719160-99999,-119.533,73.233,129.660311896137,3.06614355468368,4.21886631939636,3.11616907991379,4.20143572407385,0.98616615425756,1.00414872354767
719170-99999,-85.933,79.983,149.788982874504,1.77673020251998,3.89857358616601,3.23894090097686,4.35598169952855,0.608923827045553,0.894993104903989
719194-99999,-89.808,68.534,38.5265650253909,-6.63266111746904,3.82424977914868,2.476686661357,3.50679077738284,2.39617464950693,1.09052692958283
719200-99999,-65.467,43.45,5.47823136914747,-0.504970449320551,2.52889663795293,1.98081907418662,3.28205842122268,0.405096228006893,0.770521518325328
719220-99999,-105.262,55.151,2.79084232701791,0.879129589869826,4.90889742278494,1.99674788080334,3.29736444711305,0.552370385681908,1.48873365426222
719246-99999,-82.9,76.417,182.050818593123,-4.19170993166871,5.05371523344524,3.42944624662074,4.61337930987111,1.19398755885858,1.09544758711514
719250-99999,-105.137,69.108,16.4859230566758,-9.91833835735401,2.7476246593204,2.18675777601724,3.31129706870492,3.87766193527047,0.829772926533294
719350-99999,-115.783,60.833,0.914349972340204,0.203780062445229,4.9424776697533,2.1300169391665,3.3061932382765,0.267595258404788,1.49491494100622
719360-99999,-114.44,62.463,4.11181390625237,-0.981603385800151,5.35306878199774,1.97628657397205,3.28911413672253,0.598316608979392,1.62751080062301
719380-99999,-115.144,67.817,71.8594297141481,1.72801366625618,2.72069860650793,2.74114993567784,3.77432574788474,0.687414562878043,0.720843612407514
719400-99999,-118.885,55.18,54.0734473705343,-0.82075841758017,2.82913702707358,2.61062974843495,3.63749489905392,0.424595186310644,0.777770720120985
719430-99999,-120.74,56.238,2.13164792831913,-1.24951038693809,2.85326330285704,2.0235924044687,3.3012656691524,0.693261869008685,0.864293755427935
719440-99999,-123.133,55.3,242.922280815187,-0.38326096490607,4.10183957735798,3.76891102445537,5.12838257171228,0.206905451963304,0.79983104224388
719460-99999,-121.237,61.76,15.2405275852355,-0.603146391887361,2.42965792537606,2.16349981085699,3.30260698430678,0.414171755293806,0.735678794637457
719485-99999,-124.059,69.361,146.167899222084,-2.86877218215884,8.64798865320863,3.21708133536912,4.32783779238426,0.906294987441889,1.99822384018795
719490-99999,-133.35,62.233,425.223016795364,1.94155946056169,6.24304950297604,4.65137729542592,6.80516980197828,0.473962461015937,0.917398049518349
719510-99999,-128.576,54.469,500.229138789113,-1.11204038171187,6.59985020780091,4.96738247948493,7.51796999252201,0.294846828031635,0.877876636161844
719520-25272,-125.95,54.383,256.40202988852,-0.907538176851091,3.76359916735831,3.84073186206934,5.24676979329341,0.324262871233903,0.717317381099713
719530-99999,-128.823,60.116,35.7459628319815,-1.1708534936939,3.62766696218458,2.44895039544529,3.48195943569597,0.566592607415358,1.04184641699006
719560-99999,-82.567,45.883,3.98253329692099,0.603608521762809,2.8831067196316,1.97692391762887,3.28988770058007,0.445556084265712,0.876354143979825
719630-99999,-105.133,63.6,17.9098158997976,0.0135661658728411,8.11171208612146,2.21221936153609,3.32208292787485,0.189352739367651,2.44175484544889
719640-99999,-135.076,60.714,284.698962327222,0.107829583695724,15.9505511508547,3.98776880508556,5.49936726390354,0.135441376348739,2.90043388364878
719650-99999,-135.868,63.616,352.841533184752,2.87475582154654,5.99815603980465,4.32249299008179,6.12468593927449,0.69979486304848,0.979340997934528
719664-99999,-139.13,64.05,312.212701728546,-2.24492627598382,5.23630388327507,4.12609049689156,5.74938513921348,0.593357669468039,0.910758934474757
719665-99999,-139.839,67.571,145.501323607578,0.701063107287498,4.77023439472326,3.21304670774352,4.32267356965082,0.323471047316128,1.10353796507206
719780-99999,-140.15,69.15,419.359104934534,5.56101532484236,5.2784087847392,4.62565958419969,6.74966189935629,1.18248495150282,0.782025657498874
719790-99999,-118.45,53.8,154.888579194348,11.6065339055538,4.36310405121087,3.26956061014351,4.39587509475127,3.211656518528,0.992545046700819
719830-99999,-105.717,75.367,26.5755925985173,-1.49938810132981,7.72105980837489,2.34319479743092,3.39790694956351,0.703218823816236,2.2722987777422
719900-99999,-130.033,63.25,181.137375291894,3.14715872692052,4.46274752183395,3.42415605305299,4.60593084533086,0.92941225517345,0.968913271105218
720175-53919,-91.756,33.636,20.9352833122167,-4.4825475766388,3.3825282353002,2.26237263410533,3.34715181001576,1.8037202928824,1.01056911287339
720198-54813,-86.65,46.412,30.4010573341814,3.09911257715522,3.0942090299086,2.39046061484153,3.43319611791708,1.24516921582498,0.901261950565719
720283-04927,-92.18,43.677,12.9499013265233,-0.317253611702603,3.17522123798683,2.11849652739277,3.28901529186643,0.312107960867277,0.965401786315495
720298-53971,-95.218,31.869,82.9905880034212,-6.55603261696855,3.52036035634334,2.81723437009427,3.8566032492314,2.12708293407922,0.912813719442085
720312-04964,-92.946,41.4,14.7205286559376,-1.61691916698125,2.96850854276537,2.15352406844226,3.29922366964968,0.797776508665317,0.899759713193551
720327-04995,-91.868,44.892,29.1911970607955,-1.22859479533183,2.77766877476997,2.37606889701724,3.42203725465758,0.601026907639294,0.811700331721815
720328-63832,-80.274,39,20.4075601919361,-0.248934476452017,3.3317081475309,2.25399799618538,3.34261704270547,0.271944452207075,0.996736420883636
720330-63853,-87.727,38.607,28.5681311756563,-31.8804547976508,3.04700672171901,2.36846474605849,3.41628503520867,11.2884269685184,0.891906468668794
720345-94086,-109.807,42.796,125.47868565272,-2.93195261498052,4.2666221817696,3.09026714706204,4.16989174381258,0.955904525876001,1.02319734993134
720369-04135,-111.098,43.743,388.231362917638,-4.57075127992687,7.9708600876158,4.48647645281764,6.45595946215639,1.01690067684198,1.2346515083218
720375-54844,-83.743,46.007,20.0630007284597,1.47472562632961,2.49946563809316,2.24844704005716,3.33968785388136,0.718487785119753,0.748412949787599
720378-00122,-80.417,41.033,2.71112664939096,-2.70737363891714,2.56182585799507,1.99923865529799,3.29785971565431,1.28334028129647,0.776814685547288
720393-00129,-102.333,34.85,8.06305047149135,-3.17093495118378,3.87717652530963,2.01952869627111,3.27606737614352,1.45699271320733,1.1834849776117
720395-00130,-98.517,28.95,12.3763117533765,-6.27608945030036,3.28573758976767,2.10685084184742,3.28621327434166,2.59933914956879,0.999855248416862
720411-00137,-105.29,36.422,213.784458011273,0.163731425231402,4.97913038730601,3.6095807350261,4.87752586072011,0.161508306571129,1.02083116102041
720533-00160,-105.217,40.033,414.160809390184,17.4510327339204,8.76042136096253,4.60273055224463,6.70049676198747,3.51792683351151,1.3074286388229
720539-00165,-107.05,37.283,254.546448854222,1.53452623126147,5.51863355558168,3.83091448497443,5.23039279098444,0.469768276035005,1.05510881804022
720545-00169,-72.506,41.384,40.0900752136305,-0.96637626414312,2.5094484765285,2.4916277972129,3.5205598407894,0.490159994337947,0.712798131551095
720549-00171,-119.733,39.183,415.609257127179,-4.39562060954006,5.35264993266286,4.6091318915949,6.71419192830141,0.958209870759827,0.797214317049915
720578-00176,-98.892,32.717,9.55869883255241,-2.17521062779703,3.55920713913105,2.04891592243597,3.27706913236285,1.04954839987047,1.08609461545438
720587-00184,-92.084,29.976,10.1868102097811,-1.59951469556626,3.66819500058398,2.06176340130899,3.27835545435554,0.819558392665562,1.1189131415602
720592-00186,-87.877,30.46,17.2779927236875,-0.604546164741458,2.78077196795256,2.20107108778628,3.31719771721881,0.408928950347143,0.838289485585443
720594-00188,-95.383,29.717,41.0396505018278,4.09998881483216,3.33522778499498,2.50049655524743,3.52885180480651,1.53307585265761,0.945131155820202
720613-00204,-79.122,33.828,2.57496238203158,-2.02479358443587,2.79955642474661,2.0039310218663,3.29869436979746,1.00833192383791,0.84868621063506
720615-00206,-120.417,38.033,70.017071435582,6.11672887646554,3.3292049700606,2.72824102468459,3.76054015983935,2.04963905293039,0.885299672003189
720629-00216,-84.261,43.663,3.14361735722702,-0.734778972929669,2.62844986195144,1.98775847820382,3.29513687686965,0.496341981646542,0.797675471511352
720633-00219,-80.117,34.4,44.7134773183248,-1.09143231260967,2.75647571897806,2.53352125012219,3.56042750765003,0.524615514905514,0.774197961636749
720635-00221,-112.2,35.3,153.306310115457,-1.55064942482491,4.4407012371287,3.26008073192107,4.38346492041772,0.545373775466042,1.01305732285991
720638-00224,-121.2,44.095,242.190763299011,-0.596241811383734,5.65640432591836,3.76497984092091,5.12199772082605,0.257033292599814,1.1043355804161
720648-00230,-97.567,30.395,3.94109304974177,1.63617346910125,2.97505080357041,1.97717842653643,3.29013848842462,0.862341382525292,0.90423269842204
720652-00433,-119.519,38.356,573.045912228565,13.1105155805484,8.37669947232347,5.25351372401856,8.21080631670016,2.36560061093277,1.02020424660193
720671-00248,-81.883,31.554,0.0119715798718261,-8.59268309430096,2.90244898512958,2.30953810333779,3.30745727077444,3.23636226307045,0.877546933342535
720741-00269,-114.861,35.947,7.87634613693263,-0.241719499386969,3.46457998790806,2.01606589057357,3.27616203937131,0.294793352656549,1.0575117916246
722014-12818,-82.454,28.474,6.45875810355728,0.866133775010738,2.50681475601493,1.99252976645815,3.27858753586293,0.54809125788375,0.764602051521902
722037-92809,-80.241,26,2.5830170247995,-0.994451958315733,2.40437852595342,2.00363743246417,3.29864545232368,0.596912292066524,0.728898743652396
722041-12993,-90.261,29.445,0.586127414178134,-2.84539837178896,2.87635687927741,2.18015268136746,3.30680774778017,1.24821186309508,0.869828879894299
722044-53930,-96.671,34.804,9.19017973454237,-2.96607416001053,3.61123485356953,2.04147471628066,3.27654324153987,1.36380430535346,1.10214777811764
722054-53959,-90.236,35.14,5.64413804981824,2.41801084832746,3.0521912833525,1.98242587846402,3.28137007730458,1.17546746255037,0.930157590106283
722059-04866,-88.304,42.69,16.1255990992082,-1.23448866011135,2.75621674299337,2.18012248326203,3.30870409147143,0.647167683918786,0.833020018350338
722061-03038,-106.15,39.467,339.78549770755,-6.48910361646688,6.38590487005643,4.26036161163953,6.003409104317,1.46818754259716,1.06371309352621
722062-63842,-82.861,31.477,9.42987065855822,-5.93489997186558,2.80644567363646,2.0463043957884,3.27686549500725,2.52715267762524,0.856442132859119
722075-04871,-88.708,41.932,21.3321821002839,-3.09755116075067,2.72905769823575,2.26857157445247,3.35059765095616,1.29942501539342,0.81449877977947
722092-53941,-94.738,36.605,37.3208428878618,-0.39737574304408,3.95901094912976,2.46485363343645,3.49607603529967,0.302671178409562,1.13241557367628
722101-03039,-106.8,37.45,394.573990592481,-16.2386789687527,8.32181840106332,4.51520850623619,6.51565587387597,3.33758386075851,1.27720348682456
722107-03056,-102.654,32.675,26.9256862849444,-14.055581375613,3.41247246382909,2.34774485598248,3.40113092054435,5.11126597069782,1.00333463884505
722110-12842,-82.54,27.963,10.3476183412531,1.19988191062384,3.88059724496341,2.06507399216178,3.2787602776551,0.662702875557685,1.18355625795819
722112-53982,-94.949,32.699,4.10193935683948,-3.27952647155088,3.91136643703679,1.9763271215934,3.2891727277107,1.52626300402466,1.18916419441406
722129-04939,-96.663,46.839,2.34702193473311,-0.0923379012194648,2.97738443158363,2.01313862769917,3.30004951432374,0.235696469224128,0.902224169261827
722142-04114,-114.216,44.523,610.808375709978,6.81812244208183,8.43856461162304,5.39484911091289,8.56900532039849,1.24144355595703,0.984777613748829
722144-04945,-93.986,45.236,5.99114221918291,-3.02211776988896,2.6163960858417,1.98631808955522,3.28006193784587,1.41659982473081,0.797666670758046
722155-03040,-104.633,39.217,84.0538887993098,-4.98773617969224,3.83076668118794,2.82436031688877,3.86440201023707,1.65076455515753,0.991296110249391
722156-53873,-84.851,34.116,71.7330813943855,-0.0796105881132952,3.24499335595056,2.74026798435355,3.77338230346795,0.178877361660236,0.859969410724228
722164-53949,-95.949,35.668,12.4219551433211,-2.78410053257918,3.27288339662402,2.10778183135435,3.28642611047307,1.25934635063915,0.995879197220989
722174-23097,-101.717,34.167,12.7293074246811,-0.468047211150826,3.5735091879742,2.11403219095745,3.28790542127357,0.370327195854561,1.08686495811367
722192-23033,-100.466,32.473,25.5298763944619,-5.88298651405583,3.37709198714884,2.32930691243619,3.38830259078523,2.25602478331335,0.996691380614329
722193-03722,-78.984,36.285,23.1685181579591,-6.41874957256913,2.83115525814363,2.29618542739037,3.36686079174137,2.47435291837075,0.840888718977696
722197-53819,-84.569,33.354,21.1337962154508,-0.0159778133897921,2.78124227961245,2.26548367276004,3.34887169769134,0.186577783290555,0.830501294370218
722200-12832,-85.025,29.727,0.411128147099162,1.63168065068793,2.92028038946619,2.21283690046999,3.30703248144698,0.785775455324506,0.883051619797951
722203-03041,-106.317,38.483,638.950883313236,-33.9236727913315,11.3127434213388,5.49732138380813,8.835130196798,5.73984127051625,1.28042747184855
722214-03070,-102.013,35.858,44.6164621551445,-2.28741091317479,3.94830725256714,2.53267310776529,3.55960391595719,0.919126728837838,1.10919847988352
722239-53861,-85.751,31.356,9.04928290050628,1.08745604570693,4.52020928467386,2.03865615339438,3.27638882425965,0.625313531958385,1.37963151723766
722285-03896,-86.083,33.967,52.2172409952685,-4.41952788622818,2.92637324799464,2.59597603560417,3.62256234369352,1.58900709490413,0.80781860195978
722330-53865,-89.822,30.344,2.08728858414953,0.809130093553408,2.9170928483708,2.02597970522519,3.30150678562505,0.518266275396183,0.883564092938409
722333-03069,-106.169,38.097,218.267148456022,-4.83477081442565,7.15007541460839,3.63446408247915,4.91563414567434,1.29031736834602,1.45455809010935
722345-03866,-88.567,32.55,19.0707353078014,12.2695520854175,3.33591153443959,2.23208628391755,3.33141145921574,4.67391976621881,1.00135080138822
722351-12953,-96.008,29.266,3.19605279007102,-4.5456990809656,2.71144314743689,1.98667993969284,3.29480337619669,2.02909067645788,0.822945359054115
722363-23098,-100.173,29.947,51.1676906582522,-11.2044965673616,3.13704855248727,2.58756807320175,3.61404729517871,3.79084648171797,0.868015356819548
722390-03931,-93.183,31.05,22.792217382465,3.83504937600079,3.20313340142494,2.2906654784336,3.36349133306341,1.55341061460152,0.952323964666675
722405-13976,-91.99,30.199,0.348216787205621,1.18729704647766,3.00049303221618,2.22581964035681,3.30710203710575,0.619005388873343,0.907287709466049
722479-53907,-97.095,32.658,9.74054288097869,-4.76882023160074,4.2396466034159,2.05261792291203,3.27739204990074,2.06408494757808,1.29360373701532
722500-12919,-97.423,25.915,3.65216194176911,0.206399489946588,2.83214181545679,1.97968869322818,3.29191925655992,0.284874263400767,0.860331495012548
722508-12957,-97.338,26.16,2.22701927709768,0.785450564549175,3.06549250143013,2.01873749664755,3.30073599575612,0.510355114917738,0.928729987909228
722517-12932,-98.025,27.741,0.715593898655506,3.04825633716591,2.71064439010135,2.1588118729826,3.30659962767064,1.33452703939732,0.819767947536753
722616-03032,-102.213,30.048,23.6174071771451,-3.14684572571047,5.51437480949122,2.3026802398895,3.37090051902609,1.30119935688927,1.6358758671064
722630-23034,-100.495,31.352,61.3243895883152,-3.53440788067904,4.12786753271778,2.66566784388609,3.69445515931857,1.27442551765839,1.11731428714354
722640-93035,-104.017,30.371,15.5654413236173,-4.66943377057345,3.43525771596888,2.16965504030691,3.30479799121688,1.93636769265109,1.0394758545299
722677-03027,-105.663,35.003,139.655932692994,1.31686451468556,4.33168170948375,3.17752262182719,4.27760633503024,0.494045775246066,1.01264150326566
722678-23052,-104.508,36.742,132.857382506386,3.92727258271239,4.87372404931254,3.13587771408502,4.22567849934019,1.21766267483683,1.15335893397322
722680-23009,-104.508,33.307,31.9468620942168,13.272447279505,4.99706920565146,2.40817972273008,3.44740854711967,4.73576208920678,1.4495146535001
722683-93083,-105.517,33.45,49.173905063783,-2.6153945320799,4.36512271860204,2.57132827801015,3.59772088517623,1.01434762099032,1.21330221490715
722686-23008,-103.317,34.383,5.38734125886526,2.12265756204259,4.21662440877389,1.98001582500551,3.28245240685625,1.05751646243498,1.2845957491924
722688-93034,-103.213,32.693,20.1409691542219,1.93285826196776,3.39490288038499,2.24970893604409,3.34034837061073,0.884769376888242,1.01633198209332
722689-23077,-103.083,34.433,5.04558728961979,-4.85731794845855,3.61085448989764,1.97753536048871,3.28403761769122,2.16235781490593,1.09951678703248
722693-93097,-105.991,32.84,259.999931694947,0.90404193536334,5.06986238039399,3.85970499738539,5.27859413124441,0.322049757083421,0.96045694257588
722700-23044,-106.377,31.812,41.1338742237413,-5.7637808631808,3.95916425220765,2.50136855984065,3.52967166512333,2.08697490437941,1.12168060596914
722710-93045,-107.268,33.237,23.7725311555171,10.556699319489,6.71885924023283,2.30490231403558,3.3723012274333,3.94191956852182,1.99236627664683
722721-93063,-108.167,32.633,203.194326569853,22.5419408120489,4.85723483400735,3.55024759425787,4.78825063074964,5.68902030698469,1.0144069741911
722725-23078,-107.721,32.259,40.0444457491856,4.25861425283214,3.50139384973837,2.4911978440983,3.52016004225573,1.59087245339555,0.99466893769258
722728-03196,-110.847,31.421,256.551541954312,6.79169173838084,4.89254349904736,3.84152193484151,5.248090436162,1.67952433451129,0.932252132191789
722730-03124,-110.344,31.588,57.2944972448543,-8.87870573481345,3.8585635563625,2.63547286981828,3.66304945036379,2.99116150073944,1.05337468375681
722764-03029,-109.06,35.657,154.13253240467,-1.76520815472515,3.82982458424579,3.26503320061506,4.38994158516611,0.601643606849231,0.872409008171545
722780-23183,-112.004,33.428,62.5899465063249,1.69231848918407,3.08795020065997,2.6749758055888,3.70420409637681,0.690499274144077,0.83363392521497
722786-23104,-111.667,33.3,19.8358646779226,-4.83468930609106,3.03679431492707,2.24475142754608,3.33777167436913,1.94359651389652,0.909826857914435
722813-53146,-110.428,31.606,81.2217729965125,4.73245842204704,3.5361382503483,2.80533175737841,3.84361349872082,1.58303577556678,0.92000359857336
722817-03068,-104.3,38.767,85.5325754558132,-2.97818861115778,4.32944201206918,2.83423544289012,3.87523728024526,1.04317426610488,1.11720694733696
722900-23188,-117.183,32.734,55.8877434094467,-0.804234671778729,2.69831551896755,2.624708169919,3.65194207062818,0.417394073576009,0.738871391380917
722970-23129,-118.147,33.812,11.2891744218209,-0.232943604730074,2.37199426625201,2.08451575903894,3.28170517057977,0.28359030203887,0.722793225764689
722972-63878,-89.675,39.163,15.5753803382144,-5.48546699854095,2.99505034095522,2.1698423659543,3.30486590415938,2.24188029782857,0.906254724945347
723060-13722,-78.782,35.892,1.09177915942243,11.0633784425811,2.98227750261381,2.10779069275951,3.30573215317934,4.43416662030685,0.902153400342966
723079-93796,-77.171,36.298,2.90548430465552,-1.18698971114733,2.75336276754991,1.99347658449971,3.29664556460145,0.676561280596828,0.835201332261747
723098-93798,-77.859,38.527,7.22853078332051,-5.94218770440351,2.74921976912401,2.00461049244079,3.27689157669679,2.57213156450745,0.838971844132636
723107-00371,-80.209,33.587,0.449710639591501,-2.02800251925618,2.76181797647091,2.20521426219865,3.30698743044009,0.934492529697651,0.835146197124606
723139-93729,-75.622,35.232,3.07917814378508,-0.46950169077539,2.6584283084605,1.98917019993812,3.29554638288303,0.389487906772904,0.806673006415051
723230-03856,-86.786,34.644,31.1543892569073,4.41591876983891,3.71655849641048,2.39918569099669,3.44013046279235,1.69562052720704,1.08035393907525
723280-03894,-87.412,36.617,5.70299097105027,0.159367424993991,3.10557332797608,1.98303727258055,3.28113558618225,0.265548742370963,0.946493446066201
723284-93839,-89.867,35.35,1.87148158073857,2.89367677772327,3.47993403339438,2.03885785270558,3.30262688783623,1.33669428326077,1.05368670200415
723300-03975,-90.322,36.77,13.3513459138697,0.310333825640114,3.24738717761807,2.12656939244544,3.29113362119983,0.308514150804774,0.986707788678052
723350-13877,-82.399,36.48,72.8211137499809,7.8548329695519,3.54414408611163,2.74784734465192,3.78149774452339,2.57242169442151,0.937232897003439
723429-53920,-93.095,35.257,32.6805094151673,8.19793665981528,3.64727542125906,2.41634562179172,3.45412797279151,2.98247800083157,1.05591786117625
723520-13902,-99.267,34.65,20.5811450807616,4.09238417539454,3.62740862234536,2.25676954138548,3.34410243731277,1.66585712242255,1.0847181539272
723600-23051,-103.154,36.448,43.0091960716709,0.816360492574432,4.36037282335661,2.51844051294389,3.54587909461388,0.436106157113092,1.22970149489302
723620-93040,-106.9,34.067,254.173470951472,-0.366591689689278,4.8950086424496,3.82893850803558,5.22710396636808,0.200185724070848,0.936466669487498
723625-93057,-107.902,35.165,281.949623103328,-6.1039532132091,5.08182915326989,3.97369924206895,5.47460647029972,1.47617281714159,0.928254693892486
723627-23081,-108.793,35.509,112.628351313267,-0.335339742785206,3.64527603587116,3.00973789774793,4.07402728994376,0.238006303354223,0.894759847306147
723630-23047,-101.717,35.22,24.2264908091702,-1.42474186171002,4.61660390454123,2.31134031876623,3.37641278688409,0.684634958230423,1.36731027748584
723635-03024,-101.396,35.695,53.4307398710315,0.495924882079892,4.01195328284848,2.60558589075903,3.63234241220136,0.320688242770346,1.10450855882198
723647-03034,-106.795,35.145,63.5268043719057,-2.70214955813673,3.38021667286401,2.68181805301747,3.71138952921873,1.00638990186757,0.910768499574757
723650-23050,-106.615,35.042,248.199938323102,0.457708684335398,5.14732507934684,3.79717017373358,5.17457077270499,0.222869620148949,0.994734695000817
723654-93091,-106.283,35.883,10.6940629413457,0.0736304746076833,4.15384960266576,2.07222213106346,3.27973220820299,0.223009695655842,1.2665209654241
723656-23049,-106.096,35.611,44.2815254349091,19.1792433799623,3.82486785220546,2.52973564336147,3.55675632240638,6.49536649281003,1.07538091044081
723658-23090,-108.229,36.744,100.618705690144,2.39955685627552,4.09627364073164,2.93305354724794,3.98560748341874,0.844599950560022,1.02776644658896
723663-03012,-105.667,36.45,239.999287744158,-2.89734263699913,5.20853140431074,3.75318191438069,5.10289543953555,0.79877670539136,1.02070118152074
723676-23048,-103.601,35.181,10.9578780565994,5.14737530481045,4.20741488643111,2.07767247367053,3.28056077462109,2.19088164322473,1.28252916970181
723677-23054,-105.139,35.656,160.18968928291,5.90076159645498,4.9247381318902,3.30118680014539,4.43766458234556,1.68388504248467,1.10975898256988
723700-93167,-113.934,35.257,131.090243371207,0.0401183423740831,8.7601900034958,3.1249940436864,4.2122649220182,0.148998408235953,2.07968638385132
723723-23184,-112.422,34.649,3.40606793285656,10.7886234506621,3.09519285142692,1.98295398784498,3.29346898083288,4.54644890961504,0.939797177213487
723740-23194,-110.722,35.028,64.0606640806238,-3.03757820352313,3.99420787628022,2.6856995369143,3.71547268822043,1.11045569820111,1.07502011492198
723747-03101,-110.008,34.264,23.8262608950306,-0.896356553195403,3.97204586597747,2.30566931938388,3.3727869126276,0.497691065567926,1.17767471496829
723756-00375,-111.783,34.85,109.971790459153,0.164838191158084,3.98556443142097,2.99290222756714,4.05438705145862,0.190339765571152,0.98302514802752
723783-03195,-112.155,35.946,281.973763068301,17.6301529501234,6.17883934205729,3.97382297642987,5.47482368631756,4.05249672274502,1.12859147546599
723830-23187,-118.725,34.744,192.970946484656,3.99550202410003,3.65723095979246,3.49223050751188,4.70311693764422,1.12606274002495,0.777618547078772
723860-23169,-115.163,36.072,298.318629083964,-6.07342781980708,13.2380713495888,4.05679697594105,5.62264565088667,1.44255446413642,2.35442035147657
723894-03181,-118.85,37.633,201.684774633157,1.86818635532278,5.53011525169178,3.54172689827125,4.77561383695032,0.585934283767594,1.15799045745777
723925-23190,-119.842,34.424,479.356788904086,11.1297798303313,6.89618990249941,4.88175720270205,7.31928831755672,2.16096330479054,0.942194049926627
723965-93209,-120.629,35.669,125.345080522528,-3.05800480104695,5.05537656806257,3.08943720861718,4.16888689456455,0.991243081925275,1.21264421317207
724026-03716,-75.761,37.647,12.4917464010391,-1.07195391468027,2.74207873457651,2.10920402443627,3.28675501309702,0.602464927985038,0.834281448921478
724056-63805,-81.35,36.895,42.5276442675379,-8.94119149383759,3.39455278248503,2.51410664960912,3.54173728557207,3.13233491424796,0.9584428512847
724276-53859,-84.226,39.592,34.9763744340575,4.00934906881823,2.60972847540249,2.440980210843,3.47501378490223,1.53328099665304,0.750998020998041
724284-63825,-83.133,39.9,8.6536715041579,-2.61250370001714,2.981107583795,2.03084116303449,3.27609756401919,1.22982972834424,0.909956900104561
724350-03816,-88.774,37.056,5.15503304836513,1.3192884171687,4.4411084236647,1.97823176653,3.28351244776232,0.734107455864005,1.35254806988512
724354-63815,-84.615,37.054,33.1151433115539,2.19842281071755,3.32694753497071,2.42111352477261,3.4580992821272,0.923765128548916,0.962074036499086
724453-03994,-93.175,38.712,16.650383142434,1.21681634457585,3.19741751999061,2.18976057425455,3.31250022421163,0.63827849995595,0.965258053907479
724457-03938,-92.15,37.75,36.080376947658,3.86694823337375,4.33933079727103,2.45237195944657,3.48496810031426,1.4791321328605,1.24515653296216
724505-03923,-97.267,37.617,30.9783921975139,3.66329245631398,4.36427720885104,2.39716290725508,3.43851166365752,1.43702394017549,1.26923437688991
724520-03957,-98.553,37.284,9.58395898765127,2.1623021992211,4.26430534412252,2.04942912203091,3.27711151977548,1.04427386359354,1.30123900831262
724550-13947,-96.767,39.05,67.6416584823819,-0.719457274327892,3.73664403097303,2.71143298492915,3.7426665550847,0.379723718368296,0.998390846733731
724565-13920,-95.651,38.941,6.6995828245374,13.9337250770866,3.37907675434323,1.99609066136902,3.27795912508617,5.78253238172455,1.03084773952281
724585-93997,-98.809,38.873,11.5852462200395,2.49142284654243,3.97765490556892,2.09062259337026,3.28282188721725,1.15471194229444,1.21165723947962
724604-93076,-101.883,37,3.93585578727198,-7.9715530792625,3.78966394812964,1.97721238140355,3.29017027539053,3.41979280535593,1.15181392783078
724620-23061,-105.862,37.439,80.2044288983752,1.92756696582149,4.9708628644517,2.79845716353837,3.83613154733299,0.735970438742139,1.29580093985766
724627-03011,-107.9,37.95,91.0879530885932,-5.97206939289839,4.27056648321201,2.87100609373876,3.91587868821522,1.91992218730173,1.09057680874135
724635-23067,-103.513,38.049,5.65193887884766,3.93742832795738,4.70201229595616,1.98250570686677,3.28133870249939,1.78747960807629,1.4329554862394
724636-03013,-102.687,38.072,76.3866735996749,5.76522305426648,4.72718276824441,2.77245568436282,3.807965580672,1.91453258915144,1.24139325004356
724640-93058,-104.506,38.289,113.144666262817,10.4945543283845,9.59112531654891,3.01300214908366,4.07785081076482,3.12967480855437,2.35200495595131
724645-23070,-104.332,37.262,33.8369629441504,1.40815337254944,4.83678442095425,2.42892159904597,3.46467751148212,0.651486667711071,1.39602730843633
724646-03028,-102.614,37.283,47.8251220950833,0.0205482801793072,4.2280496127908,2.56012549194269,3.58655913628926,0.170106840895875,1.17885958438852
724650-23065,-101.693,39.367,9.56490214866949,12.6408701871846,5.82098880310128,2.04904191931292,3.27707946743831,5.15521933461441,1.77627331315573
724660-93037,-104.689,38.809,101.942942942417,-3.97666047149401,4.86778573208809,2.94158499468513,3.99531665058889,1.30075545959416,1.21837294958101
724665-93010,-103.667,39.273,43.5602672835528,1.91963271442571,3.99932095427593,2.52335977933116,3.55060195976937,0.800312530108801,1.12637828728504
724666-93067,-104.848,39.56,81.8799181072284,-11.6130631640166,4.56589578241217,2.80976777255353,3.84844937300854,3.6597924677571,1.18642480122917
724673-93009,-106.316,39.228,299.12978834834,-2.23310349713469,6.63672195862541,4.06087338862165,5.63001885530709,0.599250026092188,1.17880989907687
724674-94050,-107.888,40.044,196.838914426053,6.92501901184243,5.42155677673151,3.51426701316965,4.73520215021815,1.84965748105024,1.14494727040993
724675-23063,-106.917,39.65,716.421032810007,5.76905742814649,10.182646997249,5.7678694802061,9.56301054303264,1.00018952978267,1.06479512402795
724676-93073,-106.871,39.23,804.064580555669,30.6974490639207,12.4984131915206,6.05574299381956,10.3764251401607,4.75879684321551,1.20450087797068
724677-93007,-106.933,38.533,454.665057145534,1.21580190116879,8.62246981186799,4.77821090264974,7.08448680332182,0.325072630255724,1.21709166115251
724680-94015,-104.757,38.678,206.742942942417,7.40351628314531,5.76713579755783,3.57021556008346,4.81804521228621,1.94179304915812,1.19698664986609
724689-03026,-102.282,39.241,17.7142004245843,5.95085042422245,3.95775980421521,2.20879329084132,3.32055474704696,2.38144802190457,1.19189716951209
724695-23036,-104.75,39.717,76.8625306392853,1.60611431366841,4.37662798482919,2.77571512480476,3.81148501151323,0.642947946761379,1.14827369689474
724698-24015,-103.215,40.174,92.1643421651379,-21.0278120152245,4.31077742174861,2.87807518303062,3.92374767420856,6.3728042890718,1.09863777685911
724699-03065,-105.117,39.9,81.835081280942,21.1511776500501,4.21003895679957,2.80946584131606,3.84812002689241,6.54219704574445,1.09405084232766
724755-93129,-113.097,37.707,412.982132930843,12.1531751308942,8.03971316283573,4.5975143408663,6.68935474267356,2.48222452842455,1.20186676773887
724756-23159,-112.149,37.701,76.9169275599975,1.32736987729585,3.73819391487231,2.77608737219735,3.81188715624909,0.557790336364012,0.980667517595329
724760-23066,-108.541,39.134,283.29385227435,4.33826384649348,11.8043832620199,3.98058397464755,5.48670726318998,1.07982885129925,2.15145126134483
724768-24051,-104.632,40.436,67.5168997727308,-20.0873244846193,4.91174268672039,2.71054475188127,3.74172442837773,6.41240850872918,1.31269493003522
724769-94035,-105.017,40.45,57.2103242601961,-0.795703768374749,4.39170148450481,2.6348322730895,3.66238706835837,0.413324750895774,1.19913635629818
724770-03170,-116.006,39.601,226.570439717564,2.92206808675509,5.43051306689451,3.68019568995788,4.9867022350419,0.818638250590985,1.08899886356437
724776-93075,-109.763,38.75,131.005150984919,7.63026121393353,4.58681519452261,3.1244693431072,4.21161988063041,2.2431590515161,1.08908574955156
724796-94128,-111.852,41.787,547.383074128908,7.2221749350791,8.32664778646333,5.15480271130015,7.96683475542258,1.36559581816138,1.04516386269915
724800-23157,-118.359,37.371,664.920761692958,16.4894857641205,10.9678401374881,5.58983930009075,9.07995863845774,2.78980855272607,1.20791741176379
724815-23257,-120.518,37.286,13.0508791387732,0.00894947409524234,3.32414577902454,2.12053359488195,3.28953634800955,0.194215970018186,1.0105210666044
724855-23153,-117.091,38.05,68.2603710396773,9.964273535414,4.17826798848889,2.71582970253954,3.74733363636569,3.25398870691143,1.1149975940069
724860-23154,-114.847,39.295,324.766709340728,5.89802863798068,5.97361442026113,4.18774950202028,5.86466027910417,1.36484012962368,1.01857808227105
724880-23185,-119.768,39.508,412.817033355555,-1.10481533714211,5.70487746465337,4.59678318508051,6.68779423495403,0.314868276492472,0.853028257782902
724885-93102,-118.717,39.417,41.2699056411977,-0.18955112831115,3.83975236656708,2.50262498753191,3.53085436869714,0.229649433803568,1.08748534083096
724940-23234,-122.366,37.62,105.884789164113,2.57867056770183,2.61057934693873,2.96686459665876,4.02426929644321,0.888027346285443,0.648708909527018
725025-94741,-74.056,40.859,17.5376144153457,3.60039999177047,2.65619881886801,2.20568089337576,3.31918712466481,1.51547804540046,0.800255821411771
725054-64710,-71.491,41.921,33.8023566756997,-2.23760451026016,2.39876251830926,2.42855032180924,3.46436264295162,0.934798521259108,0.692410918120722
725126-14736,-78.317,40.3,28.1181754058471,1.02854954415701,3.09737826927777,2.36288791607439,3.41213084971578,0.533918752311116,0.907754832888595
725140-14778,-76.922,41.243,181.899185390143,3.96643016090396,4.08383257597525,3.42856847783311,4.61214222407352,1.13691034943281,0.885452437840988
725150-04725,-75.98,42.207,86.6756353947321,13.2520695257723,4.01409534816586,2.84184266396465,3.88360653626121,4.11511579346985,1.03359990531643
725214-04849,-82.179,41.346,12.7008628233138,-0.626099950036398,2.51998349050453,2.11345516951335,3.28776519595335,0.430885504818547,0.766473072227352
725254-04851,-84.429,41.336,10.0217426599552,0.0662358667692923,2.80655202931809,2.05837234225331,3.27797132008636,0.221326605755351,0.856185657305918
725287-04724,-78.938,43.108,1.66219833926468,2.54675027670127,2.60172398333546,2.05357109797624,3.30361797616182,1.19313312995901,0.787537784970578
725347-14880,-87.863,42.425,29.616042032065,7.00641637552766,2.80783132110624,2.38117757351274,3.4259579762373,2.60532930859093,0.819575529116693
725374-94889,-83.74,42.224,8.16678110325651,5.50798330951596,2.49839846981739,2.02147844745926,3.27603668754701,2.38272245220649,0.762628354961468
725500-14942,-95.902,41.312,44.3642307930078,2.1654017090954,6.41301756643048,2.53046234062494,3.55746008239302,0.879536324660529,1.80269557996462
725513-04901,-97.997,40.893,14.0039065168788,-0.119560243902597,3.30123341841151,2.13953467036589,3.29483151398986,0.234723283182605,1.00194301420102
725520-14935,-98.313,40.961,3.80584104599939,0.694980795005467,3.80548606132675,1.97818818844216,3.29096559249272,0.48219937476042,1.15634331456024
725610-24030,-102.986,41.099,41.6374472774851,7.04336278699881,3.92644562946635,2.50600517571762,3.53404437888619,2.50943107082242,1.11103461318271
725626-24091,-101.624,40.511,7.0491932610779,0.41285390978463,3.72363449705474,2.001625022135,3.27720552656373,0.364904372840642,1.13622245137586
725636-24017,-103.098,42.837,133.99896283708,1.73643724753521,4.72934346835301,3.1428955606578,4.23436193618856,0.613917475891452,1.11689636824244
725640-24018,-104.808,41.158,47.4814526207981,5.92089756706511,5.23004739451353,2.55724097096446,3.58369950405104,2.10022619350137,1.45939897823505
725645-24022,-105.673,41.317,130.484999608047,5.37977197480393,4.73140305555148,3.12126071087765,4.20767858412548,1.6236809344166,1.12446874469022
725650-03017,-104.656,39.847,2.03746936071457,2.7940783647923,8.482331113292,2.02876266432871,3.30177336484997,1.30264433719277,2.56902281773583
725660-24028,-103.601,41.875,90.5152413317749,-2.67931896364794,4.42988746732042,2.86723787871166,3.91169162547256,0.944191969254154,1.13247359236434
725665-94073,-103.671,41.189,13.8403352731311,7.35681453172835,3.99035046145075,2.13630419333677,3.29387633777715,2.98023822576559,1.21144513401606
725670-24032,-100.551,42.859,42.1581857878329,-0.285674261892746,4.22589387439469,2.51075870752173,3.53855023306644,0.260955572404361,1.19424442103585
725686-94057,-105.38,42.796,174.043059190065,0.910830539244583,5.1187830689868,3.38286576671191,4.54839330795235,0.363347749834603,1.12540466982862
725690-24089,-106.474,42.898,37.8355282034386,-4.8685483930525,5.84893774181252,2.46993950950231,3.50065992443251,1.80762886781898,1.67081003812751
725710-94025,-107.218,40.481,200.469414775306,-4.1955785231436,5.63714317115936,3.53485525326061,4.76545626158924,1.16375389658627,1.18291782816184
725717-03016,-107.72,39.528,533.205458556821,8.24740332385804,9.28762290168669,5.09929704040826,7.83192383292844,1.56223241252088,1.18586736794323
725720-24127,-111.965,40.771,236.082758909133,0.0376471708598637,4.5169517112517,3.7320186680315,5.06885281997811,0.127042721933443,0.891119129253235
725724-24174,-111.723,40.219,403.434382424809,0.727947533484897,7.6093931551565,4.55502362621144,6.59918536429012,0.24291627978111,1.15308068119027
725744-24027,-109.053,41.595,83.7229556123907,-4.45378334755524,4.33405103530393,2.82214477315469,3.86197549754037,1.49114011754857,1.12223680291711
725750-24126,-112.017,41.194,227.129167596096,-0.157146993061375,4.86260739347641,3.68325630143671,4.99150622597545,0.15708982326416,0.974176365476966
725755-24101,-111.967,41.117,21.0652145642243,6.94058948436214,3.86041418283298,2.26441128290233,3.34827668877314,2.6915638531725,1.15295554748419
725760-24021,-108.726,42.815,439.213799835443,4.71978087493821,8.10704315152205,4.71211817990819,6.93778583632857,1.00147016908779,1.16853465108001
725763-94053,-104.158,42.061,32.9270176519249,5.06184133588569,4.39506419571374,2.41905604315487,3.45638126448117,1.90535613351039,1.27157968389621
725775-04111,-111.031,41.273,43.9686705099348,1.72698968002964,3.45818441713794,2.52697857733791,3.55409054225128,0.735713723480717,0.973015283664499
725780-24156,-112.572,42.92,109.741408396981,1.64018715082395,5.51141404647274,2.99143897268456,4.0526862925767,0.61298140038185,1.35994094992449
725785-24145,-112.068,43.52,135.194378830309,-1.32742878757731,4.48041259448616,3.15023345726626,4.24347033232817,0.500633400293775,1.05583690790834
725805-24172,-118.57,40.068,94.5958148456659,0.0898274670194815,3.93408019840974,2.8939829401699,3.94152434061685,0.173786220324948,0.99811135450049
725810-24193,-114.036,40.721,174.878074460315,-3.08461259421061,5.26152466775095,3.38774451194961,4.5551367091881,0.922028848138741,1.15507502928244
725825-24121,-115.786,40.824,272.371250391954,8.97578343111292,5.29853230276827,3.92432197370684,5.38869400387625,2.14174815653703,0.983268357594043
725830-24128,-117.808,40.902,196.573076193833,3.72830747959757,5.43613377779483,3.51275584567198,4.73299208382333,1.05371660829006,1.14856177266274
725835-24119,-116.892,40.612,249.418116294173,5.36636196315105,5.65894492365688,3.80366728891852,5.18526218584777,1.36310768684566,1.09135174284956
725845-23225,-120.709,39.276,274.205211626167,-1.18725310155482,4.44778855493702,3.93381984396196,5.40510012156221,0.380541646014902,0.822887357293115
725847-93230,-119.996,38.898,121.607749986616,6.93927545245576,3.75725788362407,3.06616084034494,4.1408510773411,2.08607401222436,0.907363682839002
725864-94182,-116.1,44.894,358.202565494461,4.77578451236744,6.92855096565066,4.34774451328956,6.1746449456278,1.08829673220287,1.12209706414888
725867-24133,-113.769,42.545,130.732057471843,4.8797659008272,4.98210238586929,3.12278499287276,4.2095502291443,1.48498072930384,1.18352368178822
725895-94236,-121.726,42.147,143.386992260991,1.70961924061804,3.96973899563661,3.20022708687417,4.30632698370457,0.597157738901007,0.921838729538738
725905-23275,-123.2,39.128,365.156525689838,10.4075204055937,4.79020839947042,4.38027703620078,6.2395767598469,2.23502074261035,0.767713674154392
725910-24216,-122.255,40.152,145.19138303154,-3.2057812298499,4.93446331933119,3.2111695750678,4.32027408874888,0.998548073563089,1.14216441317504
725945-24283,-124.105,40.978,279.942062672396,3.26482991473908,4.47290719386029,3.96339666027588,5.4565540294606,0.843489880307071,0.819731128787604
725957-24215,-122.317,41.315,331.946914609602,-2.45248972169614,5.40785339802643,4.22261850106013,5.93088569109412,0.625180653705856,0.911812110313797
725958-94299,-120.562,41.484,210.103550922716,-6.281090188141,4.66515769632947,3.58904536930258,4.84637384960892,1.65835533130746,0.962607888102964
725975-24235,-123.367,42.6,521.7933807512,-1.44834959969234,6.35500855895671,5.05409829381677,7.72328779380727,0.350794943953618,0.822837207238648
725976-94285,-120.4,42.167,267.446315271398,-2.46532147495167,5.66573583706715,3.89871309368636,5.34474280406867,0.674133868655336,1.06005771367598
725985-24267,-124.29,42.074,44.3139744618448,-4.43620839967503,3.71207100006004,2.53002086585891,3.55703248670549,1.62910046438765,1.04358647663017
726056-54791,-70.924,43.279,17.6778498678193,4.70570628002388,2.69979013475161,2.20815412086518,3.32027228343442,1.92223412985108,0.813123112890912
726184-94709,-70.283,44.05,1.82175260218833,-2.10014494573691,3.33413041888452,2.04214362213398,3.30287144298394,1.022815911382,1.00946418183093
726190-94626,-69.555,45.463,88.9166819039886,2.75829126424882,2.69227542338077,2.85669352750916,3.9000026390818,0.970684763904151,0.69032656450064
726384-14817,-85.417,44.283,10.6672790752958,1.82994828851928,2.84945406720833,2.07166898584207,3.27965230454925,0.906006294490642,0.868828095970969
726391-00385,-106.217,38.783,100.777751210276,1.42648921967938,6.08570509801249,2.93407927423146,3.98677318913134,0.560991481511598,1.52647386979606
726392-00424,-107.383,39.433,940.993795520769,-17.534852446099,18.0822373642164,6.47278718347456,11.622782109828,2.58646248215368,1.5557580958974
726394-04874,-85.457,46.311,46.4642854434236,-15.8347022200277,2.69364525348358,2.54862806390764,3.57519772846662,5.35805020409423,0.753425532813501
726396-00422,-105.516,39.05,566.081385319528,-12.8963990531962,10.106898456114,5.22694420207326,8.14463170938468,2.3391879823705,1.24092762162202
726419-94929,-90.918,46.547,61.7079372320059,0.735389711756139,3.27116796347786,2.66849692049168,3.69741505547574,0.389897715780148,0.88471754303953
726430-14920,-91.253,43.879,77.0045267911316,2.44661630816856,3.25509077848317,2.77668667858776,3.81253468476199,0.899267033196638,0.853786535108304
726450-14898,-88.137,44.48,24.2476662679152,2.75270853695705,5.02396450258789,2.31163829769284,3.37660500133981,1.15687303719904,1.4878745072623
726458-04824,-87.417,44.85,27.0540488947551,-1.2227955163763,2.95694011597939,2.34940102238145,3.40231378959713,0.604616725706245,0.869096826113009
726498-04925,-91.979,41.053,22.6650687129397,0.857533229419996,2.95624826197812,2.28878453833623,3.36235664089261,0.486783116715747,0.879219124474947
726510-14944,-96.754,43.578,9.07841683003375,3.30658358717625,3.02571171636289,2.03923759954767,3.2764186015993,1.4991049234047,0.923481424164168
726514-94032,-103.615,43.733,214.601804371906,-1.05230944862056,4.94565004820441,3.61412802824364,4.88446043314111,0.377311896461145,1.01252740520696
726516-24024,-101.601,44.051,32.5634663882416,1.48942084095087,3.77218205942364,2.41505290715982,3.4530572880676,0.682464745687649,1.09241803559379
726517-94039,-102.52,43.026,70.9396733498443,12.6056997446212,3.84793499047417,2.73471866660641,3.7674514316915,4.05157328824846,1.02136286565121
726518-94990,-99.843,43.389,42.1642102393529,3.26278878263165,3.9185731396592,2.51081346185803,3.53860226690315,1.24975819003731,1.10737880216433
726519-94993,-96.992,45.669,44.5457760964499,4.81668111047596,2.94988486970041,2.5320543843582,3.55900349554243,1.75349134168032,0.828851354991663
726539-94056,-102.02,45.033,49.4021661162324,2.25268823031192,3.90562549823079,2.57320627719689,3.59960033865321,0.895705651370294,1.0850164270437
726590-14929,-98.414,45.444,4.80217647272514,1.73946697653916,3.62591985000663,1.97635178672383,3.28526227058105,0.904341212159496,1.10369265871894
726605-00386,-103.783,44.483,13.5616876207728,1.47250818705231,3.97460543534328,2.13077072685801,3.29229223206351,0.74978338739846,1.20724563774587
726650-94023,-105.542,44.34,58.9803388676307,-6.17580575813132,4.08960359452635,2.6482140011765,3.67625867727116,2.12050570756516,1.11243629829716
726654-94054,-106.72,44.381,173.467317091591,18.1410145711807,5.08948955651245,3.3794989472219,4.54374826606668,4.80500570428805,1.12010817027903
726660-24029,-106.974,44.76,382.616849934101,21.3801353406913,7.48574618492017,4.4608796312589,6.40318971015979,4.41053542255346,1.16906518840801
726664-94173,-110.422,44.545,135.630594179077,7.11263160664334,3.99096139104411,3.15290834013246,4.24679800843944,2.08399195868334,0.939757761756759
726665-24062,-107.95,43.965,40.1721609985316,3.66193829799542,4.86553963205328,2.49240037734968,3.52127875343027,1.39083604236194,1.38175361076242
726667-24048,-108.075,44.517,89.6472428307579,9.84783181188507,4.89395402768347,2.86151732668578,3.90534511067034,3.07832172386489,1.2531425236433
726700-24045,-109.017,44.517,202.253899538196,1.50848382418085,5.58233965487055,3.54494119571496,4.78037545357567,0.496542156486367,1.16776176036445
726710-24164,-110.11,42.578,15.0939740985709,3.54990553855549,4.06709200894057,2.16070369282598,3.30163770881629,1.52211820860594,1.23184079164116
726770-24033,-108.546,45.807,12.7704125357536,-7.79104710927774,4.25771680708643,2.11486550139863,3.28810923569686,3.17073559035562,1.29488301692145
726776-24036,-109.457,47.054,134.47543696433,8.11855607532527,3.85872933964129,3.145821664862,4.23799049852463,2.36395437505622,0.91050920028835
726797-24132,-111.162,45.788,244.74823577942,4.22629397682042,4.98834839358953,3.77870852433073,5.14433825986317,1.10460760529597,0.969677369878515
726798-24150,-110.442,45.698,292.285033003753,-2.07305087293391,7.45527129322353,4.02635361726066,5.56790911397571,0.568459976949638,1.33897144163335
726810-24131,-116.241,43.567,65.2966154503578,11.1670966375326,3.49624501966719,2.69463902449239,3.7248954973665,3.6520860566982,0.938615599320581
726816-04110,-114.455,42.727,75.9926056394129,4.16325914550773,3.88333440158655,2.76975224496264,3.80504893996487,1.42618118932158,1.02057410111062
726817-24154,-115.671,47.455,574.959051240102,13.1152567439415,7.34943853286092,5.26078423362146,8.22897899603581,2.36343806533827,0.893116696056875
726818-94194,-111.808,43.832,115.124236121025,-1.84313812789349,4.68630408679538,3.02549429144033,4.09253050237959,0.664626839300939,1.14508714939829
726824-04112,-114.927,44.171,314.578876212188,-1.34414864563111,5.38258563481045,4.13778025242899,5.77105952486642,0.397636055452445,0.932685863248835
726830-94185,-118.958,43.595,77.3698500666642,3.16987938146139,4.88181490495685,2.77918403937977,3.81523416637886,1.11914407285159,1.27955839460054
726875-94107,-117.865,42.59,143.095923190514,0.807846295804335,4.62172577184034,3.19845964252609,4.30408067072276,0.353619188044204,1.07380091718036
726876-00387,-118.967,44.4,284.411327278556,0.819400826068804,5.07593664265733,3.98629899740319,5.49677475837317,0.294095606831492,0.923439083059609
726884-24148,-118,45.283,457.507704609245,0.270857601832791,6.39542750926534,4.79025988741308,7.11149861158818,0.145712614925944,0.899307988170595
726885-24152,-118.425,45.512,134.572109470997,-2.0806017591912,4.03964427716477,3.14641513037987,4.23872700989186,0.707709261540489,0.953032424059749
726886-24130,-117.81,44.843,171.838379839828,0.88934894030206,4.51897515387786,3.36996029222369,4.53062620324631,0.359008577709136,0.997428379909139
726904-24231,-123.358,43.234,299.146421066955,1.62737326547054,5.00176264818966,4.0609569344539,5.63017007698365,0.466431342379087,0.888385711230476
726959-94281,-122.771,45.247,20.6813710753672,-3.48472283332304,2.87434545650182,2.25836224755975,3.34496292154972,1.44459736455871,0.859305625776603
727119-94605,-69.533,46.617,64.806348514146,9.91071889998008,3.11258984991373,2.69110061230513,3.72116266618563,3.26242264497571,0.836456271637349
727135-94623,-69.711,43.964,8.45945660916317,0.0263003270259573,2.58630342570115,2.02706816733217,3.27603321617663,0.208265188026793,0.789461905615094
727440-14858,-88.481,47.166,105.065066800972,6.99437338601746,3.14618070116769,2.9616214853602,4.01824144837087,2.16498927387425,0.782974527935163
727453-94967,-95.067,46.9,10.915313476697,2.72221556362886,2.92540286110519,2.07679298295449,3.28042204556828,1.25047513903672,0.891776369158746
727455-94931,-92.832,47.38,16.377417253216,6.58991263894822,2.89469432808895,2.18476778724579,3.31050991369418,2.64079175585666,0.874395305724602
727473-94977,-92.483,48.267,48.4378172114076,-6.56464387794816,2.81737391119445,2.56523730508937,3.59164145816932,2.30476246201831,0.784425156020579
727478-04934,-96.943,48.753,3.67146669925512,2.61342563340569,2.67844003106566,1.9794785508084,3.29179875428894,1.25567758284926,0.813670649694449
727506-04952,-95.109,43.913,46.7827899786115,1.09807500481227,2.99218301341428,2.55133741309685,3.57786605065934,0.523729364688764,0.8363038110001
727507-54904,-95.651,45.332,4.15076875449313,-1.16349224033589,3.14537867543469,1.97613935140507,3.28888383194424,0.67180881374546,0.956366608295582
727535-14919,-98.67,46.926,10.1767205321135,1.55103160423649,3.24999552345301,2.06155589588286,3.27833105475516,0.800697578972638,0.991356720590787
727584-94038,-102.652,46.011,9.52197881985694,-0.39534120245668,3.31700941180055,2.0481705459076,3.27700894774047,0.351366278797395,1.01220639451951
727640-24011,-100.758,46.782,47.710297875039,0.960701106761559,3.28167555933046,2.55916313563314,3.58560441262164,0.477483887585892,0.915236367899001
727675-94011,-101.35,48.417,28.8936765963657,7.6038390053756,3.328698195095,2.37245468875423,3.41929069676477,2.82122431281595,0.973505469495329
727680-94008,-106.621,48.214,23.1913939934892,0.925436795044858,4.20125700549944,2.29651875909193,3.36706614558278,0.509718302589796,1.24775006603628
727684-94051,-106.949,47.326,78.0107609536642,1.62271701898946,3.7667339081408,2.78355770855543,3.81996639346238,0.646468619527728,0.986064671822064
727686-94017,-105.578,48.094,76.5917705237008,-2.15160526375916,3.21788642800898,2.7738611991455,3.80948281211964,0.809932096220586,0.844704277906562
727720-24144,-111.989,46.604,437.729016933025,3.82744157863997,7.45600194556621,4.70571285916696,6.92370101621319,0.831287029406471,1.07688098144425
727730-24153,-114.094,46.921,480.85211465243,-4.58412084468802,7.53015548038426,4.88794846623389,7.33351794390851,0.94360977588224,1.02681353451096
727750-24143,-111.383,47.473,17.6598486900471,-2.9064161290116,3.8150112278121,2.20783730503643,3.32013258278519,1.25798404604141,1.14905388043623
727755-24112,-111.183,47.517,47.9150846778718,0.541416862624346,4.75565237704257,2.56087850820492,3.5873066447319,0.340234628663878,1.32568883789916
727790-24146,-114.264,48.304,288.683594694034,2.56183177122372,6.55938268178847,4.0080788067918,5.53532959034942,0.679187721077727,1.18500309235866
727810-24243,-120.535,46.564,131.030089674481,0.140841751871156,3.6874490195035,3.12462312715374,4.21180891981944,0.176802312789518,0.875502447927192
727815-24237,-121.337,47.277,52.189004511607,0.0624980450506098,2.79301640567236,2.59575103150147,3.62233395317344,0.181700026690387,0.771054364886889
727827-24110,-119.315,47.193,50.4519015317412,3.83582164018358,3.26850419809579,2.58177955109206,3.6082090944319,1.40692141287236,0.905852214368525
727870-94119,-117.429,47.974,78.3118200564159,-5.1394543526047,3.65719180299791,2.78560888756906,3.82218774673824,1.71641073103415,0.956832067215658
727890-94197,-119.521,48.461,459.570949320742,-2.0320686924152,6.93746873665527,4.79898407440324,7.13110804547817,0.477840404285487,0.972845831589148
727935-24234,-122.315,47.546,67.9934847941193,-0.95958864040376,2.60650072413801,2.71393482198069,3.74532150388084,0.454143820970284,0.695935107690274
727970-94240,-124.558,47.937,77.0149790097791,5.13494267086095,3.29710581368593,2.77675817465514,3.81261194091385,1.71966998188812,0.864789248101563
740035-03145,-114.617,32.65,35.2232362892782,-1.05824482500408,3.20427070228565,2.44355168887103,3.47724500096298,0.529375730310933,0.921496961358277
742300-24037,-105.883,46.426,25.2306488613594,2.12706680578021,3.39866638403089,2.32524829620334,3.38556356449788,0.929853425382309,1.00387020337483
744104-14763,-73.289,42.427,71.5586577889749,15.084449425768,2.63156867666033,2.73904966318913,3.77207942055935,4.81142651280738,0.697644026877384
744666-53944,-90.238,39.78,10.8930114864658,-1.29497737745015,2.91511382749561,2.07633217130069,3.28035012586192,0.696718147390106,0.888659355144188
745310-93065,-104.817,38.967,142.530521906691,6.33858351702564,4.73989320284564,3.19502455829027,4.29971999680847,1.85075455092237,1.1023725280632
745966-03726,-74.908,39.008,5.31522766120439,-2.56254878737259,2.60827560672383,1.97941949233847,3.28277337722463,1.23518783200504,0.794534165781788
746929-03702,-77.982,35,2.3303603772695,-1.54374313816306,2.63629872977263,2.01388342085631,3.30014606329865,0.812982464185589,0.798843044885573
747020-23110,-119.95,36.333,32.4289252541643,-7.17635460185522,3.41736010009114,2.41356226958333,3.45182590479861,2.63469728517353,0.990015196114162
747040-03102,-117.577,34.053,211.81622816214,-4.60991010205222,4.96312176569108,3.59861176241544,4.86085256429316,1.24674167700158,1.02103935473155
747400-13973,-99.766,30.51,80.4869269991536,7.1887717700947,5.38919650606344,2.80036828393332,3.83821001796304,2.32967084537952,1.40409109476597
747809-03832,-83.668,33.983,10.2189763929323,-6.19770839750899,2.88506078102081,2.06242511432167,3.27843403384157,2.61381624777043,0.880011844447632
747940-12868,-80.567,28.483,1.30130624053576,8.48976167006635,3.28677889387395,2.08512415943522,3.30506451600863,3.47749706228051,0.994467393285031
749171-00479,-118.439,35.135,154.465517260609,-4.79123393980499,4.57416617929589,3.26702772277142,4.39255405686734,1.40461773291974,1.04134544961254
749230-00393,-166.35,65.233,23.0746289666961,-1.02738063866605,4.24449007093171,2.29481466715242,3.36601856729347,0.546505160652484,1.26098237014319
764050-99999,-110.3,24.167,80.0280381329251,-1.33123931667124,3.56121817478515,2.79726300838461,3.83483340544266,0.555381633801908,0.928650034635357
764230-99999,-104.6,24.05,31.5829740692541,-5.71575917508809,4.131096828835,2.40407272192929,3.44406894870308,2.14035934022985,1.19948145358432
764580-99999,-106.417,23.2,13.8543522603285,-0.666165105759861,3.77679224213589,2.13658154725596,3.2939574687184,0.442301929547203,1.14658196956178
764710-99999,-103.65,23.633,45.6145819259123,5.37430636921779,4.85600584545708,2.54134264282083,3.56805128438865,1.93148456425462,1.36096862360237
764910-99999,-99.17,23.742,500.851470446712,-1.37703526718291,7.30438566888794,4.96990956714722,7.52389523649049,0.343156544754699,0.970825010090792
765480-99999,-97.85,22.2,33.3279645540271,-30.4734070964218,5.73094798064738,2.42342976487144,3.46004109505421,10.5948866870704,1.65632367454803
765560-99999,-104.843,21.419,25.255834927702,-5.85179830931774,3.85707765159723,2.32559140000155,3.38579391983722,2.24795358214718,1.13919445273936
766250-99999,-100.186,20.617,196.15696021641,-34.1305975736903,8.34483137639301,3.51038942420573,4.72953411965636,8.63522065080975,1.76440874836089
766340-99999,-98.367,20.083,162.990838248153,10.2237202982131,4.32933477663916,3.31781504758158,4.45987746779485,2.80886322793612,0.970729534141162
766440-99999,-89.658,20.937,5.16916567775438,-7.89802435423768,24.1948497624883,1.97832866928876,3.28344581878486,3.38858378967459,7.36873732591157
766540-99999,-104.317,19.05,105.005722280927,1.32895385455954,5.09154692326747,2.96124162814893,4.01780520957833,0.528409758996705,1.26724583639082
766650-99999,-101.183,19.7,99.5874506234291,-10.1343516542163,6.97023167860581,2.9263954981662,3.97805146864695,3.10365562291562,1.75217232193745
766750-99999,-99.683,19.283,131.173782984633,-7.52485281372589,4.54408279402511,3.12550911359142,4.2128982689503,2.2134416332432,1.07861203948733
766830-99999,-98.25,19.317,255.472462324673,-32.3365094817555,4.53541151811657,3.83581651579826,5.23856250445637,7.57331620517388,0.865774058104367
766870-99999,-96.917,19.55,399.643032167585,-35.3802796707377,7.06748380003329,4.53803240144041,6.56342469514419,7.12188346793469,1.07679818513984
766950-99999,-90.5,19.817,12.7796731204081,-6.16001320302091,4.03263173601295,2.1150531493369,3.28815534418969,2.54679841008573,1.22641156329149
767370-99999,-97.1,18.85,258.246358736801,-2.46543291895593,22.8297696351805,3.85046798734308,5.26307192067831,0.681635384419178,4.33772708776478
767410-99999,-94.5,18.183,7.58151571573881,11.5441608717712,5.24096928620216,2.01073454829794,3.276416132906,4.797066611417,1.59960428517171
767500-99999,-88.327,18.505,6.00172840304793,-6.5359331634938,2.7882592614136,1.98644717935516,3.28002487081853,2.82971350524265,0.850072597381797
767620-99999,-99.5,17.55,248.161518985204,-0.432038068653559,5.89537734295411,3.79696510962808,5.17423376598961,0.216906129064248,1.13937205189773
767750-99999,-96.717,17.05,394.940065303264,-24.6265174320806,6.49653403906182,4.51686090781454,6.51910391262525,5.00841420437672,0.996537887128978
768050-99999,-99.75,16.75,77.1312219418711,-4.13770032052403,6.27716768642133,2.77755313166223,3.81347104829872,1.41498860101529,1.64605096168797
768450-99999,-92.633,16.75,557.399368907196,-4.54468102037955,8.05881822794401,5.19359532443065,8.06209878850107,0.886027322443049,0.999593088519116
768480-99999,-92.133,16.25,236.537644974966,1.43543977193822,5.44671410952102,3.73448185523469,5.07280029154526,0.457066493163885,1.07370954827434
769030-99999,-92.25,14.917,485.836755941759,-0.331480052384162,7.80380125665267,4.90852280964476,7.38095793980099,0.153735147589916,1.05728840623404
780160-13601,-64.683,32.367,5.00502935189387,-0.622452684009176,4.72306833677869,1.97730227362203,3.28423631432063,0.453094761975918,1.43810246424234
783670-11706,-75.15,19.9,72.0280447610805,-25.0833535919119,2.83307210936191,2.7423261792194,3.77558436719855,7.89043180044001,0.750366521795942
783880-99999,-77.913,18.504,128.480666706393,9.15091339749343,2.65683874570822,3.10887646060786,4.19251848448023,2.6742155080221,0.633709488829505
783970-99999,-76.788,17.936,243.493938822763,6.49693381968433,4.5209278074111,3.77198069406383,5.13337506605239,1.63786644200124,0.880693062408108
785140-11603,-67.129,18.495,49.5461180519087,-3.79266440870941,2.59448955542908,2.57438805511479,3.60078421659222,1.39626629161787,0.720534583403752
785350-11630,-65.641,18.255,73.8001886634325,-2.05232390296109,2.16079250741847,2.75463863778816,3.78878402181566,0.784211148152422,0.570312927571674
787030-99999,-86.523,16.317,0.665947102858775,-5.92072669716664,3.9895634137831,2.16673479831884,3.30668429571928,2.40771099593945,1.20651476131176
787040-99999,-85.93,15.93,76.9328552723152,-6.0590132270403,7.43431628007596,2.77619635471881,3.81200489974494,2.00202079389813,1.95023786054771
787060-99999,-87.476,15.776,115.526904081032,15.3659865595582,7.86807637188475,3.02803090688491,4.09552054836485,4.49712232639343,1.92114195960416
787200-99999,-87.217,14.061,132.24214221026,-11.6397371921071,5.16569085024991,3.13209129356005,4.22100461213884,3.34235464114895,1.223806018926
787620-99999,-84.209,9.994,249.035418201552,-17.1069019737549,6.65249735476379,3.80162721117046,5.18190220361341,4.09307945793939,1.28379446260582
787670-99999,-83.022,9.958,27.5664225455431,-0.365257868061105,4.61459061297007,2.35594828689855,3.40703868045893,0.302966924166803,1.35442859496637
787740-99999,-85.544,10.593,8.51133323752249,-1.62038061264166,4.03012837827009,2.02807135658379,3.27604525083289,0.838734479198782,1.23018092538419
788620-99999,-61.793,17.137,18.4962461537579,1.10391176498551,2.11290161288419,2.22235411045874,3.32674242449991,0.589163532702672,0.635126301730983
788730-00400,-62.98,17.498,36.9832633818633,-3.95800382378429,1.80527839823484,2.46148880783772,3.49306144981597,1.50532523100745,0.516818391021994
789580-00409,-61.783,12,1.32248756264882,2.88616253332435,2.49332994241278,2.08302593401693,3.3049897118532,1.31092858524206,0.754413828724054
789613-00410,-60.833,11.15,3.16291443497525,5.22429034768802,2.33590384085734,1.98735434917508,3.29501416053561,2.30135700190303,0.708920729031901
789880-00412,-68.967,12.2,7.22646318123416,-1.54189411427158,2.23525990236489,2.00457555769415,3.27689491704153,0.815265527925003,0.682127428237139
800280-99999,-74.781,10.89,5.83612397263592,-1.82319316450957,4.26019089193527,1.98449567722547,3.2806240839853,0.935076356061111,1.29859160418038
800350-99999,-72.926,11.526,24.0282755993382,11.900639317932,18.4676468991456,2.30854103458982,3.37461533572645,4.41533136429431,5.47251910569834
800940-99999,-73.185,7.127,276.533543931286,10.5376131144853,4.31761560005591,3.9458481174304,5.42595883523371,2.48267885517978,0.795733202400888
800970-99999,-72.512,7.928,143.389535560691,-3.25786554650838,5.92765180913706,3.20024252761394,4.30634661580955,1.01557276812653,1.37649203326442
802100-99999,-75.74,4.813,85.7869702096282,-16.0947560210469,6.21468903339971,2.8359304348612,3.8771003619545,4.97455098212724,1.60292188832244
802220-99999,-74.147,4.702,117.791439338994,-8.40922605476657,4.73572300939488,3.04226897901554,4.11236238137241,2.51511844739769,1.15158212487452
802590-99999,-76.382,3.543,99.996085197927,-2.65708571709871,6.83768938472936,2.92903525155358,3.98104504347124,0.920692114689793,1.7175614217033
803150-99999,-75.294,2.95,388.451114055896,11.2228948530636,6.6171476159225,4.48747517918889,6.45802630288727,2.35046680572555,1.02463931015024
803980-99999,-69.943,-4.193,6.89910610720787,-1.51355565797872,4.53294228847737,1.999200150187,3.27750606291436,0.805680032400789,1.38304619471754
804130-99999,-67.649,10.25,229.479066134332,27.1149692044733,7.62009140542467,3.69610576314945,5.01174034406487,6.58109465375975,1.52044816416891
804190-99999,-64.689,10.107,86.1204737505927,-5.63737311707067,6.08760333635356,2.83815080610751,3.87954239642028,1.83855477884393,1.56915499672608
804310-99999,-67.38,9.907,311.997968231379,16.1454345719849,7.64275151935505,4.1250280520297,5.74741941446278,3.59899105145536,1.32977097514806
810020-10502,-58.254,6.499,6.13181831652501,-27.0826389592326,3.00155235709089,1.98807956644058,3.27958325171182,11.0859151496879,0.915223711892111
814050-99999,-52.36,4.82,23.8142198310585,0.385066890911092,2.5623628932908,2.3054975481808,3.37267804538805,0.315475909606482,0.75974132686477
820220-99999,-60.69,2.846,6.56188452160014,-2.01867318410329,3.49461669571274,1.99402735614413,3.27830751088741,1.00988193970625,1.0659819690822
821930-99999,-48.476,-1.379,1.0311340869461,-0.690794668029976,3.22633890257596,2.11505123829883,3.30590051026835,0.455361887595222,0.975933453700357
822810-99999,-44.234,-2.585,47.6954952602316,1.38995139401064,2.63067302825188,2.55903897141337,3.58548128189765,0.61782520970546,0.733701509343698
823320-99999,-59.986,-3.146,57.8542646921987,-2.66650330585685,3.39616094373876,2.63972200836811,3.66744740854576,1.00852983079947,0.926028533040485
824440-99999,-56.001,-4.242,32.5193055382062,-6.32920568753993,3.48546689049068,2.41456418200207,3.45265318090744,2.34313100041215,1.00950391130065
825790-99999,-42.823,-5.06,42.3708277195832,5.34779242418905,4.41818640449294,2.51268807681705,3.54038553518031,1.94105472424724,1.24793934462505
825990-99999,-35.248,-5.911,5.73839268187913,4.15317781606153,2.30707792875498,1.98341504135812,3.28099699918197,1.87370122938323,0.703163681445058
828240-99999,-63.902,-8.709,3.24939341225088,1.70772521084735,4.15791642014563,1.98564536372963,3.29446407118277,0.888189941760127,1.26209190032322
828990-99999,-34.924,-8.126,48.6331145351624,2.81890467085489,2.41475679475616,2.56685861723565,3.59325723158723,1.08218378643305,0.672024472261203
829170-99999,-67.894,-9.869,12.4753669544391,-1.22782703008025,3.5197549806108,2.10887039506055,3.28667744789025,0.662289331563422,1.07091585238161
832080-99999,-60.098,-12.694,100.232288660628,-25.0034762660914,14.1086081634012,2.9305602085525,3.98277571445044,7.43420162179646,3.54240589351087
832480-99999,-38.331,-12.911,6.82459885320165,1.00578794261682,2.12589605894008,1.99802314638784,3.27766809086431,0.602791829528962,0.648600163288495
833620-99999,-56.117,-15.653,30.8117118071666,-0.181255116138143,4.13645150089441,2.39523850392219,3.43697782895086,0.235301898346283,1.20351416469773
836120-99999,-54.673,-20.469,113.625490212636,2.04742133682427,4.27179390222799,3.01603976188044,4.08141343649419,0.724514371095127,1.04664571935582
838400-99999,-49.176,-25.528,6.91060455468994,1.76045892712232,2.87075332077118,1.99938341359459,3.27748181683347,0.904406628781834,0.875902134994832
838990-99999,-48.547,-27.67,53.9985782766031,3.4348451266467,3.2042173078015,2.61004376746086,3.6368956393341,1.26520570797601,0.881030864110299
839370-99999,-53.688,-29.711,73.8802978240531,14.9190703398169,6.92330756832776,2.7551931290959,3.78937953859556,4.73676053257687,1.8270293323254
842030-99999,-79.884,-2.157,61.6724011416998,6.10729280414824,3.64610628431431,2.66823510610901,3.69714101568075,2.08548058551842,0.986196163156887
843700-99999,-80.381,-3.553,10.0513708969169,-7.55406324158551,3.46436249020192,2.05898038633209,3.27803789694178,3.14737200980653,1.05684028041103
843770-99999,-73.309,-3.785,13.0797529132018,3.059651315653,4.22747124051352,2.1211152998648,3.28968681549705,1.35806742871502,1.28506799510481
844010-99999,-80.616,-5.206,97.007212596172,-3.19862488898984,4.29703126500954,2.90968049543459,3.9591621749015,1.08474236631325,1.08533853254356
844550-99999,-76.373,-6.509,260.460542352001,-16.7255515656226,7.14703420626637,3.86212805235517,5.28267491107381,3.94888718507984,1.35291955809819
845010-99999,-79.109,-8.081,335.105195470038,1.2146082596296,5.83227192006677,4.2378660347788,5.96007898150637,0.361894626619524,0.978556146347024
845150-99999,-74.574,-8.378,29.6414971122912,2.10221808391568,5.0515845286626,2.38148174519088,3.42619282854929,0.903083314082665,1.47440169933504
846280-99999,-77.114,-12.022,385.220640474194,-13.0224397062836,3.6250042694106,4.47276960944372,6.4276533263075,2.71929744756389,0.563970096920747
846860-99999,-71.939,-13.536,451.075701325759,-25.7638249986718,6.82411535950854,4.76294827319761,7.05038869117382,4.99032550489322,0.967906261402503
847520-99999,-71.583,-16.341,918.454241143128,2.21730709356538,14.0826412441195,6.40659990611233,11.4197629247926,0.393436297238033,1.23318157626072
847820-99999,-70.276,-18.053,402.716643441568,-39.5021381144523,4.49604451092907,4.55181222924943,6.59241347428311,7.9183739021107,0.68200280951249
852230-99999,-66.177,-17.421,572.286431417074,10.7577625000155,9.76924778971076,5.25062412457355,8.20359144516045,1.95765924813428,1.19085011180974
852440-99999,-63.135,-17.645,58.4042575860514,2.99523060717487,4.29912788510806,2.6438787845445,3.67175689035711,1.11175743300207,1.17086397969282
853640-99999,-64.701,-21.556,806.417063947041,6.04233713190203,10.579019310583,6.06322827625153,10.3980962591284,0.996816940769059,1.01739963229286
854180-99999,-70.181,-20.535,159.996226938481,4.72053350837462,3.09400572182409,3.30003624276419,4.43613377676053,1.37381150464427,0.697455459533837
854320-99999,-68.9,-22.5,156.556335895158,-3.18838046404704,4.1984354536934,3.2795326691811,4.40898721200262,0.975882678332871,0.952244869811364
854420-99999,-70.445,-23.444,35.2411302693836,-2.27967507560675,2.94136968299001,2.44373753256363,3.47740661447528,0.944267294505024,0.845851523588319
854670-99999,-70.77,-27.25,88.0860083623103,-2.71700138148123,6.04189042484241,2.85119842450804,3.89392676816866,0.959955506649383,1.5516189144163
854880-99999,-71.2,-29.916,165.971549423733,-11.5893633118084,7.47732677027049,3.33544624582681,4.48361310263885,3.1520095803617,1.66770115955582
855850-99999,-78.833,-33.633,25.4175995211158,1.55885034430517,3.10392001714697,2.32778854278796,3.38727428326766,0.728077900151375,0.916347410211096
855860-99999,-71.617,-33.65,111.560516731631,-6.1988771460944,4.84787593333149,3.00297878727712,4.06612621273143,1.91233734284228,1.19225908879865
856290-99999,-71.217,-34.967,96.2827377500217,-19.1922163936698,4.15594907632522,2.90497231823806,3.95386185173831,5.78337048092647,1.05111135193003
856820-99999,-73.063,-36.773,110.929850551029,-1.96137335693028,3.3480750448437,2.99898169703185,4.06146393832787,0.703454196121757,0.824351784401692
857660-99999,-73.086,-39.65,101.192726125257,-1.94160618863514,3.02166417736278,2.93675417516036,3.98981520088394,0.710439578798567,0.757344394470534
857990-99999,-73.094,-41.439,34.7064436026829,-2.98667944219376,4.35168268686313,2.43815198883982,3.4725706356218,1.18669131325998,1.25315886802225
858740-99999,-71.689,-45.916,311.448782219846,-5.95272503095129,9.21519307615868,4.12230962248845,5.74239298510377,1.39599584579049,1.60476531300864
859340-99999,-70.855,-53.003,21.3203049556933,0.943453644830197,5.355439615061,2.26838729668294,3.35049412419577,0.521405963161199,1.59840292701498
860680-99999,-60.622,-22.045,4.12151752573507,2.08297125102771,8.58439611979313,1.9762480068781,3.28905664272836,1.0430987703385,2.60998731620266
861280-99999,-58.783,-23.5,2.06727043957417,2.14605157383309,10.9000262806127,2.02708481520934,3.30161444758197,1.04707667819764,3.3014231230408
861340-99999,-57.427,-23.442,8.00472844001266,1.40289219776917,5.83876380174521,2.01844036140681,3.27609148136873,0.755583585352883,1.78223466437079
861700-99999,-58.836,-24.742,7.28356945605789,18.0862164133789,5.95232135712868,2.00554467249725,3.2768050458955,7.41803433696283,1.81650152320918
862180-99999,-57.519,-25.24,9.58171217044047,-0.651783991605293,5.75324968481989,2.0493834599781,3.2771077170596,0.451789230489158,1.75558760393205
862600-99999,-57.15,-26.667,38.7024833754391,-1.24065714033416,28.4234612984443,2.47838983551567,3.50834713335885,0.584428915106336,8.10166731455449
863600-99999,-57.983,-31.433,17.5960842738091,-13.3901114296564,3.37960833510605,2.20671351119082,3.31963868722484,5.13172575236655,1.01806511296304
864400-99999,-54.217,-32.338,15.1138478895699,-11.5055779272575,3.71753754997553,2.16108358247332,3.30176844121802,4.51153733250988,1.12592315789539
864900-99999,-58.067,-33.25,13.2453855451403,-3.38557784268058,3.06341456691099,2.12444534854968,3.29056245592117,1.48053296092747,0.930969889782386
865300-99999,-56.499,-33.359,1.48332931288972,2.59108864045289,3.35195973337402,2.06813895987219,3.30437952243668,1.20362982251035,1.01439913624155
865650-99999,-54.3,-34.483,41.2011483438534,2.01780385262351,3.23717914925898,2.50199029080403,3.53025670727215,0.838711524263177,0.916981233288377
865800-99999,-56.031,-34.838,4.72234234868686,0.91357646669763,3.30470432874427,1.97608169798094,3.28568029242363,0.570892498357504,1.00578998399951
868910-99999,-41.766,-22.343,42.3888936493349,27.0093520316163,2.8909095245573,2.51285168646701,3.54054133717728,9.13066917803539,0.816516246880513
870160-99999,-64.329,-23.153,30.3125663612192,8.47134162778873,5.94041279996538,2.38942410599199,3.43238073519807,3.10488917469203,1.73069751238496
870220-99999,-63.794,-22.62,54.2831775026385,-4.37928229309268,8.60391271249741,2.61226907039591,3.63917227397606,1.56775721595048,2.36424990760248
870470-99999,-65.486,-24.856,567.957885481408,-17.3532970585057,6.77336768230597,5.23411886553006,8.16246449080009,3.11352057346222,0.829818946219029
870780-99999,-60.549,-24.721,1.844417069667,1.04312838960166,4.80436026639077,2.04063050750664,3.30276065482809,0.607380091297132,1.45464984250905
870970-99999,-54.473,-25.737,38.9386782024187,-7.29155194826944,3.35437778600186,2.48066756803574,3.51043393437424,2.61402916307238,0.955545054745435
871290-99999,-64.31,-27.766,10.8869861108278,-0.487878007674125,4.09508041411559,2.07620767385033,3.2803307860984,0.383462101173571,1.24837422843757
871620-99999,-58.228,-26.213,2.82012602736409,5.1249610716153,3.84033622261134,1.99587815871719,3.29718148843072,2.25370018643313,1.16473304126159
871780-99999,-55.971,-27.386,17.9777719551274,-0.499428361999415,3.92531042533554,2.21340423079729,3.32261696627288,0.368330066952741,1.18139119410407
872170-99999,-66.796,-29.382,67.6222116019487,2.20185541932621,4.95796746080152,2.71129456797544,3.74251972358008,0.841360193571277,1.32476722288554
872220-99999,-65.752,-28.596,853.665609576792,13.8001031157481,12.5185278533463,6.21108682038219,10.8314696297071,2.13081777936732,1.15575524663912
872440-99999,-63.683,-29.9,113.46705209284,0.593117034369371,4.89360903598132,3.01503906616741,4.08023929489352,0.310982897712497,1.1993436370523
872570-99999,-61.95,-29.883,0.31962279741299,4.01664309577595,4.92866034214331,2.23195972263636,3.30713243262016,1.65326123161778,1.49031236049971
872890-99999,-57.152,-29.689,3.35573996662978,1.94211659118426,3.5998155935591,1.98376369047164,3.29378820784986,0.983232261810113,1.09291046248205
873110-99999,-68.418,-31.571,58.6486760418951,1.94650909426942,6.59383565475405,2.64572042818675,3.67366839389554,0.777726168017935,1.79489135865145
873280-99999,-65.146,-31.945,94.881954353041,-19.0573056932645,6.99404635139716,2.89584964099556,3.94361671407488,5.75917892746597,1.77351067775811
873490-99999,-63.883,-31.667,23.4279058247465,-3.41631453291878,4.30819425820118,2.29995021474147,3.36919258293536,1.39870863142486,1.27870228612688
873740-99999,-60.48,-31.795,31.6480887809548,2.09234064748429,4.07262285236276,2.40481045968114,3.44466684791625,0.892430223405644,1.18229803698618
874160-99999,-68.509,-33.063,28.7579782437173,-13.3971194709768,5.98641420637382,2.37079606883608,3.41803786200934,4.84085916858984,1.75141834235114
874360-99999,-66.356,-33.273,194.010159576028,1.7091024795608,5.91906413615106,3.49816141867759,4.71172219161795,0.55252958753513,1.25624217545783
874530-99999,-64.261,-33.085,9.04513581026646,2.63487294915787,4.20788860163105,2.03857344692737,3.27638467726751,1.23489550911054,1.28430847294171
874670-99999,-62.158,-32.684,2.76703141172061,7.08544331383583,5.44233233327708,1.99747279281762,3.29751282752284,3.03724762714153,1.65043553063764
874800-99999,-60.785,-32.904,9.46010361910031,3.57868948773628,3.42533799857764,2.0469163521995,3.27691139205153,1.60142263180884,1.04529466585094
875060-99999,-69.574,-35.494,147.350642947006,-7.64844686598742,5.57391501402358,3.22423202339424,4.3370136331955,2.1879536008503,1.28519656275942
875090-99999,-68.403,-34.588,203.084995274253,-2.68743138083712,5.37794252489239,3.5496310035553,4.78733463616837,0.787091806151912,1.12336883330903
875340-99999,-63.362,-34.135,1.90207090023097,1.06048936999176,5.04193493998518,2.03689836241246,3.30247381068917,0.615117023650809,1.52671458700622
875440-99999,-61.858,-35.845,1.73753229632443,0.778371583484585,3.50472326425915,2.04800220607131,3.3032729694426,0.501715257717798,1.06098505835881
875850-99999,-58.483,-34.583,17.0901788422907,1.16475465020318,2.91909241809258,2.19771112510545,3.31577497071755,0.617098930538053,0.880365056094527
876230-99999,-64.276,-36.588,15.8457668871378,-2.36844950440177,3.91820116648823,2.17491638914234,3.30673306568399,1.07235108956863,1.18491607537053
876400-99999,-61.067,-36.2,2.84468981188785,-2.30071895989143,3.32126447247584,1.99516688618813,3.29702764283548,1.12245757003055,1.00735111508483
876410-99999,-59.883,-36.833,2.61729500836165,-1.52229962171906,4.03909091493383,2.00241096042655,3.29843659670974,0.80814049079067,1.224547083598
876920-99999,-57.573,-37.934,3.73719094632214,-0.873095885672319,3.4770482302893,1.97881033313879,3.291389957077,0.553933420123208,1.056407255182
877150-99999,-68.156,-38.949,103.157666879745,-4.13822190295286,3.69681855910152,2.94939337246115,4.00423000123216,1.34464858081509,0.923228325536735
877500-99999,-62.169,-38.725,25.0025871315638,2.74889839436144,4.07951156714298,2.32212888040975,3.38347937407063,1.1512225458285,1.20571492127495
877650-99999,-71.158,-41.151,397.465680319605,-8.70447210236232,5.15918661820242,4.52824365338408,6.54289990032699,1.83055411329711,0.788516819269172
877740-99999,-68.733,-41.25,97.427309290762,-8.62838970976829,4.79129480823774,2.91240753885203,3.96223624005985,2.67505847582296,1.20924006494004
877840-99999,-65.031,-40.757,20.7920840864362,-17.0770545209494,5.32912701210409,2.26011521031306,3.34591578738497,6.36823218656723,1.59272598318116
877910-99999,-63,-40.869,19.9141655311702,0.825559247465083,3.65404531922532,2.24602870538278,3.33843087035938,0.482718641967113,1.09453975868369
878030-99999,-71.139,-42.908,187.40641619781,3.54832115382867,5.50833835826743,3.4603434409409,4.65723141809989,1.02221466754077,1.18274954876835
878280-99999,-65.27,-43.211,43.0642973294907,-7.10937150365986,3.53066502950383,2.51893429921536,3.54635214031503,2.52054889224903,0.995576550159003
878600-99999,-67.466,-45.785,187.580595836116,-10.5873766863106,4.4329387451058,3.46134488412299,4.65866276868519,2.79889204566577,0.951547464414751
879040-99999,-72.05,-50.267,246.182456308347,7.72189035745877,5.19290501906289,3.78638891318216,5.1568890697641,1.91813914322463,1.00698404577092
879090-99999,-67.803,-49.307,27.6277513377402,-2.60084532249642,4.1498595534598,2.35672525560282,3.40760452028421,1.08545451349051,1.21782311555147
879250-99999,-69.313,-51.609,46.8429268818863,3.21484369893468,3.91258366286657,2.5518476807434,3.57836922253123,1.2172441378299,1.0933985342348
879340-99999,-67.749,-53.778,4.48622454214742,0.82728534683321,3.89252963648399,1.97565861851121,3.28696096918505,0.536134237939237,1.18423360452895
879380-99999,-68.296,-54.843,380.238144030454,40.6303552101029,5.25853332228797,4.44998831852714,6.38085474906716,8.30918227749296,0.82411111505974
888890-99999,-58.447,-51.823,18.3675401226464,-0.495363624645232,3.45924292346631,2.22014722112812,3.32571014918096,0.365922703342663,1.04015165732896
889000-99999,-38.05,-54,21.6038909980727,0.556035348644275,3.86449928642119,2.27276679959775,3.35297256508297,0.380859778325922,1.15255917291574
889030-99999,-36.5,-54.283,272.432369632469,8.71971441653154,8.41671595445459,3.924638838071,5.38924041975363,2.08372135081449,1.5617629385403
889630-99999,-56.983,-63.4,100.723491600725,-1.14535462594023,8.88164775918998,2.93372937265637,3.98637548782605,0.479174229350336,2.22800079578895
890020-99999,-8.25,-70.667,16.6622007610907,-8.39170091842886,4.58582664137298,2.18997572441324,3.3125871396554,3.30549485548551,1.38436407799676
890220-99999,-26.272,-75.61,5.13779512817833,-9.20502641367091,5.0290313905143,1.97811569850132,3.28359408628195,3.91629269752828,1.5315630551061
890340-99999,-34.617,-77.867,117.644982374843,-4.90496783527675,6.09511414019908,3.04134953801386,4.11127177106692,1.5262452286221,1.4825373946557
890530-99999,-58.633,-62.233,34.2457743119465,-3.38992600490746,5.28922437826887,2.43328477015592,3.4683930495882,1.32613309300368,1.52497836970837
890550-99999,-56.717,-64.233,104.767824241076,-11.1063662477124,6.63280920295411,2.95971849232735,4.01605663456216,3.35471405360059,1.65157262621054
890630-99999,-64.267,-65.25,5.47145408026696,-5.28722550043408,5.21105460827084,1.98075724363322,3.28208738973985,2.33284635781547,1.58772573349544
890650-99999,-68.283,-71.317,253.203486043272,-4.17333978319879,6.21675257030638,3.82379552051232,5.21855563472591,1.08084199658106,1.19127839299789
890660-99999,-67.133,-68.117,199.190452158102,1.2014239312583,6.0408269883518,3.52761287847472,4.75478308625725,0.422439788181092,1.27047372693228
892570-99999,-59.15,-75.867,12.994024223996,14.7544085448896,6.14154472132417,2.11938715306491,3.28924197897659,5.82365555509448,1.86716111510745
892620-99999,-61.467,-67.017,3.78570321223354,-20.2352316122114,9.27796493038166,1.97836282350979,3.2910897800579,8.36650365132846,2.8191163263308
892720-99999,-71.483,-74.8,17.3544193385358,-4.32292965789248,6.86706197260729,2.20243229910245,3.31778066055631,1.78466252771413,2.06977575529536
895040-99999,2.533,-72.017,183.209169686514,3.04146452508088,7.44320488776175,3.43614625090208,4.62283783438074,0.899728897082839,1.61009430882596
895320-99999,39.583,-69,110.329340692923,5.89556119606589,6.15489141656099,2.9951721486996,4.05702737161794,1.8298272371063,1.51709388495114
895640-99999,62.867,-67.6,75.1664633341916,0.248649497577105,6.90383951802951,2.76407191891864,3.7989278355984,0.229360601167491,1.81731262524549
895710-99999,77.967,-68.583,21.537151209256,-3.47851087434333,5.04328079209586,2.27173994171922,3.35238806819014,1.43538389531436,1.5043845430516
896110-99999,110.533,-66.283,57.9236746397853,-0.0724988530295294,7.59189757998456,2.64024758143334,3.66799190428397,0.182310100774989,2.06976944826888
896420-99999,140.017,-66.667,258.789245451428,2.55060794497254,6.93528829128214,3.85332974575779,5.26787511796415,0.7007527853697,1.3165248104747
896610-99999,169.75,-73.517,385.907114926478,-33.2107564933712,16.2834416982034,4.47589879907105,6.43410561181391,6.77480749802722,2.53080112149616
896620-99999,164.1,-74.7,16.4574246971443,0.0580267055761272,12.5597878547902,2.18623579742873,3.31108980982318,0.207735562942863,3.79324892291609
897670-99999,69.867,-70.9,19.2927214090694,0.372028241530935,5.24105574741417,2.23579542331423,3.33324092437083,0.318747605942894,1.57236031427985
898280-99999,123.367,-75.117,6.72408239880633,-6.05065666776338,16.8604954522073,1.9964650571793,3.27790019704448,2.62397290477794,5.14368786072547
898660-99999,163.75,-77.433,191.297336899578,14.9115615188299,7.95029195391717,3.482663030956,4.68928210054157,3.86966243416544,1.69541771713819
911620-22501,-159.783,22.034,203.731437866779,4.28999072589392,2.83189305285347,3.55327551082847,4.79275234601618,1.18175799130784,0.590869890284941
911650-22536,-159.339,21.98,53.6604141226872,10.5198547595916,3.12196413262893,2.60739187994824,3.63418581317125,3.54633570059247,0.859054625471849
911760-22519,-157.768,21.45,87.5366450476208,3.13952382764764,2.87799231277196,2.84755812030326,3.88990757511471,1.0872175170234,0.739861361021435
911977-21508,-155.554,19.76,386.876411303172,-10.8537495699925,7.8473904501347,4.48031326876815,6.44321799984906,2.27972598454651,1.21793030288879
912120-41415,144.8,13.483,62.0952446649723,-3.66338866839365,3.08707427100397,2.67134647877052,3.70039922919839,1.31281419304513,0.834254381701597
912320-41418,145.717,15.117,58.8544676157251,0.323834766274414,2.69431387091168,2.64726838260071,3.675276098718,0.26176184110287,0.733091555176358
912850-21504,-155.049,19.719,167.329935187475,8.59915357790176,2.52972683685122,3.34345975181069,4.4944636645346,2.36743823676443,0.56285399675451
913340-40505,151.85,7.467,0.178399112464501,5.46475734106183,3.54784776693377,2.26471998987998,3.30727804904288,2.15745441234386,1.07273948979298
913560-00493,162.953,5.354,0.835860599057782,6.00704099018772,4.4663689034915,2.14085830799761,3.30636714432415,2.46398717056561,1.35083876306921
914130-40308,138.083,9.483,11.8072411163598,9.07167402846662,5.41225879972289,2.09519199256585,3.28371517033742,3.68823349327738,1.64821201565017
915790-99999,166.573,-20.641,8.85196994832588,5.21075008708215,2.53855415861348,2.0347386057271,3.27621702820946,2.25299369101769,0.774843100061924
915870-99999,168.038,-21.482,12.8647469924745,6.34660533750996,2.62906403491643,2.11677545465828,3.28858219305732,2.61642829357861,0.799452128782663
915900-99999,166.213,-22.015,243.205378764028,-1.17375620830549,2.9580951211482,3.77043146012326,5.13085464662596,0.391940773182947,0.57653068053554
916520-99999,-179.983,-16.133,52.4193986829091,-1.13510974978597,2.65998295443821,2.59758505126037,3.62419639011706,0.527865973888485,0.733951107531535
916700-99999,176.9,-17.15,4.29431455632148,9.08404994150895,2.52595220784621,1.97576647276401,3.28804724624587,3.87114457156739,0.76822260103781
916910-99999,-178.8,-18.233,2.35286857323857,-1.3804333031597,2.60863548769379,2.01287969994035,3.30001554507436,0.748318076350547,0.790491878617804
917530-99999,-176.199,-13.238,23.6094109449965,8.06603040625623,2.56788073115752,2.30256538900811,3.37082837873615,3.05649618019722,0.761795156156931
917650-61705,-170.714,-14.331,1.14788423225566,3.92921915712308,3.09856702116313,2.10136508509312,3.30556640341085,1.70265188170023,0.937378543648638
919250-99999,-139.033,-9.8,6.73092453526434,2.11922551176035,2.72855092370046,1.99656999878904,3.27788390482317,1.04912961103867,0.8324123132261
919290-99999,-151.75,-16.433,1.36023857216787,1.04935523984242,2.40098712842313,2.07936826789771,3.30485313680473,0.600672365836775,0.726503426637742
919380-99999,-149.607,-17.554,97.1609791729337,4.4609641989398,2.67070152575201,2.91067892450245,3.9602873107326,1.45453861496608,0.674370649451179
919440-99999,-140.946,-18.075,2.74561864589335,3.98980476737409,2.47741962170351,1.99813847731934,3.29764594913577,1.79726016317235,0.751269135594371
919480-99999,-134.967,-23.133,87.6056077859157,0.569421743705875,2.65094891439645,2.84801536711179,3.8904121587472,0.319419604285874,0.681405672773272
919540-99999,-149.524,-23.365,1.50425271053316,2.31035497217407,2.8061471060517,2.06633153994297,3.30429481868589,1.09508647983827,0.849242352765513
919580-99999,-144.333,-27.617,0.261453564035629,1.33198446016001,3.02256700196123,2.24494282877129,3.30719284108961,0.667403503256224,0.913937332110756
920350-99999,147.22,-9.443,81.7761688656422,18.1284979032823,4.29692157313741,2.8090690639017,3.84768726702537,5.62952828833303,1.11675437085596
930040-99999,172.683,-34.433,204.517188830411,1.03255492348287,3.77391451333441,3.55770150483387,4.79934311284629,0.377690404692697,0.78633980205184
930690-99999,175.1,-35.9,58.4785415859391,11.6853091339776,3.19326827199004,2.64443886247706,3.67233807212153,3.87519352956302,0.869546378703982
931190-99999,174.792,-37.008,54.7106062117288,3.87729342175535,1.96036252619322,2.61560017696212,3.64258475597884,1.40495993488595,0.538178973866163
931960-99999,178.3,-37.55,3.00516956287315,3.1974130243211,4.07029546600932,1.99091330882647,3.29601579767842,1.48436037947183,1.23491382197751
933730-99999,176.867,-39.467,137.597605084942,2.25669885879439,3.19551966581206,3.16495183455186,4.26182986989286,0.752178741560863,0.749799913034162
934040-99999,175.6,-40.317,57.4136202379253,9.93103595830523,2.80789543499933,2.63637871066084,3.6639863899232,3.325821567035,0.766349854006468
934980-99999,176.2,-40.9,84.1184868016856,3.90903659213146,6.88628634109021,2.82479255287262,3.86487559325255,1.32610877882352,1.78176144999662
935270-99999,173,-40.55,14.0158727591736,4.11573611400692,3.55153710706012,2.13977047117817,3.29490210776842,1.74853691425181,1.07788850499887
936140-99999,170.983,-42.717,165.322892899843,6.39719240949808,4.39377112473447,3.33161489557099,4.47843915601922,1.800074537102,0.981094299077179
936780-99999,173.7,-42.417,59.7158889790347,13.6616536448993,4.43533565546893,2.65372232459528,3.68198912199715,4.49045673249521,1.20460313936592
938000-99999,166.883,-45.217,356.661311855348,8.2980957583144,7.22355396342972,4.34050025929648,6.16027305540787,1.81760051379341,1.17260288601792
938050-99999,166.6,-46.15,26.0638988435144,0.759352637744269,4.74634686154885,2.33645568397547,3.39320179956609,0.443988123931909,1.39878119307723
938310-99999,168.733,-45.017,618.943350064115,6.5949145111216,6.61316870471491,5.42471362411228,8.64601250480915,1.1975118058444,0.76488077030151
938910-99999,170.183,-45.917,96.5032418212387,3.20747876206433,3.17217561863505,2.90640603007358,3.9554749486742,1.08838427637009,0.801970853006742
939290-99999,166.3,-50.483,15.8691228496734,2.45568055518989,3.39489499971724,2.17535267531555,3.30689609714304,1.10478165456869,1.0266107249787
941020-99999,126.15,-13.75,6.9159042429117,-2.29540196261256,2.39649285355773,1.9994680241094,3.27747071000264,1.11839876951761,0.731201913183779
941160-99999,130.367,-12.633,1.18836158053464,2.08122041216254,2.86460434156162,2.09689591720718,3.30544087405242,0.993963753055802,0.866633060675401
941220-99999,130.017,-11.783,4.61696105130192,-0.0116773791802054,2.77090838238007,1.97582126074379,3.28624387969653,0.206669757342049,0.843184037405025
941300-99999,130.8,-14.95,60.642221493196,-4.95429873122139,3.21795141710839,2.6606180167948,3.6891789319088,1.72570639736865,0.872267644509019
941310-99999,132.378,-14.521,53.0801328849556,-0.197973979257168,2.97235808973757,2.60282122862005,3.6295237470825,0.224948177103837,0.818938873764588
941350-99999,132.983,-11.05,1.64364702459556,1.50659306189655,2.52460054150056,2.05499205326313,3.30370080011024,0.785361762410891,0.764173481271765
941400-99999,134.9,-12.117,15.3265790146227,1.05003147373025,2.91057037939228,2.16513589593983,3.30318168282621,0.581595661253758,0.881141474755935
941410-99999,133.083,-13.333,111.794106789143,-1.66543767114147,3.22203116665233,3.00445828197765,4.06785382509472,0.617909387672739,0.792071521050122
941470-99999,136.75,-11.017,17.9250657557627,0.0703872668284285,2.71788397243885,2.21248549433003,3.32220263047222,0.210282144557352,0.818096990084114
941520-99999,136.3,-16.083,16.0012132232975,-0.777801850795076,2.62911693225207,2.1778140669695,3.30782323012712,0.477180946413197,0.794817845254395
941530-99999,136.46,-13.975,5.957566947556,-0.140770131830723,2.95462313948673,1.98591250901464,3.28018062102453,0.257760532402932,0.900750135693407
941710-99999,141.925,-12.679,7.43515677180791,0.0319658128021523,2.60238925380732,2.00815819398187,3.27659045344618,0.212094202861113,0.794236963936166
941820-99999,143.067,-10.05,3.33454554753662,1.38051480926397,2.49910460374818,1.98411996154642,3.29392278778097,0.757014491398922,0.758701634725251
941830-99999,143.117,-13.767,22.6087180796959,-0.0783161129173336,2.78387649332879,2.28794835385654,3.36185440730271,0.207434299174644,0.828077648836184
941880-99999,145.317,-14.967,29.7379040147502,-2.71904978570954,2.45635827640783,2.38263179919553,3.4270822172041,1.11670515346702,0.716749152989912
942060-99999,125.567,-18.183,10.9690590218117,-0.580025674677567,3.46441126635117,2.07790349942454,3.28059753435078,0.418955044251525,1.05603056457724
942100-99999,123.15,-15.517,4.94637527532338,-0.202187015117895,2.83310182010378,1.97698994217215,3.28452750473258,0.283483999334339,0.862559931686261
942120-99999,127.667,-18.233,6.97844088896306,-14.0212195997264,3.36561705345499,2.00047317949745,3.27734290170138,5.80738866499057,1.02693467067721
942160-99999,128.708,-15.778,43.6460124156822,-1.85918467684382,2.78663124221522,2.5241214286778,3.55133521007276,0.780122337175892,0.78467142000885
942170-99999,128.45,-16.633,2.54599597275828,-4.9793796289139,3.50541659479355,2.0050040457026,3.2988697660489,2.18737356465109,1.06261139220177
942310-99999,130.633,-18.333,22.5829841070855,-0.645826265664268,3.46788887483998,2.28756596044729,3.3616251839503,0.411049023385409,1.03161080878292
942320-99999,131.017,-16.4,27.8272623838161,-0.0235912651428374,3.36690405991792,2.35924307616163,3.40944560396299,0.183122333847086,0.987522445292684
942340-99999,133.367,-16.25,6.98450581047047,-0.852465939119026,3.17770113954827,2.0005713144256,3.27733082548501,0.540862774565458,0.96960035735117
942380-99999,134.183,-19.633,41.1359016426354,-1.0588057098437,3.19867236811788,2.50138730726512,3.52968930029941,0.519361731846627,0.906219243672962
942480-99999,136.8,-15.75,9.68925829347942,0.410317285790085,2.84731241460152,2.05157215115902,3.27729681570757,0.35676721325579,0.868799066643827
942600-99999,139.533,-17.75,1.33423915468075,1.54268506653536,2.61510943562806,2.0818761703486,3.30494764227237,0.791163065833464,0.791271063474397
942610-99999,138.7,-18.75,19.7015626035649,0.728535005681055,2.85750460931649,2.24255254912586,3.33664445952127,0.447953132592711,0.856400687571751
942680-99999,141.75,-15.483,0.270822844064996,-1.37636801015689,2.94337378620332,2.24280547866518,3.30718319684745,0.68410538944601,0.889994176618058
942870-99999,145.755,-16.886,288.280591884716,3.546197628105,2.49558548432211,4.00602901256438,5.53168834845214,0.897951969865883,0.451143543728456
942890-99999,147.867,-16.467,8.04954187655825,0.172137467675506,2.44377488856671,2.01927609708322,3.27607251935194,0.266797858501375,0.745946518012407
942900-99999,148.45,-17.717,6.78584963710849,-0.0382138962126635,2.32975183668208,1.99741836854334,3.27775572822062,0.215508103484714,0.710776528166368
942940-99999,146.765,-19.253,50.6352281519428,-0.953901696249131,2.17282940861005,2.58326642346922,3.60970679736129,0.471545918050518,0.601940692301768
942980-99999,152.383,-19.083,8.394094425084,-2.21110135228436,2.57508023005033,2.02580925994171,3.27602344174166,1.07335949522448,0.786038401691448
943000-99999,113.67,-24.888,4.01258943229849,-1.6013431690309,2.45317424486282,1.9767548448517,3.28970663846901,0.84842598507432,0.745712160523985
943020-99999,114.089,-22.236,44.5387788037964,-1.25821065269038,2.63683765077913,2.531993101264,3.55894404343007,0.579886099330966,0.740904498244872
943080-99999,117.15,-20.75,10.6198259758684,-1.51241695244986,2.32004144647205,2.07068913276289,3.2795126758454,0.782831703297777,0.707434816020032
943120-99999,118.626,-20.378,33.740876232582,-5.17971526133391,2.99043045397155,2.42788997056884,3.46380312675557,1.93986636056219,0.863337304268961
943160-99999,117.75,-23.167,25.9512229106015,1.16198772290195,2.96191417037626,2.33495727666346,3.39216703967427,0.586247890429583,0.873162829463927
943170-99999,119.8,-23.417,48.6031669995616,-0.616112540363818,2.92621051585754,2.56661024966805,3.59300959516423,0.363956437074009,0.814417673639356
943210-99999,129.367,-23.267,13.1057301518612,0.231729793016564,3.37863530700432,2.12163834992968,3.28982274496235,0.279111645218415,1.02699615417821
943270-99999,136.15,-22.95,13.0904732853472,-3.57720579636853,3.07631554496275,2.1213311884342,3.28974284756889,1.55539514211631,0.935123408577707
943280-99999,133.633,-22.45,13.6927828469712,-0.958142315700665,3.16311276806471,2.13337872363271,3.29303063626657,0.553715385719066,0.960547628445646
943320-99999,139.489,-20.664,53.6979988228652,-1.13032106830217,2.44789759636951,2.6076870403038,3.63448724637652,0.524609153739881,0.673519379882265
943380-99999,140.883,-21.833,17.2911542327146,-0.948131696947993,2.82234129672554,2.20130575281762,3.31729794402291,0.53608581532746,0.850795238881337
943410-99999,143.115,-20.702,2.73446040123284,2.15430287665199,2.66202400321421,1.99849059818616,3.29771519558136,1.06236256345289,0.807232840113385
943420-99999,143.083,-22.367,5.07733503859626,-0.185240573926797,2.60311374164123,1.97772736551314,3.28388361386289,0.276560118544311,0.792693666320026
943430-99999,144.233,-20.817,46.2751466001387,2.26008090974814,2.87045765492206,2.54701367842594,3.5736105006419,0.905831479947269,0.803237413368486
943460-99999,144.283,-23.433,10.5732478885501,0.0926066714003614,2.60416820472333,2.06972757301448,3.27937804262225,0.230610698824074,0.794104299924198
943630-99999,148.183,-23.567,0.896700596661447,-0.100501718684394,2.50386818696461,2.13239775036879,3.30623391842784,0.228119674771894,0.757317312912703
943660-99999,148.21,-20.02,8.82797835206212,1.08096600568681,2.17036497411714,2.03426483812369,3.2761997188585,0.623836144472305,0.662464184226639
943710-99999,150.383,-20.533,5.72251570044307,2.81548117431977,2.16143196900174,1.98324470268411,3.28105892309617,1.33514074176263,0.658760485460012
943730-99999,150.75,-23.133,24.5526993322134,-0.61556493246681,2.022387504535,2.31590798637178,3.37937773816753,0.396165264584581,0.598449673646616
943790-99999,152.467,-21.967,8.19373612229966,1.7494998986399,2.33159589641382,2.02198793674931,3.27603125426251,0.891955058888731,0.711713569087636
943870-99999,152.317,-24.9,7.03825568937915,4.63801116662375,2.37810483588703,2.00144596586566,3.27722626266625,2.05401645157891,0.725645605547015
943930-99999,154.4,-20.933,12.5910679073639,1.09293629450035,2.41334590353328,2.11122509047166,3.28723022973819,0.610034079525722,0.734157857791875
943940-99999,155.533,-23.25,7.14155533171368,2.08788944618981,2.45656948775995,2.00315113528127,3.27703771104044,1.03385265464565,0.749631131641755
944030-99999,114.708,-28.796,54.9659249240312,-6.89809509866527,2.56664605516841,2.61758378542267,3.64461935944361,2.37302206062836,0.704228837647461
944050-99999,113.6,-28.3,10.0222574573121,-9.26410005863338,2.10105643482234,2.05838290465263,3.27797246795556,3.81651239182241,0.640962197017095
944170-99999,116.017,-29.2,17.114889912075,-3.10996237138952,2.51090235480229,2.19815441008016,3.31596135698684,1.3379376502334,0.757217013253708
944490-99999,122.417,-28.617,16.6894917128938,-2.80815533901828,3.21051606144783,2.19047226124124,3.31278809040568,1.22958165623015,0.969128110169786
944570-99999,126.583,-26.133,4.15037284967349,-2.64251716418773,3.29856381680854,1.97614074630048,3.28888616578359,1.26911895815408,1.00294253146419
944610-99999,128.3,-25.033,29.1249721968001,-5.36356192620489,3.35385673865762,2.37526704736284,3.42142594719687,2.03931037695538,0.980251155634506
944740-99999,132.183,-26.267,14.2015656308474,-1.16287701522493,2.90136363719882,2.14342024972643,3.29600987492605,0.62906267567445,0.880265456505622
944760-99999,135.45,-27.55,28.8650766476065,0.846815929536665,3.13703433884151,2.37210565049574,3.41902665287541,0.468929800442473,0.917522633584402
945100-99999,146.263,-26.413,8.79825540895723,-1.16199785018571,2.93721026545967,2.03367871375335,3.27617935971486,0.655962352749792,0.896535245162923
945150-99999,148.783,-26.55,40.7619189688885,4.14294382192762,2.8258634204799,2.4979179523805,3.52643212523045,1.54872277883419,0.801337816843769
945170-99999,148.6,-28.05,10.9179929085111,2.09057988060026,2.86084124230471,2.07684834661469,3.28043072184187,1.005328809514,0.872093174611663
945530-99999,151.95,-28.617,143.643348120281,-2.91681252692033,2.94608385942414,3.20178321528715,4.3083062071175,0.923017996518548,0.683814872433415
945550-99999,152.1,-28.2,102.006866275053,3.05616359564073,2.71091722825995,2.9419963149427,3.99578552804366,1.03316891427292,0.678444128002841
945880-99999,151.7,-29.683,67.9938075343007,-1.99261358364785,2.75400246668752,2.713937114949,3.74532393806514,0.775563893908797,0.735317561906343
945956-99999,122.229,-21.715,9.25429694072386,-3.2437309707021,2.97902848237533,2.04276259717762,3.2766221474234,1.47230849425641,0.909176691220841
946010-99999,115.133,-34.367,18.4256312202689,0.399225843043633,3.66605616255223,2.22114450312067,3.32617541429724,0.330458688251352,1.10218365116706
946020-99999,115.5,-32.017,49.3598325976506,1.27048940334112,2.36795916637561,2.57285836126551,3.59925197821898,0.576170195691014,0.657903136736581
946080-99999,115.867,-31.917,4.97467558684668,-0.738610450796144,2.02539337071295,1.97713694232417,3.28438644343075,0.500016946836221,0.616673283000552
946120-99999,116.015,-31.668,79.2075785468279,3.02633932828557,2.50382581775983,2.79169972718833,3.82879154299581,1.0712822008518,0.653946758302943
946170-99999,116.15,-34.25,43.3003225967838,-0.39546749508364,1.98869037961003,2.52104459094496,3.54837638645526,0.29640989006506,0.560450798624742
946370-99999,121.462,-30.789,1.09285100862678,0.844346334476109,2.54017495311616,2.10766535618933,3.30572907662239,0.515536370986132,0.768415951288896
946440-99999,127.533,-32.2,3.66863532972524,0.456108049439995,2.61105440123331,1.9795089726828,3.29181641631106,0.38560378686813,0.793195631535054
946470-99999,128.879,-31.68,59.8468938010177,-8.98113833899453,2.83032176508435,2.65470029057535,3.68300772614022,3.00540066114026,0.768481082729229
946510-99999,130.9,-31.45,33.1523407426338,-2.78270636593937,2.85785035760345,2.42151922633094,3.45843881104452,1.12362990335752,0.826341165405879
946550-99999,134.583,-30.717,6.0578820398658,-2.1609161214857,2.93572063038488,1.98714147466659,3.27983109076107,1.06986922480652,0.895082871387643
946590-99999,136.817,-31.144,33.7750228002172,1.15248642914567,2.65967256867458,2.42825685206478,3.46411390559748,0.564324276396883,0.76777861270005
946620-99999,136.5,-33.717,54.4045675479139,0.843108470099873,2.63173426148434,2.61321643840123,3.64014223599277,0.431421488571355,0.722975667121587
946900-99999,140.538,-35.378,11.037647651721,0.239834344187264,2.51619975812728,2.07932066403748,3.28082591346711,0.286833023323739,0.766940954653766
946910-99999,141.467,-32,36.9850480127006,-0.720619326923534,2.85964947937244,2.46150665771747,3.49307740313784,0.412161601508709,0.818661927389186
947100-99999,145.8,-31.533,5.61357686812008,-1.13114351812764,2.71357609316198,1.98211675344203,3.28149385527658,0.657158256502513,0.826933163016168
947150-99999,147.917,-33.367,38.9776845463283,1.3232267079809,2.63104031632542,2.48104273886818,3.51077824636473,0.611607034078662,0.749417972795563
947290-99999,149.65,-33.417,147.662211754906,-2.15926253726352,3.94782442841474,3.2261139808842,4.3394335116763,0.713682552628861,0.909755712996216
948110-99999,138.283,-35.567,260.687739553645,0.445896663614956,3.11829633315506,3.86332273545083,5.28468830716192,0.216783566324306,0.590062488440251
948130-99999,139.717,-36.967,13.6173612899155,0.626805472092073,2.04435468509027,2.13187929408365,3.29260430999854,0.428137215344595,0.620892914123403
948280-99999,141.467,-38.317,39.041815614277,-2.03030694950222,2.03283216236373,2.48165896184682,3.51134414335783,0.848623864056863,0.578932761748546
948390-99999,143.35,-36.283,3.85950963440627,0.404639898238215,2.32583730660666,1.97775397093052,3.29063589459038,0.365104812201543,0.70680481861582
948420-99999,143.517,-38.85,54.4926488817537,1.31242786033544,3.21651969198613,2.61390319026132,3.64084564038794,0.582043740474585,0.883454013074668
948430-99999,143.533,-35.383,9.25908479513902,0.757790896989873,2.46058822054396,2.0428588922754,3.2766282547519,0.494636529305949,0.750951291766319
948740-99999,145.183,-36.883,151.992599807911,2.96349342831285,3.60462364624881,3.25219580598396,4.3731832140279,0.923057752686923,0.824256261362713
948860-99999,145.811,-38.633,14.0532892380426,-0.416714976324236,2.43756637239164,2.14050731202245,3.29512346642093,0.347173807150754,0.739749632216136
948910-99999,146.467,-38.217,180.461285597656,0.402515358367656,2.71720161266564,3.42023664767385,4.60042367468686,0.230219611589821,0.590641602775987
949030-99999,147.267,-36.867,883.960563351782,-0.0432695947978624,10.9780786833764,6.30350820735117,11.1074224634455,0.0798513911118474,0.988355193970989
949050-99999,147.333,-37.05,162.915987732177,-0.249730227972614,5.19410473784369,3.31737146464302,4.45928273655783,0.19639959980754,1.16478479717415
949100-99999,147.466,-35.165,60.6120692495654,-6.47002614519936,3.04269892081425,2.6603942663274,3.68894536324943,2.20542930971047,0.824815393344311
949120-99999,147.567,-37.883,26.2220402577588,-0.996550881800818,2.53207093516212,2.33854985568539,3.39465494488511,0.52722374377302,0.745899355390248
949340-99999,150.05,-37.25,30.9063942739111,1.30657244515615,2.7441186847085,2.39633270112182,3.43784920533893,0.623744794393413,0.798207984354556
949530-99999,145.083,-40.833,17.6725994765032,0.702085762918679,2.44350209149032,2.20806173540014,3.32023152480918,0.443891565397072,0.735943283843965
949560-99999,145.283,-42.15,59.2624696156435,-1.2045026395831,3.13636084594325,2.65033031695001,3.67845896210242,0.541055212658879,0.852629016187439
949950-99999,159.079,-31.542,5.93940551500767,0.618673798254447,2.8461370933227,1.98569558421196,3.28024552817162,0.450044569157932,0.867659773903911
949960-99999,167.939,-29.042,111.772924989038,2.78840537007143,2.55348905778838,3.0043241439129,4.06769714896031,0.938385045168688,0.627748075699551
949980-99999,158.937,-54.499,0.00977689565243978,1.16567527783227,3.37940062179782,2.31018270054018,3.30745979001652,0.592728464776361,1.02175108280937
951010-99999,126.383,-14.083,37.994187856582,1.22427847673032,2.56755239955246,2.47149676089938,3.50206996093496,0.580272709504295,0.73315280054171
951460-99999,135.567,-12,0.972274155165117,-0.439049205774047,2.62538781782537,2.12242661843875,3.30605319604146,0.358084073419414,0.794115418641452
952050-99999,123.667,-17.367,5.72320034428169,-1.00585461561041,2.79352988171667,1.98325201733809,3.28105624511521,0.606404265494004,0.851411762866192
952880-99999,147.117,-15.5,13.4211806369912,1.10748045644435,2.42986235373385,2.12796651660684,3.29151466356357,0.61168224415579,0.738220121159402
953040-99999,115.4,-20.883,4.17123353476977,1.80586635469304,2.20480501748717,1.97607005256098,3.28876338578279,0.931260548266034,0.670405486456845
953220-99999,130.017,-20.183,23.7738515605482,0.0696016359729417,3.427592133566,2.30492117941958,3.37231315991775,0.203072243224606,1.01639200484263
953510-99999,145.433,-24.417,8.31066650244986,-1.27193831193551,2.73584249067728,2.02421096421316,3.27601974475446,0.701977107720811,0.835111722100543
954480-99999,120.7,-27.85,11.8357067493741,4.62610558723231,2.73730329569929,2.09577717521704,3.28383309508473,1.9747864478405,0.833569556198367
954580-99999,134.717,-29.033,41.4502361758348,-0.364214368922368,2.97441287440963,2.50428607662271,3.53242052184694,0.287660478024077,0.84203249755056
954800-99999,138.067,-29.667,37.3180294908302,-1.68509403173522,2.79227201110557,2.46482568695208,3.4960509378052,0.737005902691553,0.798693171461209
954810-99999,140.2,-28.1,2.45350643759592,-0.0510041344418761,2.69360917041004,2.00861525525173,3.29942393299653,0.219644735592021,0.816387716495622
954820-99999,139.348,-25.898,2.51401470876905,-0.016594131077318,2.69518325744849,2.00622046591926,3.29906243125096,0.206124775574298,0.816954305537806
954850-99999,142.058,-29.451,17.1000841106545,-2.63992820010062,2.59181821243841,2.19788885688817,3.31584965272422,1.16384638754997,0.781645274630903
954870-99999,141.817,-27.417,33.6092692044429,3.24598146094692,2.71357951429256,2.42647315318294,3.46260485230809,1.28003274414893,0.783681543241572
954920-99999,143.811,-27.986,7.73921116347071,-0.671662230866871,2.86824129475887,2.01356393782523,3.27626418195087,0.466135837340429,0.875460932167858
955290-99999,150.183,-26.65,12.3614273382093,-3.07339748723296,2.75168580591629,2.10654709713126,3.28614425785664,1.37093148678027,0.837360015263314
955430-99999,151.617,-25.617,96.648127562037,1.49477790904038,2.7511316491471,2.90734773318943,3.95653492069632,0.585434204325596,0.69533864967453
955750-99999,152.983,-27.967,138.718652409972,1.06445412977174,2.46766633912514,3.17180240530301,4.27041640414228,0.426072527081598,0.577851456530449
956320-99999,116.133,-33.95,81.6552477304941,0.168508435414051,2.1616287028142,2.80825443720844,3.84679892205793,0.202072859903167,0.561929216112442
956360-99999,119.1,-33.883,75.4375336984342,0.280311311036313,2.49437355541881,2.76593764588472,3.80093726486477,0.23892413010994,0.656252229805628
956440-99999,120.7,-33.55,28.5305056868299,0.400073599001316,2.44617557272412,2.36800119074651,3.41593764294627,0.313833063216769,0.716106623835872
956540-99999,135.45,-33.05,18.6038126073889,-2.06168418077392,2.7180072546914,2.22419104537833,3.32760912981643,0.940346744447271,0.816804843554851
956630-99999,135.717,-34.25,29.6496373793548,3.25005357978522,2.54934104756105,2.3815789707157,3.4262679301334,1.30138844636759,0.744057703467981
956670-99999,138.6,-33.817,112.51147395836,0.260533848710964,3.07437820121992,3.00899862452262,4.07316206055005,0.216738143867021,0.754789069405391
956950-99999,143.383,-31.517,5.13686145052081,-0.574842133431246,2.68205867380219,1.97810947886155,3.28359851973167,0.43373472503928,0.816804690855251
956970-99999,144.317,-32.883,11.3692840922996,2.95653386923447,2.90238177881042,2.08616924870022,3.28199873542745,1.336545885762,0.884333606677154
957100-99999,147.95,-31.983,0.0430617393554371,-2.41312254366715,2.56745673432508,2.30056942468357,3.30742213791502,1.04018936934452,0.776271255154503
957160-99999,149.733,-34.817,67.7767074032672,-1.81066733142463,2.53600362073989,2.7123938444226,3.74368599001818,0.719297646344468,0.677408208781841
957280-99999,149.267,-31.317,86.516916056324,-1.36748836323598,2.56624891743755,2.84078770870092,3.88244472511891,0.558996418231604,0.660987882411887
957400-99999,150.25,-30.95,68.7756736659563,1.71832199086329,2.80218127064618,2.71948125934523,3.75121425966138,0.689030875525098,0.747006456223892
957480-99999,150.783,-34.567,271.289366542729,0.0720048577340018,3.64325259240498,3.91870926479056,5.37902570102464,0.129450666123677,0.677307154660181
957730-99999,151.617,-30.533,97.1679889252446,-2.64296861166683,3.15329428998755,2.91072443272787,3.96033860372603,0.921495909053287,0.796218355425674
957840-99999,152.517,-31.883,54.464040106076,1.10626316096964,2.66653203228842,2.61368019460248,3.64061721230715,0.515872877296157,0.732439549885711
958050-99999,136.6,-35.75,106.286994268558,0.606454519318528,2.80156292793911,2.96943458743857,4.02722839334766,0.318914938856192,0.695655337692505
958250-99999,141.333,-37.583,9.92079888073398,3.83671096186124,2.08270442421381,2.05630303139045,3.27775236755734,1.69647765097019,0.635406275601561
959310-99999,149.817,-36.667,220.051382623653,0.917070250942263,2.97771499165228,3.64433031417044,4.93085348911913,0.341929851994897,0.60389443698199
959520-99999,145.533,-41.85,717.616945118236,1.26199034422935,7.19443246702817,5.77192164358514,9.57418563545142,0.280933092656139,0.751440669834991
959590-99999,146.667,-41.9,99.3310778750898,-0.691939797485512,2.92571982044648,2.92473832963614,3.9761736494144,0.348038209860007,0.735812889076756
959670-99999,147.15,-43.483,51.2951188574845,1.69586412057437,2.89688115811191,2.58859387161434,3.61508397935444,0.710959165190159,0.801331635628896
959850-99999,148.117,-40.717,12.5441381772828,1.74094011055791,2.59075757852051,2.11027056074987,3.28700464825809,0.858508747811239,0.788181902904655
959880-99999,148.017,-42.667,54.3092720405286,3.10003621803959,2.87582991271011,2.6124728105809,3.63938083608892,1.15664824630796,0.790197575420725
960110-99999,95.42,5.524,206.836558881601,4.10299074951875,3.84620878077865,3.57074115427013,4.81883288514056,1.13075004650942,0.798161893648334
960150-99999,96.253,4.041,46.7804292081139,1.58059370908232,4.12427460575286,2.55131737344907,3.5778462937395,0.681867355780992,1.15272548543225
960350-99999,98.871,3.638,24.5999000837442,4.19180901899549,3.47239365537629,2.31656490945966,3.3798074138035,1.66579119239811,1.02739394001997
960730-99999,98.889,1.556,332.192490060954,7.19026557972873,4.98158730049231,4.22380604865291,5.93315428702408,1.62798080626569,0.839618701874504
960750-99999,97.705,1.166,45.7611832436408,5.84263471330057,4.64589299602178,2.5426057037202,3.56928719774752,2.08460619972723,1.30163047651466
960910-99999,104.532,0.923,11.1497277198381,-0.92253536316795,4.10530562060793,2.08163609465186,3.28120967188383,0.551020868554978,1.25115613786758
961090-99999,101.445,0.461,9.51283680907853,10.2315973079437,3.98991397493571,2.04798509506262,3.27699422852054,4.21179752139797,1.21755294538222
961450-99999,106.25,3.2,16.5744186502271,1.4272979764798,2.94253326075061,2.18837558162772,3.31194299129597,0.716900566145184,0.888461325718409
961710-99999,102.333,-0.35,11.1743690665263,9.0613986439139,3.59397031210231,2.08214506292464,3.28129578465456,3.70288981095597,1.09528995493488
961790-99999,104.579,-0.479,14.2897481396552,3.73050731407903,3.03829170999222,2.14514721184474,3.29654389993167,1.59934664321713,0.921659714604498
962210-99999,104.701,-2.898,6.35564449569935,-0.0995716606851252,3.05721205095176,1.99107565795466,3.27888387590917,0.240687856577353,0.932394121491739
962490-99999,107.755,-2.746,25.751019955209,3.02672589998441,3.20491569673041,2.33228183490393,3.39032981789228,1.24518889911393,0.945310889759647
962530-99999,102.339,-3.864,35.8115525083744,11.2817347194376,3.56662050152749,2.44962343649129,3.48254999456971,3.99431824879059,1.02414050253087
962950-99999,105.183,-5.247,26.8276683583334,5.70705930482296,3.36441769246009,2.34647584671236,3.40022795015136,2.18061197040967,0.989468277357793
964130-99999,110.347,1.485,29.5104318402564,-5.09291330332689,3.34345128705003,2.37991329663735,3.42498351770226,1.94204225170852,0.976194854593951
964210-99999,111.985,2.262,4.29956341806325,-6.24701030280077,4.44083650166335,1.97575773138706,3.28801703165751,2.7252304283508,1.35061237788805
964410-99999,113.02,3.124,13.2862931180627,0.894434288621521,3.92945706989053,2.12526595888999,3.29078195708102,0.531159246513489,1.19408004575789
964490-99999,113.987,4.322,6.7709229037184,-1.43770049802275,3.54422794648579,1.9971867718976,3.27779010312392,0.77595337274284,1.08128581604659
964650-99999,115.25,5.301,61.2510264558998,-2.59615063795314,2.68743335392212,2.66512588589236,3.69388846498211,0.978207739462543,0.727535056729206
964710-99999,116.051,5.937,59.7112027457134,0.673401514745934,2.88229532937736,2.65368732423338,3.68195267389349,0.372072876638515,0.782817049717662
964810-99999,118.122,4.313,45.0702151250682,-0.132455873003232,3.23709455139621,2.53662972001945,3.56345127369341,0.208275598711844,0.908415550759324
965290-99999,117.433,2.15,51.1160169534194,-9.09517847182972,3.61778642152837,2.58715169952205,3.61362667945344,3.10810073677793,1.00115112667797
965350-99999,109.3,1.767,2.79741258164103,-7.94436557582847,3.13051583455091,1.9965506646453,3.29732344177466,3.38241306111375,0.94941120876696
965570-99999,111.783,-0.35,30.9484014833047,3.29559115253736,3.94557228068975,2.39681727745113,3.43823573272163,1.31026253608824,1.14755723208267
965650-99999,112.933,0.883,202.49557419264,33.0302093976,4.89813094282323,3.54630544180227,4.78239841145736,8.28662340988902,1.02419968421882
965810-99999,109.404,-0.151,7.06118337110532,2.86137696957769,3.21070024519007,2.00182172064681,3.27718300520852,1.34357174287729,0.979713442943897
965950-99999,114.9,-0.95,8.84105149630608,-22.5094610428069,3.95412030418519,2.03452292382868,3.27620905392225,9.07841899020924,1.20691941176689
966330-99999,116.894,-1.268,5.92998193508996,4.84370749713475,3.02529693532395,1.98558371432338,3.2802794031114,2.14988031436688,0.92226806425526
966450-99999,111.673,-2.705,10.7336822302978,2.23123315730624,3.7444843728823,2.07304045601026,3.27985184284378,1.06148084493832,1.14166265804118
966550-99999,113.95,-2.233,7.51520484505412,-11.8128075925489,4.34368133851601,2.00956110574659,3.27649112566084,4.90635895031768,1.32571130881361
966850-99999,114.763,-3.442,0.902796683245555,2.70519743137471,3.11579970114476,2.1315717531968,3.3062199717746,1.2179783536136,0.942405444206535
967410-99999,106.867,-6.1,9.63129125070743,2.90140801753082,3.475374029461,2.05039169562615,3.27719309912493,1.33368063555263,1.06047276566919
967910-99999,108.267,-6.75,237.935444714174,-0.369640533932118,3.94304403148601,3.7420423517395,5.08494090289548,0.205005151251145,0.775435566859931
968370-99999,110.417,-6.967,121.932214763069,3.92888152479091,3.17168375351555,3.06818631495322,4.14327958958489,1.24121364017085,0.765500779017743
969250-99999,112.633,-5.85,10.6421399158989,3.72064370832725,2.87317418052877,2.07114986386656,3.27957802452233,1.64153936246257,0.876080446644428
969730-99999,113.967,-7.05,17.5272159867284,0.94693123105335,2.66590141377628,2.20549703586823,3.31910695130079,0.534811612014578,0.803198406345866
969950-99999,105.69,-10.451,265.696079430157,-20.9993192167725,2.36581930189546,3.88957573229532,5.32916134702195,4.89781257413924,0.443938388770595
969960-99999,96.834,-12.188,2.2273956798448,0.670264877562587,2.25320007649493,2.01871906472654,3.300733876175,0.464626997886182,0.682636092766744
970080-99999,125.528,3.683,27.5383776729311,10.3668039244548,3.71448323270928,2.35559251584934,3.40677994678448,3.80544628273851,1.09032085744641
970160-99999,125.183,1.433,75.9338520449134,2.40610063289341,4.19273577827716,2.76934884352452,3.80461391446571,0.888892795471925,1.10201346905024
970280-99999,120.8,1.017,266.443728633759,8.99550760192929,3.67067417939951,3.89348128846449,5.33581480799541,2.16127188861841,0.687931330356371
970480-99999,122.85,0.637,123.677455237645,1.41041226938938,3.78670504603562,3.07906563752445,4.15635987499734,0.533774024527464,0.911062843430526
970860-99999,122.772,-1.039,498.535286785625,8.47135897228827,6.78769628570263,4.96049679318229,7.50184298535825,1.64295654994056,0.904803832731576
971200-99999,119,-2.5,195.608897167356,24.4022776123186,5.51594802457585,3.50727077647884,4.72498236363862,6.21427375421834,1.16740076471484
971260-99999,120.367,-2.55,753.427881606487,13.9772005871672,7.56419215303666,5.89162517218515,9.90787134867631,2.26502653036799,0.763452803012751
971820-99999,119.42,-5.11,34.9968678301204,3.53683716761365,2.85367559256856,2.44119422709748,3.47519912558822,1.37251635081489,0.821154555304954
971920-99999,122.617,-5.467,63.2979359828535,34.4798773581479,2.96262159669942,2.6801501948943,3.7096365575861,10.9994419176515,0.798628531585108
972600-99999,117.412,-8.489,193.026747554593,8.41249456084933,2.82268309112416,3.4925491638918,4.7035787169794,2.2322817315446,0.600113926218474
972700-99999,118.687,-8.54,158.718658145876,-17.0047026051868,3.08551084465305,3.29243140433735,4.4260356286076,4.61569392795528,0.697127430405193
973000-99999,122.237,-8.641,92.4942823396624,21.6389561381526,3.11059270795092,2.88023866858116,3.9261596933598,6.54952454805369,0.792273608537058
973200-99999,124.567,-8.217,300.74203322809,-1.57087234742436,4.8527513183618,4.06896411005422,5.6446835993053,0.453247672238726,0.859702981219185
973400-99999,120.302,-9.669,354.613720425043,-2.78051301013649,4.03574248776706,4.33085695627976,6.14119092970022,0.679074756264945,0.657159585814093
973720-99999,123.671,-10.172,73.5099368954995,-4.239302564989,3.06621615822347,2.75262812165309,3.78662552657674,1.45706868038155,0.80974898011514
973800-99999,121.833,-10.5,2.60921375737382,-10.0709328231018,2.69384669969944,2.00269678368782,3.29848593270322,4.22381684109775,0.816691886720202
974300-99999,127.381,0.831,147.903120602474,15.3103250706263,3.24117054125932,3.22756863678496,4.34130536316226,4.24145780029493,0.746588933541043
974600-99999,124.55,-1.617,40.4182516615001,19.3210193883257,4.37522190451416,2.49470974429454,3.5234316351539,6.61867796239295,1.24175019059879
975600-99999,136.108,-1.19,8.79003684680803,-0.117440558033535,3.21884697405483,2.03351680984533,3.27617394267632,0.243708885464718,0.982501854411717
975800-99999,138.717,-1.833,12.466077626534,2.49977295845277,4.12485546700403,2.10868114218524,3.28663355991421,1.14991936344505,1.25503966043349
976300-99999,132.25,-2.883,94.1155495410003,3.3685654874734,4.91314620310296,2.89084732442222,3.93801268385272,1.14088459825674,1.24762071570989
976900-99999,140.516,-2.577,44.4330838162115,3.6130507307776,3.9217319864295,2.53106664329127,3.55804566479972,1.35696479649536,1.10221519224101
977000-99999,127.083,-3.25,146.030761412536,9.19726131900094,4.50372393512986,3.21625154395066,4.32677491193207,2.60942005790383,1.04089628575543
977220-99999,128.883,-3.35,246.938461799519,1.04083854933637,3.97311439643351,3.79043202957736,5.16351123438729,0.359133658035868,0.76945981447157
977480-99999,130.833,-3.8,47.6247773354051,1.03390977018108,3.0472857363251,2.55844546837673,3.58489287340036,0.50153248963932,0.850035368960599
977900-99999,129.9,-4.533,9.46080935831808,15.4370877291631,2.99203331494556,2.0469306441744,3.27691247735195,6.25737012730049,0.913064763134411
977960-99999,136.433,-4.717,7.41520191337001,29.1099547921918,4.79229762306641,2.0078108618005,3.27661671727688,11.8070924897953,1.46257497796361
978100-99999,132.75,-5.683,1.51109044946542,14.810377114318,3.81974501158783,2.06574703011116,3.30426687929838,5.96722004727593,1.15600378272075
978760-99999,140.3,-6.1,43.5692021644751,11.5973039876744,5.06167256275724,2.52343919220334,3.55067838673562,4.00117323969014,1.42555084168318
979000-99999,131.3,-7.983,12.1395751702926,2.35212736329263,3.00479598171309,2.10201162751432,3.28513860616113,1.09612398850701,0.914663380131885
979800-99999,140.418,-8.52,5.31691098960909,2.57568003212697,3.54276666062351,1.97943298777952,3.28276580111969,1.24047717655053,1.07920176925663
981340-99999,121.967,20.433,160.359247535473,-0.095740451091447,4.44729445741819,3.30219496971251,4.4390065974051,0.156683298946264,1.00186705287123
982320-99999,121.633,18.367,71.7693469641774,0.372261486406967,4.28883438356862,2.7405211785134,3.77365312740645,0.269173209603006,1.13652056476008
983240-99999,119.967,15.333,190.134497780205,3.17117857981709,3.07084708738526,3.47600382546937,4.67968675032823,0.923333764494984,0.656207829972781
983360-99999,122.133,16.267,137.113039764471,5.85863538196151,4.10548082692145,3.16198773524577,4.2581227923662,1.73638904378656,0.964152756299467
984320-99999,121.05,14.083,135.181746330934,0.452365720986245,3.26191403486529,3.1501559724953,4.24337399672381,0.260910966041594,0.768707645704508
984400-99999,122.98,14.129,23.0675413016932,1.74967381126482,3.03844835398254,2.29471101432397,3.36595502820562,0.804975469640465,0.902700222825713
984440-99999,123.746,13.157,102.902720491325,-2.27589931909376,3.05111731379517,2.947755918586,4.00235866533603,0.805132203277375,0.762329808225472
984460-99999,124.206,13.576,41.9139557245594,-2.12194224131477,3.31256119768727,2.50853439097935,3.53643896959177,0.87150150225182,0.936694009474073
985310-99999,121.047,12.362,19.0951959735231,0.824841455339745,3.48502116768938,2.23249639208729,3.33161238277994,0.48484655246982,1.04604640855051
986460-99999,123.979,10.308,64.4201345674874,15.2855944162926,2.65194947189992,2.68830616098688,3.7182175466682,4.95109114973026,0.713231390744274
987410-99999,123.334,8.601,118.908775438733,2.49551596257011,2.97779886809365,3.04927722441205,4.12068919416665,0.843979146505337,0.722645831262667
987510-99999,125.133,8.15,247.124886317575,-19.9266255201513,5.48540207015827,3.79142845911189,5.16514487811626,4.75986625776783,1.06200352547687
987530-99999,125.646,7.126,33.4848931751669,-7.30114311181265,3.24739544829447,2.42513008380599,3.46147172762448,2.66693886709554,0.938154549227843
988360-99999,122.06,6.922,148.269346709248,-0.13824788725649,2.91654432996404,3.22977915384651,4.34415221376459,0.171122165932604,0.671372499500103
994620-99999,-80.864,24.844,5.28734288403787,3.03234048103074,3.71327972383321,1.97919893947844,3.28289945687191,1.42479105842706,1.13109760826224
999999-40504,158.217,6.967,19.5003847994728,5.19039120661662,4.27100607639205,2.23923953872707,3.33496431545085,2.07736166412849,1.280675195415
A00003-63844,-83.419,35.223,343.374416738259,-9.1689725792234,4.16627506167632,4.27753131546862,6.03668853119123,2.02384284701962,0.690159023469476
A00005-94076,-106.369,40.054,402.01983222163,-4.7678110339171,9.25972257495193,4.54869214832495,6.58583994597124,1.04340111837971,1.40600479983064
A00031-03725,-79.144,38.994,418.792916812189,0.649267646731731,5.46564678796577,4.62316818120982,6.74430495224542,0.224327526655651,0.810409201046887
A00032-25715,-174.206,52.22,62.2851561344853,-8.66358521881522,3.63240100410796,2.67274110603596,3.70186077190398,2.8882234360005,0.981236526148363
