id,bias,step,step_at,step_t,step_resid_sd,step_flag,minute_coord,dem_aster_centre,dem_srtm_centre,dem_aster_lo,dem_srtm_lo,dem_aster_hi,dem_srtm_hi,dem_refutes,nb_n,nb_km_min,nb_bias_median,nb_tested
010010-99999,-0.309146373579209,-0.591874445303434,2024-07,-1.32432390410535,0.875031452955988,FALSE,TRUE,,,9,,201,,FALSE,,,,FALSE
010070-99999,4.23264940061109,-0.752426042970579,2023-02,-1.8826004579844,0.863394045992847,FALSE,TRUE,25,,13,,334,,FALSE,,,,FALSE
010100-99999,-1.04428441186336,-1.0287753976208,2023-08,-3.15558844064111,0.882858141699237,FALSE,FALSE,8,,7,,11,,FALSE,,,,FALSE
010260-99999,-0.547110005998254,-1.029480216601,2024-07,-2.37633931528448,0.848199173271824,FALSE,TRUE,83,,2,,103,,FALSE,,,,FALSE
010550-99999,3.40761271393051,11.8672721930114,2024-06,16.1731982421433,1.52744662253815,TRUE,TRUE,,,,,,,,,,,FALSE
010620-99999,-0.429816600906968,-0.380257306835484,2024-06,-1.16700849775685,0.67828872558297,FALSE,TRUE,,,,,,,,,,,TRUE
010980-99999,3.44924113590573,0.56035109671554,2024-07,1.57019055311058,0.698708712900831,FALSE,TRUE,,,,,,,,,,,FALSE
011150-99999,6.19489159592442,0.811880814248202,2024-06,4.49586528552301,0.285528190744903,FALSE,TRUE,4,,1,,4,,FALSE,,,,FALSE
011410-99999,-3.60436591704934,-0.633392044549776,2024-07,-1.54327126423568,0.803560587164521,FALSE,TRUE,23,,6,,55,,FALSE,,,,FALSE
011520-99999,0.755593604396222,0.591774338685426,2024-05,2.71521407002591,0.47915434098376,FALSE,FALSE,5,,4,,7,,FALSE,,,,FALSE
012050-99999,5.81952994668849,1.56547876601387,2024-04,1.9968507136088,1.4666807961091,FALSE,TRUE,,,,,,,,,,,FALSE
012180-99999,5.85708331866981,2.09638520118712,2022-12,1.86071279888379,2.60190301470834,FALSE,TRUE,8,,8,,520,,FALSE,1,27.3091976630667,-0.12278198586859,TRUE
012380-99999,2.15509780986251,0.559913042743581,2024-02,1.59541237712606,0.917410973049448,FALSE,TRUE,959,,930,,1063,,FALSE,,,,FALSE
012710-99999,2.36935108157274,3.33115299853502,2023-03,12.2504130683913,0.627976238737091,FALSE,FALSE,10,,9,,12,,FALSE,,,,FALSE
013000-99999,-1.77400328757747,-1.11287466803258,2022-12,-3.03092550453742,0.734346434029187,FALSE,TRUE,,,,,,,,,,,FALSE
013170-99999,-1.15376173408201,1.62051650708395,2023-01,2.99529651577206,1.03597518594841,FALSE,TRUE,15,,6,,232,,FALSE,,,,FALSE
013370-99999,-0.509303102626396,0.752589092894746,2022-11,1.77401216231519,0.916441436556187,FALSE,TRUE,72,,37,,414,,FALSE,,,,FALSE
013670-99999,-0.431860403728877,0.952911431663841,2022-12,1.40992497718997,1.35171934263202,FALSE,TRUE,618,,354,,785,,FALSE,,,,FALSE
014150-99999,-1.20588531839207,0.642588550213626,2022-12,2.105068065302,0.61051569857095,FALSE,FALSE,9,7,6,5,11,8,FALSE,,,,FALSE
014410-99999,0.547773755986663,1.7834794105989,2022-11,3.38161221781144,1.13932515582969,FALSE,TRUE,868,866,837,835,922,924,FALSE,,,,FALSE
014470-99999,-2.62182400578518,1.19931638380917,2022-12,4.2425316756036,0.652841925511128,FALSE,TRUE,570,583,552,558,820,831,FALSE,,,,FALSE
014920-99999,2.18152556994341,2.31230304238745,2022-10,3.18980906821143,1.44980655138961,FALSE,TRUE,116,130,82,91,218,231,FALSE,,,,FALSE
020810-99999,1.32504693990563,-0.83719828020731,2023-09,-5.56187692295879,0.407622047671463,FALSE,TRUE,302,,297,,352,,FALSE,,,,FALSE
024900-99999,-0.323000254341742,-0.55451274657872,2023-02,-4.04944637706811,0.387311930421541,FALSE,TRUE,25,29,11,15,32,40,FALSE,,,,FALSE
025200-99999,-1.98621283609382,0.710446795179662,2022-12,3.39067425645842,0.4987803365264,FALSE,FALSE,42,52,35,51,47,53,FALSE,,,,FALSE
027330-99999,0.288685380939782,0.31764282432608,2023-06,5.50516377085489,0.163197611860575,FALSE,TRUE,38,,22,,57,,FALSE,,,,FALSE
027390-99999,-0.855429809133137,1.28031878877997,2024-07,3.73639877939325,0.685322346127025,FALSE,TRUE,123,,123,,153,,FALSE,,,,FALSE
027460-99999,0.167062310205247,1.13926267287404,2024-06,7.23586786054633,0.340123493710596,FALSE,TRUE,,1,5,0,9,15,FALSE,,,,FALSE
027590-99999,-0.652937514837726,-0.349234974976914,2024-06,-1.36359033028432,0.553270109889092,FALSE,TRUE,16,,7,,30,,FALSE,,,,FALSE
027610-99999,-2.29081623590521,-0.457127270704395,2024-06,-2.18684080676036,0.451568201100538,FALSE,TRUE,,,,,,,,,,,FALSE
027770-99999,4.36069983068729,-0.265035497268225,2024-04,-1.84751880956235,0.351391135328005,FALSE,TRUE,107,,76,,122,,FALSE,,,,FALSE
027810-99999,0.303498125561493,0.437454804163168,2023-09,3.40390795680925,0.363496619075876,FALSE,TRUE,,,,,,,,,,,FALSE
027870-99999,0.824775111337089,0.527398808606109,2024-07,3.78969719081658,0.278332954877838,FALSE,TRUE,160,,145,,204,,FALSE,,,,FALSE
027880-99999,0.735344639569975,0.279463597505227,2023-04,1.99000637367364,0.397205973819944,FALSE,TRUE,82,,64,,102,,FALSE,2,28.9699567387731,-1.58121286180353,TRUE
028010-99999,1.7856315735956,0.272244252685212,2023-02,1.51710239093094,0.507561673789599,FALSE,TRUE,464,,451,,670,,FALSE,,,,FALSE
028140-99999,1.96091949533227,0.111475017017526,2023-06,1.43232831397638,0.220130370102502,FALSE,TRUE,200,,181,,212,,FALSE,,,,FALSE
028170-99999,2.5624237967522,-0.363738410706906,2024-07,-1.66382022948917,0.437232826311507,FALSE,TRUE,419,,264,,419,,TRUE,,,,FALSE
028180-99999,1.22946025656584,-0.246093287157316,2023-12,-2.63282779354138,0.264376170109269,FALSE,TRUE,170,,137,,257,,FALSE,,,,FALSE
028200-99999,0.162210797414321,1.56729659869063,2024-07,2.27016505139373,1.3807776643627,FALSE,TRUE,665,,470,,802,,FALSE,,,,FALSE
028250-99999,0.825361093760757,0.405902431482929,2023-04,2.79539354741901,0.410699040307495,FALSE,TRUE,10,,7,,168,,FALSE,,,,FALSE
028440-99999,2.17516833689926,-0.301719630012233,2023-10,-4.09135769545164,0.208584056716355,FALSE,TRUE,76,,48,,110,,FALSE,,,,FALSE
028470-99999,0.694653078049599,0.197652922385695,2023-03,2.64006452435108,0.211755008941861,FALSE,TRUE,97,,68,,129,,FALSE,,,,FALSE
028490-99999,-1.78184186315928,0.605779957694617,2022-10,3.6832341967141,0.402866533461372,FALSE,TRUE,209,,189,,234,,FALSE,,,,FALSE
028630-99999,3.02858042374088,-0.223977874402733,2024-06,-0.981255112442377,0.493090433459156,FALSE,TRUE,,,,,,,,,,,FALSE
028970-99999,-12.9368279068484,0.496003544350124,2023-05,5.79465026009614,0.242104323097985,FALSE,FALSE,124,,121,,127,,TRUE,,,,FALSE
029070-99999,0.611161398710171,0.341658662421425,2024-01,2.0071693052415,0.481452474225133,FALSE,TRUE,,,,,,,,,,,FALSE
029200-99999,1.0669071694132,0.238905904999319,2024-04,1.97113710352086,0.296883236960474,FALSE,TRUE,,,,,,,,,,,FALSE
029290-99999,-1.47744362844416,-0.298830141241386,2024-06,-1.66708720864503,0.387230423661735,FALSE,FALSE,109,,100,,115,,FALSE,,,,FALSE
029390-99999,0.8761078166307,0.476396267425196,2022-07,4.04331095015316,0.235646614024158,FALSE,TRUE,142,,123,,167,,FALSE,,,,FALSE
029810-99999,1.32966035351114,0.471970730296826,2022-07,2.63838484202308,0.357772469565073,FALSE,TRUE,4,10,4,0,7,10,FALSE,1,41.5103116860404,0.0247016243670543,TRUE
029870-99999,2.49358511379512,0.238792820442473,2023-02,2.79555115670947,0.231315393074932,FALSE,TRUE,,0,,0,,0,TRUE,,,,FALSE
029920-99999,0.0404071467103559,0.278163109163889,2024-07,2.30669061579567,0.241179382496373,FALSE,TRUE,,,6,,8,,FALSE,,,,FALSE
029930-99999,2.80914886179173,-0.257435726515989,2022-08,-1.68471507620372,0.330100168196952,FALSE,TRUE,,,,,,,,2,46.6654522032362,-1.46607947281974,TRUE
030020-99999,-0.693422975156878,0.868372274181351,2023-09,5.61349544512489,0.437539803618283,FALSE,TRUE,8,,3,,66,,FALSE,,,,FALSE
030080-99999,3.60192262099115,1.13115255261789,2023-07,7.12566313180772,0.448994360646777,FALSE,TRUE,54,69,21,0,133,136,FALSE,,,,FALSE
030170-99999,12.1922870604783,1.02979517494614,2023-06,7.74277954576913,0.376182815038558,FALSE,FALSE,8,12,8,10,17,13,FALSE,,,,FALSE
030230-99999,3.26348127351916,1.26054551757208,2024-06,4.08524505918206,0.666567000639174,FALSE,TRUE,10,10,4,3,55,62,FALSE,,,,FALSE
030260-99999,8.04274943935945,0.660932132170543,2023-06,7.97577501819595,0.234384541437371,FALSE,FALSE,7,2,6,1,10,3,FALSE,,,,FALSE
030310-99999,5.02833461791035,1.11916311329142,2023-08,6.80834579266492,0.464939855149428,FALSE,TRUE,319,325,236,251,518,511,FALSE,,,,FALSE
030440-99999,1.27987188522866,1.06283609508701,2024-05,6.66399273118746,0.368324954936493,FALSE,TRUE,64,75,64,75,164,176,FALSE,,,,FALSE
030880-99999,2.36909442145012,1.04255397690411,2023-09,5.03679510920335,0.585449255598964,FALSE,TRUE,107,111,3,0,110,121,FALSE,,,,FALSE
031050-99999,-4.13190533924993,1.17880830261285,2023-06,5.79855943048978,0.575000294116946,FALSE,TRUE,8,13,5,1,43,56,FALSE,,,,FALSE
031320-99999,-0.491983041079249,1.06162253195061,2023-08,6.53700957930732,0.439786323096658,FALSE,TRUE,22,14,3,8,28,23,FALSE,,,,FALSE
031580-99999,3.2727795811389,1.45885140832908,2023-03,7.1769192689957,0.55045739560902,FALSE,TRUE,80,103,60,70,137,131,FALSE,,,,FALSE
032920-99999,-0.355700924199439,1.36213520790805,2023-07,8.77692900143592,0.438957654663563,FALSE,TRUE,25,30,13,0,55,53,FALSE,,,,FALSE
033020-99999,0.129811556512106,1.30529335683204,2023-05,11.380417199447,0.324410526566121,FALSE,FALSE,11,9,9,6,15,11,FALSE,,,,FALSE
033790-99999,-3.83472838548418,1.25423849448126,2023-07,11.4273384032609,0.310441684100237,FALSE,FALSE,48,57,19,53,57,59,FALSE,,,,FALSE
034880-99999,2.11754819817903,1.09260875235124,2023-09,9.40836318719094,0.32846991239589,FALSE,TRUE,6,5,6,0,48,46,FALSE,,,,FALSE
035070-99999,0.307548492111153,1.21544978022325,2022-10,7.19777129259066,0.413632449337431,FALSE,TRUE,282,286,226,221,384,383,FALSE,,,,FALSE
036930-99999,-0.693401381378012,1.1849146722924,2023-07,11.3544845953722,0.295164855037764,FALSE,TRUE,7,5,5,-1,13,5,FALSE,,,,FALSE
037070-99999,-1.88176041733494,1.13139436879217,2023-05,8.35689930738932,0.382925102214325,FALSE,FALSE,8,6,7,4,11,8,FALSE,,,,FALSE
037810-99999,0.214386818562601,1.24920869544069,2023-07,8.66757228433655,0.407645375515169,FALSE,TRUE,177,178,95,100,180,189,FALSE,,,,FALSE
038530-99999,-3.14501487248089,1.35798379691561,2023-01,11.855429311039,0.323983054969208,FALSE,FALSE,14,20,11,17,15,26,FALSE,,,,FALSE
038950-99999,0.0876332042153429,1.07590520617579,2023-02,6.97631502941396,0.4362072893745,FALSE,FALSE,89,84,80,79,91,85,FALSE,,,,FALSE
039530-99999,-5.27102785133439,0.9978066867042,2022-12,4.86644793719757,0.555245492386493,FALSE,TRUE,18,20,5,0,61,69,FALSE,,,,FALSE
039550-99999,-0.551703025570704,-15.4321966151145,2022-12,-64.1882119483948,0.651063251665159,TRUE,FALSE,97,141,97,140,131,143,FALSE,,,,FALSE
039660-99999,0.166111060438137,0.805393516711245,2023-09,6.45570655683529,0.352865615669732,FALSE,TRUE,99,96,62,72,184,185,FALSE,,,,FALSE
039700-99999,-0.0175878094309781,0.900620774369003,2023-04,9.33255265123316,0.272952141019918,FALSE,TRUE,56,66,50,57,79,81,FALSE,,,,FALSE
039760-99999,0.271516605054536,1.15692233723245,2023-04,9.48646672527908,0.344940915792518,FALSE,TRUE,8,11,2,0,34,36,FALSE,,,,FALSE
042023-99999,9.1655663315989,-1.56666829020248,2022-07,-2.68468361228879,1.16711576964322,FALSE,TRUE,85,,7,,292,,FALSE,,,,FALSE
042030-99999,5.114216063896,0.477776320974858,2024-03,1.6776724661808,0.73531227405801,FALSE,TRUE,,,,,,,,,,,FALSE
042050-99999,8.29162773768036,-0.884222985453194,2022-10,-2.80031266836435,0.773447607358005,FALSE,TRUE,,,7,,196,,FALSE,,,,FALSE
042080-99999,0.314159958930962,-1.081821012971,2023-01,-6.19237351059423,0.494132321309855,FALSE,TRUE,,,,,,,,,,,TRUE
042140-99999,4.27927711807313,-0.985701039149095,2023-02,-5.65679229240891,0.477205690248469,FALSE,TRUE,,,,,,,,,,,FALSE
042200-99999,0.873039483297494,-0.987206386038044,2022-07,-4.90537109232765,0.402500184983805,FALSE,TRUE,31,,9,,48,,FALSE,,,,FALSE
042310-99999,9.17350836534638,1.38287669355791,2023-12,4.08583988478988,0.957297902152049,FALSE,FALSE,43,,40,,52,,FALSE,,,,FALSE
042420-99999,-0.969411589538651,-1.13592953820887,2023-01,-6.9846558474583,0.435376499613528,FALSE,TRUE,,,4,,6,,FALSE,,,,FALSE
042500-99999,2.90882232215493,-3.67449591281294,2022-12,-8.32453241100398,1.19533223967871,FALSE,TRUE,,,7,,16,,TRUE,,,,TRUE
042530-99999,1.40489242146601,-1.50076362796903,2022-12,-5.39173175364566,0.753762854371558,FALSE,TRUE,,,,,,,,,,,FALSE
042660-99999,3.5343103545757,-1.53065610706777,2022-12,-4.87373041300276,0.850485353404939,FALSE,TRUE,,,,,,,,,,,FALSE
042700-99999,5.55022294601375,1.2399385464716,2024-01,2.10068946201672,1.6694879853835,FALSE,FALSE,32,,19,,39,,FALSE,,,,FALSE
042850-99999,2.15973734586523,-0.926316229215884,2022-12,-4.83396986233542,0.518926736912648,FALSE,TRUE,14,28,1,0,70,76,FALSE,,,,FALSE
043010-99999,4.47956745315261,-0.910982863416787,2023-04,-3.06191227106389,0.841516154926187,FALSE,TRUE,,,,,,,,,,,FALSE
043120-99999,5.01528971584049,-0.922215644265317,2022-09,-2.78853948684588,0.751728313909079,FALSE,TRUE,,,,,,,,,,,TRUE
043130-99999,2.72840130940022,-0.443558199975594,2023-08,-1.74674455447989,0.718234409832252,FALSE,TRUE,,,,,,,,,,,FALSE
043200-99999,1.76804193742172,-0.975518429183635,2022-12,-5.20459923755526,0.507573450672361,FALSE,TRUE,,,9,,91,,FALSE,,,,FALSE
043300-99999,-23.2599089322599,-0.900032399964893,2023-04,-3.40427632256761,0.747787726964269,FALSE,TRUE,13,,13,,81,,FALSE,,,,TRUE
043410-99999,6.52979476385141,0.414909306047199,2022-12,1.04351809778162,1.0767227848225,FALSE,TRUE,,,44,,150,,TRUE,,,,FALSE
043510-99999,-3.95150081966234,-0.840282663457009,2022-12,-3.69694613586521,0.615506995756009,FALSE,TRUE,,,9,,58,,FALSE,,,,FALSE
043600-99999,4.55014664644303,0.432632593756342,2023-12,2.71589986779408,0.421458193548873,FALSE,TRUE,87,,6,,305,,FALSE,,,,FALSE
043730-99999,3.88726460722632,-1.4912155082443,2022-12,-3.05516316819143,1.32177250898811,FALSE,TRUE,5,,5,,5,,TRUE,,,,FALSE
043900-99999,74.9976145674293,-4.7275634559443,2022-07,-6.08828831653915,1.55300248941944,FALSE,TRUE,,,5,,14,,FALSE,,,,TRUE
060320-99999,-1.48215593196232,1.46230871063446,2023-10,7.09171899356441,0.58322017915043,FALSE,TRUE,41,51,25,36,55,65,FALSE,,,,FALSE
060600-99999,0.0502856315581641,0.614344952076735,2022-11,3.1750065244597,0.499599554602424,FALSE,FALSE,48,47,41,46,49,51,FALSE,,,,FALSE
061190-99999,-1.08353067744855,1.41837101815392,2024-04,7.0606544310781,0.492062781763766,FALSE,TRUE,,0,3,0,10,7,FALSE,,,,FALSE
061590-99999,-0.298037628692288,0.690313822123799,2023-10,5.41483475719394,0.360583919294703,FALSE,TRUE,,0,2,0,4,9,FALSE,,,,FALSE
061680-99999,-1.87572622230296,0.64485672600346,2024-06,2.68005211259345,0.519784572995805,FALSE,TRUE,22,17,6,0,37,38,FALSE,,,,FALSE
061740-99999,-1.78979886624432,1.03322165683284,2023-10,6.42515281185571,0.454836211003229,FALSE,TRUE,16,15,13,11,35,34,FALSE,,,,FALSE
061930-99999,-1.60338385430963,0.846115277113713,2024-06,3.46903593539872,0.526895061918236,FALSE,TRUE,,0,6,0,37,40,FALSE,,,,FALSE
062040-99999,2.91748792239386,-4.86493764310246,2022-10,-3.4792561648184,2.79653892248338,FALSE,TRUE,,,,,,,,,,,FALSE
062050-99999,-12.894872814017,4.30682385025362,2024-07,3.25120819980481,2.64936822594885,FALSE,TRUE,,,,,,,,,,,FALSE
062390-99999,26.9179867204409,1.40316162849551,2023-07,5.63291712777256,0.704562186947901,FALSE,TRUE,,,,,,,,,,,TRUE
062510-99999,-1.27114924298482,0.909581036752686,2023-02,4.05565847532043,0.634344260534116,FALSE,TRUE,6,1,4,-2,13,14,FALSE,,,,FALSE
062790-99999,0.819915575918213,1.8053647128755,2022-12,11.1472592446007,0.438578725644428,FALSE,FALSE,18,14,12,12,19,18,FALSE,,,,FALSE
063400-99999,-4.75041365105892,1.0113511968059,2023-02,6.02775432435934,0.474560342668638,FALSE,FALSE,12,16,9,12,14,18,FALSE,,,,FALSE
064280-99999,-5.36824702344137,1.30080570126325,2024-01,6.30295096416445,0.583731993219655,FALSE,TRUE,17,28,7,4,40,42,FALSE,,,,FALSE
064940-99999,-1.69846784224043,1.17518137310444,2022-12,9.0543000212949,0.351480091781771,FALSE,TRUE,670,673,631,642,685,679,FALSE,,,,FALSE
066050-99999,-41.0481478419879,-1.74471109145875,2024-07,-1.44135933589202,2.42092453701559,FALSE,TRUE,1502,1499,1123,1120,1598,1606,TRUE,2,17.240661264365,-1.80168353732469,TRUE
066090-99999,-2.81144597961558,2.44342443910213,2022-09,1.54572718774544,3.65060993646042,FALSE,TRUE,1908,1914,1324,1329,1932,1921,TRUE,,,,FALSE
066190-99999,-9.29744149816785,1.53034447635653,2024-07,2.87599162417649,1.06422039862145,FALSE,TRUE,767,760,518,515,1211,1209,FALSE,,,,FALSE
066280-99999,4.46987665932775,1.67294800883873,2023-07,7.51680005361576,0.62949812323576,FALSE,TRUE,1027,1030,865,863,1041,1046,FALSE,,,,FALSE
066390-99999,0.712185943321365,2.32046277425441,2022-08,3.52550668778982,1.4218587446673,FALSE,TRUE,1244,1242,1049,1052,1379,1385,TRUE,,,,FALSE
066550-99999,21.8636680958438,2.12146217186816,2024-05,1.84608396239157,2.65389176430946,FALSE,TRUE,1016,1011,1004,1003,1319,1320,FALSE,1,17.3439390445346,-2.7458667217698,TRUE
066590-99999,-10.8957280940301,2.26814993300861,2022-09,1.59001678524333,3.29434754787083,FALSE,TRUE,1865,1843,1244,1233,2063,2048,TRUE,,,,FALSE
066660-99999,-0.832050813676353,0.781073996970185,2022-12,6.73904795753915,0.313866052901901,FALSE,TRUE,338,335,300,306,391,390,FALSE,,,,FALSE
066800-99999,-19.4129689012012,-4.99453791709148,2024-07,-1.65461548747694,6.03709799031007,FALSE,TRUE,2192,2199,1738,1716,2416,2450,TRUE,2,18.124360918421,1.05066520497369,TRUE
066890-99999,11.3529412900906,1.5151070262719,2023-03,5.83965521963661,0.733839524564885,FALSE,TRUE,896,890,815,829,1061,1049,TRUE,,,,FALSE
067020-99999,-5.0040067844028,3.74004729429161,2022-09,4.07672860687595,2.11867653735813,FALSE,TRUE,1496,1509,1243,1247,1651,1656,FALSE,,,,FALSE
067160-99999,-2.19106731164174,-1.65518627122338,2022-08,-2.605196437922,1.37249190057486,FALSE,TRUE,1842,1843,1558,1563,2409,2398,FALSE,,,,FALSE
067170-99999,0.62523561582604,0.939546859006516,2024-01,2.52409484507917,1.05282882937815,FALSE,TRUE,2493,2487,2099,2093,2784,2781,FALSE,,,,FALSE
067220-99999,6.91692974950139,3.64421384435313,2024-05,3.09623984396733,2.71811997784502,FALSE,TRUE,2128,2129,1647,1650,2621,2615,FALSE,,,,FALSE
067240-99999,-82.4173182901774,-2.83023409267487,2022-08,-3.22652356947171,1.89492011814878,FALSE,TRUE,1452,1450,1206,1209,1520,1516,FALSE,2,13.9633130405598,4.88260912821178,TRUE
067300-99999,-11.1039955182337,-3.25564092499084,2024-06,-1.67764847844819,4.19217035293487,FALSE,TRUE,3276,3263,2676,2671,4028,4015,FALSE,,,,FALSE
067350-99999,2.37860658671212,1.41034297434945,2023-01,5.01897616870079,0.794794035628545,FALSE,TRUE,1364,1364,1173,1168,1781,1773,FALSE,,,,FALSE
067440-99999,-3.58773012624682,-1.18294123548796,2022-07,-1.96825198755378,1.20202214245765,FALSE,TRUE,1960,1953,1853,1834,2426,2418,FALSE,,,,FALSE
067450-99999,7.8467319819879,2.71313927117806,2024-06,2.47375937356916,2.36928892964007,FALSE,TRUE,1558,1584,1343,1344,2052,2058,FALSE,,,,FALSE
067480-99999,26.1084604235347,2.65028596113263,2024-07,1.84756599557535,2.86894862481738,FALSE,TRUE,1908,1890,1558,1552,2673,2666,FALSE,2,11.7715024912918,-4.55481507993533,TRUE
067500-99999,-4.31578383800806,1.72457415411151,2022-07,1.83484184127802,1.87980687524576,FALSE,TRUE,2187,2185,1762,1771,2399,2389,FALSE,,,,FALSE
067510-99999,7.49902437704499,-1.43731259838219,2022-08,-1.59255812470926,1.84225744118076,FALSE,TRUE,2074,2091,1915,1902,2578,2576,FALSE,,,,FALSE
067530-99999,-15.2826915411711,3.16175357169178,2024-06,2.08236881017428,3.27999935302598,FALSE,TRUE,1053,1056,975,979,1730,1727,FALSE,2,14.7323117797036,1.98167806276372,TRUE
067590-99999,12.500654019878,-0.394627983109482,2024-04,-0.972422918986588,0.994050199731278,FALSE,TRUE,1371,1353,945,935,1798,1798,FALSE,,,,FALSE
067800-99999,-1.149985175029,1.93718892107706,2022-07,1.50980139223682,2.40041414499758,FALSE,TRUE,2379,2376,2190,2189,2664,2661,FALSE,,,,FALSE
067820-99999,18.0293078432057,-1.60645114758468,2023-11,-2.70985776733497,1.67674113939815,FALSE,TRUE,1155,1173,1045,1044,1488,1492,FALSE,2,18.6258237997995,-9.23382609750916,TRUE
067830-99999,2.04792954293105,2.4875272511444,2024-07,3.16124058542003,1.57376649067277,FALSE,TRUE,1742,1740,1630,1632,2063,2051,FALSE,,,,FALSE
067840-99999,4.02333415593158,-0.706617741436124,2023-10,-1.41651988856121,1.22190512374271,FALSE,TRUE,1559,1545,1559,1545,2023,2017,FALSE,,,,FALSE
067880-99999,13.8453795147833,-2.69027206424407,2022-08,-2.31589227527519,2.50946555138085,FALSE,TRUE,1125,1118,1069,1066,2181,2213,FALSE,,,,FALSE
067910-99999,-5.37122771744951,4.80120325789009,2022-07,2.77597706782529,3.45910873222838,FALSE,TRUE,3017,3019,2512,2516,3421,3438,FALSE,,,,FALSE
067940-99999,1.10180139554253,-4.72537099106271,2022-09,-3.1970484033457,3.41339119026894,FALSE,TRUE,1090,1090,1074,1071,1636,1638,FALSE,,,,FALSE
067980-99999,11.6705492271261,-1.0109947023263,2023-11,-1.46330051976493,1.9541610218889,FALSE,TRUE,1502,1515,1182,1182,2036,2054,FALSE,,,,FALSE
070240-99999,-6.01363024029204,0.620937928657463,2022-12,3.51966221170984,0.477746942355749,FALSE,FALSE,131,135,129,134,138,137,FALSE,,,,FALSE
070610-99999,-4.69437401137468,0.511177430254875,2023-01,3.55030496347371,0.407240539662347,FALSE,TRUE,79,83,74,79,103,101,FALSE,,,,FALSE
070750-99999,-3.14034416345268,1.00461474968243,2023-04,5.56463976107049,0.510631366975545,FALSE,FALSE,136,145,132,142,139,146,FALSE,,,,FALSE
070930-99999,-10.0836042497861,-0.331210721776666,2024-03,-1.83036960484043,0.467218426316397,FALSE,FALSE,265,259,256,257,265,261,FALSE,,,,FALSE
071090-99999,-6.69788143468292,1.34120497838432,2023-01,9.72363447705149,0.36925393708256,FALSE,FALSE,92,86,82,82,95,88,FALSE,,,,FALSE
071390-99999,1.67181601826622,0.942311869768076,2023-02,4.88777822803321,0.545290790227771,FALSE,TRUE,138,138,127,135,151,147,FALSE,,,,FALSE
072010-99999,-7.96214143649376,0.970095781306975,2023-01,9.40210987325536,0.291832924571054,FALSE,FALSE,86,91,80,87,87,92,FALSE,,,,FALSE
072450-99999,6.86212034574798,0.514588314146431,2022-12,3.29843869070363,0.422476169152895,FALSE,FALSE,109,119,106,117,119,120,FALSE,,,,FALSE
072550-99999,1.96818486967269,1.06094416062621,2023-01,7.32954541199611,0.409411917531052,FALSE,FALSE,152,155,145,153,159,158,FALSE,,,,FALSE
073000-99999,-0.396367329239706,1.17881083267802,2022-11,8.57832480687089,0.354810123272094,FALSE,TRUE,22,23,12,0,30,28,FALSE,,,,FALSE
073850-99999,-4.98284158119487,1.15735813032454,2023-02,9.88848618682227,0.33104188720189,FALSE,FALSE,223,216,212,215,229,219,FALSE,,,,FALSE
073901-99999,-8.60902900753812,1.27858525026587,2023-01,7.36173933069788,0.464951718365714,FALSE,FALSE,47,52,45,48,53,53,FALSE,,,,FALSE
074380-99999,-1.19896577216409,0.72881554501236,2024-06,2.41799009696238,0.651128192533067,FALSE,FALSE,97,105,96,103,99,106,FALSE,,,,FALSE
074750-99999,-8.80965019143956,0.883643909503567,2022-10,4.63876840926524,0.466605896573452,FALSE,FALSE,384,393,372,391,393,399,FALSE,,,,FALSE
075100-99999,-4.41255418612147,1.86708366225551,2023-01,14.5644618844034,0.362588753117553,FALSE,FALSE,47,46,42,44,59,50,FALSE,1,46.0617359207259,-3.46706486510857,TRUE
075520-99999,-5.75067866784363,0.769422252831212,2023-04,4.36409685855835,0.498672426580841,FALSE,FALSE,575,575,565,573,576,579,FALSE,,,,FALSE
075600-99999,-4.0997941135101,2.49199860808497,2023-10,2.14424167699878,3.28714646933022,FALSE,TRUE,1309,1320,852,860,1555,1558,FALSE,,,,FALSE
076210-99999,-20.8234062884242,0.436554422296595,2023-02,2.19320442371713,0.562994655718807,FALSE,FALSE,321,370,311,370,367,372,FALSE,1,40.2156572520375,-7.01059488116532,TRUE
076220-99999,-0.342709981449496,1.10949693742309,2023-01,6.8873045654603,0.455639968118725,FALSE,FALSE,107,126,80,124,118,128,FALSE,,,,FALSE
076430-99999,-0.0124296117139346,1.10811628366035,2023-03,6.47779627734687,0.483841420737234,FALSE,FALSE,4,3,4,1,9,3,FALSE,,,,FALSE
076450-99999,-3.34387858530087,0.657328306160249,2023-02,4.39425231604488,0.423099330054067,FALSE,TRUE,117,121,55,55,137,137,FALSE,,,,FALSE
076840-99999,-1.73805051014499,-0.528459265423785,2024-02,-1.91275072947955,0.748176139110523,FALSE,FALSE,9,-1,9,-4,15,0,FALSE,,,,FALSE
077800-99999,-4.24599157015413,-0.304765846567282,2024-07,-0.86459155318689,0.704993809953181,FALSE,FALSE,19,17,15,15,21,18,FALSE,,,,FALSE
077900-99999,3.83720619381994,0.349254585379777,2023-02,2.10103996856262,0.470167706236429,FALSE,FALSE,16,0,12,0,17,4,FALSE,,,,FALSE
080020-99999,3.49685961028095,1.05414114878266,2023-01,8.50202179997717,0.350688517234335,FALSE,FALSE,91,92,77,88,97,99,FALSE,,,,FALSE
080270-99999,1.98282934879311,1.33860515497247,2023-02,8.41735156868189,0.449802660463437,FALSE,TRUE,116,110,33,20,241,240,TRUE,,,,FALSE
080530-99999,-1.66870020551197,1.205477369258,2024-03,2.54104814980156,1.22489972644576,FALSE,TRUE,532,536,518,520,656,657,FALSE,,,,TRUE
080550-99999,-3.33684121860021,0.9305748305413,2024-05,3.10465397112322,0.69220935268317,FALSE,FALSE,910,910,909,909,919,915,FALSE,,,,FALSE
081410-99999,-2.7385155390982,-1.17394994061914,2023-07,-3.49740155301515,0.949399662809317,FALSE,TRUE,696,694,682,686,764,772,FALSE,,,,FALSE
081480-99999,-2.82367371080671,1.2845998401976,2024-07,4.76154166722369,0.539573075266863,FALSE,TRUE,1082,1090,1061,1065,1098,1097,FALSE,,,,FALSE
081600-99999,-8.97834911667409,0.689165777965091,2024-06,3.00428058024809,0.495548999270397,FALSE,FALSE,247,258,247,254,255,258,FALSE,,,,FALSE
081750-99999,4.45554868629898,1.02270263142748,2024-06,2.33903835841961,0.944529268050578,FALSE,FALSE,61,68,59,67,63,70,FALSE,,,,FALSE
081810-99999,1.15990675482253,0.832128144881566,2023-02,6.41857522629992,0.366687891512728,FALSE,FALSE,7,5,5,2,7,9,FALSE,,,,FALSE
082150-99999,-8.96006813215177,-1.00274826396927,2023-11,-1.98597407366745,1.42811551606276,FALSE,TRUE,1699,1707,1457,1454,1882,1878,FALSE,,,,FALSE
082310-99999,-2.50689505658524,0.623652810671335,2022-07,2.26438305857255,0.550836845656743,FALSE,TRUE,935,945,896,908,1138,1144,FALSE,,,,FALSE
082610-99999,-15.8873429106567,0.599788795872719,2024-07,1.93165076331882,0.621011631359498,FALSE,TRUE,404,408,363,373,545,547,FALSE,,,,TRUE
082800-99999,-1.11317684250375,-0.446893989650651,2022-08,-1.22365433359829,0.788949402643321,FALSE,FALSE,695,699,690,696,697,700,FALSE,,,,FALSE
083060-99999,-3.62835257089004,-0.959826605508471,2024-05,-3.35953529797465,0.659800954494823,FALSE,TRUE,7,4,5,-2,23,19,FALSE,,,,FALSE
083140-99999,-6.45986152107498,0.769406553937639,2023-02,4.39198989291888,0.495495303990424,FALSE,FALSE,84,90,69,85,92,91,FALSE,,,,FALSE
083730-99999,9.87967855699934,0.71850736518499,2022-07,2.81572647656546,0.510353097976621,FALSE,FALSE,6,6,5,2,8,8,FALSE,,,,FALSE
084100-99999,-1.23396605124932,0.323548230557005,2024-03,2.10039980575269,0.397732820583366,FALSE,FALSE,87,87,75,86,92,89,FALSE,,,,FALSE
084190-99999,-1.09929225139695,-0.226463447671186,2023-10,-0.95335265099354,0.671876621404667,FALSE,FALSE,562,561,555,560,563,563,FALSE,,,,FALSE
084290-99999,-6.42695862628451,0.338068133834644,2023-03,2.18051775391431,0.43852019917459,FALSE,FALSE,65,63,63,63,69,74,FALSE,,,,FALSE
084510-99999,-3.28743996900553,0.888894517184547,2023-05,5.54051108990459,0.45378004350971,FALSE,FALSE,17,25,16,22,25,28,FALSE,,,,FALSE
085090-99999,-1.85336551369544,0.420748801098924,2022-08,1.66920886158178,0.544522206866346,FALSE,FALSE,59,61,53,53,69,61,FALSE,,,,FALSE
085220-99999,2.42660643043819,1.00748651513167,2024-03,3.45700737370249,0.752477132739318,FALSE,TRUE,,0,,0,,8,TRUE,,,,FALSE
085340-99999,0.35031482882605,0.806303240544431,2024-05,6.48255666817389,0.287244318441372,FALSE,FALSE,8,4,7,1,9,4,FALSE,,,,FALSE
085440-99999,-5.85070431398168,-1.17850534216969,2023-03,-3.71948933840756,0.896175838449413,FALSE,TRUE,28,23,12,10,39,34,FALSE,,,,FALSE
110400-99999,-0.796064276211494,0.807340507783603,2023-05,8.97712052870667,0.254369291781191,FALSE,TRUE,164,169,159,169,201,201,FALSE,,,,FALSE
110550-99999,-6.45048208386257,0.675905725197625,2023-04,3.30004813822549,0.579309757568627,FALSE,TRUE,305,305,294,302,361,369,FALSE,,,,FALSE
110780-99999,-1.4510546959646,0.625664878669298,2023-05,3.48383931773109,0.507958993637454,FALSE,TRUE,728,727,441,439,797,781,FALSE,,,,FALSE
111100-99999,2.41864142308113,0.949582165865908,2022-08,1.39306361675795,1.47253284410455,FALSE,TRUE,2044,2038,1492,1498,2150,2146,FALSE,,,,FALSE
111190-99999,5.92370826383187,0.720296168170308,2023-06,2.10954381207802,0.965756296806553,FALSE,TRUE,1402,1416,1157,1154,1460,1466,FALSE,,,,FALSE
111260-99999,-5.69761178187927,1.23967020954992,2022-11,1.95302500432328,1.6389010435088,FALSE,TRUE,1832,1834,1295,1308,2242,2246,FALSE,,,,FALSE
111270-99999,-0.211584231479939,1.88629226107488,2023-07,3.23233539060738,1.65058372714859,FALSE,TRUE,2202,2205,1867,1868,2673,2674,FALSE,,,,FALSE
111360-99999,8.16314579469599,1.44766561928992,2023-09,3.50557889919904,1.16802868310784,FALSE,TRUE,1158,1176,907,914,1470,1482,FALSE,,,,FALSE
111380-99999,6.18419072544125,1.62199979468428,2022-07,2.53580017836692,1.27928044845305,FALSE,TRUE,2062,2066,2011,2008,2499,2514,FALSE,,,,FALSE
111490-99999,-3.79376401877752,0.414901688367663,2023-01,2.81864931506013,0.416340969843939,FALSE,TRUE,1770,1763,1642,1639,2224,2244,FALSE,,,,FALSE
111520-99999,-0.00655731099809135,2.1017924813081,2023-06,11.4051839709855,0.521233754741945,FALSE,TRUE,496,503,493,501,509,523,FALSE,,,,FALSE
111550-99999,-2.77525478381221,1.00084065268385,2023-10,2.07739489551835,1.36267055228965,FALSE,TRUE,1573,1571,925,918,1668,1687,FALSE,,,,FALSE
111570-99999,1.88228750495419,1.5829137543995,2023-09,2.71378009469655,1.64978592326877,FALSE,TRUE,632,637,626,635,744,766,FALSE,2,15.1310982435546,-4.83269095514527,TRUE
111800-99999,-1.65214163341561,0.701538387894297,2023-02,1.11839270754706,1.77419808979526,FALSE,TRUE,1342,1349,783,755,1626,1616,FALSE,,,,FALSE
112140-99999,4.15027447506631,29.0251864928108,2024-03,78.1433883356802,0.959040948538722,TRUE,TRUE,950,950,796,801,1074,1075,FALSE,,,,FALSE
112410-99999,-7.551242347692,-0.718977919272154,2023-07,-1.36424050255421,1.49062914138347,FALSE,TRUE,1397,1404,952,938,1410,1413,TRUE,,,,FALSE
112520-99999,10.4248363358584,-1.60201886237411,2022-11,-1.76960061256841,1.95567081959359,FALSE,TRUE,1123,1120,1087,1091,1374,1378,FALSE,,,,FALSE
113080-99999,-0.594894375329928,0.600305621993962,2022-12,2.54324248482173,0.639197921118884,FALSE,TRUE,1342,1335,1342,1335,2271,2300,FALSE,,,,FALSE
113100-99999,-12.2501272998312,-0.485606665586871,2024-04,-1.25169402553946,0.909845821290995,FALSE,TRUE,2305,2310,1841,1851,2635,2603,FALSE,,,,FALSE
113400-99999,2.61437174224848,0.841149317773519,2023-10,3.34058792553775,0.712188871954147,FALSE,TRUE,1738,1750,1235,1239,1933,1915,TRUE,,,,FALSE
113510-99999,-1.93344651258113,0.320981403542868,2023-02,1.02923260300982,0.763909589827579,FALSE,TRUE,1310,1322,1160,1167,1747,1736,FALSE,,,,FALSE
113840-99999,-1.66398456056659,0.972227626126482,2023-03,3.90281425751535,0.704587717406361,FALSE,TRUE,1104,1089,946,947,1394,1383,FALSE,,,,FALSE
114140-99999,-0.320044210674464,0.973114512870384,2022-12,6.37621908832004,0.413286701997068,FALSE,FALSE,593,596,591,595,597,599,FALSE,,,,FALSE
114570-99999,-0.934251427175511,1.13222064019138,2023-03,2.92568276619538,1.09458332493077,FALSE,TRUE,1118,1123,944,946,1140,1145,FALSE,,,,FALSE
115200-99999,-0.758026787995523,0.638340099778238,2022-12,7.86660257006084,0.219743294076926,FALSE,TRUE,274,280,272,280,308,310,FALSE,,,,FALSE
117300-99999,-3.10510609140862,1.63979542237446,2023-03,2.97284966209783,1.56013333294684,FALSE,TRUE,1220,1209,915,922,1360,1344,FALSE,,,,FALSE
117870-99999,-6.02383060875985,1.09785370908379,2023-03,2.27544350922496,1.3646566909646,FALSE,TRUE,1186,1182,822,815,1298,1296,TRUE,,,,FALSE
118580-99999,-10.8555276587174,1.31397533275946,2023-02,6.38542570873609,0.582025951275202,FALSE,TRUE,109,113,102,107,117,120,FALSE,,,,FALSE
119160-99999,-15.5199389699037,-3.26736240560567,2024-04,-2.39994088171635,3.33481993638224,FALSE,TRUE,998,989,910,902,1384,1362,TRUE,2,38.22333974486,-21.0811324637479,TRUE
119300-99999,-12.5111774025371,-5.26119346420866,2024-06,-2.1920563185149,5.18484711025347,FALSE,TRUE,2368,2340,1571,1567,2489,2495,TRUE,,,,FALSE
119330-99999,-34.154300178482,-1.33126933910547,2022-11,-2.93505023326779,1.17112907103048,FALSE,TRUE,1204,1217,1098,1112,1394,1399,FALSE,2,12.4581199478982,-16.3015469219659,TRUE
121150-99999,-0.405742750156308,0.800421817905063,2023-07,4.8784964210889,0.464064044654156,FALSE,TRUE,17,6,5,-2,19,21,FALSE,,,,FALSE
121420-99999,-24.6970393569645,0.741186804147625,2023-07,3.42145800594866,0.612719155900855,FALSE,TRUE,61,55,36,33,73,62,FALSE,1,19.6769243275773,-1.9544344990289,TRUE
121850-99999,-0.0951963145475674,0.973155088372111,2023-06,6.89208783142527,0.399370744520422,FALSE,TRUE,98,104,68,75,109,110,FALSE,,,,FALSE
122050-99999,-1.75617274556489,0.652021485447964,2022-12,5.1171598345711,0.345051275816495,FALSE,TRUE,4,2,3,-3,10,2,FALSE,,,,FALSE
122150-99999,-4.19425978983247,1.03219893555723,2023-06,8.56957648601971,0.340681884598035,FALSE,FALSE,136,136,131,135,141,138,FALSE,,,,FALSE
122500-99999,-1.28241072653643,1.28891952441156,2023-06,8.4018948859323,0.433903898341391,FALSE,TRUE,71,68,50,64,84,77,FALSE,,,,FALSE
122700-99999,-2.30420428198277,1.06409510902319,2023-07,5.24317392397982,0.574025487864503,FALSE,TRUE,127,134,114,126,140,145,FALSE,,,,FALSE
123850-99999,-2.13058563695498,0.793783458222675,2023-06,5.65092802990535,0.397307955884452,FALSE,FALSE,149,146,140,144,157,146,FALSE,,,,FALSE
124970-99999,-1.56706793600978,1.02006699545476,2023-07,7.89920388223276,0.365250119128091,FALSE,TRUE,170,170,156,163,195,174,FALSE,,,,FALSE
125100-99999,0.387691592979593,-2.51298405480585,2022-08,-1.29664272874896,3.87613950873029,FALSE,TRUE,1247,1238,957,966,1549,1553,TRUE,,,,FALSE
125200-99999,-1.71690959342614,0.582612564275279,2023-06,5.78385903516927,0.284909637318971,FALSE,TRUE,361,354,305,310,361,358,FALSE,1,45.095063996138,-1.95918562293759,TRUE
125500-99999,-1.46445490500436,0.898489179384916,2023-07,8.50227793788472,0.298897681871771,FALSE,TRUE,251,261,241,251,287,293,FALSE,,,,FALSE
125700-99999,-2.99266379323378,1.08019754113475,2023-08,13.1318598420067,0.232660115336928,FALSE,TRUE,250,244,242,239,319,305,FALSE,,,,FALSE
126000-99999,1.09205044071229,1.08376621964016,2023-07,4.73562807594108,0.647296139679359,FALSE,TRUE,395,403,346,360,413,421,FALSE,,,,FALSE
126500-99999,-8.75405693096912,0.865762535319049,2023-10,1.14750885321283,2.13396718607386,FALSE,TRUE,1954,1939,1445,1463,2006,1980,FALSE,2,7.53997327738439,-19.5773010966486,TRUE
126600-99999,-1.39101327890269,2.13109748686139,2022-12,4.87941515971804,1.18273175920845,FALSE,TRUE,304,297,277,279,310,305,FALSE,,,,FALSE
132890-99999,-2.14510005954111,0.647930991382978,2024-05,1.5586730040786,0.960004135087717,FALSE,TRUE,846,836,631,631,1012,1008,TRUE,,,,FALSE
133630-99999,-5.18540976534969,1.88912763749664,2022-09,3.79953267318896,1.14823421073711,FALSE,TRUE,755,755,706,719,867,861,FALSE,,,,FALSE
133670-99999,-5.79591740544286,0.604061753557346,2023-11,2.13977901853987,0.798467801571966,FALSE,TRUE,1009,1010,880,877,1032,1030,FALSE,,,,FALSE
133690-99999,-5.54182864613715,0.616663973979186,2023-12,3.25249944609359,0.536261155386625,FALSE,TRUE,1001,1011,987,996,1037,1039,FALSE,,,,FALSE
133780-99999,-11.4999536838512,-1.86395520735585,2022-10,-3.03342647355327,1.5051425182814,FALSE,TRUE,1680,1685,1533,1530,1858,1857,FALSE,,,,FALSE
133830-99999,0.0870683755997602,0.872956360128024,2023-11,3.13698871209154,0.787090319512045,FALSE,TRUE,150,152,150,149,170,166,FALSE,,,,FALSE
135850-99999,-3.82097997882305,0.743569164873363,2024-05,4.16377042629499,0.412414531588612,FALSE,TRUE,698,696,653,651,762,765,FALSE,,,,FALSE
135920-99999,-2.33516670301156,-0.921542876203075,2023-02,-2.24745080525605,1.15976592750044,FALSE,TRUE,99,99,87,96,373,388,FALSE,,,,FALSE
140080-99999,-13.6431945164963,-4.35936658325443,2024-03,-3.09380156436862,3.6381894196465,FALSE,TRUE,2347,2343,1233,1235,2693,2695,FALSE,,,,FALSE
140310-99999,-2.53622415712652,0.812613437087443,2023-04,9.56155537410378,0.240381172044071,FALSE,TRUE,178,187,171,180,198,196,FALSE,,,,FALSE
141050-99999,0.291995918274969,0.472480877004058,2024-07,2.3070706678138,0.409593761990642,FALSE,FALSE,10,-1,7,-4,11,0,FALSE,,,,FALSE
142840-99999,-1.58192951142411,0.823199357874392,2024-04,7.84054554314325,0.25717832672274,FALSE,FALSE,75,82,74,80,78,85,FALSE,,,,FALSE
143210-99999,5.33164849508964,0.641056932127617,2024-07,1.63854306241333,0.782471876184243,FALSE,TRUE,,0,3,0,52,55,FALSE,,,,FALSE
143240-99999,-6.61752804304295,-2.91758796587967,2024-01,-4.39206908021835,1.87888323038782,FALSE,TRUE,1501,1516,1421,1433,1613,1618,FALSE,,,,FALSE
144470-99999,0.679099859101046,1.26517938886871,2023-03,7.75403450594201,0.46149752085883,FALSE,TRUE,33,46,1,0,257,265,FALSE,,,,FALSE
145440-99999,-14.9609549774118,0.94665032793094,2023-10,2.54578423574445,1.05175113726273,FALSE,TRUE,578,577,545,545,644,640,FALSE,,,,FALSE
146520-99999,-14.3965986545637,-2.48067334586805,2022-08,-2.29902178086289,2.33093350772701,FALSE,TRUE,1484,1479,1289,1289,1802,1807,TRUE,,,,FALSE
150330-99999,-8.12363909621416,-1.03071587161431,2024-07,-1.2989074044277,1.58705057512309,FALSE,TRUE,1856,1847,1488,1483,2198,2198,FALSE,,,,FALSE
150730-99999,-2.23311422124725,-0.614775537712642,2024-05,-4.27468261065907,0.33213303023203,FALSE,TRUE,388,390,340,350,423,421,FALSE,,,,FALSE
150880-99999,-3.02575710579873,-4.15503408150008,2024-07,-3.67175975148975,2.26323853559005,FALSE,TRUE,1882,1865,1560,1552,1985,1977,TRUE,,,,FALSE
151080-99999,-7.99742639191943,-2.39943127213037,2022-07,-1.84873586068597,2.5957534801538,FALSE,TRUE,1532,1524,1076,1072,1810,1802,TRUE,,,,FALSE
151180-99999,-10.7532626743822,0.848697111875223,2022-07,1.99345149858318,0.851485087526256,FALSE,TRUE,1242,1248,1062,1076,1373,1380,FALSE,,,,FALSE
151190-99999,-6.59195381887135,-1.95275295452234,2024-07,-1.48351661821937,2.63260004039077,FALSE,TRUE,1713,1704,1350,1333,1835,1827,FALSE,,,,FALSE
151480-99999,11.4954460665562,-0.224044163358159,2023-09,-1.30675999579808,0.484934181350007,FALSE,TRUE,1321,1320,1168,1154,1453,1456,FALSE,,,,FALSE
151630-99999,-7.14168091920065,0.422858650975551,2023-10,1.5912278255993,0.75163647788925,FALSE,TRUE,1326,1323,1132,1119,1396,1397,FALSE,,,,FALSE
151680-99999,-0.533011299556219,0.872330344262466,2022-11,4.17305839105759,0.539735381762165,FALSE,TRUE,488,494,458,465,569,575,FALSE,,,,FALSE
151790-99999,-0.893520341993276,0.82467577631835,2022-12,4.62072660771118,0.483307658944276,FALSE,TRUE,201,198,137,132,279,283,TRUE,,,,FALSE
151840-99999,-4.31130762514052,0.635545752526572,2023-01,3.45499329338349,0.520288953644536,FALSE,TRUE,1073,1073,855,851,1195,1185,FALSE,,,,FALSE
152450-99999,-1.23783380948373,0.831780616102293,2023-12,8.71296924225618,0.27001482399502,FALSE,TRUE,33,76,33,71,82,80,FALSE,,,,FALSE
152540-99999,-2.81484682351052,1.66231668063479,2024-07,3.32872640786034,0.998770386601589,FALSE,TRUE,1516,1507,1235,1234,1703,1702,FALSE,,,,FALSE
152620-99999,-12.6097854945399,-1.66129412597427,2022-07,-2.14650551342995,1.54790576178828,FALSE,TRUE,1570,1569,1400,1390,1760,1760,TRUE,,,,FALSE
152790-99999,9.32183858904244,-1.72257711575409,2023-07,-2.30868222780905,2.11037438586326,FALSE,TRUE,2221,2153,1858,1854,2391,2381,FALSE,,,,FALSE
152800-99999,-13.8815923285111,0.898674578481618,2024-05,0.7618579747763,2.7241298351052,FALSE,TRUE,2341,2334,1875,1870,2499,2494,FALSE,,,,FALSE
152840-99999,5.4243409770081,-1.54563830793788,2022-07,-1.56812870128943,1.97131562819677,FALSE,TRUE,1613,1633,1370,1383,1677,1682,FALSE,,,,FALSE
152970-99999,-7.32655656076176,0.790298209394091,2024-07,2.04514201922742,0.77285411180651,FALSE,TRUE,1393,1377,1343,1342,1671,1663,FALSE,,,,FALSE
153010-99999,-15.2412384124136,0.759419221980125,2024-03,3.08706209240293,0.635170897438264,FALSE,TRUE,1261,1262,1129,1126,1359,1356,TRUE,2,14.4019748000137,-4.20256262372079,TRUE
153020-99999,-2.35070216959053,0.836582969249539,2024-01,4.98084856889795,0.475062417496793,FALSE,TRUE,1080,1080,1013,1017,1320,1320,FALSE,,,,FALSE
153150-99999,-19.2112977875342,1.17380137882674,2024-07,1.53607496347963,1.52831262371175,FALSE,TRUE,1378,1383,1094,1099,1428,1426,FALSE,2,16.6640086960009,-3.14319673288905,TRUE
153160-99999,4.70013241020008,1.20703736112793,2024-03,2.62217878792841,1.18853721173143,FALSE,TRUE,1681,1669,1277,1266,1880,1865,FALSE,,,,FALSE
153170-99999,-17.2374737570396,-1.05230061047429,2023-09,-1.29520912235961,2.29797299808245,FALSE,TRUE,2094,2075,1717,1694,2178,2155,FALSE,2,2.26711589990443,-9.3966845408215,TRUE
153200-99999,-0.351002438791514,1.82040860254239,2024-07,4.15699421472428,0.875829269184165,FALSE,TRUE,1561,1559,1059,1058,1759,1761,FALSE,,,,FALSE
153250-99999,3.58765103427494,2.17174345785193,2023-05,4.29250184297417,1.43101117457469,FALSE,TRUE,1688,1695,1259,1258,2022,2031,FALSE,,,,FALSE
154100-99999,-2.40285205928874,0.450657228609705,2023-05,1.81843515970198,0.700960450837047,FALSE,TRUE,80,81,48,52,88,90,FALSE,,,,FALSE
154220-99999,-0.267006594011883,1.26991007435066,2023-12,7.88573303656291,0.45548690066325,FALSE,TRUE,83,66,58,66,97,86,FALSE,,,,FALSE
154280-99999,-3.69632500827423,0.622799855407713,2023-05,5.15055921885293,0.34201024189282,FALSE,TRUE,,0,1,-2,18,2,FALSE,,,,FALSE
154700-99999,0.258028145815237,0.654807973141943,2023-11,5.46042702190596,0.339181647388501,FALSE,TRUE,90,98,76,81,98,105,FALSE,,,,FALSE
154990-99999,-1.19700353963975,-0.572384132433547,2024-06,-3.72851477831434,0.331630990062484,FALSE,TRUE,18,14,3,0,23,22,FALSE,,,,FALSE
155250-99999,8.05891101977397,-0.354460767818353,2022-08,-1.28631745938344,0.595282889987461,FALSE,TRUE,202,211,161,167,246,252,FALSE,,,,FALSE
156000-99999,-18.705272588805,-4.0896664170342,2022-08,-4.4256945726217,1.99622659275113,FALSE,TRUE,1649,1654,1235,1236,1673,1668,TRUE,1,26.2571155120331,65.5374701295871,TRUE
156150-99999,-13.2044731881563,-1.29914411873462,2023-03,-1.12239962061626,3.27382012332289,FALSE,TRUE,2739,2728,2209,2219,2845,2840,TRUE,,,,FALSE
156400-99999,4.26496475207599,1.08839013004726,2024-07,1.85262329672844,1.17497187039508,FALSE,TRUE,240,232,217,215,254,252,FALSE,,,,FALSE
157300-99999,0.256536711423282,1.21243839154073,2024-07,3.7211141856379,0.65165341940878,FALSE,TRUE,301,308,250,249,353,365,FALSE,,,,TRUE
160080-99999,6.37157425512538,-4.05181589724753,2023-07,-3.04549297919538,3.7630249245495,FALSE,TRUE,1451,1445,1450,1445,1839,1853,FALSE,,,,FALSE
160210-99999,-2.84302768675728,2.08050443935775,2022-09,1.53026213430821,3.13980140051345,FALSE,TRUE,1980,1983,1819,1842,2284,2303,FALSE,1,39.3126591679882,-2.81300780034901,TRUE
160220-99999,-1.70155864868094,3.82712489002965,2022-07,2.43093297409017,3.14868812165587,FALSE,TRUE,1884,1896,1352,1362,2073,2074,TRUE,,,,FALSE
160330-99999,-10.8049893607597,1.89066447403948,2024-05,2.16806751035426,2.01391448895535,FALSE,TRUE,1220,1223,1195,1197,1324,1320,FALSE,,,,FALSE
160590-99999,0.384139655063882,1.13284042520513,2023-11,5.11002055938068,0.62703399123849,FALSE,FALSE,269,297,260,290,291,297,FALSE,,,,FALSE
160880-99999,3.45128301062964,1.21883040553896,2023-03,3.12005475880417,1.10490784489086,FALSE,FALSE,87,97,84,93,98,98,FALSE,,,,FALSE
161190-99999,8.4226308592937,1.42533308940727,2024-07,2.07941421881434,1.37089866608682,FALSE,TRUE,435,425,303,303,746,744,FALSE,,,,FALSE
161340-99999,-14.79173971491,-3.35892590310611,2023-12,-2.36455119971012,3.97580435479954,FALSE,TRUE,1838,1831,1541,1532,2066,2059,TRUE,,,,FALSE
162060-99999,1.85605904222553,1.01027212456358,2022-11,2.55148805114702,1.02234905935599,FALSE,FALSE,10,2,10,1,14,4,FALSE,,,,FALSE
162160-99999,5.10391116754657,2.28291863829918,2023-03,4.36966849624711,1.47770225720777,FALSE,FALSE,299,293,294,292,304,297,FALSE,,,,FALSE
162190-99999,-12.9881642215,6.43557308148283,2024-04,1.9060682139965,8.03734518708589,FALSE,TRUE,1881,1889,1368,1392,2057,2069,FALSE,,,,FALSE
162320-99999,3.5803894570143,0.884752606970785,2024-03,1.39453805034177,1.63812052862077,FALSE,TRUE,8,0,5,0,47,40,FALSE,,,,FALSE
162390-99999,-1.7429856268653,0.81076880483561,2024-06,2.8226750433056,0.620496787608053,FALSE,FALSE,113,112,110,110,114,120,FALSE,,,,FALSE
162630-99999,-0.265887783170048,-2.71070106219733,2024-02,-3.77305782147125,1.94553423905136,FALSE,TRUE,1023,1020,766,762,1051,1038,TRUE,,,,FALSE
163100-99999,-5.1671481287261,10.1789736618682,2024-05,8.04411645863097,2.9223013933112,FALSE,TRUE,,0,97,0,161,160,TRUE,,,,FALSE
163120-99999,-7.71001477001908,-13.9149777680158,2024-05,-47.8245296745932,0.671941049063744,TRUE,FALSE,342,342,339,341,343,344,TRUE,,,,FALSE
163320-99999,3.12949222508805,0.895789784549097,2024-01,5.19455315714168,0.487756318598032,FALSE,FALSE,57,48,54,44,59,49,FALSE,,,,FALSE
163440-99999,-1.31237741569914,0.689764799377637,2023-04,1.94689389772425,1.00208309786954,FALSE,TRUE,1596,1581,1359,1350,1680,1677,FALSE,,,,FALSE
163620-99999,9.25286169803431,1.17548550898682,2023-01,7.68599567333528,0.432575718185596,FALSE,FALSE,8,4,7,3,11,8,FALSE,,,,FALSE
164050-99999,-0.137673492384258,0.768822445391669,2023-11,4.24021941826523,0.51284097452418,FALSE,FALSE,9,10,5,8,14,13,FALSE,,,,FALSE
164200-99999,7.43236068924239,1.31573586938659,2022-12,3.03001024236989,1.17591337742953,FALSE,TRUE,53,65,10,0,174,183,FALSE,,,,FALSE
164290-99999,0.747126161459543,-0.649454563195046,2022-08,-1.9444377086145,0.721536205697209,FALSE,FALSE,7,5,7,1,9,7,FALSE,,,,FALSE
164340-99999,7.76471171031905,1.83872952925456,2022-07,1.91898811463094,1.91635322307161,FALSE,TRUE,870,882,650,658,981,980,TRUE,,,,FALSE
164600-99999,-1.56145053933289,1.58879390424633,2023-10,8.44403554052158,0.532184848445599,FALSE,FALSE,7,-3,6,-3,7,9,FALSE,,,,FALSE
164900-99999,-2.74147782401907,1.39419777025275,2023-01,7.29738821523864,0.540383308977426,FALSE,FALSE,12,18,9,14,12,18,FALSE,,,,FALSE
165600-99999,-2.62225496641115,0.825088425576635,2022-08,3.71454002162782,0.47984264613168,FALSE,FALSE,9,-1,8,-2,10,4,FALSE,,,,FALSE
165970-99999,-2.23111937742662,1.17483368529485,2023-01,8.23054963702104,0.403731416381591,FALSE,FALSE,63,72,63,72,69,83,FALSE,,,,FALSE
166410-99999,4.44511262391132,0.919373867813757,2024-07,2.48053309822662,0.741271195672443,FALSE,FALSE,8,-2,3,-4,9,1,FALSE,,,,FALSE
166421-99999,-3.03049046375137,-0.331533500804177,2023-10,-1.65174403015416,0.549686796634454,FALSE,TRUE,52,59,16,23,174,173,FALSE,,,,FALSE
166430-99999,-3.00204123363757,-0.525241981939279,2023-10,-2.0976788308125,0.708215503227003,FALSE,FALSE,4,-1,3,-2,5,1,FALSE,,,,FALSE
166480-99999,-3.52809187730757,-0.411275857233128,2023-07,-2.24323434100913,0.518565434330914,FALSE,FALSE,63,66,60,66,66,70,FALSE,,,,FALSE
166500-99999,3.65958563412228,0.467738312362349,2022-07,1.63338327762442,0.572723277836692,FALSE,FALSE,12,6,7,4,12,7,FALSE,,,,FALSE
166820-99999,-8.46062773739394,0.673010013400281,2024-07,2.2130687779245,0.608214277037927,FALSE,FALSE,12,7,11,6,16,9,FALSE,,,,FALSE
167160-99999,19.650480146355,-0.940308361059755,2023-07,-4.16083793812821,0.611984200541928,FALSE,FALSE,11,18,10,9,14,23,FALSE,1,25.607398550343,-18.4221536809314,TRUE
167540-99999,3.72558905609045,-0.831820163647929,2024-04,-1.90261915589917,1.07091056682486,FALSE,FALSE,17,22,13,16,18,27,FALSE,,,,FALSE
170260-99999,-2.94740338697113,-11.2076577175056,2022-10,-49.6328880545427,0.553122006309325,TRUE,TRUE,196,198,18,0,196,201,FALSE,,,,FALSE
170300-99999,1.18097556182322,-0.557243178750208,2023-11,-2.33663667453753,0.674525799852398,FALSE,TRUE,95,107,31,43,174,184,TRUE,,,,FALSE
170380-99999,8.53310316056956,0.431976501540248,2024-07,1.92496023389617,0.448816026361145,FALSE,FALSE,23,25,18,20,29,28,FALSE,,,,FALSE
170450-99999,-5.06377542483681,1.360534114013,2024-05,3.20673689262545,0.979818130727847,FALSE,TRUE,608,613,186,188,885,882,FALSE,,,,FALSE
170630-99999,1.04996489247552,-1.55124081283823,2022-11,-5.77531379370086,0.693518430188456,FALSE,FALSE,95,93,93,81,97,100,FALSE,,,,FALSE
170720-99999,3.10013336197961,-7.83349663349348,2024-01,-7.52330757078473,2.94504433738974,FALSE,TRUE,158,154,146,148,177,165,FALSE,,,,FALSE
170740-99999,-301.210876974489,1.48004006174104,2024-07,2.32917530833098,1.27087047200547,FALSE,FALSE,1075,1067,1060,1065,1085,1070,FALSE,,,,TRUE
170850-99999,-2.11805055353006,0.861457129122829,2024-02,2.47808331342722,0.941387612356242,FALSE,TRUE,609,620,397,399,1041,1060,FALSE,,,,FALSE
170880-99999,-16.4879379310562,1.87231572612762,2024-04,3.18543923995039,1.4397443557808,FALSE,TRUE,1227,1228,1125,1129,1616,1620,FALSE,,,,TRUE
170900-99999,306.179798824818,-0.726713079400404,2023-02,-7.47495510415402,0.274978907169846,FALSE,TRUE,1287,1286,1262,1266,1332,1328,FALSE,,,,TRUE
170920-99999,-1.32712650532127,1.29773921450306,2023-09,1.83488468319325,2.00043132343303,FALSE,FALSE,1138,1146,1136,1144,1146,1147,FALSE,,,,FALSE
170960-99999,-5.62960773400014,1.21719066726578,2023-12,3.14187999237511,1.09575639669162,FALSE,FALSE,1757,1759,1754,1755,1760,1759,FALSE,,,,FALSE
170980-99999,-2.75407488013861,-1.27672320397221,2022-10,-3.97755731087092,0.786241441187042,FALSE,FALSE,1792,1793,1791,1791,1798,1800,FALSE,,,,FALSE
170990-99999,-25.7346385701543,-16.4519578066192,2022-09,-21.1219029319316,1.79880426474042,TRUE,TRUE,1663,1666,1627,1628,1678,1687,FALSE,,,,TRUE
171120-99999,-0.42345236231056,1.36720575680177,2024-07,2.27294987703285,1.20302323479877,FALSE,FALSE,10,9,8,7,13,10,FALSE,,,,FALSE
171240-99999,-7.74501648945817,1.35640656667614,2024-01,3.90629895663433,0.982130955147421,FALSE,FALSE,781,779,780,778,787,783,FALSE,,,,FALSE
171280-99999,-7.27756135565093,1.93880550142606,2023-12,7.9306749637171,0.691463222856681,FALSE,FALSE,956,951,943,949,958,953,FALSE,,,,FALSE
171300-99999,0.184461911740912,3.45831043568847,2023-09,3.97471124105324,2.46095337469147,FALSE,TRUE,918,922,861,868,959,961,FALSE,,,,FALSE
171400-99999,-0.610882124681091,-0.730608998437608,2023-07,-4.07494090509446,0.50711761394652,FALSE,TRUE,1278,1281,1259,1256,1437,1439,FALSE,,,,FALSE
171500-99999,-6.55574538346087,4.6160738880407,2024-04,9.83656577983012,1.14948915035673,FALSE,FALSE,72,95,60,94,91,100,FALSE,,,,FALSE
171550-99999,0.641519853427884,-4.14537167244319,2023-10,-11.1721047053141,1.04947832031289,FALSE,TRUE,1008,1006,950,943,1265,1265,FALSE,,,,FALSE
171600-99999,-1.88378364255435,-6.67874296242243,2022-09,-18.7441304097739,0.822865390478134,FALSE,TRUE,1024,1009,968,975,1086,1080,FALSE,,,,FALSE
171700-99999,-28.5152854264093,19.8330581838383,2023-11,35.3272186911815,1.58790761945379,TRUE,FALSE,1653,1654,1648,1651,1657,1655,FALSE,,,,TRUE
171900-99999,23.4349127040454,-0.596277644921462,2023-04,-1.9877131080923,0.848476501920481,FALSE,FALSE,991,999,988,996,993,1000,FALSE,,,,TRUE
171950-99999,-4.67994034338943,-0.519174735806294,2024-06,-1.05490014701764,1.06317703763632,FALSE,FALSE,1040,1054,1040,1052,1044,1054,FALSE,,,,FALSE
171970-99999,1.31685832156824,0.840400606710634,2024-02,2.36018254040224,0.964254061895987,FALSE,FALSE,924,922,911,918,930,925,FALSE,,,,FALSE
172030-99999,-44.9197435813315,0.82565570227906,2024-07,2.37582717492319,0.695046938593716,FALSE,TRUE,1128,1129,1089,1093,1232,1226,FALSE,,,,TRUE
172100-99999,-6.86436438210044,5.55160717334098,2023-02,14.3188274749497,1.09662026045665,FALSE,TRUE,982,985,842,847,1008,1015,FALSE,,,,TRUE
172375-99999,-11.476630114152,-0.657466448204608,2023-10,-1.77393915551303,1.04828619963273,FALSE,FALSE,843,848,842,847,846,853,FALSE,,,,FALSE
172440-99999,-3.95425449122324,-1.04108374405484,2022-11,-2.79017991800638,0.963402629034919,FALSE,FALSE,1000,1027,991,1025,1023,1029,FALSE,,,,FALSE
172480-99999,-3.64533522611169,2.48778328369906,2024-02,9.97670242691254,0.675268108784553,FALSE,TRUE,1043,1055,1037,1045,1063,1072,FALSE,,,,FALSE
172500-99999,-5.58332869223378,-0.563376861261189,2022-08,-1.31481764670958,0.925628828315419,FALSE,TRUE,1212,1216,1201,1211,1256,1260,FALSE,,,,FALSE
172710-99999,-10.9782349847235,1.20333393116198,2024-07,3.22273937259776,0.74677706884625,FALSE,TRUE,716,741,678,691,754,764,TRUE,,,,FALSE
172750-99999,-19.114766355382,0.756846314965834,2024-05,2.48016409622955,0.704736310544926,FALSE,TRUE,727,727,675,677,1010,1012,TRUE,,,,TRUE
172900-99999,-39.8730763826665,-3.2520865841607,2022-10,-8.90395103654742,0.894653698998021,FALSE,FALSE,46,49,41,47,46,51,FALSE,1,12.3540732469286,1.35354768846315,TRUE
173020-99999,1.20769019350162,1.70504869555938,2024-02,5.91012812971391,0.781251031025695,FALSE,TRUE,,0,22,0,22,39,FALSE,,,,FALSE
173200-99999,0.20406909233663,-0.922552702110638,2023-08,-5.54860131628228,0.47027582951409,FALSE,TRUE,82,87,10,12,352,362,FALSE,,,,FALSE
173400-99999,1.85845767958969,-1.20514838767132,2023-08,-4.56413819806343,0.746838557710635,FALSE,TRUE,6,4,5,0,23,27,FALSE,,,,FALSE
173700-99999,-9.47621335151706,1.44301267135668,2022-07,2.32257846924967,1.24259540890591,FALSE,FALSE,9,9,6,7,11,10,FALSE,,,,FALSE
175470-99999,63.6809968065276,-1.00325341810222,2023-07,-4.51922568072155,0.627901632100301,FALSE,TRUE,145,150,68,69,172,179,FALSE,1,33.5719431597062,-6.62565209563569,TRUE
176000-99999,-3.78103795118433,1.2213157876789,2023-01,6.51969628791241,0.518685248416715,FALSE,FALSE,6,11,5,8,7,13,FALSE,,,,FALSE
200460-99999,2.44829188180564,-1.4599276357869,2022-10,-3.12276331457963,0.991741570505987,FALSE,TRUE,,,,,,,,,,,FALSE
200870-99999,-1.00411693826014,-2.00324953056922,2022-09,-6.35692091595791,0.727759033669745,FALSE,TRUE,,,,,,,,,,,FALSE
201070-99999,1.41246359666787,-0.948437310917238,2022-10,-3.50580666754995,0.662668448396844,FALSE,TRUE,163,,13,,337,,FALSE,,,,FALSE
202920-99999,-0.713123925074669,-2.96387062659617,2022-08,-6.43130115258893,0.995551627831184,FALSE,TRUE,10,,7,,26,,FALSE,,,,FALSE
204710-99999,0.685922166014921,-2.60589560200088,2022-09,-8.81241267012852,0.682906978423799,FALSE,TRUE,,,,,,,,,,,FALSE
204760-99999,-0.80708783210657,-2.41425146361546,2022-10,-7.44700626122319,0.79410221895718,FALSE,TRUE,,,3,,28,,FALSE,,,,FALSE
206670-99999,-1.35706125439624,-2.41224802293312,2022-09,-7.69156580430991,0.724280117118512,FALSE,TRUE,7,,4,,13,,FALSE,,,,FALSE
206740-99999,4.47191772480932,-2.35676550029549,2022-09,-5.67970801853037,0.958274046182044,FALSE,TRUE,,,4,,30,,TRUE,,,,FALSE
207440-99999,-0.218883062476204,-1.2748704140173,2022-09,-3.91895514499509,0.751268386069471,FALSE,TRUE,,,5,,10,,FALSE,,,,TRUE
208710-99999,-1.79272389445567,-1.31676675695173,2022-10,-3.96478382107181,0.813513878776672,FALSE,TRUE,6,,5,,22,,FALSE,,,,FALSE
208910-99999,-1.19591004410791,0.729508075130708,2024-05,2.71398790432671,0.620756905926163,FALSE,TRUE,13,,5,,24,,FALSE,,,,FALSE
209670-99999,0.494836332304893,-1.43495294104057,2022-10,-6.2331805092313,0.56390192859807,FALSE,TRUE,11,,4,,19,,FALSE,,,,FALSE
214320-99999,5.15041838343095,-1.53345570407588,2022-07,-3.70490495219314,0.827797594736212,FALSE,TRUE,,,4,,23,,FALSE,,,,FALSE
215350-99999,-0.549851139024209,-2.16455754207472,2022-09,-9.61243985492612,0.520037742115113,FALSE,TRUE,,,1,,7,,FALSE,,,,FALSE
216080-99999,1.22666321097503,-0.818586743534985,2023-05,-5.30044078643311,0.422944470822517,FALSE,TRUE,,,3,,17,,FALSE,,,,FALSE
216360-99999,-0.00720294340835125,-2.61537510651282,2022-07,-6.73637371369394,0.776493471909432,FALSE,FALSE,,,,,,,,,,,FALSE
218130-99999,2.24725173327486,-0.59398023848213,2023-03,-1.59883405080998,1.05078436203867,FALSE,TRUE,9,,7,,41,,FALSE,,,,FALSE
218240-99999,-0.825304461531986,-1.3244708078672,2022-10,-4.91096263922221,0.660619494959198,FALSE,FALSE,11,,8,,14,,FALSE,,,,FALSE
219080-99999,-0.288666714320566,-0.957643601475793,2023-03,-4.43981985918608,0.610075458951236,FALSE,TRUE,67,,17,,115,,FALSE,,,,FALSE
219210-99999,2.815622299429,-1.50963404798554,2022-08,-2.12535162593498,1.53442010804183,FALSE,TRUE,54,,18,,76,,FALSE,,,,FALSE
219310-99999,0.940192171203855,-1.6752138057555,2022-10,-3.2043054527869,1.28059546589043,FALSE,TRUE,2,,2,,12,,FALSE,,,,FALSE
219460-99999,-2.40276349595361,-1.04055853242618,2023-08,-3.69334088942874,0.796878508134549,FALSE,TRUE,7,,1,,58,,FALSE,,,,FALSE
219780-99999,0.679911738426752,-1.43512686723951,2023-08,-4.12351028224118,0.953133743177634,FALSE,TRUE,,,2,,13,,FALSE,,,,FALSE
220030-99999,-1.17771058193139,0.333848953271975,2023-06,2.31472150581391,0.407939975772831,FALSE,TRUE,,,4,,24,,FALSE,,,,FALSE
220280-99999,-2.5151499970724,0.553961161587381,2023-06,2.33818235566332,0.67010974216558,FALSE,TRUE,10,,3,,43,,FALSE,,,,FALSE
221130-99999,-29.9717477165594,0.724868407883376,2023-04,2.18084621597491,0.940110976973404,FALSE,FALSE,67,,60,,70,,FALSE,1,43.430515566263,0.512656970821527,TRUE
221650-99999,1.32134269923092,-0.729019640520485,2022-07,-2.13649424691454,0.682444749451879,FALSE,TRUE,53,,3,,64,,FALSE,,,,FALSE
221930-99999,1.12685909434652,-0.359626650801406,2023-11,-1.79652247533042,0.566192623736167,FALSE,TRUE,7,,4,,13,,FALSE,,,,FALSE
222170-99999,-0.570593176920142,-1.12497348877051,2024-07,-2.40223144913238,0.936607077704205,FALSE,TRUE,,,5,,15,,FALSE,,,,FALSE
222710-99999,-11.6093287516169,-0.624041921095057,2023-02,-3.55787607419769,0.496098531762944,FALSE,TRUE,,,1,,10,,FALSE,,,,FALSE
222920-99999,0.250282401505472,-0.314659839841956,2023-12,-2.26104364563832,0.393620188532904,FALSE,TRUE,,,1,,16,,FALSE,,,,FALSE
223240-99999,-1.97857688774897,-0.616554806502578,2024-07,-3.14729379881286,0.391799969062399,FALSE,TRUE,4,,4,,23,,TRUE,,,,FALSE
223340-99999,0.460798021871381,0.97857873123752,2022-08,4.59710042753948,0.459848920719339,FALSE,TRUE,,,4,,8,,FALSE,,,,FALSE
223490-99999,-1.02131840181034,0.467324477695553,2022-09,1.56647210422122,0.688961934960383,FALSE,TRUE,,,6,,10,,FALSE,,,,FALSE
223650-99999,-1.08315442768904,-0.938394740221712,2024-06,-2.37697385151411,0.852834088499106,FALSE,TRUE,16,,6,,24,,FALSE,,,,FALSE
223830-99999,1.51806093428464,-0.500971055665462,2022-07,-2.0702547632915,0.483970441269719,FALSE,FALSE,6,,5,,8,,FALSE,,,,FALSE
224080-99999,-2.9668595565944,-0.537625048794678,2024-06,-4.13187037822557,0.281084046308948,FALSE,TRUE,99,,91,,131,,FALSE,,,,FALSE
224380-99999,0.0980895012872971,-0.80559294329263,2024-07,-4.39708000508855,0.366421780982084,FALSE,TRUE,12,,1,,12,,FALSE,,,,FALSE
224460-99999,0.736963277780379,-0.512270912382461,2024-07,-1.52793065285008,0.670542097479245,FALSE,TRUE,124,,44,,147,,FALSE,,,,FALSE
224810-99999,-1.48711877917164,-0.440837210377117,2023-02,-4.6360885784177,0.268949978486744,FALSE,TRUE,35,,15,,38,,FALSE,,,,FALSE
225200-99999,-0.0418596834022762,-0.441360719690172,2024-06,-3.50649064290698,0.271909502506983,FALSE,TRUE,,,2,,9,,FALSE,,,,FALSE
225590-99999,-1.96112608843005,-0.600092499756615,2023-10,-5.66849748465646,0.286682348514923,FALSE,TRUE,12,,9,,29,,FALSE,,,,FALSE
225630-99999,-1.36876345193536,0.965106444925081,2023-07,7.28596542123169,0.3746563549614,FALSE,TRUE,21,,12,,44,,FALSE,,,,FALSE
226560-99999,-0.959170875477435,0.682733348071183,2024-06,4.88050164160007,0.302196927005135,FALSE,TRUE,6,,4,,30,,FALSE,,,,FALSE
226710-99999,-1.61702923499212,0.706161357947727,2023-07,5.41132056743701,0.369101389277509,FALSE,TRUE,47,,24,,62,,FALSE,,,,FALSE
227210-99999,-3.3299545222248,-1.18371352703156,2024-07,-5.48531418284838,0.431593701864087,FALSE,TRUE,32,,23,,112,,FALSE,,,,FALSE
227490-99999,-1.31498574900766,2.09002582141114,2023-06,6.16706471810073,0.95855743289812,FALSE,TRUE,85,,58,,110,,FALSE,,,,FALSE
227620-99999,-4.29752083200238,,,,,FALSE,TRUE,26,,8,,34,,FALSE,,,,FALSE
227780-99999,-3.25725994103118,1.68136650140088,2023-07,13.7495317741481,0.34587524123137,FALSE,TRUE,43,,18,,58,,FALSE,,,,FALSE
227980-99999,-2.70864815043258,-0.282883078258235,2024-03,-1.18875821991108,0.614423484196806,FALSE,TRUE,70,,44,,110,,FALSE,,,,FALSE
228020-99999,-2.17524231576114,0.188452794308352,2023-08,2.16855653367404,0.24579714057668,FALSE,TRUE,5,,3,,33,,FALSE,,,,TRUE
228200-99999,-1.01067127461672,-0.182655079175154,2024-07,-0.862310788840027,0.423640946023325,FALSE,TRUE,82,,23,,102,,FALSE,,,,FALSE
228310-99999,-0.161451469509333,-0.353706986975242,2023-11,-2.37548745374187,0.421149113878558,FALSE,TRUE,20,,18,,41,,FALSE,,,,FALSE
228450-99999,-1.71707883334122,-0.721792328601381,2024-06,-5.34324093671775,0.291817205772432,FALSE,TRUE,120,,108,,131,,FALSE,,,,FALSE
228540-99999,-2.28163886339007,-0.993783032684175,2024-04,-4.63606859536859,0.525070174229878,FALSE,TRUE,220,,192,,228,,FALSE,,,,FALSE
228670-99999,-1.09620317297227,-0.253671806106685,2024-04,-2.07258265177087,0.299802995340474,FALSE,TRUE,68,,27,,103,,FALSE,,,,FALSE
228870-99999,0.781972426749656,-0.302334497263299,2024-07,-1.26307514762363,0.478727647887168,FALSE,TRUE,50,,38,,77,,FALSE,,,,FALSE
229960-99999,0.572449730158764,,,,,FALSE,TRUE,108,,108,,174,,FALSE,,,,FALSE
230220-99999,5.03402841520103,-0.961634305801852,2022-09,-4.92389423998614,0.451024980031449,FALSE,TRUE,35,,19,,75,,FALSE,,,,FALSE
230320-99999,1.22467834524634,-1.81445158817748,2022-08,-6.73059778373616,0.582364827544591,FALSE,TRUE,,,5,,21,,FALSE,,,,FALSE
230780-99999,-0.454799108496089,-1.84160538400558,2023-08,-6.60065739672966,0.789140582236664,FALSE,TRUE,66,,39,,101,,FALSE,,,,FALSE
231140-99999,-1.12060345077248,-0.23041174768013,2023-05,-1.39716031288121,0.466448145563711,FALSE,TRUE,4,,4,,21,,FALSE,,,,TRUE
231790-99999,-2.95433920537174,-0.2347192472501,2022-11,-1.26024458480317,0.480892755049851,FALSE,TRUE,24,,11,,71,,TRUE,,,,FALSE
232050-99999,-0.266871345740167,0.808262862470083,2023-10,2.37803298792876,0.784935757564117,FALSE,TRUE,9,,1,,16,,FALSE,,,,FALSE
232260-99999,1.0844657233774,-0.828435761063581,2022-07,-1.62636562014006,1.01875709963942,FALSE,TRUE,172,,146,,200,,FALSE,,,,FALSE
232560-99999,18.8861616258651,-0.872325604822639,2022-08,-4.85562507402325,0.388093943502186,FALSE,TRUE,10,,1,,23,,FALSE,,,,TRUE
232740-99999,-1.57042171494975,-0.828065132953767,2022-09,-1.99973750450614,0.956292766105759,FALSE,TRUE,44,,1,,50,,FALSE,,,,FALSE
233240-99999,-2.0422190058797,-0.6684934273696,2022-08,-1.70920982377916,0.844899692068094,FALSE,TRUE,48,,43,,70,,FALSE,,,,FALSE
233450-99999,-0.612859128732511,-0.798348596882335,2022-07,-2.37475936034019,0.672361680273971,FALSE,TRUE,10,,1,,13,,FALSE,,,,FALSE
234050-99999,8.77527595129901,0.767413127220457,2023-07,3.34380600783683,0.649132186445475,FALSE,TRUE,70,,25,,86,,FALSE,,,,FALSE
234180-99999,4.5521132797467,-0.756337065372781,2022-07,-1.60303352569077,0.943632248797625,FALSE,TRUE,39,,29,,60,,FALSE,,,,FALSE
234260-99999,-1.2893234437708,-0.467112055290114,2023-03,-2.62350952742156,0.503597335427631,FALSE,TRUE,3,,3,,7,,FALSE,,,,FALSE
234430-99999,-1.1389302892303,-0.890466337229541,2022-11,-2.17302022729249,0.819565622119434,FALSE,TRUE,39,,24,,42,,FALSE,,,,FALSE
234450-99999,1.42956122045403,-1.14270002096474,2022-08,-6.70284866544744,0.368278369469616,FALSE,TRUE,9,,7,,51,,FALSE,,,,FALSE
234530-99999,-1.67007727185889,-1.04173345263214,2022-07,-5.21945986316398,0.399172895258418,FALSE,TRUE,4,,4,,17,,FALSE,,,,FALSE
234650-99999,-1.30401220964132,-0.706284816153685,2024-03,-3.15235253982121,0.578494800541891,FALSE,TRUE,9,,9,,20,,FALSE,,,,FALSE
234710-99999,1.48321807406366,-0.515934977204034,2022-11,-5.56030152996754,0.239580241427278,FALSE,FALSE,42,,28,,45,,FALSE,,,,FALSE
234720-99999,1.15783721590506,-2.73575746094493,2023-11,-8.08824962813298,0.956682961706456,FALSE,FALSE,12,,10,,16,,TRUE,,,,TRUE
235270-99999,-0.999029598342293,-0.51930593312047,2023-03,-1.56873548391064,0.936307619955156,FALSE,TRUE,22,,10,,29,,FALSE,,,,FALSE
236060-99999,-1.03476850887397,-3.37463687812915,2023-04,-14.811639372081,0.644419854041335,FALSE,TRUE,145,,113,,153,,FALSE,,,,FALSE
236250-99999,-1.35431434701705,0.609054534049544,2023-06,2.14903662589221,0.801599350983693,FALSE,TRUE,24,,14,,32,,FALSE,,,,FALSE
236310-99999,0.133873929233592,0.356222292832372,2024-05,1.45020552861238,0.567271418017293,FALSE,TRUE,19,,4,,35,,FALSE,,,,FALSE
236350-99999,-1.12320803281107,-0.641324007987541,2023-02,-4.17648562996194,0.434321671534024,FALSE,TRUE,73,,29,,83,,FALSE,,,,TRUE
236620-99999,-0.526005241153551,-0.359317000892075,2023-07,-2.40570494881148,0.422454944945635,FALSE,TRUE,17,,16,,41,,FALSE,,,,FALSE
236780-99999,-0.892054469543997,0.826639937204717,2023-05,2.46490554109391,0.94855189450817,FALSE,TRUE,17,,10,,32,,FALSE,,,,FALSE
237010-99999,-3.16631559343711,-0.119750770462987,2024-01,-0.77496937286136,0.437057694468864,FALSE,TRUE,103,,61,,111,,FALSE,,,,FALSE
237110-99999,-3.08794583686544,0.529211602492254,2023-11,2.91615924996544,0.513290366854016,FALSE,TRUE,92,,75,,126,,FALSE,,,,FALSE
237240-99999,0.324153426169102,0.79802549834896,2024-01,4.29575394469349,0.525439071890406,FALSE,TRUE,21,,21,,68,,FALSE,,,,FALSE
237480-99999,0.219457213332761,0.233665523145755,2023-08,2.51126021574377,0.263176989640526,FALSE,FALSE,28,,20,,43,,TRUE,,,,FALSE
237760-99999,-6.13917958481816,-0.3312553183298,2024-05,-1.20217254070849,0.636349078795276,FALSE,TRUE,63,,16,,81,,FALSE,,,,FALSE
237880-99999,0.372513329135437,-0.349961074588951,2023-11,-1.01926366523867,0.971131837355284,FALSE,TRUE,80,,38,,150,,FALSE,,,,FALSE
238030-99999,-5.1400054768463,-1.47348086806867,2023-11,-2.70847785936574,1.53873632033896,FALSE,TRUE,89,,84,,135,,FALSE,,,,FALSE
238120-99999,-1.76772491151827,0.310047133849571,2023-10,1.91024510661494,0.459074974354436,FALSE,TRUE,143,,121,,147,,FALSE,,,,FALSE
238470-99999,-0.535067041444147,-0.871882914942533,2022-09,-5.94130506429863,0.338903207424062,FALSE,TRUE,26,,17,,38,,FALSE,,,,FALSE
238490-99999,-1.5138723849447,-0.56224387358382,2022-09,-2.74987320494743,0.472184173699081,FALSE,FALSE,43,,43,,47,,FALSE,,,,FALSE
238620-99999,7.58839641883222,,,,,FALSE,TRUE,67,,60,,90,,FALSE,,,,FALSE
238670-99999,-1.56591416398121,-0.697595414184361,2022-07,-2.83225935978283,0.49260701480238,FALSE,TRUE,42,,31,,51,,FALSE,,,,FALSE
238840-99999,-1.85700239541818,-1.01448689354174,2023-08,-3.61150010409146,0.794518112886724,FALSE,TRUE,54,,24,,83,,FALSE,,,,FALSE
238910-99999,-13.6639852804743,-1.22223381011134,2022-09,-2.84156669382939,0.993335149673331,FALSE,TRUE,183,,143,,271,,FALSE,,,,FALSE
239090-99999,-2.35297686707126,,,,,FALSE,TRUE,206,,130,,208,,FALSE,,,,FALSE
239210-99999,-1.59472818102371,1.09223289991753,2023-08,4.89822740578852,0.589963753730519,FALSE,TRUE,100,,87,,111,,FALSE,,,,FALSE
239290-99999,-1.33785138002592,-0.75832549996848,2022-07,-2.73545501062459,0.554441946237916,FALSE,TRUE,50,,33,,79,,FALSE,,,,FALSE
239390-99999,-0.408283288492585,-0.568888488963198,2022-09,-3.26215312684864,0.389948994873738,FALSE,TRUE,16,,10,,33,,FALSE,,,,FALSE
239460-99999,-0.225550642192531,-0.541116886624718,2022-12,-8.40124446473536,0.174420761383979,FALSE,TRUE,38,,11,,74,,FALSE,,,,FALSE
239660-99999,1.81944249660236,-0.555035342078464,2022-10,-1.76513153919275,0.770227797258167,FALSE,TRUE,108,,78,,108,,FALSE,,,,FALSE
239750-99999,-2.3999441013572,-1.29734459057698,2022-10,-7.13601743799611,0.445322940293422,FALSE,TRUE,73,,62,,94,,FALSE,,,,FALSE
239820-99999,-2.91730045771231,-0.731233945607495,2023-02,-3.63525847272887,0.568939441805045,FALSE,TRUE,101,,101,,151,,FALSE,,,,FALSE
241250-99999,-0.0757501356699278,-0.479422613724998,2023-10,-1.49972953834232,0.625884019174038,FALSE,TRUE,87,,83,,132,,TRUE,,,,FALSE
241360-99999,-0.121868050016031,2.42751552786901,2022-07,4.48225437873519,1.08316722914509,FALSE,TRUE,278,,216,,306,,TRUE,,,,FALSE
241430-99999,-0.908736306237392,-1.09711653784747,2022-07,-2.89816957069576,0.757109969644795,FALSE,TRUE,10,,10,,57,,FALSE,,,,FALSE
242190-99999,-0.217092614805968,1.29807986097992,2024-05,3.38869549050871,0.884643378864218,FALSE,TRUE,228,,203,,276,,FALSE,,,,FALSE
242630-99999,0.629380290600024,-0.794160371586052,2022-07,-1.88283916698352,0.843577492450797,FALSE,TRUE,209,,189,,219,,FALSE,,,,FALSE
242660-99999,-2.20355608130733,1.08562177493011,2023-01,2.8990800958562,1.0591642775984,FALSE,TRUE,125,,111,,211,,FALSE,,,,FALSE
243220-99999,-6.21167278747302,-4.73989490624525,2024-01,-10.8768364540061,1.06743573867397,FALSE,FALSE,469,,452,,480,,TRUE,,,,FALSE
243290-99999,-3.00344185615736,1.58215860572887,2024-04,2.1207645622317,1.82739816819213,FALSE,TRUE,150,,150,,257,,FALSE,,,,FALSE
243430-99999,-0.481112434695813,1.31002798496512,2023-07,8.29344538128871,0.446776763636947,FALSE,TRUE,17,,17,,75,,TRUE,,,,FALSE
243710-99999,-0.260413488801546,1.88713524807289,2023-01,3.33876108040262,1.59868418110059,FALSE,TRUE,251,,236,,418,,FALSE,,,,FALSE
244490-99999,6.15662499893698,1.03797306178124,2023-02,0.940249159675949,3.12239700773539,FALSE,TRUE,574,,465,,729,,TRUE,,,,FALSE
244770-99999,-0.282507793834364,-1.43593510535037,2023-04,-3.17919626595219,1.27750458342082,FALSE,TRUE,669,,661,,682,,FALSE,,,,FALSE
245070-99999,20.6207274271752,-1.15141084369101,2023-05,-3.08711259791407,1.05492804642858,FALSE,TRUE,128,,128,,289,,FALSE,,,,TRUE
245380-99999,0.499228068335194,-0.576721283755061,2023-08,-2.24435363477004,0.726807975855548,FALSE,TRUE,160,,151,,190,,FALSE,,,,FALSE
245850-99999,0.963250960970708,0.928405539536638,2023-01,1.03631586873907,2.53390639862064,FALSE,TRUE,885,,691,,951,,TRUE,,,,FALSE
246390-99999,0.895199413335114,-0.253223287609415,2022-07,-0.78026923991682,0.649066436699234,FALSE,TRUE,111,,85,,122,,FALSE,,,,FALSE
246410-99999,-1.25354868236259,1.20249224168528,2024-06,4.61653074873578,0.562690963868888,FALSE,TRUE,65,,65,,105,,FALSE,,,,FALSE
246430-99999,0.947489387289205,-0.580871961556583,2023-03,-3.92585562161052,0.418495780391733,FALSE,TRUE,44,,44,,89,,FALSE,,,,FALSE
246520-99999,1.01636840946047,8.31691016796255,2023-09,29.3502036204039,0.793093144500779,FALSE,TRUE,84,,60,,103,,FALSE,,,,FALSE
246610-99999,4.91535928271261,0.969146835193574,2024-07,1.904454142339,1.0177686231954,FALSE,TRUE,202,,174,,217,,FALSE,,,,FALSE
246710-99999,-0.981447648293106,0.85459129606709,2022-08,1.3640423564013,1.32903636992544,FALSE,TRUE,447,,358,,553,,FALSE,,,,FALSE
246790-99999,2.42948247002133,-1.79852823171632,2023-03,-3.27032094176622,1.55550666915917,FALSE,TRUE,1258,,1247,,1352,,FALSE,,,,FALSE
246880-99999,-1.64026960137546,3.39819895617474,2023-03,6.80273413095242,1.41289633225504,FALSE,TRUE,729,,701,,740,,FALSE,,,,FALSE
246910-99999,0.500512376356907,3.18739341288222,2022-08,2.96957289697552,2.31870271464982,FALSE,TRUE,787,,780,,872,,FALSE,,,,FALSE
247240-99999,-0.843028880538366,-1.3241197862046,2023-05,-4.97809048781854,0.752331908967647,FALSE,TRUE,198,,198,,319,,TRUE,,,,FALSE
247260-99999,6.35413975669972,-0.980406388901945,2023-04,-5.12841036625957,0.540714924431297,FALSE,FALSE,360,,348,,365,,FALSE,,,,FALSE
247380-99999,4.28138865228293,-2.98378137702792,2023-02,-13.3905904224603,0.630249146217087,FALSE,TRUE,105,,42,,179,,FALSE,,,,FALSE
247530-99999,-0.248826149493872,-0.778737233964025,2023-03,-3.52983243334863,0.623996055672291,FALSE,TRUE,74,,53,,85,,FALSE,,,,FALSE
247680-99999,2.12679547388756,-0.426378636689993,2023-03,-1.8546911764261,0.650232727019355,FALSE,TRUE,192,,169,,199,,FALSE,,,,FALSE
247710-99999,-0.22165827934668,7.36001541696194,2023-09,19.3306764941809,1.0769031932303,FALSE,TRUE,272,,263,,294,,FALSE,,,,FALSE
247900-99999,-0.512137628708066,-1.63160885273772,2023-02,-2.26598530087454,2.03659164703244,FALSE,TRUE,635,,615,,662,,FALSE,,,,FALSE
248170-99999,-7.22482045503404,-0.668547509135427,2023-03,-2.47042332441258,0.765430722068563,FALSE,TRUE,261,,232,,293,,FALSE,,,,FALSE
248260-99999,-0.325377876786237,1.62861460928343,2022-07,3.4963940719543,0.931596711221467,FALSE,TRUE,343,,291,,362,,FALSE,,,,FALSE
248560-99999,4.52286969543452,-1.7528081572905,2022-07,-8.82717092745179,0.39713928090809,FALSE,TRUE,122,,85,,147,,FALSE,,,,FALSE
248980-99999,1.70073365578211,-1.26377793175749,2022-11,-3.34058183041276,0.976794089867962,FALSE,TRUE,560,,553,,575,,FALSE,,,,FALSE
249080-99999,0.23070314765294,0.594206977551383,2024-04,2.97135932190894,0.482993149152332,FALSE,TRUE,240,,237,,294,,FALSE,,,,FALSE
249440-99999,0.636446496978079,-9.64849725553185,2022-08,-18.2041218636338,1.14496796038477,FALSE,TRUE,241,,173,,297,,FALSE,,,,FALSE
249510-99999,13.0737790123472,-0.955184978180144,2023-02,-2.90208690283702,0.930940799461836,FALSE,TRUE,290,,110,,305,,FALSE,,,,FALSE
249620-99999,-0.274114733508372,-1.33147979191487,2022-10,-4.00441099977776,0.814463373814413,FALSE,TRUE,140,,134,,156,,FALSE,,,,FALSE
249660-99999,5.39111585312454,0.678455411966599,2024-04,1.903731947038,0.87295355584782,FALSE,TRUE,172,,141,,177,,FALSE,,,,FALSE
249820-99999,4.99734199120663,0.751814101856042,2023-04,1.57359541598717,1.33718251634639,FALSE,TRUE,371,,363,,386,,FALSE,,,,FALSE
251210-99999,-3.79724047663319,-0.976473756960862,2023-11,-4.12641530341931,0.669318199382965,FALSE,TRUE,10,,2,,19,,FALSE,,,,FALSE
251230-99999,-3.30054319507999,0.355036115570875,2022-12,1.21735622740563,0.789778968828072,FALSE,TRUE,,,,,,,,,,,FALSE
251380-99999,0.651390695168264,-1.04252310502213,2023-06,-3.75815427446792,0.784614045371167,FALSE,TRUE,83,,73,,191,,FALSE,,,,FALSE
251510-99999,0.0922346946698298,-0.436510381251701,2023-12,-1.49595397279506,0.825318041208716,FALSE,TRUE,6,,4,,15,,FALSE,,,,FALSE
252060-99999,8.95186778277971,-1.47233140765516,2023-11,-2.75698062326673,1.51048652822712,FALSE,TRUE,4,,4,,27,,FALSE,,,,FALSE
252480-99999,0.899990380849608,-1.43354998682946,2023-05,-1.98101118631458,2.0467787842083,FALSE,TRUE,336,,327,,417,,FALSE,,,,FALSE
253350-99999,1.27873913325525,-1.29684840500195,2023-05,-3.16899519709516,1.15747767896702,FALSE,TRUE,294,,275,,410,,FALSE,,,,FALSE
253780-99999,-3.17144752058663,-2.0944016588326,2023-03,-6.51356047609178,0.870747500466828,FALSE,TRUE,6,,3,,380,,FALSE,,,,FALSE
254000-99999,-1.81094324225511,-0.45320325265867,2023-11,-1.21613957078518,1.05403393133189,FALSE,TRUE,60,,9,,60,,FALSE,,,,FALSE
254280-99999,-2.96008746381377,-1.16380197859496,2023-11,-2.75879713208051,1.19317547702714,FALSE,TRUE,246,,223,,276,,FALSE,,,,FALSE
255030-99999,0.380119466026035,-2.07711779670132,2024-07,-2.13283972378474,1.94774860345855,FALSE,TRUE,98,,85,,344,,FALSE,,,,FALSE
255510-99999,-0.363694007153695,-2.61332131436506,2022-07,-5.73421546160235,0.911483473847283,FALSE,TRUE,23,,12,,34,,FALSE,,,,FALSE
255630-99999,1.3850091305162,-2.3203568347522,2023-01,-9.80540814934946,0.669320451585563,FALSE,FALSE,18,,12,,40,,TRUE,,,,FALSE
256270-99999,0.787623599652929,1.06118715440178,2023-02,2.2121876509215,1.35679743564789,FALSE,TRUE,730,,703,,1065,,FALSE,,,,FALSE
256480-99999,0.518477848260037,-2.54929018288401,2022-08,-4.26223334019354,1.19622272147505,FALSE,TRUE,38,,21,,108,,FALSE,,,,FALSE
257000-99999,-0.190194001052293,-0.820708529629953,2023-04,-2.37544982989476,0.977210395059686,FALSE,TRUE,290,,285,,348,,FALSE,,,,FALSE
257030-99999,4.13269431733489,-0.441611138243335,2023-04,-0.951850205673634,1.31224946378355,FALSE,TRUE,191,,191,,215,,FALSE,,,,FALSE
257150-99999,0.459530352302501,1.92779857634427,2023-12,3.02103928688329,1.80488807545583,FALSE,TRUE,502,,486,,811,,FALSE,,,,FALSE
258080-99999,-7.20180143003843,-1.49293970756456,2024-07,-1.75953575259084,1.69697001651289,FALSE,TRUE,677,,671,,801,,FALSE,,,,FALSE
259040-99999,-3.80494699729774,-1.10354446998884,2023-01,-1.22677050257941,2.54431868529383,FALSE,TRUE,591,,504,,770,,FALSE,,,,FALSE
259160-99999,2.5145901134021,0.254583520141261,2022-07,0.714875156909956,0.712246096903681,FALSE,TRUE,,0,21,0,60,65,FALSE,,,,FALSE
259190-99999,1.11005829510156,1.0250829800373,2022-07,1.44369930673913,1.42007823270712,FALSE,TRUE,14,18,2,0,98,105,FALSE,,,,FALSE
259220-99999,0.899869575378627,-0.69105235213268,2023-04,-2.81568126345954,0.694180567508618,FALSE,TRUE,69,,5,,104,,FALSE,,,,FALSE
259270-99999,2.02425317775575,0.412725756685692,2024-04,1.89475894328232,0.533559960842677,FALSE,TRUE,,0,7,0,7,5,FALSE,,,,FALSE
259410-99999,-2.21940989362039,-1.4072994683678,2023-04,-3.71985770055289,0.873694417688936,FALSE,TRUE,176,,152,,263,,TRUE,,,,FALSE
259560-99999,-1.72255115533953,3.46024306860451,2023-02,5.74505196409123,1.70356080582539,FALSE,TRUE,9,,1,,10,,FALSE,,,,FALSE
260580-99999,-1.79109444928067,0.414526393097316,2023-10,2.50509522674037,0.468029191722684,FALSE,FALSE,16,29,12,28,16,32,FALSE,,,,FALSE
260630-99999,-23.3832132176222,0.505384592524534,2024-01,2.52078878118025,0.567061984961673,FALSE,FALSE,16,22,13,21,22,26,FALSE,,,,TRUE
260940-99999,-2.06423085541176,0.36595018131933,2023-10,1.76777943684114,0.585516155227454,FALSE,TRUE,43,55,25,40,77,65,FALSE,,,,FALSE
261440-99999,0.120028273928836,0.337602880722214,2022-08,2.87295034620767,0.253852482099022,FALSE,TRUE,82,72,42,67,82,84,FALSE,,,,FALSE
262290-99999,2.09167132547423,1.13992400731119,2024-04,2.80109543940232,0.996835782238406,FALSE,TRUE,11,6,1,0,16,14,FALSE,,,,FALSE
262490-99999,1.03191825144305,0.599294080406919,2024-04,3.41182787721139,0.43025754982319,FALSE,TRUE,68,77,41,70,95,94,FALSE,,,,FALSE
262580-99999,-4.18404698810561,-2.67463176878876,2022-08,-13.0490597440258,0.442780177199603,FALSE,FALSE,45,45,35,44,51,45,FALSE,,,,FALSE
264030-99999,-2.33624850513961,0.871168255416735,2022-07,2.63828545466161,0.660404850337525,FALSE,TRUE,12,19,3,0,20,23,FALSE,,,,FALSE
264240-99999,-1.91110448057774,-0.401088544181404,2023-04,-1.78625861530753,0.635098248409192,FALSE,TRUE,44,39,32,22,60,49,FALSE,,,,FALSE
264770-99999,-3.79951166209398,0.315365709318534,2023-07,2.04497025156388,0.436186749303184,FALSE,FALSE,97,100,93,99,109,102,FALSE,,,,FALSE
265180-99999,0.096545251543428,0.168553715267395,2023-07,1.1391428273632,0.41850932893338,FALSE,TRUE,146,149,131,139,165,170,FALSE,,,,FALSE
265540-99999,1.17201768320659,0.502336809644218,2023-07,3.770701792535,0.376805999607029,FALSE,TRUE,122,120,105,108,132,136,FALSE,,,,FALSE
265850-99999,-1.23393243114512,,,,,FALSE,TRUE,188,195,168,176,207,212,FALSE,,,,FALSE
266530-99999,0.0349254186841415,0.377433425461211,2023-06,3.10942130824342,0.343325279057613,FALSE,TRUE,135,130,113,116,140,132,FALSE,,,,FALSE
267300-99999,-42.0704259126715,0.737719468233913,2022-11,2.76329948199173,0.689314889262634,FALSE,FALSE,194,180,180,178,200,181,FALSE,,,,TRUE
267630-99999,2.40040025879081,1.88932510029375,2022-07,8.40673821719392,0.449478751801644,FALSE,TRUE,145,156,125,147,212,185,FALSE,,,,FALSE
267950-99999,-2.5832118625058,0.472555063941321,2023-10,2.78770724994411,0.479457647790886,FALSE,TRUE,236,231,217,222,247,254,FALSE,,,,FALSE
268320-99999,-2.74295160400097,0.718182184703842,2022-11,2.41919236393299,0.766511359292052,FALSE,FALSE,151,154,127,151,160,156,FALSE,,,,FALSE
268550-99999,0.232392507489971,0.595295941211624,2023-01,3.81238616748626,0.441652842446565,FALSE,TRUE,148,163,139,158,174,169,FALSE,,,,FALSE
268780-99999,0.115875014984058,0.231620752544366,2023-06,1.64759475926824,0.397623514802617,FALSE,TRUE,126,128,125,125,166,167,FALSE,,,,FALSE
268940-99999,-2.35619580586202,0.55252174273335,2023-07,4.2490833530643,0.367789321673822,FALSE,TRUE,175,172,169,168,202,189,FALSE,,,,FALSE
268980-99999,10.0163470168127,0.561914868203859,2023-07,5.27258735854484,0.301433650492348,FALSE,FALSE,186,198,182,195,197,198,FALSE,,,,FALSE
269410-99999,-0.375272997638646,0.599027999093747,2023-07,2.95681446133242,0.57301770647986,FALSE,TRUE,197,190,179,184,210,198,FALSE,,,,FALSE
270510-99999,-0.717996123295676,-1.76022746536834,2022-08,-7.63390840378177,0.4981099750344,FALSE,TRUE,102,108,89,100,153,142,FALSE,,,,FALSE
270660-99999,-2.08141819965207,-1.42452469329541,2023-01,-10.9544582256009,0.367810456656927,FALSE,TRUE,135,155,116,129,160,177,FALSE,,,,FALSE
270830-99999,2.03241581310916,2.26370058760216,2022-07,9.39517964137877,0.481885535776719,FALSE,TRUE,152,179,140,166,170,186,FALSE,,,,FALSE
271130-99999,2.34435742144128,0.497477880387215,2023-10,4.91445740028163,0.286314401823445,FALSE,TRUE,113,115,89,104,130,119,FALSE,,,,FALSE
272080-99999,-0.90878876566585,0.653386349686211,2023-05,2.77103359140033,0.471583131806082,FALSE,TRUE,119,139,105,125,139,149,FALSE,,,,FALSE
273160-99999,0.0376688386053383,,,,,FALSE,TRUE,126,128,112,120,140,140,FALSE,,,,FALSE
273290-99999,-2.00932191881691,,,,,FALSE,TRUE,100,99,87,97,116,102,FALSE,,,,FALSE
273690-99999,-0.614101229236623,0.582286807442448,2023-11,3.08303914670648,0.534198796116967,FALSE,TRUE,76,82,66,71,124,133,FALSE,,,,FALSE
273930-99999,-2.67375379405103,-0.362060758308096,2022-08,-2.04364794492678,0.382717890572188,FALSE,TRUE,69,78,69,76,153,140,FALSE,,,,FALSE
274590-99999,79.9138218560245,1.19492651693323,2023-12,5.07936950312268,0.665390176968745,FALSE,FALSE,64,74,53,73,74,74,FALSE,,,,TRUE
274790-99999,-2.82625170424766,8.73319503872195,2024-07,6.55685354327958,2.66383715331662,FALSE,TRUE,52,66,50,60,140,145,FALSE,,,,FALSE
275320-99999,-0.848657602459408,,,,,FALSE,TRUE,176,170,94,135,176,172,FALSE,,,,FALSE
276750-99999,-1.6734029944448,0.707284855209309,2023-12,4.87887276108497,0.410033990915417,FALSE,TRUE,133,134,68,74,157,156,FALSE,,,,FALSE
277190-99999,-0.286031027746904,,,,,FALSE,TRUE,177,196,169,174,201,204,FALSE,,,,FALSE
277520-99999,-4.08271507855956,0.682963752942948,2023-12,4.74732741206758,0.40690540937453,FALSE,TRUE,139,135,99,105,153,149,FALSE,,,,FALSE
277600-99999,-20.2970731077549,0.668325394490694,2023-07,3.28896619988915,0.574742809457236,FALSE,FALSE,216,207,203,203,218,211,FALSE,,,,TRUE
278480-99999,0.725667020778211,0.422346147968128,2023-09,3.76166134208599,0.317565881750185,FALSE,TRUE,110,117,97,108,139,144,FALSE,,,,FALSE
279060-99999,-1.69186635173417,-0.582393319943389,2023-03,-4.10056135365404,0.401715014440885,FALSE,TRUE,204,195,182,181,221,197,FALSE,,,,FALSE
279300-99999,7.64054824711002,16.3824757179147,2023-09,8.65124190306683,5.35606785825971,FALSE,FALSE,172,175,165,174,175,177,FALSE,,,,FALSE
279620-99999,-3.99218305873017,-0.24048544547363,2024-04,-1.08690226866835,0.541968352589796,FALSE,TRUE,166,157,126,136,174,169,FALSE,,,,FALSE
280090-99999,-1.78816188716555,1.01276769049423,2023-12,4.21936713259224,0.678902668775483,FALSE,TRUE,161,164,147,161,170,177,FALSE,,,,FALSE
280490-99999,-1.14828016056693,0.825694722568374,2023-08,5.50744010551612,0.396660309130981,FALSE,TRUE,21,63,21,57,96,108,TRUE,,,,FALSE
280640-99999,0.175552794488911,-0.91953855523082,2022-09,-3.42831282523377,0.619425191872977,FALSE,TRUE,68,67,57,59,82,80,FALSE,,,,FALSE
280760-99999,-0.358022079794717,-0.465869823269648,2022-09,-2.88696822175086,0.372667860831433,FALSE,TRUE,24,24,23,24,42,39,FALSE,,,,FALSE
280970-99999,-3.39567597437039,-0.385647726496366,2022-09,-2.58825577263187,0.34409863361941,FALSE,TRUE,61,52,34,50,68,65,FALSE,,,,FALSE
281160-99999,-0.549060999297916,,,,,FALSE,TRUE,126,134,124,131,184,185,FALSE,,,,FALSE
281440-99999,0.218640468393315,3.38659929259006,2024-07,7.93777473252101,0.816959935270014,FALSE,TRUE,112,122,93,95,156,149,FALSE,,,,FALSE
281650-99999,0.191506542612785,-0.711366187995235,2022-09,-4.3168954053778,0.380558175785131,FALSE,TRUE,80,79,76,78,96,91,FALSE,,,,FALSE
282240-99999,0.159574681394806,-0.568180114360799,2022-10,-2.70888915212474,0.419493070740929,FALSE,TRUE,156,165,125,129,177,172,FALSE,,,,FALSE
283210-99999,0.16317572887207,-0.41255951184684,2022-10,-1.65087097986114,0.499808303470865,FALSE,TRUE,108,114,90,96,172,165,FALSE,,,,FALSE
283340-99999,2.42290632267881,0.531033695615179,2024-04,2.18842235420466,0.594383249642119,FALSE,TRUE,218,220,202,210,275,272,FALSE,,,,FALSE
283660-99999,-1.23782424343646,,,,,FALSE,TRUE,41,43,30,38,56,51,FALSE,,,,FALSE
283820-99999,-6.38265719375223,,,,,FALSE,TRUE,39,48,36,43,73,63,FALSE,,,,TRUE
284180-99999,1.47529660184415,2.06958446174918,2022-07,6.36960078847468,0.649831765122216,FALSE,TRUE,96,106,64,69,156,159,FALSE,,,,FALSE
284340-99999,-1.11043479781861,0.540682914070441,2023-12,2.74442177679837,0.539538475823291,FALSE,TRUE,222,205,189,198,222,209,FALSE,,,,FALSE
284400-99999,46.7559227187222,-0.699277056473496,2022-09,-2.6162023686086,0.57740605667301,FALSE,FALSE,218,227,213,224,221,228,FALSE,,,,TRUE
285020-99999,0.106002594352976,0.61572976654406,2023-10,4.43005355018241,0.39312093036328,FALSE,TRUE,87,71,56,59,94,91,FALSE,,,,FALSE
285060-99999,-1.58488861059028,0.920654193969826,2023-12,3.27182153704266,0.513743454514948,FALSE,TRUE,74,80,64,64,120,122,FALSE,,,,FALSE
285520-99999,-2.38101030639273,-1.68724737739531,2023-01,-4.88094945722071,0.798314128074055,FALSE,TRUE,94,94,65,70,112,115,FALSE,,,,FALSE
286210-99999,-1.50757402351682,0.388600973631428,2024-05,1.61198201766104,0.556727988961059,FALSE,TRUE,145,149,68,68,173,174,FALSE,,,,FALSE
286610-99999,-2.7842503189801,1.32905818697301,2024-05,6.23005234790369,0.460845859278982,FALSE,TRUE,70,67,59,65,75,71,FALSE,,,,FALSE
287480-99999,-0.651321246704222,-0.926120537220068,2023-04,-3.4393446907282,0.761617309052889,FALSE,TRUE,212,209,160,163,214,210,FALSE,,,,FALSE
287660-99999,3.14748670259636,2.02769140162052,2024-02,4.11074024027844,1.33577262298622,FALSE,TRUE,150,149,137,139,158,156,FALSE,,,,FALSE
287860-99999,-1.88476091102757,0.808323752064147,2024-02,5.35395234463768,0.408847693718311,FALSE,TRUE,112,111,100,111,129,127,FALSE,,,,FALSE
287970-99999,-3.27265721436517,,,,,FALSE,TRUE,116,120,112,115,130,125,FALSE,,,,FALSE
287990-99999,-4.7226931498794,-0.289742969927051,2023-03,-1.47968727609811,0.479643533025007,FALSE,TRUE,115,110,97,99,131,120,FALSE,,,,FALSE
288060-99999,0.467919359821572,0.698849924202012,2023-07,2.53236352804068,0.780553842231783,FALSE,TRUE,89,93,60,67,103,100,FALSE,,,,FALSE
288250-99999,-1.82020165090982,-0.933369368920754,2022-07,-3.40859416597219,0.54765649618164,FALSE,FALSE,126,127,121,126,134,132,FALSE,,,,FALSE
288380-99999,-1.08013431408605,1.68293250047227,2024-02,4.40758097849992,1.03399183761943,FALSE,TRUE,414,416,373,375,430,429,FALSE,,,,FALSE
288670-99999,-6.0877115528685,1.77107105975233,2024-02,6.72439865397718,0.713235985706927,FALSE,TRUE,210,209,196,200,214,215,FALSE,,,,FALSE
289520-99999,-33.1926057650007,2.07427503807739,2024-02,7.8494358371685,0.715613640720675,FALSE,FALSE,165,177,159,174,172,178,FALSE,,,,TRUE
289660-99999,-1.5065340911948,2.39997512681343,2024-04,9.70351919737658,0.605833238074451,FALSE,TRUE,232,228,211,212,238,233,FALSE,,,,FALSE
289780-99999,-0.807926483598218,1.19228057566647,2024-02,5.24038386851424,0.61612109779546,FALSE,TRUE,390,392,363,358,416,410,FALSE,,,,FALSE
290230-99999,0.10664558779983,-0.503897600295529,2022-10,-2.3289751492184,0.529972165547229,FALSE,TRUE,70,65,55,61,99,88,FALSE,,,,FALSE
290680-99999,-2.26818286710508,1.82624601523992,2023-11,15.1310323997656,0.341378144563635,FALSE,FALSE,89,81,84,80,89,83,FALSE,,,,FALSE
291110-99999,-1.35736625273237,0.472475135009231,2022-07,2.20874521625726,0.427822214650764,FALSE,TRUE,52,54,49,54,71,73,FALSE,,,,FALSE
291490-99999,-8.48539263707454,-0.807904474953661,2022-08,-3.68359406092403,0.473796272938991,FALSE,TRUE,115,100,78,90,115,102,FALSE,,,,FALSE
292030-99999,0.946216085945298,-1.61543087602046,2024-07,-1.6592187779274,1.94721865194699,FALSE,TRUE,80,77,27,66,87,84,FALSE,,,,FALSE
292310-99999,-0.672179101869925,-0.681377480439665,2022-07,-2.89992425521649,0.469927777743836,FALSE,TRUE,68,73,51,51,72,73,FALSE,,,,FALSE
292530-99999,0.560456240809305,-0.536957815145678,2023-04,-6.94779537353201,0.218593952117275,FALSE,TRUE,146,142,88,120,153,152,FALSE,,,,FALSE
292740-99999,-5.72384401990484,4.02735865942102,2023-07,14.4321666510146,0.789284848826706,FALSE,TRUE,75,80,65,75,82,87,FALSE,,,,FALSE
292760-99999,3.13323760429869,-0.457399156928882,2022-07,-2.76936503394011,0.330327819787714,FALSE,TRUE,167,168,137,143,181,184,FALSE,,,,FALSE
292820-99999,0.242540539183945,1.5535390589952,2022-10,6.47587039768507,0.587624173482852,FALSE,TRUE,133,130,118,118,190,182,FALSE,,,,FALSE
293130-99999,-1.29621907248159,0.241116200167664,2023-12,1.8192382608332,0.37487096410209,FALSE,FALSE,92,89,88,84,99,90,FALSE,,,,FALSE
293320-99999,-1.55203356766814,-0.569750926048168,2022-12,-4.61380132467785,0.334408157797837,FALSE,TRUE,88,94,54,54,107,114,FALSE,,,,FALSE
293480-99999,-0.707705417864893,-1.13739668982671,2022-09,-8.09559934862209,0.324460861645091,FALSE,TRUE,96,94,67,87,111,109,FALSE,,,,FALSE
293630-99999,1.94713256891114,-0.635722311394213,2023-01,-4.81733125565165,0.373255259796434,FALSE,TRUE,174,187,149,157,198,203,FALSE,,,,FALSE
293930-99999,-4.25174078758808,-0.37382660180673,2023-02,-2.03103035955449,0.520593547766453,FALSE,TRUE,215,209,202,209,224,221,FALSE,,,,FALSE
294050-99999,-4.14685038039776,0.620871804182778,2024-07,2.99170642579932,0.415061985246025,FALSE,TRUE,111,109,106,98,132,116,FALSE,,,,FALSE
294300-99999,1.64062742238336,1.81166452423613,2022-07,12.0834772750858,0.299858142319925,FALSE,TRUE,70,75,56,62,77,78,TRUE,,,,FALSE
294560-99999,-1.37925733324803,-0.563107012807132,2023-03,-6.34250365127117,0.251116473356587,FALSE,TRUE,181,182,173,175,209,213,FALSE,,,,FALSE
294670-99999,-0.581687540353464,-0.213949986706659,2023-03,-2.64655056104307,0.228653083242702,FALSE,TRUE,207,218,177,191,264,264,FALSE,,,,FALSE
294810-99999,-0.193600192706555,-0.530786648356314,2023-03,-3.63999205198519,0.412443580157087,FALSE,TRUE,212,208,176,173,246,253,FALSE,,,,FALSE
295760-99999,-2.42221231293697,-0.301508486988295,2023-03,-1.90709693248389,0.447169081137453,FALSE,TRUE,362,360,331,325,394,379,FALSE,,,,FALSE
295940-99999,-1.7534938177942,-0.450417484706187,2023-04,-2.70576066020547,0.470837295382287,FALSE,TRUE,300,300,292,287,322,312,FALSE,,,,FALSE
296020-99999,-0.817754461820615,-0.453753144325068,2022-08,-2.05918287707421,0.476023200302351,FALSE,TRUE,108,107,89,103,124,113,FALSE,,,,FALSE
296310-99999,7.8072634880209,-0.482781646748275,2022-10,-3.89831638464328,0.303353698117575,FALSE,TRUE,118,116,56,86,148,148,FALSE,,,,FALSE
296540-99999,-0.507858648910209,-0.834816598162013,2022-11,-5.08349019345883,0.424017182260508,FALSE,TRUE,445,444,414,416,536,536,FALSE,,,,FALSE
296640-99999,-0.990896803533551,0.276320642954156,2024-02,1.37577779455394,0.543895853976694,FALSE,TRUE,336,342,311,314,394,386,FALSE,,,,FALSE
297120-99999,-2.89568280715275,-0.630300169491182,2022-08,-4.19771590360814,0.324367827205249,FALSE,TRUE,109,110,87,105,109,116,FALSE,,,,FALSE
297240-99999,-0.590719941116353,-0.356649884387977,2023-03,-2.96926448386032,0.339733362428215,FALSE,TRUE,155,158,144,145,168,161,FALSE,,,,FALSE
297360-99999,-0.392873829855504,-0.45137367516811,2023-02,-2.28812629896612,0.557957638447981,FALSE,TRUE,175,181,165,172,227,220,FALSE,,,,FALSE
297520-99999,4.93883511181389,-0.762241524578187,2023-09,-1.8217461457899,1.18344952105828,FALSE,TRUE,863,872,778,772,1141,1144,TRUE,,,,FALSE
297590-99999,-5.0987274230574,0.439372082075542,2024-03,1.90516358626717,0.595462691999482,FALSE,TRUE,839,842,740,745,1090,1080,FALSE,,,,FALSE
297720-99999,-1.00297193355476,-1.09341597161423,2022-10,-4.94664212346609,0.541440261942313,FALSE,TRUE,703,684,523,525,703,685,TRUE,,,,FALSE
297890-99999,6.46976991833972,-1.02558198890703,2022-11,-2.0258198911556,1.30714547742655,FALSE,TRUE,986,995,960,974,1418,1414,FALSE,,,,FALSE
298020-99999,-4.56278677567799,0.610952024781778,2024-07,2.01195687718722,0.607321192326854,FALSE,TRUE,105,104,80,100,147,106,FALSE,,,,FALSE
298070-99999,-0.350443716613892,0.670792171522813,2024-07,2.83480752105621,0.47325412151643,FALSE,TRUE,88,91,78,85,93,94,FALSE,,,,FALSE
298270-99999,-2.08590519329224,-0.334712703679966,2023-03,-2.9878860623977,0.316849595438,FALSE,TRUE,125,122,108,115,131,124,FALSE,,,,FALSE
298660-99999,-1.58705755735993,2.30470123851342,2024-04,6.36290497624292,0.887227149391078,FALSE,TRUE,248,254,237,246,260,264,FALSE,,,,FALSE
298760-99999,0.565184925991497,-2.10585483617856,2022-10,-3.46417656077419,1.48903201973543,FALSE,TRUE,428,428,423,428,542,553,FALSE,,,,FALSE
299370-99999,-4.39569575294414,-0.884708154464596,2023-04,-6.80415812826561,0.367765195105725,FALSE,TRUE,189,189,156,160,213,207,FALSE,,,,FALSE
299390-99999,-4.66494549561204,-0.581307519144524,2023-06,-3.45884204422075,0.475357340389248,FALSE,TRUE,217,218,201,215,242,229,FALSE,,,,FALSE
299560-99999,-10.3721072537724,-1.42437017049546,2022-10,-5.35723661472267,0.65126489148652,FALSE,TRUE,440,441,433,438,489,481,FALSE,,,,FALSE
300890-99999,-1.08049712725698,-2.14460915658192,2024-01,-4.00118955435494,1.51601683150782,FALSE,TRUE,156,177,147,169,221,213,FALSE,,,,FALSE
301570-99999,1.80049482914245,-0.936679268368498,2022-12,-2.72220352237889,0.931796402741907,FALSE,TRUE,227,229,200,200,713,701,FALSE,,,,FALSE
301980-99999,-4.45572630060735,1.63267153445175,2023-01,4.21413314482303,1.09581076229575,FALSE,TRUE,413,411,392,398,589,590,FALSE,,,,FALSE
302300-99999,-0.163594035771246,-0.440861404893441,2023-08,-2.1604813308728,0.577160440146258,FALSE,TRUE,252,252,235,244,268,270,FALSE,,,,FALSE
302520-99999,-6.15911498393762,-1.6953703994176,2022-12,-2.33482006423454,1.96635484477431,FALSE,TRUE,249,246,228,228,337,330,FALSE,,,,FALSE
303090-99999,-75.8453950354679,-0.502979172603076,2023-02,-2.53010486469332,0.562284968826925,FALSE,FALSE,488,488,482,485,492,488,FALSE,,,,TRUE
303370-99999,-6.78473227386438,-1.18819146230363,2023-11,-5.44293384255723,0.617445124005491,FALSE,TRUE,416,420,343,343,479,472,FALSE,,,,FALSE
303720-99999,5.78317369051101,6.49697813089819,2023-11,8.713201402309,2.10901003268966,FALSE,TRUE,701,706,680,700,712,709,FALSE,,,,FALSE
303850-99999,13.147522423611,-1.22101389034616,2023-02,-2.58576474978527,1.33560054426209,FALSE,TRUE,421,419,384,390,749,754,FALSE,,,,FALSE
303930-99999,0.469306232503698,2.78118272780114,2022-10,7.01753428673946,0.970779519727849,FALSE,TRUE,663,665,641,647,754,754,TRUE,,,,FALSE
304050-99999,-3.50019355736488,-0.831507009995531,2022-07,-3.65250557907767,0.455307728896339,FALSE,TRUE,417,419,392,391,436,426,FALSE,,,,FALSE
304550-99999,1.74311905887293,,,,,FALSE,TRUE,1088,1085,1048,1053,1190,1181,FALSE,,,,FALSE
304930-99999,-7.43828435826532,-2.8696885756035,2024-07,-4.0232461556968,1.42655381477969,FALSE,TRUE,891,899,844,858,1024,1029,FALSE,,,,FALSE
305210-99999,-1.58211923869185,-1.51124075615945,2023-01,-3.98042360843394,1.07386418312021,FALSE,TRUE,410,416,392,408,474,466,FALSE,,,,FALSE
306030-99999,-0.615523160711964,-0.221358835372928,2023-03,-1.9452881615653,0.321853258885419,FALSE,TRUE,451,456,443,445,471,467,FALSE,,,,FALSE
306120-99999,-2.54275604083789,1.63560276663043,2024-03,6.42466400562225,0.657327477424185,FALSE,TRUE,393,391,392,391,445,449,FALSE,,,,FALSE
306640-99999,0.49317638524386,0.613625621701313,2024-05,1.8640063861141,0.760248292087599,FALSE,TRUE,799,810,792,805,850,851,FALSE,,,,FALSE
306730-99999,56.9450904223021,74.2883105829164,2022-08,220.356847481839,0.728278219794294,TRUE,TRUE,625,625,588,599,709,702,FALSE,,,,TRUE
306950-99999,-1.73986635707352,-0.910273032870866,2022-08,-2.34246610559074,0.839463372484482,FALSE,TRUE,251,255,250,250,326,328,FALSE,,,,FALSE
307030-99999,-0.80864080722681,-1.15713554299639,2024-02,-4.53855380322391,0.690426510165299,FALSE,TRUE,551,538,536,534,644,642,FALSE,,,,FALSE
307100-99999,-44.0981492428475,-0.623188699362958,2023-11,-5.82599868576787,0.30254792631852,FALSE,FALSE,489,494,486,490,496,495,FALSE,,,,TRUE
307310-99999,2.3835120329464,-1.26715584923828,2024-01,-2.66335981679028,1.28840055318763,FALSE,TRUE,455,463,449,449,507,511,FALSE,,,,FALSE
307410-99999,-2.7906728003214,-1.14111810985158,2023-01,-4.6026865126319,0.701235985893318,FALSE,TRUE,1268,1265,1195,1197,1322,1329,FALSE,,,,FALSE
307450-99999,0.234880085273585,-1.84857479904872,2023-01,-5.36435388129244,0.844102590775827,FALSE,TRUE,951,948,933,944,953,954,FALSE,,,,FALSE
307580-99999,-20.2438801074748,-1.25689843837704,2022-07,-4.46080329209431,0.563530089123001,FALSE,FALSE,677,679,670,678,681,681,FALSE,,,,TRUE
307770-99999,1.27001955152066,1.39080560382694,2022-11,3.92398119429844,0.915153373527951,FALSE,TRUE,532,527,431,431,661,665,FALSE,,,,FALSE
307810-99999,3.80488319824584,-5.80701065540866,2022-07,-10.108944077766,1.14888570175808,FALSE,TRUE,360,365,356,356,446,451,FALSE,,,,FALSE
308020-99999,12.7495960900652,,,,,FALSE,TRUE,1351,1360,1286,1292,1518,1524,FALSE,,,,FALSE
308150-99999,1.75302136560914,1.97123823213443,2024-05,8.89797699539819,0.511619629742037,FALSE,TRUE,1472,1477,1243,1253,1646,1653,FALSE,,,,FALSE
308290-99999,-2.35995865468028,-1.70584301567363,2023-12,-7.29147304208909,0.661711649791378,FALSE,TRUE,519,545,519,532,614,606,FALSE,,,,FALSE
308380-99999,-2.42656647342186,-1.240485239967,2022-09,-6.16982788991261,0.464320561286094,FALSE,TRUE,852,849,788,793,1045,1050,FALSE,,,,FALSE
308440-99999,-2.469000459935,-1.14128420079498,2023-11,-6.26004278520609,0.515657688187272,FALSE,TRUE,796,799,787,793,876,872,FALSE,,,,FALSE
308590-99999,0.224325538130029,-1.3436362957142,2024-01,-7.33089162024833,0.518405883139055,FALSE,TRUE,687,676,669,674,774,778,FALSE,,,,FALSE
308620-99999,1.39821430238542,0.328457414192549,2023-10,1.5554151786414,0.597279666794603,FALSE,TRUE,574,595,485,494,590,599,FALSE,,,,FALSE
309570-99999,-3.00329205068538,-1.35141486250697,2022-08,-4.15083387324935,0.703326092003301,FALSE,TRUE,712,730,706,727,819,821,FALSE,,,,FALSE
309750-99999,1.0769961227586,-1.12845413785151,2023-01,-3.31855113773047,0.961790299460055,FALSE,TRUE,521,514,508,510,533,531,FALSE,,,,FALSE
310040-99999,3.87815426633735,-2.39090288101498,2023-10,-6.2979463082443,1.07376186304481,FALSE,TRUE,709,708,612,616,760,753,FALSE,,,,FALSE
310110-99999,-2.42208847355045,-0.519335292419171,2023-02,-1.57787947210558,0.930934240469088,FALSE,TRUE,454,463,337,352,496,504,TRUE,,,,FALSE
310160-99999,0.565966284294508,0.688050994768596,2024-07,1.34234170131178,1.02515029384278,FALSE,TRUE,272,266,248,241,484,469,FALSE,,,,FALSE
310410-99999,1.53876346174285,1.05954363796698,2024-04,3.22512519346134,0.804725744753453,FALSE,TRUE,189,197,155,163,223,233,FALSE,,,,FALSE
310870-99999,3.74222961685293,-0.433884882764055,2024-01,-0.97018592192856,1.26492432397668,FALSE,TRUE,,0,9,-1,13,5,FALSE,,,,FALSE
310880-99999,-1.06085882080797,-0.75023005127953,2023-07,-2.92236809008387,0.726113535813296,FALSE,TRUE,,0,1,0,9,9,FALSE,,,,FALSE
310960-99999,-0.539522784782293,-1.32136121000253,2024-01,-4.51307694951059,0.828121020263989,FALSE,TRUE,,0,7,0,22,17,TRUE,,,,FALSE
311230-99999,-1.80305747023471,1.40928150646869,2023-01,2.36520378775589,1.68528820219808,FALSE,TRUE,691,708,471,474,823,828,TRUE,,,,FALSE
311520-99999,4.99628742797839,-1.23479278632491,2023-03,-3.16280491090421,1.10424813058857,FALSE,TRUE,327,324,290,305,403,401,FALSE,,,,FALSE
311680-99999,0.133835700663067,-4.91047006340401,2023-03,-4.06566116884969,3.41614958693562,FALSE,TRUE,65,72,3,-3,212,192,FALSE,,,,FALSE
311740-99999,-12.6306023363106,-3.62580367833719,2023-07,-9.26942628597236,1.10635989288064,FALSE,TRUE,35,32,8,0,148,155,FALSE,,,,FALSE
312530-99999,-0.461621057556803,0.525234166216404,2023-01,1.41885573586742,1.0470314387965,FALSE,TRUE,370,372,331,338,393,400,FALSE,,,,FALSE
312850-99999,-2.55291339289284,2.33820713091224,2024-02,5.00027605648781,1.26630905406899,FALSE,TRUE,51,51,51,51,78,67,FALSE,,,,FALSE
312950-99999,-3.15043445149088,0.49991206443191,2024-03,1.63894911525908,0.787557946770828,FALSE,TRUE,351,360,327,327,376,374,FALSE,,,,FALSE
313290-99999,-3.93188201268679,0.416565907731465,2023-05,1.56947947439123,0.750711514165678,FALSE,TRUE,496,498,476,476,557,539,FALSE,,,,FALSE
313480-99999,-6.7607246089345,0.983304380013813,2023-01,2.45237323640562,1.1340870708527,FALSE,TRUE,116,136,106,134,185,152,FALSE,,,,FALSE
313710-99999,-2.75960418757759,0.805309364239714,2024-02,1.77819848733573,1.18385582629955,FALSE,TRUE,210,205,197,197,278,275,FALSE,,,,FALSE
313880-99999,-0.9897501059653,-0.900330113281884,2023-03,-3.32570911530184,0.765706808787206,FALSE,TRUE,221,214,197,199,229,214,FALSE,,,,TRUE
314180-99999,-0.578524984535022,1.11695481315411,2023-01,2.71287969675663,1.14000920815367,FALSE,TRUE,143,150,117,118,225,228,FALSE,,,,FALSE
314390-99999,-2.04034774012354,0.795377527871316,2022-07,1.6467879251297,0.965974447266698,FALSE,TRUE,56,64,33,41,196,196,FALSE,,,,FALSE
314840-99999,1.32941044436367,1.86800188447041,2023-01,2.4025022027474,2.1991685140064,FALSE,TRUE,293,298,252,254,468,478,FALSE,,,,FALSE
314890-99999,-1.08516011856562,0.921797876032566,2022-07,2.21346778543748,0.832899292320514,FALSE,TRUE,36,58,34,57,59,61,TRUE,,,,FALSE
315210-99999,3.66333347715863,0.476657993304329,2023-10,2.77981946568446,0.484992789687187,FALSE,TRUE,225,229,205,220,244,253,FALSE,,,,FALSE
315320-99999,-1.58483095858199,0.726371827153388,2024-04,1.98581797384015,0.895973530050301,FALSE,TRUE,229,229,227,229,272,276,FALSE,,,,FALSE
315340-99999,42.7476249445777,-0.56437942422784,2022-11,-1.9394194905976,0.751369888970582,FALSE,TRUE,159,159,159,159,366,366,FALSE,,,,TRUE
315870-99999,-1.64051678974577,0.439640667874282,2022-08,3.01592144260089,0.314906209505572,FALSE,TRUE,100,100,95,100,117,117,FALSE,,,,FALSE
316320-99999,-0.494263680364081,0.997013583193567,2023-07,3.42075809971768,0.824372896369906,FALSE,TRUE,291,279,272,265,362,357,FALSE,,,,FALSE
316830-99999,0.550065833017641,1.0644236327203,2023-08,2.85785358423028,1.05346358246615,FALSE,TRUE,61,62,40,48,142,142,FALSE,,,,FALSE
317020-99999,6.28686126522831,0.308825979622826,2023-08,1.98446782018271,0.440164243888365,FALSE,TRUE,408,414,247,259,422,431,FALSE,,,,FALSE
317070-99999,-1.48960541624913,0.601813125667888,2022-07,2.43260163894505,0.494789706652402,FALSE,TRUE,53,63,53,53,73,76,FALSE,,,,FALSE
317130-99999,-2.54680952394602,0.580721432124987,2023-11,2.78266699390159,0.590271223306088,FALSE,TRUE,74,76,67,71,78,79,FALSE,,,,FALSE
317540-99999,-1.70297229339608,-1.02509834906609,2023-10,-3.93054174823464,0.729938758176676,FALSE,TRUE,379,390,372,387,429,435,FALSE,,,,FALSE
318450-99999,-1.66005213963573,0.968599704087277,2022-07,3.02653222075952,0.640072289628031,FALSE,TRUE,130,130,120,119,298,294,FALSE,,,,FALSE
318660-99999,2.17250188227224,0.636241025441114,2023-11,2.52040929837824,0.713995689268368,FALSE,TRUE,5,7,2,0,122,122,FALSE,,,,FALSE
318730-99999,-0.824118211366902,1.22777680521209,2022-07,4.27944028585129,0.573802517713062,FALSE,TRUE,69,75,57,68,88,89,FALSE,,,,FALSE
319090-99999,-10.2230245605501,-5.14870426546723,2022-09,-14.3062763104993,0.831133337320966,FALSE,TRUE,356,370,31,0,404,403,FALSE,,,,FALSE
319590-99999,-4.10487386408366,-3.45535782111553,2022-09,-12.1277696555565,0.65797811958063,FALSE,TRUE,,0,53,0,117,123,FALSE,,,,FALSE
319890-99999,4.7652739251904,1.75465252386527,2022-08,5.86499173754,0.646289516499095,FALSE,TRUE,20,24,2,0,114,122,FALSE,,,,FALSE
320760-99999,-1.01459992640718,-0.460135795109918,2024-05,-1.70544681625005,0.623084865829187,FALSE,TRUE,,0,10,0,62,74,FALSE,,,,FALSE
320980-99999,-4.39484680197065,0.84068038739061,2022-09,3.13463477150158,0.619360255140541,FALSE,TRUE,19,8,1,0,19,11,FALSE,,,,FALSE
320990-99999,-1.21142387812352,0.928962926475609,2022-08,5.59366502743513,0.358761075573563,FALSE,TRUE,8,7,3,0,25,36,FALSE,,,,FALSE
321500-99999,5.93123688655744,0.397396568386921,2023-08,1.80346029659118,0.623250334610178,FALSE,FALSE,10,13,9,13,13,16,FALSE,,,,FALSE
322520-99999,0.439884894824572,0.568975650202036,2024-05,1.02635182431127,1.28025590065833,FALSE,TRUE,12,4,7,0,21,4,FALSE,,,,FALSE
322870-99999,0.232537779852904,0.486973959504194,2022-09,1.31621525856292,0.813396296965529,FALSE,TRUE,,0,,0,,0,FALSE,,,,FALSE
323330-99999,-3.323435761368,-0.390833961602207,2024-03,-1.26895436497359,0.795244476449511,FALSE,TRUE,,0,5,0,54,55,FALSE,,,,FALSE
323890-99999,12.0074234175155,-1.8481047965909,2024-07,-1.75817312889985,1.82064630199994,FALSE,TRUE,40,42,16,12,79,78,FALSE,,,,FALSE
324110-99999,-2.61074597101413,3.50884275027584,2022-10,12.6277765657888,0.680632436047774,FALSE,TRUE,,0,,0,,0,FALSE,,,,FALSE
325090-99999,2.58790758130366,4.53844808694631,2022-07,6.69923309104151,1.35491571207317,FALSE,TRUE,,0,7,-2,41,43,FALSE,,,,FALSE
325940-99999,1.24888930914791,1.0111704904127,2022-08,2.12585504106675,1.02752909984528,FALSE,TRUE,,0,4,0,40,49,FALSE,,,,FALSE
331350-99999,-24.0582993071699,0.889319155246163,2023-07,6.2770926766102,0.356545762405897,FALSE,TRUE,131,135,114,116,150,138,FALSE,,,,TRUE
331770-99999,-2.02709340715664,0.556142276128547,2023-07,1.97604693851365,0.726679692871365,FALSE,TRUE,197,185,168,180,206,192,FALSE,,,,FALSE
332610-99999,-0.927126605988963,1.21653204431092,2023-10,5.11135519681018,0.61452826322645,FALSE,TRUE,152,139,133,132,163,145,FALSE,,,,FALSE
333170-99999,-2.1335735899088,0.788592015527143,2023-07,5.24504413049083,0.388201848844178,FALSE,TRUE,263,270,241,241,269,279,FALSE,,,,FALSE
333250-99999,-4.97451934468335,1.24967026673857,2023-11,6.5641405550714,0.49155479337299,FALSE,TRUE,203,204,171,169,237,227,FALSE,,,,FALSE
333930-99999,-6.450178204369,2.39766888641867,2023-10,10.8418236327711,0.571006747041483,FALSE,FALSE,308,317,307,312,312,320,FALSE,,,,FALSE
335870-99999,-2.28169563299471,1.21250589095001,2023-12,6.26650006672983,0.517985271692896,FALSE,TRUE,227,214,203,200,251,236,FALSE,,,,FALSE
336140-99999,0.766248706325548,0.883804044591763,2023-08,4.32086383278512,0.528128707357468,FALSE,TRUE,69,69,46,67,138,120,FALSE,,,,FALSE
336580-99999,-1.83333198908032,0.473154028317482,2023-11,1.86698597617758,0.654358663374076,FALSE,TRUE,177,176,160,169,221,225,TRUE,,,,FALSE
336630-99999,-0.614522871583604,1.3794876037059,2023-07,7.87602168803616,0.452236143836276,FALSE,TRUE,65,70,59,59,206,205,FALSE,,,,FALSE
336790-99999,-2.85018618897577,0.885138129377052,2023-12,3.28281680761481,0.762622114176438,FALSE,TRUE,37,36,17,27,140,139,FALSE,,,,FALSE
338370-99999,-10.8844102655391,1.97053054769677,2023-01,9.55637259834105,0.532407871702799,FALSE,FALSE,44,50,41,45,50,51,FALSE,,,,FALSE
338810-99999,4.50079312218438,-3.52848971954079,2022-07,-22.7624433445718,0.31002732581274,FALSE,TRUE,119,138,63,73,152,162,FALSE,,,,FALSE
339240-99999,-1.92539084938546,0.706774395767191,2022-09,3.19041679240211,0.511602607689752,FALSE,TRUE,,0,4,0,12,14,FALSE,,,,FALSE
339460-99999,0.386264439275218,1.12812018662749,2022-11,2.58097286663576,1.1285642846306,FALSE,TRUE,581,570,427,429,710,707,TRUE,,,,FALSE
339830-99999,0.034946048918719,1.31578759311954,2024-01,5.422148849871,0.686371662200378,FALSE,TRUE,35,51,15,21,75,68,FALSE,,,,FALSE
341100-99999,-4.45773189546389,6.82617315259436,2023-06,7.98597462045265,2.41765522940239,FALSE,TRUE,238,244,197,192,270,256,FALSE,,,,FALSE
341230-99999,-1.81026630957834,-0.309617401739424,2022-09,-2.28639064842701,0.312733417385223,FALSE,TRUE,108,119,95,106,151,154,FALSE,,,,FALSE
342380-99999,-0.996231374765589,-0.561428808364256,2024-05,-2.34077836547881,0.527300001473604,FALSE,TRUE,143,154,124,141,159,159,FALSE,,,,FALSE
343360-99999,-4.37352978560706,-0.257181562567065,2024-02,-1.74536238932616,0.399029432519124,FALSE,TRUE,59,72,50,66,103,116,FALSE,,,,FALSE
343980-99999,0.139063075846213,0.753505097493675,2023-11,4.39529459090745,0.484889968648409,FALSE,TRUE,11,6,-5,3,13,8,FALSE,,,,FALSE
345040-99999,-3.08212435305774,0.97969985892859,2024-03,1.90865540347882,1.27464943029058,FALSE,TRUE,57,60,55,59,76,66,TRUE,,,,FALSE
345600-99999,6.32670896301573,-0.347028344120172,2024-07,-1.28906430160432,0.538418981408878,FALSE,FALSE,139,136,132,135,143,140,FALSE,,,,FALSE
347200-99999,-0.693579807488942,,,,,FALSE,TRUE,21,26,8,0,49,45,FALSE,,,,FALSE
347980-99999,-1.80550874242328,1.30021124369706,2023-09,1.34074109105654,2.7429253672495,FALSE,TRUE,-13,-24,-29,-31,-13,-24,FALSE,,,,FALSE
348380-99999,-2.6633654236237,-0.50294976217966,2024-03,-2.01969271447435,0.64297439537571,FALSE,TRUE,71,75,60,66,83,79,FALSE,,,,FALSE
348580-99999,-1.63631232482683,-0.168470372688906,2024-06,-0.999638661739949,0.3640691523677,FALSE,TRUE,62,66,49,49,87,83,FALSE,,,,FALSE
350260-99999,14.0351344662553,0.990874067601781,2023-12,3.64255528349951,0.769409074642765,FALSE,FALSE,479,482,455,474,492,490,TRUE,,,,FALSE
350850-99999,-2.95046203305496,2.78072015987952,2023-09,11.634680358002,0.676001753767344,FALSE,TRUE,368,374,368,370,397,398,FALSE,,,,FALSE
351080-99999,-3.12353740233521,0.461673084467287,2023-09,2.69972563415715,0.483681992848205,FALSE,FALSE,33,33,30,32,41,34,FALSE,,,,FALSE
351730-99999,-2.112589747635,1.59878267992173,2023-09,6.88837267177546,0.656474397355665,FALSE,TRUE,301,302,291,298,309,305,FALSE,,,,FALSE
351880-99999,-6.78753272501019,1.67144431085797,2024-01,8.41280647461915,0.561947839950448,FALSE,FALSE,350,355,341,352,359,357,FALSE,,,,FALSE
352170-99999,-2.01191331894471,1.22239391735838,2023-09,7.52780374828954,0.459290947079592,FALSE,TRUE,29,25,19,24,35,30,FALSE,,,,TRUE
352290-99999,-6.4694119316793,-1.90354383249807,2024-07,-1.58418160091364,2.40318891647301,FALSE,FALSE,219,218,207,217,228,219,FALSE,,,,FALSE
353440-99999,-0.70909687769774,1.59938526480274,2024-01,7.92640510401798,0.570718327731484,FALSE,TRUE,220,225,210,222,242,232,FALSE,,,,FALSE
353580-99999,0.979629491832013,3.49809729811493,2022-07,5.11672333945625,1.3673193041884,FALSE,FALSE,131,131,124,129,133,134,FALSE,,,,FALSE
353610-99999,-4.40784514548135,1.52358640956816,2023-12,6.93796952741247,0.621125980834977,FALSE,TRUE,132,134,122,133,135,136,FALSE,,,,FALSE
353630-99999,10.4365824486706,1.66418035128972,2024-02,5.51728347726081,0.816818949750644,FALSE,TRUE,325,330,311,313,341,334,FALSE,,,,FALSE
353940-99999,10.6861121608292,-0.812101481143968,2022-08,-2.66788067520096,0.657578025510278,FALSE,FALSE,528,538,526,535,535,538,FALSE,,,,FALSE
354060-99999,-2.06774651206018,0.899244840063099,2023-08,4.99949012352334,0.508741578557224,FALSE,TRUE,-8,-11,-15,-15,4,-1,FALSE,,,,FALSE
354160-99999,-35.1188997145609,1.48942037943109,2024-06,3.76144949326064,0.855392518877946,FALSE,TRUE,63,62,52,62,92,92,TRUE,,,,TRUE
354260-99999,-3.0976757475523,1.26891691286948,2024-01,5.75890380122437,0.623215656883554,FALSE,TRUE,230,234,217,221,242,242,FALSE,,,,FALSE
355630-99999,-4.7016358416144,0.914701087544358,2024-02,2.06094612108379,1.20188598300423,FALSE,TRUE,647,645,622,618,839,828,FALSE,,,,FALSE
355760-99999,-3.48453039103221,-1.00349498364166,2022-08,-2.80740008397602,0.772172423666352,FALSE,TRUE,356,361,352,354,367,363,FALSE,,,,FALSE
356710-99999,-3.88938000547053,0.811851062967367,2023-12,2.82481384949021,0.81288951771648,FALSE,TRUE,371,374,344,345,392,383,FALSE,,,,FALSE
356990-99999,-6.19880025047197,-0.979721929468823,2023-01,-4.55293266447958,0.608634540466028,FALSE,TRUE,657,659,632,631,899,893,FALSE,,,,FALSE
357000-99999,0.800853751352412,1.56040460228387,2023-07,10.6115830520792,0.415912562811611,FALSE,TRUE,-24,-22,-34,-29,-17,-20,FALSE,,,,FALSE
357460-99999,-7.35270669281258,3.71802793712806,2024-06,17.1340798959474,0.468765079426343,FALSE,TRUE,54,58,42,47,64,62,FALSE,,,,FALSE
358490-99999,-3.59498055012358,1.37324283689477,2024-01,9.66129197298363,0.402028765883271,FALSE,TRUE,59,65,45,63,66,68,FALSE,,,,FALSE
359250-99999,-1.68421806713614,1.17749986762956,2024-01,5.27808236081542,0.631000491715323,FALSE,TRUE,87,84,79,79,95,84,FALSE,,,,FALSE
359530-99999,-5.64272597998646,0.853563050148576,2024-01,7.11957154277072,0.33909918163162,FALSE,TRUE,95,96,87,96,108,102,FALSE,,,,FALSE
359690-99999,-10.9019626014592,-1.99857905263769,2022-10,-6.86258300202263,0.713360973285786,FALSE,TRUE,129,131,121,131,134,135,FALSE,,,,FALSE
360210-99999,-3.53489380282689,-0.703509140381887,2023-03,-4.83090736114078,0.411894533761691,FALSE,TRUE,144,141,136,140,155,145,FALSE,,,,FALSE
360340-99999,-5.75095641962675,-0.455945141247957,2023-02,-2.51290703200715,0.51319351988597,FALSE,FALSE,216,213,203,209,218,215,FALSE,,,,FALSE
360380-99999,-5.27407918777706,-1.85709771061169,2022-10,-5.31834638313909,0.85533010935713,FALSE,TRUE,410,410,369,374,456,464,FALSE,,,,FALSE
360580-99999,-2.63378829132177,-1.88203696376627,2023-01,-4.90110672090283,1.08612293125315,FALSE,TRUE,469,497,400,426,811,806,FALSE,,,,FALSE
360610-99999,-4.60761410181494,-1.02041795934027,2023-01,-4.67233905788169,0.617715837618317,FALSE,TRUE,322,327,310,310,387,388,FALSE,,,,FALSE
360780-99999,-2.1995842891476,2.20695774161645,2024-07,2.01116034658736,2.19471087460662,FALSE,TRUE,967,976,955,966,982,991,FALSE,,,,FALSE
360900-99999,-45.9707390387473,-1.28926128728102,2023-03,-3.51906118439795,1.03623705435934,FALSE,TRUE,999,1013,983,986,1146,1143,FALSE,,,,TRUE
360920-99999,5.07630116127142,-0.83438312164526,2022-10,-1.55930930076495,1.31071680071352,FALSE,TRUE,862,871,848,852,949,934,FALSE,,,,FALSE
360960-99999,-2.69002279723093,-1.30295847013885,2022-11,-2.49643138742361,1.34761336550774,FALSE,TRUE,622,625,619,619,644,641,FALSE,,,,FALSE
361030-99999,-12.4354864975839,-1.86488897392768,2022-10,-4.43999933049862,1.02883493285399,FALSE,TRUE,850,893,850,890,1147,1150,FALSE,,,,FALSE
361260-99999,-43.9789106664627,-0.730039200605306,2023-02,-3.27392754662322,0.630698953386981,FALSE,TRUE,537,539,463,459,641,646,FALSE,,,,TRUE
361520-99999,-2.85196225016243,-1.22715480573861,2023-03,-6.40535387772465,0.541877623792846,FALSE,TRUE,140,142,135,138,157,150,FALSE,,,,FALSE
362290-99999,-3.77538038134563,-1.63530428042339,2023-07,-4.20118298347894,1.10096108694911,FALSE,TRUE,1191,1196,980,990,1503,1517,FALSE,,,,FALSE
362780-99999,-21.459114447195,-2.12185562789718,2022-11,-4.03249058985162,1.35861635661492,FALSE,TRUE,1817,1825,1792,1812,1975,1981,FALSE,,,,TRUE
363070-99999,-9.97399933880204,-2.43123117309815,2023-04,-2.90469987084522,2.36739095337871,FALSE,TRUE,1105,1116,1088,1094,1136,1123,FALSE,,,,FALSE
363970-99999,-4.39564522994615,-1.83540755265656,2022-11,-7.1767288257023,0.660328965798849,FALSE,TRUE,441,452,410,444,476,455,FALSE,,,,FALSE
364280-99999,0.454390079281938,-3.86943793462273,2022-11,-8.09821873286433,1.23370905580833,FALSE,TRUE,387,393,382,393,395,403,FALSE,,,,FALSE
364390-99999,-4.52084145668838,-2.59760267279147,2022-11,-3.01041993472026,2.22792215259941,FALSE,TRUE,1040,1039,1008,1010,1085,1079,FALSE,,,,FALSE
365010-99999,-6.87891767867829,-1.89030831445899,2023-01,-7.39790296674457,0.722718226338376,FALSE,TRUE,576,577,551,571,589,584,TRUE,,,,FALSE
365350-99999,-10.3039170628845,-2.57001042641539,2022-11,-6.83985131466516,0.970158280073033,FALSE,TRUE,535,533,513,515,550,555,FALSE,,,,FALSE
367290-99999,-15.733397243883,-39.5272351269009,2024-07,-4.3927827676162,17.996444266854,FALSE,TRUE,384,393,381,384,400,400,FALSE,,,,TRUE
368210-99999,-7.18785703915572,0.653407953452243,2023-08,2.92926344427474,0.630915181999548,FALSE,TRUE,389,394,383,392,397,396,FALSE,,,,FALSE
368590-99999,-4.84386747077773,-1.78992448771084,2022-10,-3.57375413306473,1.22683360683356,FALSE,TRUE,639,649,605,636,671,663,FALSE,,,,FALSE
368700-99999,17.3810571740227,0.970142504621148,2024-06,1.04246512320393,2.01037645385209,FALSE,TRUE,868,863,820,823,924,923,FALSE,,,,TRUE
369110-99999,24.0844523228122,-2.54465545872326,2024-02,-2.8514908957502,2.41661636304535,FALSE,TRUE,818,813,800,807,825,824,FALSE,,,,TRUE
369740-99999,-3.87597702878752,-13.1668944275778,2024-07,-4.8509016467248,5.42863796732212,FALSE,TRUE,2052,2052,2033,2035,2200,2204,FALSE,,,,FALSE
369820-99999,-11.5582885857884,-3.04974284261868,2023-02,-7.49735970772265,1.15053508379464,FALSE,TRUE,4367,4366,3914,3921,4586,4581,TRUE,,,,FALSE
371710-99999,-0.722832518545614,0.95659686068774,2022-11,3.6990421564071,0.667719471478258,FALSE,FALSE,18,28,12,16,26,29,FALSE,,,,FALSE
373080-99999,9.54132310677166,-0.431692578687073,2023-02,-1.00176358804436,1.21886142966506,FALSE,TRUE,642,646,537,535,1150,1142,FALSE,,,,FALSE
374090-99999,-18.8518244039266,-3.72773775083889,2023-05,-2.36151822382717,4.4647695122698,FALSE,TRUE,1084,1084,921,924,1241,1243,FALSE,,,,TRUE
375490-99999,0.942309536308613,-0.868789419186252,2022-07,-1.74323339373173,0.996756283249529,FALSE,TRUE,459,458,412,405,660,661,FALSE,,,,FALSE
376750-99999,27.2942214032617,1.15851429528253,2023-07,1.706643025948,1.9200109263407,FALSE,TRUE,566,556,534,538,652,651,FALSE,,,,TRUE
376820-99999,-6.31649442564819,-5.95988372032068,2022-09,-4.97507975561429,2.76654095153588,FALSE,TRUE,1868,1872,1788,1796,1976,1978,FALSE,,,,FALSE
377170-99999,-5.12691533493479,-1.65047030396052,2023-03,-3.85076295951146,1.21228832452005,FALSE,TRUE,1911,1912,1897,1898,2085,2084,FALSE,,,,TRUE
377490-99999,-1.56396283607181,3.18134500441112,2023-10,11.8577252822249,0.75884727378031,FALSE,TRUE,108,114,95,98,131,133,FALSE,,,,FALSE
378650-99999,5.11973803580924,1.826271432224,2024-01,5.14808173847291,1.00337871822208,FALSE,FALSE,265,268,258,267,270,271,FALSE,,,,FALSE
381110-99999,-39.2954488960618,0.864119063292739,2024-05,4.39901995449222,0.453645929288846,FALSE,TRUE,-28,-29,-28,-29,-28,-29,TRUE,1,30.8094849748375,-50.4725561702066,TRUE
381410-99999,1.1561455654897,-2.42138171102729,2023-06,-5.17835633380093,1.32256284993948,FALSE,TRUE,126,133,125,129,133,134,FALSE,,,,FALSE
381490-99999,-9.61029159686094,-1.84351512378557,2022-10,-6.0492185227836,0.746488388437404,FALSE,TRUE,69,60,54,58,69,62,FALSE,,,,FALSE
381780-99999,-0.287613167338391,-7.97181873083657,2022-09,-4.81753943631417,3.82147920200585,FALSE,TRUE,202,205,185,189,232,231,FALSE,,,,FALSE
381980-99999,-6.36546295835305,0.507277939267634,2023-09,2.53774017493492,0.565384390955912,FALSE,TRUE,208,203,193,201,213,209,FALSE,,,,FALSE
383340-99999,7.23712741231229,1.24735260901326,2023-10,2.8132157720181,1.25409717539197,FALSE,TRUE,832,838,789,795,925,922,FALSE,,,,FALSE
383430-99999,16.7839774028065,1.55746288736614,2023-07,5.34855258620271,0.823619139087388,FALSE,TRUE,677,681,673,677,686,688,FALSE,,,,TRUE
383450-99999,15.659503381015,-1.56629384961056,2023-12,-1.68390221440127,2.63088199045859,FALSE,TRUE,1222,1226,1204,1212,1247,1245,FALSE,,,,TRUE
383880-99999,-12.0919675928134,1.89895493172189,2024-02,4.10723430355353,1.25203333547623,FALSE,TRUE,73,71,54,55,73,71,FALSE,,,,FALSE
383920-99999,-1.76542926693972,0.703335618931493,2024-03,3.34915889336051,0.542227113463488,FALSE,TRUE,82,83,74,81,87,86,FALSE,,,,FALSE
383960-99999,-7.92606495058513,1.3158436481252,2023-07,8.02775528838389,0.463612520883352,FALSE,TRUE,96,100,82,96,114,103,FALSE,,,,FALSE
384130-99999,0.248361266358574,-4.00185714352608,2023-06,-5.15498193294586,2.19573248584407,FALSE,TRUE,303,290,265,256,331,333,TRUE,,,,FALSE
384570-99999,53.3306088941971,0.87854345186386,2023-07,4.19915235195688,0.591761365448407,FALSE,FALSE,419,432,418,420,425,434,FALSE,,,,TRUE
384620-99999,11.675643304488,2.74330273846083,2024-06,1.87813076882172,3.1553773216673,FALSE,TRUE,1110,1125,1110,1125,1289,1295,FALSE,,,,FALSE
385110-99999,-6.41906388921566,0.915685596796669,2024-03,3.3043696869,0.715504095645462,FALSE,TRUE,129,125,122,116,148,142,FALSE,,,,FALSE
385450-99999,-4.99650077614721,0.511904211620009,2024-03,2.60410126313577,0.50755744781608,FALSE,TRUE,144,144,129,140,166,168,FALSE,,,,FALSE
385790-99999,6.49486534156583,-0.966959443426514,2024-05,-1.9162644094233,1.16533875432308,FALSE,TRUE,375,379,370,369,389,392,TRUE,,,,FALSE
386110-99999,-4.59727342211319,5.1108118340525,2023-03,10.5239559138764,1.37358602974073,FALSE,TRUE,456,470,431,448,474,490,FALSE,,,,FALSE
386130-99999,-1.8119225277455,-2.09859015250985,2024-03,-2.20176204928546,2.46100003217067,FALSE,TRUE,733,741,718,728,744,750,FALSE,,,,FALSE
386470-99999,6.78844693476676,0.615896918431112,2024-03,2.34062163397643,0.679408829813509,FALSE,TRUE,28,29,23,25,48,40,FALSE,,,,FALSE
386560-99999,-7.93149249429601,1.11992682519295,2024-03,4.53495053509783,0.637633995398465,FALSE,TRUE,83,89,81,85,98,97,FALSE,,,,FALSE
386830-99999,-5.50957405738261,1.02216717976279,2023-03,5.66188858450829,0.51062915387931,FALSE,TRUE,215,218,200,214,221,219,FALSE,,,,FALSE
386960-99999,42.8482408872405,1.94859474900425,2023-05,7.89054097707154,0.698489274593072,FALSE,FALSE,675,670,671,664,676,675,FALSE,,,,TRUE
387130-99999,-3.04049768618526,-2.03322958052746,2024-05,-4.79595634434213,0.979062828231697,FALSE,TRUE,1023,1024,1000,1000,1044,1045,FALSE,,,,FALSE
387440-99999,816.484541660361,-5.31495926227568,2024-03,-2.1461254655814,6.3943912067564,FALSE,TRUE,4803,4801,4519,4499,5153,5163,TRUE,,,,TRUE
387500-99999,-16.9391098279148,0.661361055712951,2024-02,1.73547435985484,1.03197964011638,FALSE,TRUE,-26,-23,-30,-28,-18,-21,FALSE,,,,TRUE
387740-99999,-13.0210550357119,1.35194477523873,2022-08,2.97905412048281,0.980356311381765,FALSE,TRUE,176,172,154,155,193,195,FALSE,,,,FALSE
387990-99999,-7.61558485325432,-1.19876920089604,2024-07,-2.65375221305063,0.903452247727373,FALSE,TRUE,191,189,179,181,201,202,FALSE,,,,FALSE
388380-99999,-0.169969926211008,-1.57619824220556,2024-03,-3.22388629109363,1.26236659550683,FALSE,TRUE,588,588,550,552,635,638,FALSE,,,,FALSE
388460-99999,15.5175963710696,1.13775122648486,2023-02,2.69806962225569,1.19272179029709,FALSE,TRUE,1472,1470,1432,1437,1507,1507,FALSE,,,,TRUE
388950-99999,-16.1022328421948,0.790883562899439,2022-08,2.49938833589922,0.683568751624207,FALSE,TRUE,244,239,236,235,246,242,FALSE,,,,TRUE
389110-99999,-9.36154508178137,1.0598796888692,2022-08,2.81252178823295,0.814074337581817,FALSE,FALSE,239,243,236,242,241,246,FALSE,,,,FALSE
389150-99999,-9.31838220035052,-0.635881776966496,2022-07,-1.25936485649967,1.00984519884713,FALSE,TRUE,267,266,261,263,273,267,FALSE,,,,FALSE
389470-99999,-11.7422501165455,1.79330264191649,2023-07,1.50002515091768,3.38142719285243,FALSE,TRUE,333,356,333,353,366,367,FALSE,,,,FALSE
389540-99999,24.4506816297961,-7.5327987432626,2024-03,-2.91478485509463,6.67274042130312,FALSE,TRUE,2152,2152,2051,2055,2780,2769,FALSE,,,,TRUE
389740-99999,-6.14232494105548,0.638657746804323,2024-03,1.92493479591262,0.856656139747941,FALSE,TRUE,275,282,269,278,286,285,FALSE,,,,FALSE
389870-99999,-8.40476752696518,0.508143521282513,2024-06,1.20393956965847,0.911769572161622,FALSE,TRUE,624,627,619,620,766,761,FALSE,,,,FALSE
401800-99999,0.54368432097929,1.09482715262473,2022-09,4.67799482489313,0.540486917959291,FALSE,FALSE,25,36,23,34,28,37,FALSE,,,,FALSE
401830-99999,-5.14204346578437,0.59989131063629,2024-04,2.61881441668491,0.561104140418036,FALSE,TRUE,751,753,724,725,810,807,FALSE,,,,FALSE
401990-99999,9.27198718460851,-2.06118983807767,2023-11,-5.69169829526886,0.836325782660867,FALSE,FALSE,9,16,7,11,13,22,FALSE,,,,FALSE
402600-99999,-11.5671170854849,1.61560893515271,2024-06,4.55813073854669,0.765689795468941,FALSE,FALSE,662,677,659,670,668,677,FALSE,,,,FALSE
403560-99999,-1.93195637911175,0.508624717006771,2024-04,2.8106196084337,0.443272730146638,FALSE,FALSE,856,851,847,851,856,859,FALSE,,,,FALSE
403570-99999,-0.0515101030168007,0.247605110809857,2023-01,1.46258136438247,0.478833539586415,FALSE,FALSE,549,555,542,552,550,557,FALSE,,,,FALSE
403600-99999,-1.66865600664791,-1.59340799915615,2022-11,-8.62758744714466,0.476861206932796,FALSE,FALSE,500,514,499,511,510,515,FALSE,,,,FALSE
403610-99999,-21.7339508867234,1.28398233984354,2023-07,4.05790569834503,0.894956844164637,FALSE,FALSE,666,671,666,667,682,673,FALSE,,,,TRUE
403620-99999,-5.34204345942426,-1.60719643390696,2023-10,-5.33924195483515,0.851401383737846,FALSE,FALSE,436,446,434,440,440,449,FALSE,,,,FALSE
403730-99999,-3.18714687451949,-0.835401521029989,2023-06,-4.7891808542576,0.4933771335937,FALSE,FALSE,355,362,346,356,361,367,FALSE,,,,FALSE
403750-99999,-5.30128333650455,-1.22856815883273,2024-06,-4.64585165622634,0.571264593080197,FALSE,FALSE,765,771,759,765,770,773,FALSE,,,,FALSE
403940-99999,-17.4581551374403,0.34702292307453,2024-05,2.63690924499746,0.303922144354639,FALSE,FALSE,976,1002,953,997,996,1006,FALSE,,,,TRUE
404000-99999,3.70787391309191,-2.3705117409274,2023-06,-10.9449327395517,0.612595789039359,FALSE,FALSE,17,15,15,10,18,22,FALSE,,,,FALSE
404050-99999,1.4958520506666,-2.45010042155569,2024-07,-5.31845434127625,0.921358072980185,FALSE,TRUE,660,649,640,642,662,660,FALSE,,,,FALSE
404150-99999,1.31048875757438,-0.83155951874095,2023-05,-5.89064846684576,0.399277857418508,FALSE,TRUE,10,13,9,5,18,19,FALSE,,,,FALSE
404200-99999,0.493812051869959,-1.92646588866156,2024-01,-13.7944509331288,0.395004368118968,FALSE,FALSE,169,180,163,177,178,187,FALSE,,,,FALSE
404300-99999,-14.8178363577639,3.20236052719892,2023-04,4.74891694705248,1.90730717747501,FALSE,FALSE,628,640,628,635,636,642,FALSE,,,,FALSE
404370-99999,-16.7224008123781,1.45551148932852,2024-02,6.89021471354736,0.572049480279353,FALSE,FALSE,621,625,617,618,626,637,FALSE,,,,TRUE
407010-99999,0.685850326145354,1.10132567849739,2024-03,2.54951215922311,1.11535481958523,FALSE,TRUE,1365,1365,1350,1351,1369,1374,TRUE,,,,FALSE
407030-99999,-108.900361666894,2.90014375194917,2023-09,8.35010224016484,0.982364648688933,FALSE,FALSE,1182,1187,1179,1186,1187,1190,TRUE,,,,TRUE
407040-99999,-0.466025495522904,6.12538767571053,2023-10,13.6205372627941,1.27199186913803,FALSE,TRUE,1421,1419,1381,1379,1551,1542,FALSE,,,,FALSE
407060-99999,-4.67110603940576,1.64933290188692,2023-09,4.51674887990734,1.03282649566496,FALSE,FALSE,1355,1351,1354,1347,1357,1355,FALSE,,,,FALSE
407100-99999,-3.42121530315223,3.73804416029666,2024-07,4.82139320829013,1.55060746917273,FALSE,TRUE,1677,1673,1661,1667,1691,1682,FALSE,,,,FALSE
407120-99999,6.29454450534225,3.09379227968108,2023-04,11.2331552979935,0.778994482854106,FALSE,FALSE,1290,1306,1282,1303,1313,1313,FALSE,,,,FALSE
407130-99999,-128.381845457207,4.89243486579857,2024-02,4.06659634658635,3.2579521344504,FALSE,TRUE,1373,1362,1342,1340,1403,1398,TRUE,,,,TRUE
407160-99999,-0.978017430510983,-6.28189434698648,2023-06,-12.1171428313089,1.46634240539748,FALSE,TRUE,1129,1131,1100,1105,1165,1167,FALSE,,,,FALSE
407190-99999,2.24500985549073,0.628005968198132,2024-04,1.96004392761337,0.784826378550115,FALSE,FALSE,-15,-16,-16,-20,-12,-14,FALSE,,,,FALSE
407210-99999,-7.50802261131675,9.95603765931222,2023-07,12.983143543657,2.16896061234346,FALSE,TRUE,206,206,194,194,246,245,TRUE,,,,FALSE
407230-99999,-8.99274670262655,-1.11876926387405,2023-09,-4.31122717526767,0.733980651826179,FALSE,FALSE,1057,1065,1056,1060,1061,1072,FALSE,,,,FALSE
407260-99999,-35.669038336772,-1.1322678006163,2022-07,-2.46261298163585,0.919566175489063,FALSE,TRUE,1313,1309,1311,1309,1413,1407,FALSE,,,,TRUE
407270-99999,23.427727353166,-0.553812614946863,2022-10,-1.2536766141697,1.08206399034947,FALSE,TRUE,1534,1522,1457,1454,1599,1599,FALSE,,,,TRUE
407290-99999,26.5136198678546,5.8961630328363,2022-09,3.51006137522441,3.87930688417244,FALSE,FALSE,1620,1627,1619,1621,1622,1630,FALSE,,,,TRUE
407310-99999,6.35999022476647,-5.46836887263951,2022-07,-5.42331441971849,2.0166150989724,FALSE,FALSE,1268,1275,1264,1271,1271,1278,FALSE,,,,FALSE
407320-99999,6.50373181422786,0.807060683960374,2024-03,3.8790242517164,0.537202551556484,FALSE,FALSE,-27,-19,-29,-23,-23,-19,FALSE,,,,FALSE
407390-99999,-20.9210888367856,-4.05641083033471,2022-08,-4.48685935414816,1.95300280832356,FALSE,TRUE,1354,1346,1327,1325,1600,1593,FALSE,,,,TRUE
407400-99999,3.10659364563164,1.26225629324195,2024-02,1.27844073818473,2.67373066176214,FALSE,TRUE,1361,1357,1339,1340,1380,1382,TRUE,,,,FALSE
407430-99999,63.0695268701393,-1.02226542111227,2024-05,-2.373715041232,0.994567933910198,FALSE,FALSE,914,915,911,911,915,917,FALSE,,,,TRUE
407470-99999,-6.34762758389599,-1.43934714283776,2023-03,-2.83867284755411,1.43415205603422,FALSE,FALSE,1359,1370,1347,1364,1367,1372,FALSE,,,,FALSE
407540-99999,-8.94403980844657,-1.56653560586008,2022-07,-2.23006304200099,1.40492495176679,FALSE,FALSE,1177,1179,1175,1176,1179,1188,TRUE,,,,FALSE
407570-99999,5.54048654213458,-1.00220103387864,2022-08,-2.14893366612323,1.0074772014657,FALSE,FALSE,1124,1118,1120,1116,1129,1121,FALSE,,,,FALSE
407620-99999,1.74501667478853,0.79023416306444,2024-02,3.7599594614478,0.569145559078168,FALSE,TRUE,1341,1339,1326,1328,1369,1376,TRUE,,,,FALSE
407630-99999,-1.97881959427356,-0.429423906907734,2023-04,-1.2128397572742,1.00144657942452,FALSE,TRUE,1041,1050,1039,1036,1052,1054,TRUE,,,,FALSE
407660-99999,9.2756210963751,1.04203446795162,2024-04,2.70925627561081,0.942123033487693,FALSE,FALSE,1312,1310,1308,1307,1314,1310,FALSE,,,,FALSE
407690-99999,42.94896587997,-4.13847556503496,2023-08,-6.14852943376473,1.90376848144598,FALSE,FALSE,1661,1654,1657,1650,1661,1663,FALSE,,,,TRUE
407802-99999,-1.70749537988467,0.869482789812779,2024-02,5.07139686195315,0.464284415049609,FALSE,TRUE,20,26,12,13,27,32,FALSE,,,,FALSE
407804-99999,-44.8654516225546,0.407426419191381,2024-04,1.56817842363121,0.636398779443265,FALSE,TRUE,1322,1328,1293,1305,1369,1366,FALSE,,,,TRUE
407805-99999,-27.7077554161501,-3.17328870560708,2023-03,-6.52091729692099,1.37640387707842,FALSE,TRUE,1148,1152,1137,1140,1180,1180,FALSE,,,,TRUE
407806-99999,-56.5139157619862,-9.42074831423687,2022-10,-13.8136652657797,1.67052161182962,FALSE,TRUE,1744,1736,1732,1729,1760,1758,TRUE,,,,TRUE
407824-99999,-58.2702310169218,2.68089566902439,2022-08,3.20199385196356,1.80868447116447,FALSE,TRUE,1756,1755,1753,1755,1804,1808,TRUE,,,,TRUE
407825-99999,4.68104574675923,-4.44596068539251,2023-03,-13.3523779358301,0.941785490086752,FALSE,TRUE,1320,1311,1316,1310,1323,1315,TRUE,,,,FALSE
407830-99999,-19.095073282672,-1.90203719340939,2023-10,-4.30770147378402,1.24887335458496,FALSE,TRUE,1962,1964,1958,1954,2006,2004,TRUE,,,,TRUE
407850-99999,-100.557406464745,-3.1207587929111,2024-05,-4.08357437500891,1.76489591098405,FALSE,FALSE,1064,1058,1058,1057,1066,1062,FALSE,,,,TRUE
407890-99999,-7.05591903674658,1.46658898165244,2024-07,2.69994953818875,1.08638251264229,FALSE,TRUE,828,826,814,809,850,841,FALSE,,,,FALSE
407910-99999,3.9160541846194,0.832920072580521,2024-04,1.83920457150535,1.10929975161725,FALSE,FALSE,681,692,675,688,689,693,FALSE,,,,FALSE
407920-99999,-0.887504259668777,1.24182391488019,2024-04,3.27260497656734,0.929484298784046,FALSE,TRUE,1274,1276,1262,1262,1286,1285,FALSE,,,,FALSE
407980-99999,-3.90945851469071,-1.86270151697286,2022-09,-5.87336581147149,0.732412219340221,FALSE,FALSE,2036,2044,2032,2042,2038,2049,FALSE,,,,FALSE
408000-99999,-7.62427029556507,-4.76118247866787,2022-11,-6.86454242291709,1.79084337183435,FALSE,FALSE,1538,1542,1536,1539,1540,1542,FALSE,,,,FALSE
408090-99999,-1.35668583907113,1.08090525215864,2024-03,3.3152764120983,0.841825842969745,FALSE,FALSE,1499,1497,1496,1495,1501,1498,FALSE,,,,FALSE
408180-99999,23.6180352680312,-2.14007393453543,2023-09,-2.3992349007988,2.52290559935879,FALSE,TRUE,2055,2050,2007,1999,2149,2137,FALSE,,,,TRUE
408210-99999,-12.5879650154553,-0.474827747081186,2022-11,-1.2459423809878,0.983994115524903,FALSE,FALSE,1227,1224,1222,1223,1228,1227,FALSE,,,,FALSE
408270-99999,-22.8502850937165,0.492405721500615,2024-03,1.50596949517008,0.844230982130549,FALSE,TRUE,1173,1176,1169,1173,1191,1187,TRUE,,,,TRUE
408330-99999,-6.18044385518585,0.525296641863342,2023-12,2.18266872876126,0.68070946855393,FALSE,FALSE,15,16,13,14,16,20,FALSE,,,,FALSE
408350-99999,-5.56922385753705,-0.494606523926838,2023-10,-2.04480636180902,0.684152071550409,FALSE,FALSE,729,730,727,724,733,732,FALSE,,,,FALSE
408351-99999,-1.04025413253688,-12.6841632025837,2023-12,-6.20452003753674,5.78227341355135,FALSE,TRUE,7,2,1,0,12,12,FALSE,,,,FALSE
408410-99999,11.3667119418884,-0.869671647128783,2024-05,-1.6937100468794,1.18581137427034,FALSE,FALSE,1742,1748,1738,1747,1745,1751,FALSE,,,,FALSE
408480-99999,-15.2997388485223,0.983333474157292,2024-07,1.84861078337101,1.06386209904515,FALSE,FALSE,1491,1487,1487,1486,1492,1493,FALSE,,,,TRUE
408510-99999,3.87798475578444,-0.659755311173122,2024-06,-1.05396586307147,1.35225856482364,FALSE,TRUE,1768,1773,1756,1762,1791,1783,TRUE,,,,FALSE
408530-99999,-3.76092879399786,-4.61480603364644,2024-06,-7.28633624819537,1.2667013644311,FALSE,TRUE,2257,2256,2240,2239,2289,2287,FALSE,,,,FALSE
408540-99999,132.834793952518,5.40015290061296,2024-05,17.8627988527538,0.698161526989012,FALSE,FALSE,966,973,963,970,970,974,TRUE,,,,TRUE
408560-99999,-10.0531476641457,-0.732930505021282,2023-03,-3.29477536437298,0.629190245675712,FALSE,FALSE,1362,1369,1347,1365,1369,1375,FALSE,,,,FALSE
408580-99999,-13.7793190813469,2.54671028410655,2024-05,15.5947131413238,0.377139061104163,FALSE,FALSE,12,17,9,10,13,21,FALSE,,,,FALSE
408590-99999,10.3851350005248,0.774302392317634,2024-03,2.47678246083993,0.807192481317821,FALSE,FALSE,1310,1295,1308,1293,1312,1307,FALSE,,,,FALSE
408720-99999,3.07960986655615,5.58639372588399,2022-08,17.0902319429976,0.70613375908571,FALSE,TRUE,6,5,1,0,16,10,FALSE,,,,FALSE
408780-99999,-20.158899003059,-1.14130576667192,2024-06,-3.66949475684392,0.67189147475986,FALSE,TRUE,1132,1140,1126,1140,1163,1160,TRUE,,,,TRUE
408790-99999,-33.7542080896961,-1.34294538962255,2024-06,-4.51100856872509,0.643114188299711,FALSE,FALSE,600,595,591,594,602,598,TRUE,,,,TRUE
408830-99999,0.225208284268374,0.780075952525234,2024-02,3.26104100282803,0.647785680641254,FALSE,FALSE,17,26,17,19,22,30,FALSE,,,,FALSE
408980-99999,8.94370470126858,-0.538502126631795,2023-01,-1.36664819933384,1.11448873414629,FALSE,TRUE,,2,2,0,17,12,FALSE,,,,FALSE
410240-99999,7.02601976091063,1.61113104140961,2022-07,5.774425656755,0.558022957495311,FALSE,FALSE,9,15,8,8,10,17,FALSE,,,,FALSE
410360-99999,-29.3354791288789,0.704108887772441,2024-03,3.31745999992194,0.548010022994189,FALSE,FALSE,1452,1462,1452,1456,1460,1463,FALSE,,,,TRUE
410550-99999,-23.7164220820398,-0.779037857391529,2023-02,-5.97491635334244,0.368783707878641,FALSE,FALSE,1660,1658,1656,1653,1661,1664,FALSE,,,,TRUE
410610-99999,-3.86045111523399,1.18706493470466,2023-12,9.72917818023585,0.345098691580581,FALSE,FALSE,629,626,625,624,632,631,FALSE,,,,FALSE
410840-99999,-16.7960538849991,-0.519338372843938,2023-05,-2.3754191235991,0.618379605552613,FALSE,FALSE,1119,1172,1116,1165,1147,1177,FALSE,,,,TRUE
411120-99999,-5.49033855060208,0.212335219035677,2024-02,1.30710237767606,0.439909299522405,FALSE,FALSE,2094,2092,2088,2088,2096,2094,FALSE,,,,FALSE
411140-99999,-16.4110396611569,-1.12255486325281,2024-07,-2.57842961476756,0.870727559770138,FALSE,FALSE,2045,2054,2042,2050,2049,2058,FALSE,1,16.7659739283967,-5.6090942804093,TRUE
411280-99999,-3.9522197771872,-3.74174514019404,2024-07,-6.73174726226052,1.1116713074393,FALSE,FALSE,1199,1213,1198,1211,1213,1218,FALSE,,,,FALSE
411360-99999,3.61056279611847,-3.32794674911487,2024-02,-8.88640776377359,1.01414684527567,FALSE,FALSE,725,727,719,724,727,732,FALSE,,,,FALSE
411400-99999,0.25030203130911,0.525229539294265,2024-05,2.25359130261704,0.538236752237622,FALSE,FALSE,13,5,8,3,15,7,FALSE,,,,FALSE
412400-99999,11.7817376125359,7.54837900843537,2022-07,2.29716909946444,6.57189669684762,FALSE,TRUE,,0,28,0,106,110,FALSE,,,,FALSE
412460-99999,-41.3887734235384,-0.586568832357709,2023-05,-2.80847352243675,0.590736278165716,FALSE,FALSE,30,35,29,33,32,38,FALSE,,,,TRUE
412540-99999,17.6246162281679,-6.64861548550245,2023-09,-5.02061861579221,3.70635733993216,FALSE,TRUE,1927,1922,1836,1844,1982,1981,FALSE,2,23.807167239358,7.96872100776709,TRUE
412580-99999,5.45087166566558,-1.77308212294357,2024-06,-5.76382590426009,0.66454039768312,FALSE,TRUE,,0,4,0,57,56,FALSE,,,,FALSE
412870-99999,1.32753481339892,-0.581197803151608,2023-01,-2.33294110770394,0.651233138021523,FALSE,TRUE,34,34,28,28,40,43,FALSE,,,,FALSE
413040-99999,-0.0571533069833668,0.714793299123239,2024-02,3.36853640758809,0.574632175601304,FALSE,TRUE,286,278,271,272,303,285,FALSE,,,,FALSE
413160-99999,-2.86574984002631,1.83898528629221,2022-11,11.2689558335819,0.421355772614727,FALSE,FALSE,22,23,21,20,23,26,FALSE,,,,FALSE
415300-99999,-35.9205807401259,-2.44034744262036,2023-08,-5.52050567708141,1.25031026218627,FALSE,TRUE,323,326,315,317,342,341,TRUE,,,,TRUE
415360-99999,13.7264781773897,-2.58475558007624,2022-10,-4.17785136085234,1.51545177990886,FALSE,TRUE,1159,1174,931,925,1321,1322,FALSE,,,,FALSE
415710-99999,-9.23658362760791,-2.01807702687722,2023-06,-7.00633647505527,0.814688792490749,FALSE,FALSE,501,506,498,499,503,510,FALSE,,,,FALSE
416200-99999,7.26799496968995,9.97883309903638,2023-11,5.22813643916389,5.39855884387428,FALSE,FALSE,1429,1430,1428,1427,1434,1433,FALSE,,,,FALSE
416240-99999,-3.83372869910896,-2.76955975593483,2023-06,-6.1508908272909,1.27355502759617,FALSE,FALSE,174,179,173,177,177,182,FALSE,,,,FALSE
416400-99999,-1.96335385922702,-3.08212716019661,2022-12,-6.30066014490335,1.32469290738597,FALSE,TRUE,218,220,203,208,224,222,FALSE,,,,FALSE
416600-99999,-22.6105200662526,-1.53632411416971,2024-07,-2.4063374566648,1.27689830860138,FALSE,FALSE,1580,1588,1576,1584,1582,1590,FALSE,,,,TRUE
416850-99999,8.91666888669104,-3.3714719068873,2024-02,-3.88404801262752,2.3506375447004,FALSE,TRUE,1237,1231,1071,1075,1383,1357,FALSE,,,,FALSE
417100-99999,15.9645788912315,-2.56133165097227,2023-08,-4.18304478358293,1.73188198833379,FALSE,TRUE,661,668,646,661,688,684,FALSE,,,,TRUE
417120-99999,-5.26354049929918,-1.57166310335974,2022-11,-2.17537364689471,1.86543433089452,FALSE,TRUE,852,847,846,844,855,853,FALSE,,,,FALSE
417440-99999,-1.18191119227619,-2.96303695698407,2022-07,-1.36716819209511,4.33456099127552,FALSE,TRUE,1291,1298,1253,1262,1334,1335,TRUE,,,,FALSE
417490-99999,2.92212480625234,-3.45383554487183,2024-01,-12.4832428215303,0.774368253538024,FALSE,FALSE,25,29,22,23,29,32,FALSE,,,,FALSE
417590-99999,2.67984065016664,1.56083193144942,2022-07,2.99340640167696,1.04284665829204,FALSE,FALSE,15,5,11,5,16,9,FALSE,,,,FALSE
417680-99999,2.69952051409861,-2.31438058730567,2023-08,-7.46572486954535,0.876814635484954,FALSE,TRUE,9,4,6,1,15,8,FALSE,,,,FALSE
417800-99999,-5.3502725345448,-0.748895292625565,2023-07,-3.05020979481381,0.694442645505366,FALSE,FALSE,23,28,20,14,25,30,FALSE,,,,FALSE
420270-99999,-0.637802684736899,0.947471642683575,2023-08,1.39629277090936,1.91926403253434,FALSE,TRUE,1588,1585,1579,1581,1867,1854,FALSE,,,,FALSE
421110-99999,-46.4653831015748,-3.45586013556364,2023-05,-6.26576615792197,1.56000851298909,FALSE,TRUE,655,655,622,624,675,675,FALSE,,,,TRUE
426230-99999,3.79755213159492,-2.62157744432095,2022-08,-7.78491134176909,0.727465515943305,FALSE,FALSE,778,775,766,772,793,780,FALSE,,,,FALSE
426670-99999,-3.6451055249034,-1.07976878731351,2022-12,-5.47768186808352,0.533807506381722,FALSE,FALSE,517,526,514,520,522,530,FALSE,,,,FALSE
427010-99999,-2.96513826977995,1.56688171055602,2023-07,6.10130002278047,0.726371546204622,FALSE,FALSE,633,646,631,646,640,650,FALSE,,,,FALSE
427540-99999,4.40872366917593,-1.27782473121927,2023-05,-5.53601774183278,0.652858119138823,FALSE,FALSE,568,564,566,561,569,566,FALSE,,,,FALSE
427790-99999,-4.84038344360142,-1.32497541626245,2023-10,-7.08629018160344,0.528851671458167,FALSE,TRUE,617,615,590,603,623,626,FALSE,,,,FALSE
430140-99999,2.61677243130428,-3.95871828904296,2023-12,-6.63748187522083,1.68692681930456,FALSE,FALSE,582,579,573,577,583,582,FALSE,,,,FALSE
430410-99999,-6.06990890982279,1.39395067940814,2024-07,3.47292231966077,0.802753733659263,FALSE,TRUE,547,547,540,541,574,570,FALSE,,,,FALSE
430630-99999,0.0194761768730711,0.563268593243105,2024-02,2.45744062868463,0.620702100960709,FALSE,TRUE,553,554,529,541,584,572,FALSE,,,,FALSE
430860-99999,2.36514214487091,1.86473494727799,2024-07,3.18794033603431,1.16986815982739,FALSE,TRUE,166,169,150,157,244,253,FALSE,,,,FALSE
431280-99999,10.0851362439898,-2.05435791118852,2022-07,-5.20339743991599,0.78962175575106,FALSE,FALSE,521,532,518,529,526,533,FALSE,,,,FALSE
431850-99999,7.71702310120472,-2.46399412226173,2023-06,-9.35657696842746,0.744848018045166,FALSE,TRUE,6,8,6,4,13,12,FALSE,,,,FALSE
431890-99999,-2.88328678861769,-3.77868865738052,2022-07,-6.49954351372756,1.16275509176902,FALSE,TRUE,12,10,6,0,21,12,FALSE,,,,TRUE
432260-99999,43.9113480043974,1.46316499289134,2024-06,2.37835566194865,1.32898442813881,FALSE,TRUE,19,20,7,0,56,61,FALSE,,,,TRUE
432370-99999,3.33064499342051,22.0686693159064,2022-09,44.2754063590194,1.1510997384759,TRUE,TRUE,368,377,351,366,373,378,FALSE,,,,FALSE
432450-99999,4.73038849745167,-2.32893226792369,2022-07,-4.24393221967646,1.09753509121841,FALSE,TRUE,24,23,10,17,25,27,FALSE,,,,FALSE
432790-99999,-1.5791035245284,-1.06148259937467,2023-05,-4.12551576611308,0.727745655750116,FALSE,FALSE,15,10,11,8,17,18,FALSE,,,,FALSE
432840-99999,2.95375242506684,-0.918293229475165,2022-07,-3.82435728788799,0.480234015991897,FALSE,FALSE,100,106,98,93,107,107,FALSE,,,,FALSE
432950-99999,0.162884193800936,-0.895760024537801,2023-05,-7.84332212835135,0.323025359561329,FALSE,TRUE,928,911,898,894,941,930,FALSE,,,,FALSE
433210-99999,-4.67393627771147,3.20084625256437,2024-03,12.9278558183004,0.639282306578303,FALSE,FALSE,412,397,407,393,416,398,FALSE,,,,FALSE
433460-99999,5.05992079038753,-1.33134621130115,2023-07,-5.45850117325448,0.689862586257742,FALSE,TRUE,16,7,7,-1,19,10,FALSE,,,,FALSE
433710-99999,2.32599653019999,0.538105016212266,2023-05,3.69820983344965,0.411547990070932,FALSE,TRUE,10,11,8,9,45,41,TRUE,,,,FALSE
434210-99999,-4.84079406877272,-1.23744028641708,2024-01,-5.99788663493473,0.583540484238219,FALSE,FALSE,84,105,79,101,99,105,FALSE,,,,FALSE
435550-99999,0.676182975836762,-0.497875436705609,2022-08,-2.654611204772,0.397856111864396,FALSE,FALSE,8,3,7,2,12,5,FALSE,,,,FALSE
435990-99999,0.0213965023248045,-0.401455189015173,2024-06,-1.6550953020361,0.504922958970436,FALSE,FALSE,5,0,4,0,6,5,FALSE,,,,FALSE
442030-99999,-7.03043806725388,-2.55103612925855,2022-08,-4.31040952217796,1.27850216094558,FALSE,TRUE,1566,1583,1558,1571,1604,1610,FALSE,,,,FALSE
442070-99999,2.58178254221793,-3.3593058249569,2024-05,-1.28122919042844,6.05511062913131,FALSE,TRUE,1666,1664,1647,1642,1720,1714,FALSE,,,,FALSE
442100-99999,3.60492825362834,0.705400359310008,2022-12,0.783926855532032,2.43674928310722,FALSE,TRUE,1451,1459,1440,1448,1460,1459,TRUE,,,,FALSE
442130-99999,-6.10345976138807,-2.79066061665712,2022-12,-3.31447564955247,2.28004229739815,FALSE,TRUE,1264,1273,1214,1222,1283,1288,FALSE,,,,FALSE
442140-99999,6.97843316820274,2.88861571463569,2023-07,4.17936030242028,1.95490181488116,FALSE,TRUE,1977,1974,1819,1820,2164,2172,TRUE,,,,FALSE
442150-99999,-0.970810825013669,-1.48568765346277,2023-02,-2.9824029449791,1.40898441138847,FALSE,TRUE,1730,1739,1707,1714,1762,1757,TRUE,,,,FALSE
442160-99999,-8.51205696501737,-1.89754553342143,2023-04,-2.1330914490853,2.51609899775822,FALSE,TRUE,1036,1047,1024,1038,1072,1065,FALSE,,,,FALSE
442170-99999,41.4925399551387,1.97560290490407,2023-02,2.58131872361534,2.1647264217461,FALSE,TRUE,2117,2123,2090,2092,2251,2251,FALSE,,,,TRUE
442180-99999,6.09651082100397,-1.46373683522132,2023-03,-2.39218711889764,1.73066435126443,FALSE,TRUE,1487,1487,1453,1451,1540,1540,TRUE,,,,FALSE
442190-99999,122.768794383675,-2.94353775138721,2023-03,-5.57462110639257,1.49347944189262,FALSE,TRUE,1264,1265,1261,1264,1277,1272,FALSE,,,,TRUE
442210-99999,-9.38041218335268,-1.8035205791698,2022-12,-3.70595198282577,1.31786834769463,FALSE,TRUE,1292,1287,1266,1268,1300,1305,TRUE,,,,FALSE
442240-99999,-3.68450614163043,1.86943923272113,2023-02,3.5730371470128,1.4798538096123,FALSE,TRUE,2082,2081,1957,1950,2184,2169,TRUE,,,,FALSE
442250-99999,-8.15700544269777,-2.50276448650847,2022-07,-4.31824187055705,1.15915901032455,FALSE,TRUE,1716,1714,1707,1714,1839,1844,FALSE,,,,FALSE
442290-99999,13.3772922480116,-2.88499420611111,2022-10,-4.64334661770545,1.52191173687356,FALSE,TRUE,2058,2068,2058,2060,2100,2097,TRUE,,,,FALSE
442300-99999,-20.1628958912604,-1.67443221704224,2022-07,-4.37173305994442,0.76602674229315,FALSE,TRUE,1144,1167,1109,1133,1238,1254,FALSE,,,,TRUE
442310-99999,2.35204243192532,-2.02326984508649,2023-03,-5.91634321457399,0.967264930882772,FALSE,TRUE,1282,1284,1253,1264,1301,1304,FALSE,,,,FALSE
442320-99999,8.1581049470775,4.90229538250541,2024-06,2.98941167661055,3.54255938825638,FALSE,TRUE,924,920,902,920,940,944,FALSE,,,,FALSE
442370-99999,-3.75310465282233,-1.64223410975517,2022-10,-3.72589703643267,1.07964218220732,FALSE,TRUE,1496,1501,1476,1485,1514,1509,FALSE,,,,FALSE
442390-99999,6.31106430210811,-1.39243792629003,2022-10,-5.18268543248664,0.65810716516384,FALSE,TRUE,1173,1174,1151,1166,1249,1238,FALSE,,,,FALSE
442430-99999,-208.903465071188,-1.3139359096582,2023-03,-2.69157281655619,1.26044070212726,FALSE,TRUE,805,802,756,756,891,888,FALSE,,,,TRUE
442570-99999,304.554400434119,-4.41072323224697,2022-10,-11.7789637735719,0.917230201512726,FALSE,TRUE,1040,1053,1019,1035,1095,1105,TRUE,,,,TRUE
442590-99999,1.92139067314994,-0.831152951021745,2023-05,-3.85384017920386,0.610003384200637,FALSE,TRUE,739,744,716,737,748,749,FALSE,,,,FALSE
442650-99999,-2.27403430517768,-2.39504974359513,2022-09,-5.31438955234054,1.0407837818951,FALSE,TRUE,1266,1265,1195,1204,1387,1386,FALSE,,,,FALSE
442660-99999,126.728324817331,-1.70802308811698,2022-11,-7.25696771172583,0.607705149771766,FALSE,TRUE,2240,2242,2211,2207,2340,2326,TRUE,,,,TRUE
442720-99999,15.9862447091435,-1.8348646505052,2022-12,-5.05857145700866,0.982260902094548,FALSE,TRUE,1790,1781,1746,1749,1858,1858,FALSE,,,,TRUE
442750-99999,2.90755564194802,-1.93110940467585,2022-09,-5.03236542027019,0.886204749864416,FALSE,TRUE,2375,2367,2274,2282,2430,2430,TRUE,,,,FALSE
442770-99999,-6.3175089955912,-5.24715679649525,2022-07,-13.3361945387824,0.786904657282288,FALSE,TRUE,2182,2163,2133,2127,2194,2183,FALSE,,,,FALSE
442820-99999,-2.37162256118907,-2.39288966154143,2022-11,-12.3261610635642,0.501244021322891,FALSE,TRUE,1781,1788,1669,1671,1838,1843,FALSE,,,,FALSE
442840-99999,-3.32833825036296,-2.13009832128077,2023-01,-4.90315873977913,1.22876459646466,FALSE,TRUE,2106,2109,2093,2093,2150,2147,FALSE,,,,FALSE
442850-99999,-7.32780177618585,-1.67478350313049,2022-11,-2.53991699353862,1.70252509107668,FALSE,TRUE,1639,1650,1626,1634,1748,1751,FALSE,,,,FALSE
442860-99999,6.70321489538151,-2.60122558571002,2024-07,-2.24695565361642,2.31533326572192,FALSE,TRUE,1540,1544,1504,1505,1638,1632,TRUE,,,,FALSE
442870-99999,-0.391416133025144,-2.28799928788831,2022-12,-7.06514406714082,0.876971694086846,FALSE,TRUE,1811,1828,1805,1823,1861,1856,FALSE,,,,FALSE
442880-99999,-2.65281100219397,-1.17035743008137,2023-02,-7.42116428756964,0.44605813489873,FALSE,TRUE,1825,1831,1797,1802,1882,1886,FALSE,,,,FALSE
442910-99999,-2.25996930274869,-0.6058943768911,2023-03,-3.32297864450713,0.5157204645786,FALSE,TRUE,1257,1267,1241,1250,1300,1302,FALSE,,,,FALSE
442920-99999,-30.3428039554517,-2.04307264669819,2023-03,-7.52037994178942,0.768402944595531,FALSE,FALSE,1288,1294,1275,1292,1306,1295,TRUE,1,1.48837581349274,-2.18879035530179,TRUE
442940-99999,-5.11901586744896,-1.42470578191821,2023-03,-3.74972725440644,1.07465855646561,FALSE,TRUE,1423,1426,1411,1419,1444,1442,FALSE,,,,FALSE
442980-99999,2.02620091287164,-0.927580927342228,2023-02,-5.68524927653673,0.461474058159538,FALSE,TRUE,1291,1286,1281,1281,1311,1313,FALSE,,,,FALSE
443020-99999,1.37619601805994,0.298700162551455,2022-12,1.412546025349,0.572642483499366,FALSE,TRUE,923,918,904,910,956,956,FALSE,,,,FALSE
443040-99999,0.866894586080557,-1.07900371039467,2022-10,-5.04247722723482,0.524148826446184,FALSE,TRUE,1024,1027,1023,1025,1039,1037,FALSE,,,,FALSE
443130-99999,1.47895033995917,1.90098811637428,2023-09,3.43943142200025,1.56328348859656,FALSE,TRUE,690,687,686,684,745,740,FALSE,,,,FALSE
443140-99999,-4.86758586915084,-0.784438902130595,2022-12,-2.82013216090674,0.753252141316954,FALSE,TRUE,904,908,882,877,928,914,FALSE,,,,FALSE
443170-99999,-1.31530745334861,-2.55446983413456,2024-07,-3.3267382715295,1.53572035167054,FALSE,TRUE,1076,1075,1061,1058,1120,1114,FALSE,,,,FALSE
443250-99999,-1229.89946882695,-5.65151000247274,2022-07,-2.55730272003052,4.41989910557426,FALSE,TRUE,2421,2427,2402,2406,2466,2464,FALSE,,,,TRUE
443290-99999,113.47763667229,-2.13027369621526,2022-09,-4.32707991205563,1.13694603931932,FALSE,TRUE,1946,1919,1845,1858,1962,1957,TRUE,,,,TRUE
443360-99999,-3.20622304734484,-2.07550054314829,2022-10,-3.45978983083334,1.46942951455468,FALSE,TRUE,1298,1309,1297,1304,1341,1330,FALSE,,,,FALSE
443380-99999,-124.027583591998,9.78713406352366,2023-06,12.7163212454406,2.17690281052967,FALSE,TRUE,1528,1535,1514,1526,1558,1558,TRUE,,,,TRUE
443410-99999,2.67038293017388,5.13416567377682,2024-04,6.21869981316651,2.02230153142931,FALSE,TRUE,1430,1429,1404,1409,1465,1463,FALSE,,,,FALSE
443470-99999,-3.99649634642913,-1.63469952639716,2023-04,-8.6050666448207,0.537314662641733,FALSE,TRUE,1278,1287,1242,1268,1312,1311,FALSE,,,,FALSE
443480-99999,211.757108204597,-1.34762004262094,2023-12,-3.49167067318364,1.09163934378877,FALSE,TRUE,1032,1027,1019,1019,1048,1049,TRUE,,,,TRUE
443520-99999,0.0874635413574958,-1.04972970230973,2023-05,-6.24294133967159,0.475590559340538,FALSE,TRUE,1099,1100,1070,1078,1127,1129,FALSE,,,,FALSE
443540-99999,-5.3006472120059,-1.85468778911794,2023-05,-6.56502726223271,0.799059781648595,FALSE,TRUE,997,995,951,951,1026,1023,FALSE,,,,FALSE
443580-99999,-0.378896202962901,-1.11693902471413,2023-07,-6.03741028591844,0.523267507851408,FALSE,TRUE,955,959,946,955,966,966,FALSE,,,,FALSE
443730-99999,1.7251048500088,-1.23843108018061,2023-03,-4.68291886605162,0.747997597119366,FALSE,TRUE,1453,1457,1434,1445,1487,1472,FALSE,,,,FALSE
443740-99999,236.774735819482,4.30588812144556,2024-06,2.67333264624485,3.47947026976996,FALSE,TRUE,1232,1224,1205,1201,1253,1247,TRUE,,,,TRUE
443850-99999,198.22412122408,-1.35372227418937,2023-04,-7.00775132409061,0.546381374368647,FALSE,TRUE,1128,1120,1100,1107,1174,1177,TRUE,,,,TRUE
443860-99999,783.140076489533,-1.74284813943567,2023-04,-5.48463803996411,0.898786559108198,FALSE,TRUE,1148,1143,1122,1131,1162,1151,TRUE,,,,TRUE
444540-99999,-0.00063019436957332,-1.81372588815178,2024-07,-5.16691747192287,0.687271634601496,FALSE,FALSE,1335,1335,1322,1332,1339,1341,FALSE,,,,FALSE
450070-99999,-2.74774005020039,2.28694520907508,2024-04,9.82016690740586,0.570443342231985,FALSE,FALSE,5,5,4,3,9,10,FALSE,,,,FALSE
450320-99999,0.918596113682164,2.50681186545957,2023-02,13.8498193577073,0.511944198965726,FALSE,TRUE,12,10,6,4,34,38,FALSE,,,,FALSE
470030-99999,-0.923293320043519,2.59735958657802,2023-12,6.20564607365462,1.18383198464787,FALSE,TRUE,,0,11,0,146,162,FALSE,,,,FALSE
470050-99999,9.88768064379672,-0.598110579633254,2022-12,-2.8129828624128,0.575791316765178,FALSE,TRUE,1421,1413,1386,1382,1626,1620,FALSE,,,,FALSE
470220-99999,-24.9726864191459,-1.04775995138523,2022-12,-2.81673331448144,1.00731842333467,FALSE,TRUE,1144,1143,1127,1129,1270,1272,FALSE,,,,TRUE
470280-99999,-8.30351238071002,-15.2514898036415,2024-01,-42.3214705570117,1.01928706365008,TRUE,TRUE,71,67,29,29,247,238,FALSE,,,,FALSE
470310-99999,15.4946354146211,1.17974615640814,2023-11,2.2416518134906,1.48855679058554,FALSE,TRUE,1078,1082,1050,1074,1190,1187,FALSE,,,,TRUE
470410-99999,5.71175425656578,8.94651194532359,2024-06,6.08015685515427,3.17864738548096,FALSE,TRUE,20,23,11,10,80,82,FALSE,,,,FALSE
470460-99999,1.50796929351284,4.21937342096741,2024-05,3.57465969002227,2.72591697297139,FALSE,TRUE,10,3,4,0,62,61,FALSE,,,,FALSE
470610-99999,-3.25319083378194,5.77429709792606,2022-07,3.78986226484615,3.04723322084133,FALSE,TRUE,8,11,8,0,309,330,FALSE,,,,FALSE
470650-99999,-2.99205626321435,-1.27694994106321,2024-03,-4.07269123727625,0.809555740507659,FALSE,TRUE,43,36,14,21,102,102,FALSE,,,,FALSE
471020-99999,8.04422961733008,-0.698423733138225,2022-12,-7.51811355084156,0.251571141809859,FALSE,FALSE,110,125,85,98,117,137,TRUE,,,,FALSE
471070-99999,15.941262677499,1.3079112082597,2023-10,5.70858839894362,0.64802912378231,FALSE,FALSE,9,4,5,3,13,7,FALSE,2,21.4706466635353,-39.2471151548086,TRUE
471150-99999,1.93670836411681,-3.53429019509908,2023-12,-6.29071350136944,1.58908560251021,FALSE,TRUE,127,135,3,0,437,452,FALSE,,,,FALSE
471350-99999,-0.643485573586784,0.43361880729525,2023-10,3.04064461483205,0.403354995967431,FALSE,TRUE,219,229,203,206,379,367,FALSE,,,,FALSE
471520-99999,70.2538317268755,2.6748411877637,2023-02,7.70690435358163,0.981664365192646,FALSE,FALSE,7,12,6,8,10,16,FALSE,1,49.0055550893731,0.914900786356444,TRUE
471690-99999,8.90021196272457,-1.39762432305727,2024-07,-4.62893300868365,0.60386457113784,FALSE,FALSE,65,71,39,51,76,78,FALSE,,,,TRUE
471710-99999,30.041248203148,0.373615893228086,2023-10,2.14037421812084,0.493719891454483,FALSE,TRUE,82,97,30,46,219,231,FALSE,2,32.9978301239379,2.19233252218229,TRUE
471890-99999,1.77870635012535,-2.49581796798883,2022-08,-4.1131861058539,1.31080454135403,FALSE,TRUE,57,55,6,0,93,86,FALSE,,,,FALSE
474010-99999,-0.411882947367128,-0.736647982103705,2024-07,-3.94577955191215,0.373385270216995,FALSE,TRUE,,0,4,0,78,82,FALSE,,,,FALSE
474050-99999,1.43644421609483,0.579228659319598,2022-08,1.66999886757573,0.722012828531022,FALSE,TRUE,,0,6,0,36,36,FALSE,,,,FALSE
474090-99999,0.359053241528855,-0.580536324593652,2024-04,-3.49894691224056,0.406413074582661,FALSE,TRUE,17,9,1,0,75,72,FALSE,,,,FALSE
474180-99999,2.49933039891319,0.635809206885702,2023-03,3.7584386588761,0.478480605948387,FALSE,TRUE,7,8,1,1,27,34,FALSE,,,,FALSE
474240-99999,-0.870774666962815,-0.516497495846952,2024-07,-3.53091506632832,0.292557303783599,FALSE,TRUE,,3,4,0,7,9,FALSE,,,,FALSE
474300-99999,-1.22094274400468,-0.68512473473882,2024-06,-4.11891366331192,0.359327411291061,FALSE,TRUE,32,34,13,14,58,62,FALSE,,,,FALSE
474400-99999,3.04939600979133,0.999723683772709,2023-02,2.26145134918444,1.22404116143461,FALSE,TRUE,24,34,1,0,80,94,FALSE,,,,FALSE
475740-99999,0.331276416132506,-1.04856947986153,2024-07,-2.946489277401,0.71174158881477,FALSE,TRUE,38,41,6,0,109,114,FALSE,,,,FALSE
475840-99999,0.473605103706691,-0.559786704875523,2023-11,-2.13508009225057,0.741572133939603,FALSE,TRUE,139,140,118,122,251,246,FALSE,,,,FALSE
476020-99999,0.272985948167734,-0.739556668113502,2024-03,-4.57903588621629,0.406456041439118,FALSE,TRUE,,0,4,0,64,62,FALSE,,,,FALSE
476050-99999,5.80294238464705,-1.10567489628755,2024-02,-5.27836355994987,0.56725569193692,FALSE,TRUE,8,9,6,3,14,16,TRUE,,,,FALSE
476200-99999,-1.4412135585747,-1.07150238113555,2022-07,-2.87459727349863,0.7137594091405,FALSE,TRUE,768,766,752,755,996,1003,FALSE,1,25.9992500827533,-1.61810504496558,TRUE
476220-99999,-3.87339871265387,-0.789796634857639,2022-07,-2.11149136265824,0.716245134789906,FALSE,TRUE,1065,1059,978,986,1147,1141,FALSE,,,,FALSE
476290-99999,2.0900387159579,-0.385712713630812,2024-02,-2.67454398696083,0.390539460679404,FALSE,TRUE,24,23,2,-5,46,41,FALSE,,,,FALSE
476370-99999,1.54983372111521,-2.38585891659705,2022-07,-4.14441456027862,1.10234435711403,FALSE,TRUE,505,512,441,453,583,588,FALSE,,,,FALSE
476390-99999,-13.7465776907016,-8.14520692557604,2023-12,-2.41739843073331,9.3294743853859,FALSE,TRUE,3661,3631,2928,2917,3695,3677,TRUE,,,,FALSE
476480-99999,1.19217609446726,-1.21860067987613,2024-04,-6.41809908345427,0.465083169812746,FALSE,TRUE,18,19,1,0,39,32,FALSE,,,,TRUE
476780-99999,1.86150726874656,-0.391784470333822,2024-04,-1.4805688641436,0.648177916411565,FALSE,TRUE,93,93,42,44,265,264,FALSE,,,,FALSE
476900-99999,-3.78669516884728,-1.40817038731815,2024-04,-4.75887159012806,0.704393037002527,FALSE,TRUE,1390,1391,1132,1143,1615,1614,FALSE,,,,FALSE
477400-99999,-0.616874855890064,-0.738546481373962,2022-10,-3.91276943748666,0.462348231756831,FALSE,TRUE,,0,4,0,103,99,FALSE,,,,FALSE
477540-99999,0.45529455878958,0.546819053538226,2023-03,2.59911576657089,0.582534036798167,FALSE,TRUE,8,6,4,-4,43,47,FALSE,,,,FALSE
477780-99999,1.988303307875,-0.5193393778074,2022-10,-2.33281593264707,0.545313696275703,FALSE,TRUE,12,0,12,0,65,68,FALSE,,,,FALSE
478120-99999,0.794621393892187,-0.661422823132293,2022-08,-1.45807369873986,0.944301651813172,FALSE,TRUE,87,80,1,-3,304,293,FALSE,,,,FALSE
478130-99999,0.363334425300473,-0.468883151559018,2022-08,-1.68884527536575,0.577944071348721,FALSE,TRUE,10,0,6,-2,14,10,TRUE,,,,FALSE
478270-99999,1.29647502945727,-0.887323903984052,2022-09,-5.29234813446031,0.387198031427934,FALSE,TRUE,12,3,3,0,54,58,FALSE,,,,FALSE
478900-99999,0.0328941157556868,-0.908846587495831,2024-03,-3.57015709834063,0.640647929829527,FALSE,TRUE,,0,1,0,12,9,FALSE,,,,FALSE
478910-99999,-2.71520866280911,-0.787250736844006,2024-03,-2.95551720461746,0.687755313649295,FALSE,TRUE,15,13,8,7,89,90,FALSE,,,,FALSE
478970-99999,1.24493113542897,-0.850040267012259,2022-10,-4.28174876620907,0.472587413827656,FALSE,TRUE,4,0,1,0,69,60,FALSE,,,,FALSE
479090-99999,-284.419201704275,-0.430930377558784,2024-03,-2.63651789294708,0.400361227400596,FALSE,FALSE,291,291,287,289,293,294,FALSE,,,,TRUE
479180-99999,-22.4830377085224,-1.15950454628561,2022-07,-5.63901867957994,0.411243378385823,FALSE,FALSE,31,44,27,38,41,45,FALSE,1,48.5728772906748,0.135236993605268,TRUE
479290-99999,-0.842718664230322,0.313072445591423,2023-04,2.39453433408856,0.362015418523495,FALSE,FALSE,17,8,11,4,20,8,FALSE,,,,FALSE
479420-99999,-1.10335049675692,-0.967120628685519,2024-01,-8.21331292374313,0.326036008739588,FALSE,FALSE,31,31,24,27,31,37,FALSE,,,,FALSE
479450-99999,-29.4904700191418,-0.935220268925081,2023-01,-6.38351966573545,0.41437992122726,FALSE,FALSE,47,48,36,44,53,49,FALSE,,,,TRUE
479710-42402,2.0162630639349,-0.647488601402243,2023-11,-4.43235155017018,0.413183454074116,FALSE,TRUE,,0,16,0,61,65,FALSE,,,,FALSE
479910-99999,3.5618196833552,-1.47801299772333,2022-12,-9.35686912954512,0.427758266496106,FALSE,FALSE,8,7,7,7,15,9,FALSE,,,,FALSE
480480-99999,-0.637768994293622,-2.40791101755896,2022-07,-3.97150242368904,1.21259450992469,FALSE,TRUE,71,69,49,49,95,89,FALSE,,,,FALSE
480970-99999,-26.1606808590763,-3.40139480047113,2023-10,-8.39858140526724,1.14550265710225,FALSE,FALSE,43,28,25,24,48,30,FALSE,1,5.3761862841886,-0.203527599453879,TRUE
483000-99999,-14.7900312727057,1.01741572688367,2024-05,2.28320250255931,1.02909004897393,FALSE,FALSE,267,273,266,268,276,278,FALSE,,,,FALSE
483020-99999,-12.585982644978,-11.5936305923272,2023-08,-7.96123686288759,4.11892521305185,FALSE,TRUE,1573,1585,1382,1384,1595,1610,FALSE,,,,FALSE
483070-99999,-0.643675564311329,1.86107589157375,2024-05,4.54472295672842,0.945705757832082,FALSE,TRUE,316,318,269,301,364,364,FALSE,,,,FALSE
483270-99999,-9.22603313292464,0.436435114540224,2024-05,1.74200116474585,0.578589580680025,FALSE,FALSE,271,314,265,307,293,318,FALSE,,,,FALSE
483530-99999,-3.54585021177784,1.48558576593054,2024-02,3.84170698251043,1.0471869120285,FALSE,FALSE,270,255,252,252,271,257,FALSE,,,,FALSE
483770-99999,4.60617081598119,-1.18111856767351,2024-03,-4.16195882060965,0.732740317667019,FALSE,TRUE,171,160,146,141,202,195,FALSE,,,,FALSE
483810-99999,-4.48808883045504,-1.60336021498817,2023-03,-3.01018938068762,1.50654558543937,FALSE,FALSE,228,194,221,192,233,197,FALSE,,,,FALSE
484000-99999,1.5301079496642,-1.42776968121612,2023-12,-7.08256987293237,0.570180395914669,FALSE,FALSE,40,31,29,31,43,34,FALSE,,,,TRUE
484070-99999,1.21933107524093,-1.77369845134152,2022-10,-3.03451305647743,1.43174739488348,FALSE,FALSE,128,119,121,115,130,130,FALSE,,,,FALSE
484160-99999,-1.03250441433189,0.94435706347785,2024-05,2.3683548079591,0.92084987093619,FALSE,TRUE,122,131,114,122,150,150,FALSE,,,,FALSE
484210-99999,5.24332572326278,4.61226746038608,2024-05,10.8900275290651,0.978103628377898,FALSE,TRUE,84,92,78,87,136,155,FALSE,,,,FALSE
484400-99999,3.55111915896218,-1.78752856631309,2024-05,-9.66154196908657,0.427273452725096,FALSE,TRUE,35,45,33,37,52,54,FALSE,,,,FALSE
484590-99999,6.21185267710432,2.71773698287188,2023-02,12.5878643023984,0.610661254015591,FALSE,FALSE,10,1,8,0,13,2,FALSE,,,,FALSE
484750-99999,-9.86064985159178,-1.34584328058953,2023-05,-7.22811944334847,0.526640389704654,FALSE,FALSE,8,11,6,9,9,13,FALSE,,,,FALSE
485000-99999,8.00965869969704,-1.28860174804936,2022-07,-5.1505835826797,0.500371162748488,FALSE,FALSE,7,7,6,2,12,8,FALSE,,,,FALSE
485010-99999,7.28860877923693,4.88489871363815,2024-05,5.72053278216853,1.97205239069633,FALSE,TRUE,3,2,1,0,56,53,FALSE,,,,FALSE
485500-99999,2.75249871426701,-1.40487680633706,2023-12,-9.74054753171778,0.407943357704633,FALSE,TRUE,,0,1,0,59,58,FALSE,,,,FALSE
485640-99999,4.58185228036846,-0.685921572362318,2023-07,-4.26396622624419,0.454994030857277,FALSE,TRUE,11,6,5,0,35,42,FALSE,,,,FALSE
485650-99999,-8.63695981383018,-0.848932480039459,2023-06,-4.71616718523294,0.509130308429272,FALSE,FALSE,9,13,7,13,11,21,FALSE,,,,FALSE
485680-99999,6.49286508201968,-1.3152679716834,2022-10,-4.9405105656316,0.652105761712477,FALSE,FALSE,11,9,8,5,11,11,FALSE,,,,FALSE
486150-99999,1.7132931176061,0.946038752437615,2024-07,3.69074598368768,0.512654491324468,FALSE,FALSE,8,9,6,4,17,9,FALSE,,,,FALSE
486180-99999,1.55657347223561,1.75380842379869,2024-07,4.40343266796476,0.779792555075278,FALSE,FALSE,13,8,9,5,20,14,FALSE,,,,FALSE
486200-99999,2.7382301326168,0.81423095457033,2024-04,5.31261794329623,0.375417617597232,FALSE,TRUE,13,10,7,7,21,12,FALSE,,,,TRUE
486470-99999,-6.5869673833415,0.364905132803974,2024-04,2.77269184041622,0.322369535216035,FALSE,FALSE,19,22,14,12,21,37,FALSE,,,,FALSE
486650-99999,-5.29201224222687,-0.755942101884426,2022-07,-3.49844049280389,0.432159474165338,FALSE,FALSE,12,5,10,4,26,12,FALSE,,,,FALSE
486980-99999,7.34603589335282,0.301768525905774,2024-07,1.83890203318485,0.32820511420408,FALSE,FALSE,8,1,7,1,14,9,FALSE,,,,FALSE
488030-99999,4.26051743431643,-2.00014856095742,2023-05,-5.63785068480824,1.00344524174401,FALSE,TRUE,89,94,39,75,158,149,FALSE,,,,FALSE
488060-99999,-0.166133688345291,3.65335813082891,2024-06,7.98567025416357,0.988289689354409,FALSE,TRUE,660,672,588,590,833,860,FALSE,,,,FALSE
488080-99999,1.60167842430643,-1.7341051951774,2023-12,-6.41507037330172,0.764573088958748,FALSE,TRUE,230,232,171,184,240,241,FALSE,,,,FALSE
488380-99999,-1.05205234451475,0.83800695705906,2024-06,2.73860432437864,0.661030845020397,FALSE,TRUE,5,4,4,2,15,15,FALSE,,,,FALSE
488400-99999,2.11086067078137,-2.1187103968466,2023-12,-5.00626477109287,1.19702377519568,FALSE,TRUE,10,7,6,4,13,8,FALSE,,,,FALSE
488480-99999,-1.63584616737078,-1.27506815446103,2024-01,-3.98903566931951,0.904087517119861,FALSE,TRUE,10,8,5,0,20,19,FALSE,,,,FALSE
488550-99999,-3.45216351564469,-1.52877315484095,2023-12,-7.58838129363541,0.569821585317892,FALSE,FALSE,7,8,7,6,10,10,FALSE,,,,FALSE
488630-99999,0.45685136325227,-1.53690516678575,2024-01,-6.60072676606553,0.65856752081415,FALSE,TRUE,5,5,5,5,20,24,FALSE,,,,FALSE
488750-99999,-63.3826857216647,-7.79293897585838,2024-05,-3.71445492557386,4.8451312568237,FALSE,TRUE,469,488,461,474,507,513,TRUE,,,,TRUE
488870-99999,4.68305612268386,-0.752716550921713,2023-08,-4.84538677450556,0.439387815452486,FALSE,TRUE,6,7,4,-1,20,13,FALSE,,,,FALSE
489140-99999,4.26481326132775,2.47087161281613,2022-08,1.63911666632708,3.25644467549304,FALSE,TRUE,16,7,5,-1,21,7,FALSE,,,,FALSE
489180-99999,-2.9854289768824,-0.498696678953007,2022-09,-1.12152539917846,1.02689662507296,FALSE,TRUE,13,5,2,0,159,148,FALSE,,,,FALSE
489200-99999,3.68826866753119,-2.2284233599442,2022-07,-5.35246852818555,0.832671261198287,FALSE,TRUE,,0,8,0,8,4,FALSE,,,,FALSE
489280-99999,-39.7713244894349,-1.03066620541958,2023-12,-2.57961610451753,1.13007677648733,FALSE,TRUE,971,971,968,959,1275,1258,FALSE,,,,TRUE
489350-99999,39.1428052702303,5.98585726532185,2024-02,3.7898797579068,4.27712200338184,FALSE,TRUE,1045,1057,1041,1057,1093,1094,FALSE,,,,TRUE
489470-99999,-18.3496457618994,-1.78164831934247,2022-07,-1.88012570986301,1.89524382332104,FALSE,FALSE,151,147,142,145,155,153,FALSE,1,5.30372877241885,7.06823151030001,TRUE
489910-99999,-2.90810105138793,-0.829018801243769,2023-07,-2.36931673785869,0.742245399347159,FALSE,FALSE,17,21,14,12,22,25,FALSE,,,,FALSE
504340-99999,3.38016762875796,-1.13915893646098,2022-12,-2.99246821887843,1.03087376616728,FALSE,TRUE,741,749,729,739,969,972,FALSE,,,,FALSE
504680-99999,1.34083910724256,0.892762067050429,2024-07,4.10196139616758,0.435285455335844,FALSE,TRUE,179,173,145,149,180,182,FALSE,,,,FALSE
505270-99999,0.902195055201283,-1.91501313635014,2022-07,-7.38804136306022,0.51840888328674,FALSE,TRUE,650,648,603,600,674,671,FALSE,,,,FALSE
505480-99999,-0.491763542942566,-1.04674633587236,2022-08,-3.86866727730425,0.584498579101061,FALSE,TRUE,266,287,259,281,291,288,FALSE,,,,TRUE
505640-99999,0.674810475008416,0.951526168505947,2022-07,3.08744617128028,0.616383972849234,FALSE,TRUE,208,218,204,216,226,227,FALSE,,,,FALSE
506030-99999,8.25054112198104,-1.4831364167433,2023-08,-6.70827092259161,0.625338976201485,FALSE,TRUE,555,562,538,553,576,576,FALSE,,,,FALSE
506320-99999,0.56670293360509,0.7854413837211,2023-07,3.38623343221419,0.656057462985446,FALSE,TRUE,749,756,672,676,849,854,FALSE,,,,FALSE
506580-99999,55.439175222059,1.50092555235982,2022-07,4.46015278767179,0.673037729339003,FALSE,TRUE,228,240,213,223,276,270,FALSE,,,,TRUE
507450-99999,3.34325328573954,0.603540500935432,2022-07,2.0717651133588,0.582634099825108,FALSE,FALSE,126,145,118,144,136,147,FALSE,,,,FALSE
507560-99999,-26.8157986702624,2.09755104386412,2022-07,3.64133862882865,1.15207689131558,FALSE,TRUE,222,221,169,208,222,222,TRUE,,,,TRUE
507740-99999,7.01822030387613,-0.797423201645895,2022-08,-2.6525281571733,0.649429863453799,FALSE,TRUE,278,276,232,236,414,421,FALSE,,,,FALSE
508540-99999,0.548697935375089,0.49807746059649,2022-08,1.86367634265986,0.577337526543619,FALSE,TRUE,139,151,132,141,159,151,FALSE,,,,FALSE
508880-99999,-0.98701104875195,1.18083344408742,2023-01,3.58364441347972,0.931984582650399,FALSE,TRUE,85,87,72,84,109,103,FALSE,,,,FALSE
509150-99999,-2.16944964671229,-1.74060303944787,2022-10,-7.14801448522927,0.596471831470838,FALSE,TRUE,851,839,839,835,886,880,FALSE,,,,FALSE
509490-99999,1.79366375159968,0.942174455747135,2023-10,6.31621863017236,0.421909364275039,FALSE,TRUE,136,136,124,131,143,140,FALSE,,,,FALSE
509530-99999,0.406380124831697,0.927363472737271,2022-07,3.34531400255785,0.554425367560835,FALSE,TRUE,114,118,102,115,123,121,FALSE,,,,FALSE
509630-99999,-2.18477019975575,0.955968788135596,2022-07,2.07061181787883,0.92336842655028,FALSE,TRUE,103,103,78,96,137,113,FALSE,,,,FALSE
510530-99999,-7.37925225967634,-1.70987778281299,2022-12,-4.55943701887798,1.01555760190651,FALSE,TRUE,514,514,505,508,519,521,FALSE,,,,FALSE
510760-99999,5.70045305325655,-2.28948537707234,2022-07,-3.4501588289869,1.32717679999945,FALSE,TRUE,716,724,689,711,736,744,FALSE,,,,FALSE
511330-99999,-1.07047294895905,-1.828809444077,2022-09,-4.53978526173739,0.930320324825499,FALSE,TRUE,536,544,522,532,557,554,FALSE,,,,FALSE
511560-99999,-2.67692822458671,-1.34498346877464,2022-11,-5.14532060050592,0.674930223651666,FALSE,TRUE,1334,1338,1301,1302,1373,1377,FALSE,,,,FALSE
512430-99999,19.3620533371303,-1.99518809351104,2023-05,-4.65167966083216,1.21316267114742,FALSE,TRUE,455,455,430,430,475,484,FALSE,,,,TRUE
513340-99999,8.90562159126335,-2.40618425593816,2022-07,-2.60533720723125,1.84711925140414,FALSE,TRUE,328,332,312,319,344,348,FALSE,,,,FALSE
513790-99999,-3.28678481696279,-1.39882207006413,2023-04,-2.73250014038657,1.44792903289779,FALSE,TRUE,757,762,746,749,775,774,TRUE,,,,TRUE
514630-99999,27.5695549382949,77.4332950600744,2024-07,149.390809728593,1.03665406460748,TRUE,TRUE,903,892,879,880,935,916,FALSE,,,,TRUE
514950-99999,-6.93590706287025,-2.59324229849326,2022-12,-7.76428379528886,0.90446633932799,FALSE,TRUE,711,709,684,690,762,745,FALSE,,,,FALSE
515420-99999,-7.33183080028447,-2.82879566544084,2022-07,-2.14010249989944,2.64360764549713,FALSE,TRUE,2458,2458,2443,2450,2542,2540,FALSE,,,,FALSE
515730-99999,19.0062974140395,-0.889513843933956,2024-05,-1.06600083442719,1.92705686771484,FALSE,FALSE,16,38,16,35,24,40,FALSE,,,,TRUE
516440-99999,-17.1925307250616,0.846395257582811,2024-04,2.70005465782638,0.76784982695811,FALSE,TRUE,1056,1065,1051,1056,1081,1075,TRUE,,,,TRUE
516560-99999,-1.06204747967339,-2.79055880471514,2024-06,-4.79423837738235,1.25740431141516,FALSE,TRUE,892,901,885,897,902,906,FALSE,,,,FALSE
517090-99999,2.96617348872906,-1.77772407428905,2023-10,-5.24114845597291,0.959362825585161,FALSE,FALSE,1369,1375,1369,1374,1374,1379,FALSE,,,,FALSE
517110-99999,5.69285401060708,-1.92703489657843,2023-03,-2.51086231852142,2.17075931707181,FALSE,TRUE,2013,2016,1977,1978,2390,2389,FALSE,,,,FALSE
517160-99999,-0.38976219342785,-3.15008900784405,2022-10,-7.90024475636423,0.976692615422091,FALSE,TRUE,1114,1119,1107,1113,1129,1122,FALSE,,,,FALSE
517300-99999,-3.43892236922647,-1.72204131155935,2023-09,-6.81558424409449,0.714636952770155,FALSE,TRUE,1018,1019,1015,1017,1023,1021,FALSE,,,,FALSE
517470-99999,2.65306700974504,-1.20095243540989,2023-05,-3.41249392749969,0.99540292701184,FALSE,TRUE,1112,1113,1102,1101,1144,1144,FALSE,,,,FALSE
517650-99999,-2.23890347130333,-1.55211054646791,2023-03,-6.41990273894725,0.683815900138444,FALSE,TRUE,842,852,840,847,862,853,FALSE,,,,FALSE
518110-99999,-1.7886186688626,-1.56429856121795,2022-12,-3.89434386107344,1.08776745976651,FALSE,TRUE,1220,1220,1210,1214,1238,1231,FALSE,,,,FALSE
518180-99999,-0.78467786241581,-1.41718921017541,2023-06,-4.46295669009509,0.898152655582311,FALSE,TRUE,1378,1375,1365,1367,1385,1381,FALSE,,,,FALSE
518280-99999,-3.3740138376023,-1.56219240127591,2023-06,-5.58975612711496,0.79047229635074,FALSE,TRUE,1359,1352,1341,1344,1375,1368,FALSE,,,,FALSE
518860-99999,-2.73675809826362,1.13520972087667,2024-03,2.09539064573112,1.39883171740642,FALSE,TRUE,2942,2947,2918,2921,2960,2965,FALSE,,,,FALSE
521120-99999,6.50002534511998,-2.87284159808538,2022-07,-3.39320731818097,1.69328975727039,FALSE,TRUE,584,577,557,555,612,599,TRUE,,,,FALSE
522030-99999,3.46365714632508,-0.895098548143402,2023-04,-3.31777120106541,0.763078844037449,FALSE,TRUE,770,756,745,745,784,766,FALSE,,,,FALSE
523230-99999,-12.7700239011946,-1.89922383299129,2022-08,-12.0711098197849,0.339885268038322,FALSE,TRUE,1777,1772,1752,1751,1791,1787,FALSE,,,,FALSE
523780-99999,-4.65490686186843,-0.992512978326192,2023-06,-4.08048147864162,0.687970437864836,FALSE,TRUE,933,934,912,916,966,962,FALSE,,,,TRUE
524360-99999,0.0505301033933583,-1.26773861585657,2023-04,-5.51574925092179,0.650085079117341,FALSE,TRUE,1529,1528,1516,1517,1537,1535,FALSE,,,,FALSE
524950-99999,-7.92930902359486,-1.32968544809575,2023-06,-3.14196937183817,1.19699396896859,FALSE,TRUE,1327,1336,1313,1326,1343,1356,FALSE,,,,FALSE
525330-99999,-2.10917861162705,-2.11781285503753,2022-09,-10.0552130111718,0.486402354914078,FALSE,TRUE,1483,1478,1466,1463,1486,1481,FALSE,,,,FALSE
526020-99999,0.35423650685209,-2.19162681977678,2023-03,-4.73439443993166,1.30932410111299,FALSE,TRUE,2755,2758,2751,2751,2770,2760,FALSE,,,,FALSE
526520-99999,-1.87672135221975,-1.37271259321037,2022-07,-3.59176852416379,0.764365845947689,FALSE,TRUE,1467,1461,1442,1454,1478,1468,FALSE,,,,FALSE
526810-99999,-3.39910145053037,-1.89967336256273,2022-09,-5.41725511616952,0.809839598636789,FALSE,TRUE,1371,1367,1362,1366,1379,1371,FALSE,,,,FALSE
527130-99999,0.541016197445639,-1.72651027831745,2023-03,-6.17129861169388,0.791293503946296,FALSE,TRUE,3195,3195,3173,3173,3227,3228,FALSE,,,,FALSE
527370-99999,0.805565797422482,-1.5936895068461,2022-09,-5.41694501975088,0.679436148919669,FALSE,TRUE,2986,2987,2963,2974,3000,2996,FALSE,,,,FALSE
527540-99999,6.34765304625369,-0.907820679429884,2023-06,-2.76120088524587,0.929923153300872,FALSE,TRUE,3311,3314,3283,3287,3352,3348,FALSE,,,,FALSE
527870-99999,0.722977265854253,-0.995871530304736,2022-11,-3.84300945796243,0.669092611580044,FALSE,TRUE,3023,3032,2941,2952,3289,3292,FALSE,,,,FALSE
528180-99999,-6.43733576465902,-0.885716148132351,2022-12,-2.80223710603867,0.85593423287027,FALSE,TRUE,2817,2807,2792,2799,2827,2818,FALSE,,,,FALSE
528360-99999,-1.6061826395487,-3.83931283739686,2023-02,-8.07303543770452,1.34512187559122,FALSE,TRUE,3187,3186,3177,3176,3199,3201,FALSE,,,,FALSE
528660-99999,244.837449989996,1.31893949624652,2024-06,3.06204084086262,0.930501944758995,FALSE,FALSE,2170,2173,2168,2169,2180,2183,FALSE,,,,TRUE
529080-99999,-9.69915849952226,-1.60922809928447,2023-11,-3.04642428223137,1.49407435873841,FALSE,TRUE,4620,4617,4607,4611,4671,4670,FALSE,,,,FALSE
529550-99999,-21.179193489785,-0.364047214236497,2023-10,-1.17975498070874,0.8727922596404,FALSE,TRUE,3106,3104,3057,3064,3224,3223,FALSE,,,,TRUE
529830-99999,6.72282743211278,-0.503558132537432,2024-03,-1.47186972294795,0.883353660430697,FALSE,TRUE,1880,1876,1853,1851,1908,1906,FALSE,,,,FALSE
529960-99999,-3.67925779809244,-1.19984019484734,2022-09,-3.5054037500629,0.790468783480036,FALSE,TRUE,2350,2346,2149,2149,2447,2441,FALSE,,,,FALSE
530680-99999,-3.66572258640106,-1.88922083341267,2023-04,-8.20092444070794,0.65157574472162,FALSE,TRUE,958,960,953,955,967,962,FALSE,,,,FALSE
530830-99999,-0.549512071055525,-1.89874786238362,2023-05,-8.24439653750574,0.651408496981934,FALSE,TRUE,1181,1183,1171,1170,1211,1211,FALSE,,,,FALSE
531490-99999,1.91564283369881,-1.13642890550169,2023-07,-5.06148484365718,0.635052053093594,FALSE,TRUE,1233,1225,1203,1202,1268,1267,FALSE,,,,FALSE
531920-99999,-0.663319438007406,-1.82624636281301,2023-04,-12.9462995461871,0.39898696385182,FALSE,TRUE,1130,1136,1112,1116,1253,1252,FALSE,,,,FALSE
532310-99999,0.299744447404078,-1.80997566122533,2022-09,-4.77225685295528,0.875887419670625,FALSE,TRUE,1451,1446,1429,1429,1480,1468,TRUE,,,,FALSE
533360-99999,0.388383515579659,-1.67440762782667,2023-07,-10.7292591315878,0.441404191505069,FALSE,TRUE,1275,1284,1257,1260,1310,1304,FALSE,,,,FALSE
533520-99999,-3.0663907883167,-1.14443563328091,2023-03,-6.51154011674307,0.497110165899871,FALSE,TRUE,1372,1374,1346,1353,1423,1422,FALSE,,,,FALSE
533910-99999,-2.61417537890918,0.218597612713784,2022-11,1.49694863912585,0.377044739070262,FALSE,TRUE,1478,1476,1464,1462,1526,1519,FALSE,,,,FALSE
534630-99999,65.9882879252031,-1.03271142402414,2023-11,-3.93584218690388,0.742140783353635,FALSE,FALSE,1069,1078,1069,1075,1075,1079,FALSE,,,,TRUE
534800-99999,-0.161578316776353,-1.91865166082605,2023-08,-6.3935063701323,0.848793461092216,FALSE,TRUE,1406,1416,1388,1397,1451,1459,FALSE,,,,FALSE
534870-99999,-1.94473994132989,-1.02949395390971,2023-10,-3.94797039168643,0.73755584138426,FALSE,TRUE,1047,1056,1030,1052,1055,1062,FALSE,,,,FALSE
535020-99999,-114.685421096829,-2.75103726930458,2023-06,-18.6447232177696,0.417335690254327,FALSE,TRUE,1032,1032,1019,1009,1038,1040,TRUE,,,,TRUE
535130-99999,-0.684163154567169,-2.54628816233573,2022-08,-6.25055318793736,0.88001988663283,FALSE,TRUE,1043,1039,1034,1037,1056,1044,FALSE,,,,FALSE
535290-99999,-0.972376973636809,-2.22813278870926,2022-09,-10.1832298447672,0.50530650293141,FALSE,TRUE,1373,1371,1353,1359,1386,1386,FALSE,,,,FALSE
535430-99999,0.960948323203625,-2.91783632490508,2022-07,-7.51068516482093,0.776982728172882,FALSE,TRUE,1432,1436,1413,1415,1462,1468,FALSE,,,,FALSE
535640-99999,-1.99772344773475,-0.601293450500535,2023-11,-4.49865402885465,0.378049677619006,FALSE,TRUE,1026,1035,939,936,1053,1062,FALSE,,,,FALSE
535880-99999,-7.55037871961859,-1.2506844379434,2023-02,-2.74583937629437,1.28830179191,FALSE,TRUE,1920,1915,1789,1784,2195,2196,FALSE,,,,FALSE
535930-99999,-4.3307106293588,-4.91267642785485,2023-01,-9.90366207561842,1.40303123809666,FALSE,TRUE,908,911,900,904,922,916,FALSE,,,,FALSE
536140-99999,-29.6556972091287,-1.12284220754959,2023-03,-4.05959340955002,0.782314147316337,FALSE,FALSE,1138,1134,1126,1130,1140,1137,FALSE,,,,TRUE
536460-99999,2.45764012350304,-1.57130568999992,2023-06,-8.47846301423682,0.524189776779234,FALSE,TRUE,1155,1161,1086,1089,1156,1166,FALSE,,,,FALSE
537050-99999,-11.8830178046152,-1.83749798616973,2023-03,-4.41308510748111,1.17768613547438,FALSE,TRUE,1182,1186,1182,1182,1204,1190,FALSE,,,,FALSE
537230-99999,-6.13026953557751,-0.666850712014859,2023-03,-3.73999507485758,0.504315809049819,FALSE,TRUE,1350,1357,1344,1353,1360,1368,FALSE,,,,FALSE
537640-99999,-4.56951860895894,2.22834405407316,2024-03,6.70895951243053,0.857593431098135,FALSE,TRUE,893,897,890,889,987,986,FALSE,,,,FALSE
537870-99999,-1.75011015028668,-0.686759044269811,2023-03,-2.52942960351819,0.767939106222108,FALSE,TRUE,1014,1015,1002,1000,1045,1059,FALSE,,,,FALSE
538450-99999,219.961315945015,-1.16999479449512,2023-03,-4.76190391285407,0.69494157654652,FALSE,TRUE,978,991,947,948,1170,1179,FALSE,,,,TRUE
539150-99999,117.751418740164,-0.935699814025246,2023-03,-4.71940187053825,0.560782660008382,FALSE,TRUE,1352,1367,1347,1356,1397,1405,FALSE,,,,TRUE
539230-99999,-23.4004677892673,-55.9755576076913,2024-01,-233.948891549905,0.676740908715161,TRUE,TRUE,1422,1414,1416,1400,1443,1427,FALSE,,,,TRUE
540260-99999,0.178122147800468,-0.943239343919275,2024-05,-4.79007619296771,0.454756431575376,FALSE,TRUE,267,267,256,264,279,276,FALSE,,,,FALSE
540270-99999,101.789806190777,-0.492823794978432,2022-12,-3.07790250412312,0.433598252030388,FALSE,TRUE,485,483,465,479,499,487,FALSE,,,,TRUE
540490-99999,-0.516551907289596,0.969214113409973,2024-04,6.30048134963018,0.376809309894675,FALSE,TRUE,176,183,137,183,190,195,FALSE,,,,FALSE
540960-99999,69.1950652299349,-0.457009639104527,2022-12,-2.68999394154147,0.460070907228691,FALSE,TRUE,452,460,429,429,576,579,FALSE,1,18.6097937301472,5.62827649159061,TRUE
541020-99999,-2.14083991018808,0.471664218693812,2024-07,1.88660185256444,0.500014582358947,FALSE,TRUE,1001,1000,978,988,1016,1015,FALSE,,,,FALSE
541860-99999,0.960713762586187,-0.923538657426372,2023-06,-2.58644713418947,1.00994207648285,FALSE,TRUE,526,527,499,509,539,537,FALSE,,,,FALSE
542080-99999,-2.80548447850414,0.312482074043463,2023-05,1.14092740193681,0.774661711797884,FALSE,TRUE,1250,1247,1240,1241,1258,1261,FALSE,,,,FALSE
542260-99999,-0.0543645267787113,-1.76703084061323,2023-04,-7.73321078505029,0.646292736455006,FALSE,TRUE,411,414,402,406,462,450,FALSE,,,,FALSE
542360-99999,-3.96678737643798,-1.17085686366358,2022-07,-3.46531745493676,0.675757346268838,FALSE,TRUE,81,85,51,83,85,90,FALSE,,,,FALSE
542590-99999,-4.50583673708313,-0.932562763853262,2024-07,-2.61207023129128,0.714041110136803,FALSE,TRUE,219,220,203,218,359,348,FALSE,,,,FALSE
542730-99999,-1.64014309951481,0.627399012928548,2024-04,1.75611943100042,0.875115564278726,FALSE,TRUE,236,260,236,257,287,284,FALSE,,,,FALSE
543080-99999,72.4027012716875,-0.574802578369133,2023-11,-1.60368493880816,1.01378217422281,FALSE,TRUE,733,732,655,650,772,766,FALSE,,,,TRUE
543240-99999,0.0082117960923088,-0.935063852851989,2023-06,-5.04032003768636,0.524720641745253,FALSE,TRUE,172,169,146,162,200,175,FALSE,,,,FALSE
543770-99999,-0.1096511217346,-2.11308579848469,2023-02,-6.31473677231593,0.946470043779529,FALSE,TRUE,211,212,175,176,324,330,FALSE,,,,FALSE
544010-99999,45.5684327638895,1.16660020915305,2024-04,2.07378739247241,1.37794995601851,FALSE,TRUE,733,736,717,722,762,768,FALSE,,,,TRUE
544360-99999,26.3516670839345,-0.680557583247375,2023-04,-3.3428342947609,0.575830974160288,FALSE,TRUE,230,234,220,225,336,341,FALSE,,,,TRUE
544710-99999,-0.0181392155510381,-1.18457058853333,2023-06,-6.94309930213705,0.482561380441869,FALSE,TRUE,9,3,7,1,16,7,FALSE,,,,FALSE
545270-99999,-1.74985496749384,-1.59604810134533,2022-10,-8.36206478405963,0.467528481803506,FALSE,TRUE,10,5,8,3,19,11,FALSE,,,,FALSE
545340-99999,-0.369866771299668,8.12489107253575,2023-01,26.567839121173,0.864980482242307,FALSE,TRUE,17,26,16,22,27,31,FALSE,,,,FALSE
546620-99999,60.7498345013479,-1.0541520455793,2024-04,-3.52092983767358,0.733367247296962,FALSE,FALSE,19,29,16,27,21,42,FALSE,,,,TRUE
547150-99999,-2.10079808309968,-1.62734067267959,2022-12,-5.90454345192148,0.74635057053524,FALSE,TRUE,29,24,17,18,36,24,FALSE,,,,FALSE
547760-99999,0.623531384126966,-0.889825220060787,2023-09,-5.94178586692105,0.423577329286582,FALSE,TRUE,9,7,4,2,52,68,FALSE,,,,FALSE
548080-99999,0.832528386999508,-1.50671163387675,2023-10,-5.60614589998971,0.760170022409776,FALSE,TRUE,37,42,28,35,51,43,FALSE,,,,TRUE
548260-99999,-13.667707285665,-2.0841012449857,2024-07,-1.51482943473737,2.75159855914343,FALSE,TRUE,1138,1094,773,768,1462,1465,TRUE,,,,FALSE
548430-99999,-0.19561672282838,-0.989972696812252,2022-07,-3.6878178512129,0.536888065925846,FALSE,TRUE,39,18,16,11,51,22,FALSE,,,,FALSE
548630-99999,-22.6253076042658,0.944477772568814,2024-02,5.06048486801866,0.505417556933188,FALSE,TRUE,59,70,20,28,65,74,FALSE,,,,TRUE
549090-99999,0.148668082898308,0.7220595582609,2023-11,5.2854403000002,0.386399755620607,FALSE,TRUE,47,51,44,49,61,53,FALSE,,,,FALSE
549290-99999,43.4978694937468,-0.805563563123177,2023-03,-6.56906406303797,0.346849689815792,FALSE,TRUE,95,115,88,106,145,132,FALSE,,,,TRUE
549450-99999,27.6471910010813,0.765095905033086,2023-06,3.27414904789875,0.660940592248423,FALSE,TRUE,26,36,8,5,46,47,FALSE,,,,TRUE
552280-99999,-0.0438781684871648,-5.07693728257919,2023-07,-4.65326820973109,3.08594872968048,FALSE,TRUE,4303,4312,4263,4273,4375,4375,FALSE,,,,FALSE
552990-99999,-8.63899257660102,2.15235590008473,2023-06,3.51434432463521,1.73226674666804,FALSE,TRUE,4519,4522,4500,4503,4567,4573,FALSE,,,,FALSE
555780-99999,-6.08586085752872,-2.16825900083668,2024-07,-2.18475829373081,1.98489600159296,FALSE,TRUE,3854,3848,3836,3838,3971,3956,FALSE,,,,FALSE
555910-99999,80.1133770279785,2.15341412784129,2023-12,1.53964518269866,3.95596011239562,FALSE,FALSE,3576,3570,3572,3567,3578,3572,FALSE,,,,TRUE
556640-99999,7.20799606727471,-2.81236962003525,2023-05,-4.66634679568379,1.70467024128544,FALSE,TRUE,4472,4475,4378,4390,4670,4673,TRUE,,,,FALSE
557730-99999,10.413370597151,1.88758848528972,2024-02,2.81066464745463,1.81864947383291,FALSE,TRUE,4373,4379,4256,4266,4642,4641,FALSE,,,,FALSE
560040-99999,-10.375183581017,-3.51170721730515,2023-10,-5.38080300542019,1.84593413614799,FALSE,TRUE,4541,4535,4526,4534,4574,4554,FALSE,,,,FALSE
560180-99999,1.50357783528576,7.8898972400862,2022-07,3.71511137829062,4.24746202021887,FALSE,TRUE,4167,4172,4053,4059,4564,4548,FALSE,,,,FALSE
560210-99999,15.2140166221277,3.00437419614866,2022-07,5.54944737802247,1.08276518056443,FALSE,TRUE,4186,4187,4155,4161,4234,4239,FALSE,,,,TRUE
560290-99999,39.6372638866342,-7.11756422879758,2024-07,-2.81623976319323,5.05465786103895,FALSE,TRUE,3738,3741,3716,3728,4135,4132,TRUE,,,,TRUE
560330-99999,-9.44201690867597,-1.3533062381772,2022-09,-2.69175430443014,1.16107435158057,FALSE,TRUE,4280,4271,4262,4255,4358,4363,FALSE,,,,FALSE
560460-99999,-8.31716994823058,-2.35045247708178,2022-07,-3.23504845356514,1.45311732471363,FALSE,TRUE,3995,3981,3962,3956,4156,4173,FALSE,,,,FALSE
560650-99999,7.59349121180429,2.28864552569327,2024-07,4.04860519031549,1.13058469181824,FALSE,TRUE,3525,3518,3501,3512,3554,3554,FALSE,,,,FALSE
560790-99999,70.3043526801207,2.90963716037696,2024-07,3.57891285178783,1.62598938888577,FALSE,TRUE,3464,3457,3436,3440,3530,3524,FALSE,,,,TRUE
560960-99999,2.50057087250511,-3.06422471794551,2022-09,-3.02681335130146,2.33794523868168,FALSE,TRUE,1011,1012,968,1000,1246,1247,FALSE,,,,FALSE
561160-99999,9.44207658599038,-3.22104029409516,2023-03,-2.65980366256707,3.4252444516624,FALSE,TRUE,3914,3935,3822,3827,4112,4121,FALSE,,,,FALSE
561370-99999,1.97176759316268,-5.97643253199231,2023-04,-5.26260083380426,3.21208170950769,FALSE,TRUE,3367,3367,3213,3229,3614,3606,FALSE,,,,FALSE
561440-99999,31.8805376202868,-10.0093928308046,2022-07,-2.05940128751239,9.72068230849291,FALSE,TRUE,3370,3331,3144,3143,3851,3840,FALSE,,,,TRUE
561460-99999,-6.91930465267849,-12.1396437519022,2022-07,-4.99914006043815,4.85669279321542,FALSE,TRUE,3384,3385,3332,3340,3405,3405,FALSE,,,,FALSE
561520-99999,-3.49211407011225,-1.06954119326682,2022-10,-2.98045673030092,0.879002924537225,FALSE,TRUE,3919,3917,3883,3888,3998,3989,FALSE,,,,FALSE
561670-99999,51.8496798963371,-12.4597380580028,2022-07,-2.99607949246114,8.31736146477719,FALSE,TRUE,2956,2959,2946,2955,3228,3232,FALSE,,,,TRUE
561720-99999,22.418005230546,-8.18069383720538,2022-09,-2.24397652588553,8.41920712553723,FALSE,TRUE,2868,2832,2624,2612,3226,3212,FALSE,,,,TRUE
561820-99999,-1.79619729417802,-3.58634898804008,2022-09,-2.05046488000444,4.03923924539181,FALSE,TRUE,2950,2962,2857,2866,3421,3423,FALSE,,,,FALSE
561870-99999,8.94336056182557,-0.878721556695645,2023-08,-2.54872109729319,0.975155692279051,FALSE,TRUE,533,542,532,542,542,552,FALSE,,,,FALSE
562470-99999,14.2104929654874,-9.15858706372468,2022-07,-2.30688250311327,7.94022846968983,FALSE,TRUE,2525,2530,2516,2518,2865,2856,FALSE,,,,FALSE
562570-99999,34.0817563751428,55.7349733281041,2023-01,63.6831567038663,2.47541608358501,TRUE,TRUE,3971,3963,3929,3932,4150,4146,FALSE,,,,TRUE
563120-99999,-1.6825734536533,-2.0499617744626,2022-12,-1.53685073796119,3.6121417589894,FALSE,TRUE,2962,2956,2923,2953,3015,3025,FALSE,,,,FALSE
563570-99999,6.99437356235837,-4.99640752849287,2022-07,-3.62773749104108,2.75455847664381,FALSE,TRUE,3802,3798,3728,3733,3840,3838,FALSE,,,,FALSE
563740-99999,0.748641059855788,-4.81079188620018,2022-09,-2.77596311660793,4.0022318364329,FALSE,TRUE,2823,2812,2526,2508,3239,3236,FALSE,,,,FALSE
563850-99999,18.261706815926,0.962961574431316,2024-02,1.4073299100813,1.85295022316807,FALSE,TRUE,3009,3018,1749,1721,3009,3024,TRUE,,,,TRUE
564440-99999,-2.53643588423408,-4.62613534329336,2022-07,-1.83782069799354,5.03437070694,FALSE,TRUE,3411,3414,2832,2836,3718,3722,FALSE,,,,TRUE
564620-99999,-67.846590771297,-4.02920049248405,2022-07,-1.5313318558701,5.26234790589486,FALSE,TRUE,3162,3136,2856,2854,3681,3655,FALSE,,,,TRUE
565710-99999,-4.02216865079254,1.83287073015944,2024-07,1.73173128812461,2.11680731615627,FALSE,TRUE,1581,1581,1542,1532,1646,1645,FALSE,,,,FALSE
565860-99999,-4.38309357356991,-1.25987061653015,2022-12,-3.53772468663698,0.964389843772076,FALSE,TRUE,1933,1922,1912,1911,1944,1948,FALSE,,,,FALSE
566510-99999,-4.65878367474353,-1.32214094766297,2023-03,-4.14100441672695,0.90306093468583,FALSE,TRUE,2375,2377,2365,2376,2390,2382,FALSE,,,,FALSE
566710-99999,21.598115739525,-2.63691294756037,2022-07,-4.17979804203423,1.26174179759031,FALSE,TRUE,1786,1783,1771,1774,1831,1836,FALSE,,,,TRUE
566840-99999,-6.3816524293581,1.11575233101694,2023-05,3.31624590602553,0.951625496713937,FALSE,TRUE,2159,2170,2097,2114,2252,2257,FALSE,,,,FALSE
566910-99999,0.145858007753993,1.62213928328868,2024-06,5.24400918252727,0.668233261091066,FALSE,TRUE,2217,2200,2181,2173,2293,2271,FALSE,,,,FALSE
567390-99999,-3.74814551476036,-1.42571859712466,2022-07,-4.55979420030319,0.62534339687079,FALSE,TRUE,1646,1651,1624,1628,1825,1821,FALSE,,,,FALSE
567480-99999,15.8846902731867,-1.7810838148012,2022-07,-2.76860776693667,1.2866277672636,FALSE,TRUE,1657,1648,1639,1645,1678,1661,FALSE,,,,TRUE
567510-99999,-15.9734605051814,-2.72306266875566,2022-07,-4.49887440632566,1.21055287292612,FALSE,TRUE,1959,1973,1955,1967,1996,1996,FALSE,,,,TRUE
567780-99999,-218.054761006274,1.34245327201989,2024-05,2.81956551540124,1.09955346487472,FALSE,FALSE,2093,2096,2077,2089,2095,2105,FALSE,,,,TRUE
567860-99999,-7.62206692853298,-1.54028003917801,2023-12,-7.8301986862021,0.556380497750726,FALSE,TRUE,1851,1855,1844,1853,1876,1860,TRUE,,,,FALSE
568380-99999,-12.8453239801373,-1.78847943534115,2023-12,-5.93798022806042,0.851903097128025,FALSE,TRUE,754,762,744,759,773,769,FALSE,,,,FALSE
568860-99999,-5.66164768804312,-1.28330015462135,2022-07,-3.385911556725,0.758023435120444,FALSE,TRUE,1739,1735,1696,1701,1883,1875,FALSE,,,,FALSE
569460-99999,37.1871973290317,-1.87679789539284,2023-11,-4.7973571407519,1.10652301241089,FALSE,TRUE,1089,1097,1067,1078,1137,1144,FALSE,,,,TRUE
569510-99999,128.568742270856,1.1435405738786,2024-05,2.12644094851458,1.24193142277338,FALSE,TRUE,2701,2712,2376,2374,2880,2863,TRUE,,,,TRUE
569540-99999,-6.11525357573897,-2.49029965697449,2022-07,-4.87188586995963,1.02231444801687,FALSE,TRUE,1054,1042,1014,1011,1108,1099,FALSE,,,,FALSE
569590-99999,4.43265869755107,1.30085010704098,2024-05,2.46435993880707,1.21905270029511,FALSE,TRUE,562,557,527,537,588,582,FALSE,,,,FALSE
569640-99999,109.207095716441,-0.921368523793045,2022-07,-2.14758025560331,0.858052705028441,FALSE,TRUE,1321,1315,1301,1302,1364,1366,FALSE,,,,TRUE
569690-99999,-1.70631538896766,-1.84046216925417,2022-07,-3.44780952915266,1.06761243838576,FALSE,TRUE,634,638,607,631,665,662,FALSE,,,,FALSE
569770-99999,144.262773253026,-1.25773285233393,2023-05,-3.62588372877948,0.981114117639714,FALSE,TRUE,1265,1266,1195,1198,1525,1516,TRUE,,,,TRUE
569850-99999,2.53673338254773,0.908261393221551,2023-04,3.4047287645724,0.754524468344906,FALSE,TRUE,1285,1291,1274,1283,1332,1335,FALSE,,,,FALSE
570140-99999,-3.39820381087108,-1.03711063096239,2024-01,-2.70077853115362,1.08612824270478,FALSE,FALSE,1085,1093,1079,1089,1096,1094,FALSE,,,,FALSE
570460-99999,-0.861210102036628,-2.5696106404833,2022-08,-3.54758417111996,1.56472493708159,FALSE,TRUE,1688,1725,997,1011,1923,1965,TRUE,,,,FALSE
570830-99999,-40.7438359229936,-1.496938905155,2023-11,-7.30687536604724,0.579451871192748,FALSE,FALSE,154,149,148,146,157,153,FALSE,,,,TRUE
571270-99999,0.6656284852563,1.08784819917482,2024-05,2.55473682609603,0.983380274970712,FALSE,TRUE,510,511,503,502,527,518,FALSE,,,,FALSE
571310-99999,-6.7521301639438,-1.13499226617657,2023-12,-3.45400916139554,0.929425129472991,FALSE,TRUE,376,383,353,361,403,407,FALSE,,,,FALSE
572370-99999,0.648113513780992,-0.315810572895526,2023-06,-1.04082589839022,0.858209996543007,FALSE,TRUE,633,645,614,642,930,945,FALSE,,,,FALSE
572590-99999,-9.76917291815877,1.02371742601071,2023-07,4.8072483173942,0.602321732648411,FALSE,TRUE,658,657,442,444,843,824,FALSE,,,,FALSE
572900-99999,-0.740669102548008,-0.609762647940295,2023-10,-2.77293633171846,0.621964952229023,FALSE,TRUE,103,105,94,99,123,126,FALSE,,,,FALSE
572970-99999,1.00628883555785,-1.13968059335104,2023-10,-6.63032623900943,0.486175700498034,FALSE,TRUE,81,82,77,79,104,110,FALSE,,,,FALSE
573060-99999,-1.1587132971063,-0.542747073993281,2022-07,-1.24175731706559,0.874159655085992,FALSE,TRUE,373,374,344,352,382,389,FALSE,,,,FALSE
573990-99999,0.575801429168246,1.35790836125763,2022-10,5.57139205136762,0.597011047126649,FALSE,TRUE,44,55,39,43,74,78,FALSE,,,,FALSE
574110-99999,1.35501956435591,0.716140129248007,2023-04,2.63704817904916,0.76811268856478,FALSE,TRUE,289,299,289,296,458,450,FALSE,,,,FALSE
574470-99999,-4.39443768926168,1.03230044522595,2022-07,1.91282439730195,1.07934679909146,FALSE,TRUE,440,442,414,413,451,452,FALSE,,,,FALSE
574610-99999,0.409432465039238,0.572134460846311,2024-05,3.23896516365357,0.407935211763344,FALSE,TRUE,211,216,149,144,236,232,TRUE,,,,FALSE
574760-99999,-2.37551474795545,0.382662804741623,2024-05,1.63964638341115,0.538971025854502,FALSE,TRUE,29,37,22,32,39,43,FALSE,,,,FALSE
575160-99999,-152.812592962516,-1.4580692431068,2023-07,-6.12117141880399,0.673734211117257,FALSE,FALSE,476,416,432,414,485,418,FALSE,,,,TRUE
575840-99999,-2.19484769316832,1.28530062262351,2023-07,5.40803579861716,0.672218025148995,FALSE,TRUE,19,19,19,19,63,53,FALSE,,,,FALSE
576040-99999,5.41344009114996,-1.44030373091709,2023-09,-3.46782240571306,1.17474128250849,FALSE,TRUE,285,287,231,239,358,360,FALSE,,,,FALSE
576330-99999,163.845084400492,-2.12175227945444,2024-06,-8.76025930916261,0.523216108265119,FALSE,TRUE,646,654,646,654,974,974,FALSE,,,,TRUE
576550-99999,7.11485150549314,2.75855969885412,2022-11,8.05608730280756,0.884122806485942,FALSE,TRUE,168,163,100,100,188,196,FALSE,,,,FALSE
577070-99999,-4.24713964935167,1.44162385230523,2024-04,4.76349361140714,0.741313650703121,FALSE,TRUE,1739,1742,1626,1629,1872,1881,TRUE,,,,FALSE
577760-99999,-10.765151858819,2.09861340229708,2024-05,1.85277089148333,2.61583343803754,FALSE,TRUE,896,901,644,647,1216,1217,TRUE,,,,FALSE
577990-99999,-9.0423700008483,0.433576508210092,2024-06,1.29060694329108,0.725730101184125,FALSE,TRUE,57,55,52,55,91,100,FALSE,,,,TRUE
578160-99999,86.0218905672586,-0.472859213255781,2023-01,-3.16011780373816,0.423227204813917,FALSE,FALSE,1104,1133,1102,1129,1116,1133,FALSE,,,,TRUE
578450-99999,-1.27291605555475,-0.988178061538703,2022-08,-2.96021042533652,0.721134070501046,FALSE,TRUE,398,397,358,365,443,448,FALSE,,,,FALSE
578530-99999,-2.48392530323287,-0.74078661395446,2023-12,-3.16438152499434,0.662139168746861,FALSE,TRUE,321,323,304,310,358,345,FALSE,,,,TRUE
579020-99999,-1.92600457807002,-1.38573633118398,2023-09,-5.85567314288857,0.66934306803429,FALSE,TRUE,1369,1357,1344,1332,1415,1404,FALSE,,,,FALSE
579220-99999,40.3086054521489,1.97615569132611,2022-07,3.22428075046221,1.22579629025346,FALSE,TRUE,1009,1009,954,939,1078,1082,FALSE,,,,TRUE
579320-99999,-2.43501395582415,0.536453515717636,2022-07,1.17592850147149,0.912391382718167,FALSE,TRUE,252,258,245,255,432,435,FALSE,,,,FALSE
579570-99999,-7.85617000686512,-0.558752911274868,2023-12,-2.27398838058494,0.694986792269455,FALSE,FALSE,166,163,163,162,173,168,FALSE,,,,FALSE
579930-99999,12.2405154510542,-1.24416336642865,2022-08,-3.81488661548559,0.704529472475198,FALSE,TRUE,123,128,96,96,134,138,FALSE,,,,FALSE
581410-99999,0.341316146938818,-1.5099043412548,2022-09,-5.11933107845816,0.681138738256088,FALSE,TRUE,10,10,6,7,12,15,FALSE,,,,FALSE
582650-99999,-5.73171794564897,-0.723781124495997,2024-03,-4.00533273709459,0.466576674227515,FALSE,TRUE,7,2,4,2,38,7,FALSE,,,,FALSE
583140-99999,21.6097033171595,-0.649873385926762,2022-07,-3.16101977510403,0.411179576315921,FALSE,TRUE,68,71,56,67,96,104,FALSE,,,,TRUE
583450-99999,-2.17998768332956,-1.04886475382066,2024-01,-7.30567207930051,0.406073183643447,FALSE,TRUE,16,12,8,3,34,17,FALSE,,,,FALSE
584370-99999,-7.67201090136735,-4.6645386239408,2022-07,-3.60949264113321,2.58459517040398,FALSE,TRUE,1400,1371,998,1000,1719,1719,TRUE,,,,FALSE
584570-99999,36.5052430711395,-0.42024008332573,2024-01,-1.92062895582912,0.618869379729297,FALSE,FALSE,14,5,9,0,14,21,FALSE,,,,TRUE
584720-99999,-0.0509790791068016,-1.02366950101969,2022-10,-4.36710671915476,0.574171437521687,FALSE,TRUE,17,20,1,0,80,79,FALSE,,,,FALSE
585060-99999,-12.1793766144605,-2.07407396788805,2022-07,-2.27424257465822,1.82396899169804,FALSE,TRUE,859,875,396,407,1293,1292,FALSE,,,,FALSE
585690-99999,2.22339439835827,-0.867544934099903,2024-07,-3.71391313288374,0.467186443548441,FALSE,TRUE,,0,3,0,101,94,TRUE,,,,FALSE
586060-99999,2.91484961158399,2.04031225593691,2023-11,5.65312310238215,1.02082944650759,FALSE,FALSE,34,44,32,41,40,48,FALSE,,,,FALSE
586330-99999,10.7524355115653,-1.36404344622706,2023-12,-6.73636593313224,0.5727268264429,FALSE,TRUE,69,71,56,56,90,76,FALSE,,,,FALSE
587150-99999,-3.27285299106745,0.749100918062221,2023-01,2.55160732078553,0.830369680538139,FALSE,TRUE,57,56,52,55,93,84,FALSE,,,,FALSE
587300-99999,1.37447306849192,-0.696496921259052,2022-07,-1.39744595229249,0.996814109506643,FALSE,TRUE,197,207,197,207,279,283,FALSE,,,,FALSE
587520-99999,-0.180106756166101,-1.1634236432683,2024-04,-4.03223520471216,0.706752988359112,FALSE,TRUE,15,14,6,3,165,164,FALSE,,,,FALSE
589260-99999,37.3350383245507,-1.20750991956625,2022-07,-2.604573896448,0.927222622643184,FALSE,TRUE,232,237,172,175,454,471,FALSE,,,,TRUE
589310-99999,-0.350831992945074,3.54641247992964,2024-06,4.04586165681375,1.89357106442452,FALSE,TRUE,1324,1342,880,901,1577,1602,TRUE,,,,FALSE
589680-99999,24.3093319623477,-1.04305510756418,2022-09,-5.18267366285932,0.464785696577739,FALSE,TRUE,27,26,9,6,31,26,FALSE,,,,TRUE
589740-99999,-0.970555528919416,-0.797089057450264,2023-09,-3.73827386465535,0.603088054154256,FALSE,TRUE,,0,9,0,51,45,TRUE,,,,FALSE
590070-99999,-3.79871160230047,-1.20467374797884,2023-09,-3.65842466323166,0.931365879827399,FALSE,TRUE,1245,1242,1215,1217,1300,1291,FALSE,,,,FALSE
590720-99999,31.4283610143592,-1.22535137498924,2024-01,-3.91622305748608,0.884989699383828,FALSE,TRUE,103,105,79,85,144,151,FALSE,,,,TRUE
592090-99999,62.2888361384594,-1.19118328604527,2024-07,-2.37284282042752,1.00401364623945,FALSE,TRUE,1182,1174,959,978,1248,1254,TRUE,,,,TRUE
592540-99999,87.2834170319012,1.1661977245991,2022-12,4.56598164853694,0.691653758257948,FALSE,TRUE,22,22,22,22,57,57,FALSE,,,,TRUE
593160-99999,-14.2661360947692,0.508260063362214,2022-12,2.36693695862366,0.581500387276665,FALSE,FALSE,14,6,11,4,17,7,FALSE,,,,FALSE
594310-99999,23.0656823651264,-0.794087510283021,2023-09,-5.07538652256593,0.442531547798483,FALSE,FALSE,124,128,117,123,129,129,FALSE,,,,TRUE
595670-99999,-3.39059097163391,-2.03760610871363,2023-09,-3.55121195032643,1.62288831757969,FALSE,TRUE,76,83,19,0,352,343,FALSE,,,,FALSE
596320-99999,43.7216494850646,-0.845831173331086,2023-08,-3.45676111095571,0.692084803321601,FALSE,TRUE,9,8,2,1,21,14,FALSE,,,,TRUE
596630-99999,66.4787254914118,1.38196852580625,2024-05,5.55918460788736,0.574098510241089,FALSE,TRUE,13,16,2,5,34,24,FALSE,,,,TRUE
596730-99999,3.70087067385008,1.24568014865902,2024-05,6.27888645352439,0.458166443668539,FALSE,TRUE,,0,1,-4,41,38,FALSE,,,,FALSE
598450-99999,-0.396118117026814,-1.55407231251183,2023-12,-3.40514245901135,1.29086531193227,FALSE,TRUE,144,149,130,136,184,175,FALSE,,,,TRUE
598550-99999,-1.59689591989979,-1.13425579749774,2022-10,-6.07128482851694,0.457621083532949,FALSE,TRUE,26,11,10,7,36,27,FALSE,,,,TRUE
599810-99999,0.759919613902408,-0.232566589887542,2023-12,-1.62467484667105,0.404879568669061,FALSE,TRUE,18,14,7,0,18,14,FALSE,,,,FALSE
599850-99999,-0.923563856119196,-0.470706045576055,2022-09,-2.47556204348906,0.439112019571116,FALSE,TRUE,,0,5,0,5,9,FALSE,,,,FALSE
600010-99999,-2.63953270284031,1.34427402786523,2023-06,3.77370919790265,1.00754481177803,FALSE,FALSE,20,30,17,28,24,35,FALSE,,,,FALSE
600250-99999,9.60967675824304,0.562691129439694,2022-12,2.69736830209005,0.564911651352169,FALSE,FALSE,50,51,45,47,50,55,FALSE,,,,FALSE
600300-99999,26.6726509241226,2.27370534636524,2024-05,10.7717400929082,0.487469761601885,FALSE,FALSE,11,22,5,19,15,24,FALSE,,,,TRUE
600340-99999,3.76300317787311,-0.888452071968597,2022-07,-2.50643856165732,0.708935846710826,FALSE,FALSE,14,10,11,7,16,12,FALSE,,,,FALSE
600400-99999,5.71380211203122,1.24587939214666,2024-03,8.2396356849214,0.390411285294834,FALSE,FALSE,10,5,9,2,12,11,FALSE,,,,FALSE
600600-99999,8.21405396148281,1.08576440334514,2024-05,4.48260403050931,0.55937697488449,FALSE,FALSE,36,50,31,47,42,55,FALSE,,,,FALSE
601150-99999,0.361721688924275,3.53256649551903,2023-08,20.0579228749739,0.49813766650594,FALSE,FALSE,454,453,451,448,457,456,FALSE,,,,FALSE
601350-99999,-8.46948878241295,-1.41796138217869,2023-03,-9.94459107184423,0.403294655981569,FALSE,FALSE,69,79,62,72,77,79,FALSE,,,,FALSE
601500-99999,-8.0465965735791,-15.0144291069029,2023-01,-71.2114624188273,0.596353692313937,TRUE,FALSE,562,563,561,562,565,567,FALSE,,,,FALSE
601850-99999,-3.85210658136013,-6.28853627518337,2023-06,-12.5953975766661,1.41215602504125,FALSE,TRUE,59,51,28,24,72,65,FALSE,,,,FALSE
601900-99999,1.18306264282372,-0.876314113392164,2023-07,-2.77169001527595,0.894252457690343,FALSE,TRUE,512,519,508,514,522,523,FALSE,,,,FALSE
601950-99999,-5.53468381791974,-0.84581695015262,2023-06,-3.10092567904931,0.771489500875497,FALSE,TRUE,1462,1464,1446,1445,1491,1490,TRUE,,,,FALSE
602100-99999,-7.91713522072062,0.912311878435326,2024-01,2.96671056720874,0.86978746484947,FALSE,FALSE,1024,1034,1023,1032,1027,1037,FALSE,,,,FALSE
602500-99999,-5.77633402115974,2.42671130318209,2024-03,4.20844079846087,1.41244815609964,FALSE,FALSE,20,27,20,23,24,29,FALSE,,,,FALSE
602650-99999,-17.0196425527103,-4.93100548914648,2024-07,-7.19393619968269,1.37087829312803,FALSE,FALSE,1134,1140,1130,1135,1137,1144,FALSE,,,,TRUE
603180-99999,0.301614227261296,1.55192733474347,2022-08,2.57529737832422,1.30180935269804,FALSE,FALSE,9,-3,7,-3,10,2,FALSE,,,,FALSE
603400-99999,-0.929190904226499,-1.56785707374532,2022-10,-4.74085302282088,0.810075697728359,FALSE,TRUE,172,177,163,172,175,182,FALSE,,,,FALSE
604230-99999,13.314206346457,1.14547039573045,2024-06,2.87784313723251,0.859844943873545,FALSE,TRUE,583,587,527,528,687,688,TRUE,,,,FALSE
604370-99999,20.1575249472025,1.51694381508653,2024-06,3.46433113370859,0.945917998809128,FALSE,TRUE,1065,1052,896,887,1087,1081,FALSE,,,,TRUE
604440-99999,-10.7666643356886,0.260938559251917,2024-02,1.21503755279308,0.581566353440369,FALSE,TRUE,940,941,917,919,960,964,FALSE,,,,FALSE
604450-99999,-38.4535810713583,0.849307042187637,2024-06,1.90735033343428,0.961917101657868,FALSE,FALSE,1003,1011,997,1008,1006,1014,TRUE,,,,TRUE
604591-99999,-30.9832908133274,-5.08037402043948,2024-02,-17.2286216749907,0.79853851013278,FALSE,TRUE,764,772,755,761,789,785,FALSE,,,,TRUE
604680-99999,1.75911882003943,-5.13852785647449,2024-02,-17.5961228406359,0.790810529254484,FALSE,FALSE,818,813,811,811,818,814,FALSE,,,,FALSE
605350-99999,45.4551686339546,1.25744849815218,2023-03,4.76005706937296,0.747176218333341,FALSE,TRUE,1138,1132,1127,1119,1175,1169,FALSE,,,,TRUE
605360-99999,-1.84364201125279,-1.4063797141499,2022-09,-2.57824141824348,1.25973262364308,FALSE,TRUE,746,752,723,726,809,807,FALSE,,,,FALSE
605490-99999,-66.6338795260904,-2.35665915203835,2023-10,-3.78230083900267,1.76232376882116,FALSE,FALSE,1109,1111,1104,1108,1116,1114,TRUE,1,30.3921425357568,2.33985311174418,TRUE
605500-99999,21.6531427056248,2.44942532068843,2023-02,3.37789058421664,2.05099035754646,FALSE,TRUE,1373,1364,1352,1348,1386,1379,FALSE,,,,TRUE
605570-99999,2.82193849685854,1.28236871716935,2024-03,4.2935838419825,0.77116504814014,FALSE,TRUE,1174,1167,1155,1158,1191,1174,FALSE,,,,FALSE
605600-99999,19.1355561395061,3.14037119373557,2024-01,7.90238238867934,1.12400420901648,FALSE,TRUE,1103,1107,1071,1086,1146,1151,FALSE,,,,TRUE
605710-99999,-0.33299401650272,-5.75548262846159,2024-02,-24.3298042237887,0.640610195363036,FALSE,FALSE,811,806,804,806,812,811,FALSE,,,,FALSE
606700-99999,3.75436080682924,1.53180356440117,2023-01,6.91143658245556,0.626873255602648,FALSE,FALSE,971,967,958,960,977,967,FALSE,,,,FALSE
607250-99999,-0.904919933644588,1.04034655365862,2022-10,4.45672232574171,0.57179200898555,FALSE,TRUE,141,144,134,140,148,146,FALSE,,,,FALSE
607280-99999,-1.88254921912467,0.498071092881397,2023-03,2.58369396461735,0.533769257274895,FALSE,TRUE,50,56,20,24,57,63,FALSE,,,,FALSE
607380-99999,-5.43891283827545,1.5194600369929,2024-06,5.3544606213358,0.613023246581001,FALSE,TRUE,1097,1087,1049,1047,1111,1110,FALSE,,,,FALSE
607500-99999,2.80240114938421,0.404297580907804,2024-04,3.44851862732317,0.287173387906109,FALSE,FALSE,28,17,20,16,28,20,FALSE,,,,FALSE
607600-99999,0.575609876616217,1.59482577216835,2022-09,6.71748695339272,0.54828425883695,FALSE,FALSE,80,89,74,84,82,91,FALSE,,,,FALSE
607700-99999,-1.61708899533522,0.471906693319474,2024-07,2.74631150693058,0.329034968812183,FALSE,TRUE,113,97,82,84,119,112,FALSE,,,,FALSE
607800-99999,-1.21667638426532,0.691505316944802,2024-03,4.99791746396895,0.357240603464507,FALSE,FALSE,242,253,237,251,244,254,FALSE,,,,FALSE
610170-99999,-0.82044148192683,-3.67793416679372,2023-09,-7.33788364573556,1.294158594326,FALSE,TRUE,343,359,339,350,364,370,FALSE,,,,FALSE
610240-99999,-7.85300289686735,-0.34325605252126,2023-12,-1.97497381689806,0.491588658734379,FALSE,TRUE,483,497,471,491,492,504,FALSE,,,,FALSE
610360-99999,-3.86975929648702,0.814141188044591,2023-10,3.41137349016385,0.675018149222884,FALSE,TRUE,199,203,183,197,209,217,FALSE,,,,FALSE
610430-99999,0.0964825064745032,1.24588536889141,2024-07,3.63237748453963,0.685988928295163,FALSE,FALSE,380,387,377,383,384,389,FALSE,,,,FALSE
610490-99999,-6.43691857713269,-1.18355146935359,2023-04,-2.76157579418598,1.21220249920378,FALSE,TRUE,282,287,274,284,296,292,FALSE,,,,FALSE
610520-99999,-7.25660920297202,0.785934199330903,2024-03,2.52608559164796,0.803327244146064,FALSE,FALSE,221,225,217,222,224,225,FALSE,,,,FALSE
610750-99999,-1.91638282485079,2.03549060864478,2022-11,2.99255046916801,1.75623241999648,FALSE,TRUE,265,273,261,263,273,279,FALSE,,,,FALSE
610800-99999,-7.73199356067254,3.16078624432441,2022-09,3.33540124370512,2.18849926071792,FALSE,FALSE,368,378,361,375,371,381,FALSE,,,,FALSE
610850-99999,-3.29870642298878,-0.679878273360936,2023-04,-2.4415474323793,0.787609580873763,FALSE,FALSE,293,302,289,301,297,307,FALSE,,,,FALSE
610900-99999,-12.7636864877051,-0.839853896572551,2022-10,-3.60370720890072,0.570860335159827,FALSE,FALSE,456,457,453,456,457,461,FALSE,,,,FALSE
610960-99999,-3.84780419190955,-0.847580749811436,2023-04,-4.20222164056126,0.570488800504865,FALSE,TRUE,323,335,300,316,338,344,FALSE,,,,FALSE
612300-99999,-8.2768897352108,-0.598173390198861,2023-07,-2.46292496031024,0.686943317155196,FALSE,FALSE,233,238,227,234,234,241,FALSE,,,,FALSE
612330-99999,-4.73710791612559,2.66325674743004,2022-12,8.72082191928286,0.827001563911715,FALSE,TRUE,265,266,251,260,269,270,FALSE,,,,FALSE
612570-99999,-0.884147457589234,0.703924430722454,2022-07,2.22532588409129,0.632648400627311,FALSE,FALSE,41,47,39,45,43,49,FALSE,,,,FALSE
612700-99999,-5.11660558665717,-0.703265527450858,2023-07,-3.51933780539753,0.565201581584538,FALSE,TRUE,353,368,324,340,370,386,FALSE,,,,FALSE
612720-99999,-4.14978164378122,-1.18836766274734,2023-07,-6.44485390205244,0.521534139108319,FALSE,TRUE,274,290,267,283,283,290,FALSE,,,,FALSE
612770-99999,-4.35113616810034,-0.510455999821479,2023-06,-3.0275091373533,0.476889591536193,FALSE,TRUE,267,274,259,271,276,276,FALSE,,,,FALSE
612960-99999,-4.21675418952629,-0.530556010843656,2023-04,-2.76902654720074,0.541937387268588,FALSE,TRUE,351,360,335,346,359,370,FALSE,,,,FALSE
616000-99999,-4.13151179367026,0.839429542375742,2022-12,6.06225329980344,0.374973765418635,FALSE,FALSE,11,5,7,3,12,5,FALSE,,,,FALSE
616120-99999,-1.98983484905623,0.71765769403682,2024-03,3.56815055481574,0.519312223439472,FALSE,TRUE,9,9,7,5,19,13,FALSE,,,,TRUE
616270-99999,14.6628879354925,1.19463481550525,2023-12,7.51589804932095,0.449572026412265,FALSE,TRUE,9,10,7,7,16,20,FALSE,,,,FALSE
616300-99999,-2.77406672665912,-1.34092188437067,2024-07,-2.96714258094079,0.903847285926857,FALSE,TRUE,8,8,8,8,23,22,FALSE,,,,FALSE
616790-99999,-5.7897495002359,1.97273229969747,2023-08,7.2825409659787,0.766178943914446,FALSE,FALSE,15,9,13,4,17,10,FALSE,,,,TRUE
616950-99999,-3.55242758827811,-0.547529341579186,2022-07,-3.14369484955725,0.348334916575188,FALSE,FALSE,13,25,11,22,17,27,FALSE,,,,FALSE
616980-99999,7.92169823460269,-5.75559411992758,2024-06,-3.63047796426779,3.42475687073475,FALSE,TRUE,29,27,10,11,42,42,FALSE,,,,FALSE
616990-99999,-13.5407287653088,-0.456978205266569,2023-07,-2.61857802753996,0.493599784921464,FALSE,FALSE,160,169,158,163,163,169,FALSE,,,,FALSE
618320-99999,0.67724519154857,-0.535263905247606,2023-11,-3.68475880401206,0.379730250980411,FALSE,FALSE,34,17,23,11,39,37,FALSE,,,,FALSE
619010-99999,-1.83725019629951,0.550103050460974,2023-08,3.24393639512672,0.479641460192274,FALSE,TRUE,265,264,79,69,440,449,FALSE,,,,FALSE
619950-99999,-5.81164055933061,3.78906624258581,2024-01,13.2779917537903,0.807132429113808,FALSE,TRUE,336,359,310,316,412,420,FALSE,,,,FALSE
619980-99999,4.52203051231317,-1.5144579951289,2023-01,-6.1204772464669,0.699869291268751,FALSE,TRUE,12,24,11,10,25,32,FALSE,,,,FALSE
620020-99999,-6.65907226333595,2.78153655673514,2024-01,5.15269864527208,1.52684524889916,FALSE,FALSE,498,498,495,498,507,502,TRUE,,,,FALSE
620070-99999,-5.57163119672451,1.3809448849967,2023-09,3.83331773591699,1.01893509476324,FALSE,FALSE,63,63,54,63,66,67,TRUE,,,,FALSE
620160-99999,-3.40414841259378,2.6340674596327,2024-02,10.6392671396903,0.670449224289988,FALSE,FALSE,28,26,20,26,30,30,FALSE,,,,FALSE
620530-99999,-5.30376214749724,0.596293272177725,2022-11,2.39329610224895,0.643306361863516,FALSE,FALSE,113,120,112,118,116,123,FALSE,,,,FALSE
622000-99999,9.35199388422798,-7.62208072115348,2023-10,-13.4315469949439,1.31052971271278,FALSE,TRUE,469,465,458,464,478,470,FALSE,,,,FALSE
622710-99999,-10.0028704728305,1.616065182264,2022-09,4.06574200328683,0.917948721049019,FALSE,FALSE,358,380,340,373,359,386,TRUE,,,,FALSE
636610-99999,-73.8426813498405,-5.373457686974,2024-02,-11.5976717759385,1.25468218846107,FALSE,FALSE,1833,1830,1827,1828,1837,1831,FALSE,,,,TRUE
636860-99999,-16.2196013236051,48.2881739151669,2023-05,180.767475830529,0.739645772186195,TRUE,TRUE,2138,2143,2103,2111,2167,2167,FALSE,,,,TRUE
636950-99999,47.8702963877728,6.89464838158536,2022-10,22.517458129679,0.61238247602183,FALSE,TRUE,1580,1593,1533,1547,1636,1650,FALSE,,,,TRUE
637080-99999,-49.7596200204684,-0.283770515604838,2024-07,-0.878803410754303,0.645811138491758,FALSE,FALSE,1148,1152,1145,1151,1153,1155,TRUE,1,40.2170668365984,-15.7408711447094,TRUE
637140-99999,-12.8875977228587,49.1904452690977,2022-09,10.1643816656903,9.6789842977147,TRUE,TRUE,1928,1923,1876,1873,2107,2101,FALSE,,,,FALSE
637170-99999,-13.2223987962048,51.7323671639107,2023-02,57.4446922251146,2.52049446522058,TRUE,TRUE,1795,1801,1715,1724,1833,1846,FALSE,,,,FALSE
637200-99999,18.8073007115692,-16.3323292184271,2023-03,-74.7552902071449,0.611476114944641,TRUE,TRUE,1483,1500,1456,1465,1526,1531,FALSE,,,,TRUE
637560-99999,-4.30557456574448,6.29911049386833,2022-09,9.10072529052208,1.59846298979164,FALSE,FALSE,1152,1151,1149,1148,1154,1152,FALSE,,,,FALSE
637910-99999,0.0567457272853039,-1.09889420259387,2022-10,-4.51290465038769,0.596451794616652,FALSE,FALSE,880,891,878,885,883,891,FALSE,,,,FALSE
637930-99999,-7.23659571653179,2.02146249083236,2023-10,8.60738953423774,0.657305904078877,FALSE,TRUE,563,557,544,544,614,615,FALSE,,,,FALSE
638010-99999,-64.1094693907521,0.442811483321233,2024-04,1.60766265579487,0.674682703160556,FALSE,TRUE,809,807,773,767,912,921,FALSE,,,,TRUE
638320-99999,-9.95191393917991,-0.797750282647049,2022-08,-2.14258045196311,0.804328058281336,FALSE,TRUE,1184,1178,1165,1167,1191,1187,FALSE,,,,FALSE
638620-99999,-12.6543139261202,-0.802624262315002,2022-10,-3.15906805446686,0.622341736218565,FALSE,FALSE,1106,1119,1100,1115,1110,1120,FALSE,,,,FALSE
638660-99999,4.0145300082682,-0.400579892474726,2023-01,-1.79114687520526,0.632561767651572,FALSE,TRUE,524,528,495,505,538,536,FALSE,,,,FALSE
638700-99999,-2.39773570711393,-0.837977865983271,2023-01,-3.99986534499547,0.592559779305945,FALSE,FALSE,7,14,6,12,16,18,FALSE,,,,FALSE
638810-99999,-114.221494016801,-0.748043571606149,2022-11,-2.10170594533177,0.918986883489638,FALSE,FALSE,1834,1843,1827,1839,1839,1851,TRUE,,,,TRUE
638870-99999,-9.9636212064604,-20.434990742876,2023-09,-84.1850766746714,0.68656921623352,TRUE,FALSE,1408,1419,1396,1418,1415,1422,FALSE,,,,FALSE
643870-99999,6.61368320422803,-0.549652253730739,2022-12,-2.24911774135221,0.598620309135815,FALSE,FALSE,1484,1489,1482,1489,1486,1495,FALSE,,,,FALSE
644000-99999,3.79562403160653,0.122339880512996,2023-11,0.929652340819711,0.372213806481741,FALSE,FALSE,26,17,24,15,38,19,FALSE,,,,FALSE
644010-99999,-2.30143505989905,1.61376411762621,2023-07,2.90716844034398,1.53699746032016,FALSE,TRUE,390,392,336,345,428,420,FALSE,,,,FALSE
644500-99999,-5.19018035978736,-0.500024573114987,2023-02,-2.36280277634033,0.59856162342445,FALSE,FALSE,305,316,298,313,314,323,FALSE,,,,FALSE
644580-99999,-2.25521306860019,2.39584834070119,2023-03,10.472293090638,0.633462376277222,FALSE,FALSE,353,353,344,351,360,354,FALSE,,,,FALSE
647000-99999,0.921403030356438,-0.823365573573189,2022-10,-3.79639142936751,0.531248045558971,FALSE,FALSE,294,296,294,293,296,297,FALSE,,,,FALSE
647500-99999,-0.773281181108684,-1.85343530698527,2023-07,-4.87891643389747,1.07448175578848,FALSE,TRUE,359,365,356,356,371,374,FALSE,,,,FALSE
648100-99999,0.373442471405098,-1.03191092286666,2022-08,-4.28614432992907,0.520090365619602,FALSE,FALSE,17,25,13,24,20,27,FALSE,,,,FALSE
648200-99999,-2.97503729854808,0.330100779833266,2024-03,2.15712240323004,0.395117378272077,FALSE,TRUE,11,5,7,0,19,19,FALSE,,,,FALSE
648600-99999,-8.90309739455659,-1.03666321295501,2023-04,-2.83025953346315,1.03599204104109,FALSE,FALSE,214,226,214,220,221,231,FALSE,,,,FALSE
649100-99999,-0.434508282308623,0.47541745518389,2024-03,2.37167543089465,0.517576129920089,FALSE,FALSE,1,-1,-2,-9,17,14,FALSE,,,,FALSE
653060-99999,-1.6005045121315,-0.543614950736061,2023-04,-2.66078668146624,0.577864915962429,FALSE,TRUE,284,288,276,285,301,307,FALSE,,,,FALSE
653190-99999,-32.2162880525774,1.50985725856451,2024-02,5.85357876575847,0.698497952844925,FALSE,TRUE,466,460,422,419,526,525,FALSE,,,,TRUE
653350-99999,-4.39505750564977,-0.485864867633477,2023-03,-2.52932168419534,0.543320914521369,FALSE,TRUE,195,189,152,154,198,199,FALSE,,,,FALSE
653440-99999,3.19560049826203,-0.320707619065712,2022-07,-1.29513193743405,0.495250884942437,FALSE,FALSE,10,7,7,3,10,8,FALSE,,,,FALSE
655030-99999,-14.1228717071211,0.65650531044463,2023-11,4.14896351092318,0.447552123009232,FALSE,FALSE,303,303,300,302,309,313,FALSE,,,,FALSE
655050-99999,-4.04457724846968,0.468894771386272,2024-07,2.8319618669112,0.331144834162398,FALSE,TRUE,300,299,281,286,309,309,FALSE,,,,FALSE
655070-99999,-3.48341699348428,0.62193284151023,2024-02,2.97986084808669,0.565194880691343,FALSE,TRUE,314,317,303,304,320,318,FALSE,,,,FALSE
655100-99999,-2.48209484137684,0.655046711035092,2024-03,4.15496177891458,0.407061105543969,FALSE,FALSE,453,454,451,443,455,457,FALSE,,,,FALSE
655180-99999,-3.86445315861632,-0.487951725881908,2022-08,-2.09040082047478,0.504255544009819,FALSE,TRUE,287,301,269,286,319,331,FALSE,,,,FALSE
655220-99999,-45.0441719334554,-0.238574560381471,2023-04,-1.51682314610579,0.444871084404118,FALSE,TRUE,315,315,290,288,358,358,FALSE,,,,TRUE
655280-99999,-4.25384384770394,-0.64071389723966,2023-03,-3.26358596793559,0.549467981855127,FALSE,TRUE,418,422,400,409,436,439,FALSE,,,,FALSE
655360-99999,-7.3839170067638,0.779616962447031,2024-03,3.62950387916088,0.547634365053277,FALSE,FALSE,372,373,369,369,374,374,FALSE,,,,FALSE
655450-99999,-3.85551670106781,1.1866162217683,2024-02,5.30786686329488,0.598478926516244,FALSE,TRUE,377,379,346,344,393,390,FALSE,,,,FALSE
655600-99999,23.9969315254589,1.13636478019041,2024-04,6.17235012666083,0.444657486287389,FALSE,FALSE,279,259,266,257,289,261,FALSE,,,,TRUE
655620-99999,-2.150708300927,1.82340497126964,2023-06,6.90285650360731,0.739311723346014,FALSE,TRUE,78,81,45,73,111,114,FALSE,,,,FALSE
655780-99999,-0.0485888597393554,-0.843367399370331,2022-12,-4.88439235008427,0.467581133989254,FALSE,FALSE,8,8,6,4,12,11,FALSE,,,,FALSE
655920-99999,0.992171181902519,0.908377202779211,2023-09,7.21722080847633,0.352265034398898,FALSE,TRUE,28,38,5,3,34,40,FALSE,,,,FALSE
672170-99999,-25.7089102733969,24.171350377164,2023-04,80.4312089418392,0.841103850223581,TRUE,FALSE,1363,1366,1358,1359,1366,1367,FALSE,,,,TRUE
672950-99999,-14.8888084613834,1.22826654599665,2024-04,3.53705160672188,0.789326072917016,FALSE,FALSE,724,696,699,694,724,699,FALSE,,,,FALSE
680020-99999,-15.6570494950264,-8.14236615949015,2023-10,-16.4558392287314,1.39950864766031,FALSE,FALSE,1710,1699,1694,1692,1733,1699,FALSE,1,5.40866893318229,-6.75013676070959,TRUE
680060-99999,0.320579649800041,-1.60435846566316,2022-12,-2.91373721479682,1.40380798269494,FALSE,FALSE,1093,1100,1090,1097,1094,1105,FALSE,,,,FALSE
680140-99999,-8.89394839462995,-2.03802354502218,2023-03,-4.8612786520044,1.18577878131618,FALSE,FALSE,1392,1404,1392,1400,1405,1406,FALSE,,,,FALSE
680980-99999,-7.83155594620978,-0.948339896920846,2023-02,-1.60355184047947,1.67273063471892,FALSE,FALSE,77,83,74,81,84,94,FALSE,,,,FALSE
681100-99999,-6.50027142459941,-1.07148324892302,2023-04,-3.51879277628853,0.86126477961047,FALSE,TRUE,1679,1675,1673,1665,1761,1742,FALSE,1,5.40866893318229,-13.5482026566045,TRUE
681550-99999,-11.2131582002816,0.824893356748873,2024-05,1.53971533299121,1.23724792854138,FALSE,FALSE,841,853,839,853,845,857,FALSE,,,,FALSE
681830-99999,-6.41719498353691,3.59614961644972,2023-07,9.35915887383794,1.08679073161635,FALSE,TRUE,588,593,563,571,620,627,FALSE,,,,FALSE
682340-99999,-13.3210408934033,-1.68441989924562,2023-04,-5.60825537767546,0.785125142289973,FALSE,FALSE,1169,1193,1168,1189,1177,1193,FALSE,,,,FALSE
682530-99999,-1.63872535154999,3.3520218432915,2024-01,8.04736941020443,1.15333691517464,FALSE,TRUE,969,973,958,968,1039,1050,FALSE,,,,FALSE
682630-99999,18.3724966504307,1.48000346281836,2022-08,3.6728815745154,0.87048080012735,FALSE,FALSE,1523,1530,1514,1525,1529,1531,FALSE,,,,TRUE
682670-99999,0.842131601373296,1.76670008339521,2024-01,3.10864933562383,1.57360013808109,FALSE,TRUE,1751,1763,1687,1702,1767,1772,FALSE,,,,FALSE
682677-99999,2.05448215348113,-2.47941232547301,2024-06,-6.38332016462987,0.823964280413528,FALSE,TRUE,1212,1218,1206,1212,1244,1248,FALSE,,,,FALSE
682890-99999,0.320996051182341,-0.930302379786737,2024-07,-2.46888464512246,0.737754090397991,FALSE,FALSE,852,875,852,872,867,877,FALSE,,,,FALSE
683000-99999,-9.32852257562929,-0.505234110992608,2022-12,-1.89065623702574,0.723653731202708,FALSE,TRUE,133,136,97,117,157,166,FALSE,,,,FALSE
683450-99999,-7.69161400861052,-1.82243106256729,2023-09,-6.85214329391876,0.728375458341697,FALSE,TRUE,1326,1345,1326,1334,1342,1349,FALSE,,,,FALSE
683470-99999,-34.9973484298392,2.86236645155461,2024-07,1.14141276884582,4.90987911137641,FALSE,FALSE,1356,1362,1345,1360,1359,1363,FALSE,,,,TRUE
684030-99999,-10.0537787401017,-1.77366422661677,2023-02,-8.94032140166173,0.561129715965514,FALSE,FALSE,21,26,16,23,31,28,FALSE,,,,FALSE
684240-99999,-20.9363698941801,-2.36962460559702,2023-03,-10.4053332001836,0.64412262260072,FALSE,FALSE,840,846,837,842,844,846,FALSE,,,,TRUE
684380-99999,-10.5795874308075,-1.76579110099719,2023-05,-8.02900217920508,0.622046343396357,FALSE,FALSE,1192,1197,1188,1196,1211,1203,FALSE,,,,FALSE
684420-99999,-16.9072490609811,1.35132863799359,2024-03,1.64328171545712,2.12326073327257,FALSE,FALSE,1344,1352,1344,1349,1352,1355,FALSE,,,,TRUE
684490-99999,3.73213262114203,-0.882878307386443,2023-09,-4.54765269258772,0.549108984626722,FALSE,TRUE,1587,1594,1571,1582,1719,1718,FALSE,,,,FALSE
684610-99999,-13.2217207169697,0.61605323919358,2023-02,2.57112610857073,0.677703705864313,FALSE,FALSE,1687,1688,1682,1683,1689,1692,FALSE,,,,FALSE
684790-99999,-0.0485381767999995,4.59879645769124,2022-11,7.50402708037625,1.58235588282221,FALSE,TRUE,1014,1015,991,1001,1085,1084,FALSE,,,,FALSE
684870-99999,-1.67154756571413,-0.733549186963591,2023-10,-5.12041750418474,0.405199461967248,FALSE,TRUE,1018,1026,977,984,1095,1100,FALSE,,,,FALSE
685130-99999,-3.3800998694859,-4.76136372680321,2024-04,-13.9329508721947,0.837074049671662,FALSE,TRUE,77,79,35,52,97,100,FALSE,,,,FALSE
685270-99999,0.296977622867498,-5.45132381218649,2024-06,-5.64710503784891,2.08535263366816,FALSE,TRUE,938,949,919,928,966,969,FALSE,,,,FALSE
685380-99999,-2.71889667860525,-1.553384239062,2023-11,-6.23943455768194,0.704171840620842,FALSE,TRUE,1243,1250,1238,1244,1255,1262,TRUE,,,,FALSE
685910-99999,-1.60635446497446,-1.28625227025917,2023-04,-3.7438129668723,0.97175549170309,FALSE,TRUE,126,124,64,64,177,169,FALSE,,,,FALSE
686130-99999,1.45904995062039,-3.42913996890403,2023-10,-16.4620057422417,0.589179268581565,FALSE,TRUE,93,100,40,47,93,101,FALSE,,,,TRUE
686180-99999,-16.9711879280892,-1.75691098101911,2023-07,-2.94254503201935,1.68877438421687,FALSE,FALSE,954,972,949,968,960,974,TRUE,,,,TRUE
686330-99999,-2.5915874200127,-2.17106938533877,2024-02,-5.71445347876678,1.02884443987272,FALSE,TRUE,1480,1493,1466,1486,1509,1521,FALSE,,,,FALSE
686680-99999,6.39997286095728,-14.4412417831943,2024-04,-3.66514548697394,9.24048285287031,FALSE,FALSE,742,738,738,736,744,743,FALSE,,,,FALSE
687120-99999,-15.7491044305619,-13.1507516559704,2022-09,-48.8427391828617,0.621798870058833,TRUE,TRUE,6,5,1,0,44,54,FALSE,1,32.6544404050418,2.84063174244429,TRUE
687230-99999,-2.64840819953807,-2.22719095677287,2023-03,-6.79348636186389,0.927277538892042,FALSE,TRUE,763,767,623,647,763,767,FALSE,,,,FALSE
687270-99999,-0.0581103575693627,-5.33650715474392,2023-03,-6.32177788360933,2.38760707284802,FALSE,TRUE,881,871,840,850,894,877,FALSE,,,,FALSE
687520-99999,-7.7536995257442,-1.4093040266362,2023-11,-6.81542892410914,0.559966714919422,FALSE,FALSE,579,586,572,585,581,593,FALSE,,,,FALSE
688280-99999,4.39981477797192,-0.708298202156828,2023-09,-5.58562026750165,0.358665600496577,FALSE,FALSE,184,196,181,192,191,197,FALSE,,,,FALSE
688420-99999,-0.157304108044777,-0.858163581536291,2023-10,-6.05377029981762,0.400949000585587,FALSE,FALSE,48,62,38,60,64,67,FALSE,,,,FALSE
689060-99999,1.49761143271614,-1.19004077934243,2023-01,-3.2672446248821,1.03020863335805,FALSE,TRUE,41,53,2,0,430,448,FALSE,,,,FALSE
689160-99999,-12.0628761090066,3.76664285674614,2024-02,10.5866695073803,0.952475230546458,FALSE,TRUE,,0,20,0,139,179,TRUE,,,,FALSE
689200-99999,-12.084174964595,-13.577231955346,2023-02,-30.6215359830808,1.25409160280822,TRUE,TRUE,,0,4,0,33,37,FALSE,,,,FALSE
689940-99999,8.38198683643779,-3.81337604322818,2023-03,-5.80742008224601,1.85725435473448,FALSE,FALSE,4,9,2,0,15,19,FALSE,,,,FALSE
700632-26645,-4.20600541291135,-1.25092021217115,2022-07,-3.38006602091783,0.740175016955125,FALSE,TRUE,7,,5,,19,,FALSE,,,,FALSE
700634-27408,-2.21842075374518,0.824600600056753,2024-05,2.54419861340614,0.700157951579212,FALSE,FALSE,30,,17,,35,,FALSE,,,,FALSE
700860-27401,-0.921986323182909,-0.696061237183359,2023-02,-1.44346540061448,1.30584546061831,FALSE,FALSE,9,,7,,13,,FALSE,,,,FALSE
701195-26625,-3.33976393699091,-0.74110213051508,2022-09,-2.47770839609871,0.657584008170121,FALSE,FALSE,8,,7,,9,,FALSE,,,,FALSE
701196-00102,-8.95478215844519,-1.87344045930931,2022-07,-3.62533241409342,1.03352754744715,FALSE,TRUE,56,,9,,77,,FALSE,,,,FALSE
701210-26624,-0.154396391049854,-1.25841684493519,2023-01,-5.8320110357948,0.590931060045182,FALSE,FALSE,18,,9,,21,,FALSE,,,,FALSE
701335-26648,-3.22755151416756,-1.42238153170023,2022-09,-2.63084443983302,1.14690432996134,FALSE,FALSE,16,,13,,20,,FALSE,,,,FALSE
701337-00103,-5.78203993943802,-1.14212139556151,2022-09,-1.96578296374787,1.20944952736305,FALSE,TRUE,12,,2,,15,,FALSE,,,,FALSE
701486-26642,-0.152243035613291,1.37249732336641,2024-04,2.64848128748545,1.15877628755973,FALSE,FALSE,4,,1,,6,,FALSE,,,,FALSE
701625-26542,6.10060517082257,6.44124944915777,2024-06,2.45477346216659,5.24793798566871,FALSE,TRUE,875,,709,,1401,,TRUE,,,,FALSE
701740-26533,-0.480790709156807,1.20393185347897,2024-05,3.22668227726167,0.86167812008059,FALSE,FALSE,191,,191,,215,,FALSE,,,,FALSE
701780-26529,-2.35893080825316,-0.940161588687119,2022-07,-2.0266168489345,0.927813848169093,FALSE,FALSE,60,,58,,63,,FALSE,,,,FALSE
701940-26413,-2.55337086958376,2.12355604834298,2024-07,3.74635251817342,1.13366589932031,FALSE,TRUE,130,,112,,143,,FALSE,,,,FALSE
701975-26422,0.965251738968505,1.99388783186113,2023-10,2.73690566992466,2.03898578227281,FALSE,FALSE,271,,268,,276,,FALSE,,,,FALSE
702000-26617,2.85962180361984,-2.27198266087244,2022-10,-6.30726251664708,0.882347644306821,FALSE,FALSE,7,,5,,17,,FALSE,,,,FALSE
702005-26647,-8.72367781585231,-0.860115748051624,2023-01,-3.02212621566788,0.796558369063668,FALSE,FALSE,16,,9,,55,,TRUE,,,,FALSE
702006-26502,-2.08837778607607,1.64470079760595,2024-04,4.01745072682968,0.930553969010275,FALSE,FALSE,58,,45,,60,,FALSE,,,,FALSE
702070-26627,-3.57428115415708,-1.40064437673822,2022-07,-5.38830187241651,0.519883410359141,FALSE,TRUE,7,,7,,13,,FALSE,,,,FALSE
702320-26516,-12.9764890312194,15.5223450376441,2024-07,44.6368435333586,0.695494744203575,TRUE,FALSE,17,,15,,22,,FALSE,,,,FALSE
702460-26512,4.47087486700338,-1.75071224840684,2022-07,-4.70226299067405,0.712924550511149,FALSE,FALSE,229,,222,,242,,TRUE,,,,FALSE
702510-26528,5.10576057998147,1.01502334984774,2024-06,2.1633340591292,1.01357487307353,FALSE,FALSE,106,,102,,112,,FALSE,,,,FALSE
702590-26523,-4.93648942491848,-1.21455900557296,2022-07,-4.03753431774551,0.601634022148025,FALSE,FALSE,25,,23,,36,,FALSE,,,,FALSE
702600-26435,3.77747054799211,-1.25373046277992,2022-07,-2.87193753959459,0.854707432852972,FALSE,FALSE,106,,97,,122,,FALSE,,,,FALSE
702610-26411,7.48130838155633,1.02396371831626,2024-02,3.03085198659942,0.914893524915922,FALSE,FALSE,127,,120,,136,,FALSE,,,,FALSE
702625-00104,-4.05036187610993,0.777521856409818,2024-02,2.73393250891777,0.761348365066338,FALSE,TRUE,158,,106,,158,,FALSE,,,,FALSE
702627-26561,-2.44891037372614,-1.61947467471999,2022-07,-2.60475969798675,1.19053512314416,FALSE,FALSE,209,,195,,210,,FALSE,,,,FALSE
702628-00105,-13.4853456562813,1.46540837400194,2024-06,3.0277648688512,1.04553822159748,FALSE,TRUE,12,,8,,27,,FALSE,,,,FALSE
702645-46403,-3.7141423120342,-4.07981821613657,2022-12,-7.91158695947942,1.39645813335061,FALSE,TRUE,535,,462,,702,,FALSE,,,,FALSE
702685-27518,0.966084555991061,-1.14532971821592,2023-02,-6.87844472040977,0.466029686006319,FALSE,FALSE,30,,27,,32,,FALSE,,,,FALSE
702686-00106,-1.02585892973684,-1.68013513380705,2022-07,-5.00397492981016,0.628149633278245,FALSE,FALSE,10,5,10,3,14,6,FALSE,,,,FALSE
702710-26425,-6.99780161338571,-0.916478971191191,2022-12,-2.73892201750783,0.906136345054131,FALSE,FALSE,467,,453,,468,,FALSE,,,,FALSE
702715-46407,0.396769466698844,-1.27324573950412,2022-08,-4.17412085994373,0.658947177936612,FALSE,FALSE,1003,,1002,,1016,,FALSE,,,,FALSE
702746-26497,-1.87462672275998,-2.8698694101364,2024-07,-5.43046226047203,1.05695216078601,FALSE,FALSE,24,,18,,36,,FALSE,,,,FALSE
702758-27517,-4.23283598325744,-0.710995588340675,2023-01,-2.68963407371799,0.739855679055325,FALSE,FALSE,30,,16,,30,,FALSE,,,,FALSE
702910-26412,1.35725995829825,1.47800446549257,2024-01,3.91630587931591,1.02199754989367,FALSE,FALSE,516,,514,,527,,FALSE,,,,FALSE
702960-26410,-0.227833587858912,1.33718051641105,2024-06,4.06837186361137,0.71002360684983,FALSE,FALSE,14,,8,,14,,FALSE,,,,FALSE
703051-26521,13.103577180717,0.325158479150235,2024-04,1.44134684812144,0.504442399681936,FALSE,TRUE,20,,5,,67,,FALSE,,,,FALSE
703052-26652,-1.28244734442093,-0.87260330526706,2022-08,-2.52675379824659,0.690691199017959,FALSE,FALSE,17,,13,,20,,FALSE,,,,FALSE
703055-00109,-3.2789964730847,-1.1670698388844,2022-08,-2.64775698193813,0.952186706753086,FALSE,TRUE,62,75,7,3,176,171,FALSE,,,,FALSE
703057-26653,-5.15073618546453,-1.77405832386259,2023-04,-4.26961499309726,1.07283652111158,FALSE,FALSE,14,,9,,16,,FALSE,,,,FALSE
703058-00110,-3.71302023696175,-1.59822427118759,2022-07,-4.29333351049217,0.74451438132249,FALSE,TRUE,,0,5,0,8,6,FALSE,,,,FALSE
703080-25713,2.09196904701563,-1.52898314433865,2022-07,-2.79685799432351,1.09335772316068,FALSE,FALSE,13,8,7,7,16,10,FALSE,,,,FALSE
703160-25624,10.0267918959367,-1.50604489695331,2022-07,-4.24064421958711,0.710290615749863,FALSE,FALSE,17,26,8,24,18,26,FALSE,,,,FALSE
703260-25503,-0.556219520063761,-0.76512147943906,2023-01,-2.10180950767457,1.02963200911852,FALSE,FALSE,9,19,5,18,11,20,FALSE,,,,FALSE
703400-25506,-3.32733983055534,2.1760761225482,2024-05,6.76553191867621,0.742799324713642,FALSE,FALSE,26,48,21,45,30,48,FALSE,,,,FALSE
703407-26553,-13.2168265857051,0.903797901443437,2024-01,2.61427464741945,0.936204728732136,FALSE,TRUE,44,,29,,111,,FALSE,,,,FALSE
703430-25402,-16.3022888072457,0.829301289102008,2024-04,2.52213825539093,0.805413817815223,FALSE,TRUE,15,43,3,0,77,45,FALSE,,,,TRUE
703500-25501,28.348763426464,-1.19635994470115,2022-07,-2.2064633507735,1.08441406405572,FALSE,FALSE,7,7,7,6,10,9,FALSE,,,,TRUE
703606-25629,-5.32150542644875,-2.04780283455799,2022-08,-4.2032811825886,0.974382985863839,FALSE,TRUE,16,3,6,0,22,4,FALSE,,,,FALSE
703610-25339,-8.10356553124968,1.47056306378875,2024-05,4.75550725549919,0.714144620224856,FALSE,FALSE,4,14,3,13,8,16,FALSE,,,,FALSE
703621-25516,-0.199416443269795,-1.31764340414319,2022-07,-3.59660910408159,0.732714268363425,FALSE,FALSE,8,11,5,8,11,22,FALSE,2,20.6543090321573,1.01001428618136,TRUE
703626-25323,0.770873098290495,1.75377920216066,2024-02,2.96982163413836,1.50557095273921,FALSE,FALSE,4,11,3,6,12,20,FALSE,,,,FALSE
703655-26552,7.41871196236776,1.60866546436143,2024-01,3.84799611985819,1.13209227223835,FALSE,FALSE,94,,63,,100,,FALSE,,,,FALSE
703710-25333,17.1017044801583,1.16489663065628,2024-05,2.85848073857289,0.864486818962774,FALSE,FALSE,,10,1,0,3,15,FALSE,,,,TRUE
703835-25628,6.16361402533626,-1.20020330895616,2023-01,-4.80187605321851,0.568131796109724,FALSE,FALSE,20,32,13,30,24,34,FALSE,,,,FALSE
703860-25329,-5.32240782251752,0.846899370914798,2024-03,3.06679759386529,0.676429160625083,FALSE,FALSE,24,29,16,25,32,31,FALSE,,,,FALSE
704540-25704,-3.93766061910858,-1.88289008151247,2022-07,-4.6147112933752,0.816038084209307,FALSE,TRUE,25,3,6,-1,112,116,FALSE,,,,FALSE
710170-99999,1.07698415378088,-1.55366340899592,2023-09,-4.90134060960884,0.896575871530873,FALSE,TRUE,7,,4,,16,,FALSE,,,,FALSE
710180-99999,18.5810435051338,-1.13561644701688,2022-07,-2.87348989914298,0.790409214492507,FALSE,TRUE,58,,21,,76,,FALSE,1,0.410333282874282,2.90631662135551,TRUE
710210-99999,10.339823411228,1.39452811228165,2022-08,1.50803792252067,1.99764540784478,FALSE,TRUE,282,,266,,379,,FALSE,,,,FALSE
710240-99999,-6.26796829434964,0.897357334934333,2024-06,3.00713270546718,0.644638461409954,FALSE,TRUE,271,286,247,247,291,290,FALSE,,,,FALSE
710280-99999,-4.41301526019614,2.5305304262087,2023-07,3.49687558818183,1.95966616943215,FALSE,TRUE,863,865,821,831,1002,1005,FALSE,,,,FALSE
710290-99999,1.32639348080035,-2.40560893191493,2022-07,-3.14667364119015,1.52898533894673,FALSE,TRUE,4,,3,,34,,FALSE,,,,FALSE
710349-99999,-72.6301811678115,-17.2815563793678,2023-11,-1.93368984066253,25.2779022743828,FALSE,TRUE,52,62,9,0,65,72,FALSE,,,,TRUE
710390-99999,-3.67364623911095,1.16892096109303,2024-01,2.20645134646767,1.4984276713524,FALSE,TRUE,586,,565,,689,,TRUE,,,,FALSE
710400-99999,-0.108778090985499,0.173489300127041,2022-10,0.96130105931885,0.44206781738588,FALSE,TRUE,148,161,139,146,238,231,FALSE,,,,FALSE
710410-99999,-0.454089826897159,1.78715702320388,2022-08,5.22979750937666,0.738212217838068,FALSE,FALSE,101,106,98,106,105,110,FALSE,,,,FALSE
710430-99999,-2.50685633740382,-0.683738995965935,2023-04,-2.48955647680681,0.77680741146201,FALSE,FALSE,61,,55,,68,,FALSE,,,,FALSE
710435-99999,0.321778676673985,-1.13010174151426,2023-04,-5.40959699863383,0.590877734557507,FALSE,FALSE,67,,64,,71,,FALSE,,,,FALSE
710450-99999,9.09647893365685,2.16494844185256,2024-01,6.51409789769364,0.940022546910266,FALSE,TRUE,677,,675,,710,,FALSE,,,,FALSE
710500-99999,1.94505581798147,1.4986976056306,2022-09,5.23025631582701,0.661744598195936,FALSE,TRUE,900,907,889,900,939,949,FALSE,,,,FALSE
710563-99999,-16.4583042270979,0.357654455118743,2023-04,1.99141413369245,0.50798050743392,FALSE,TRUE,656,665,630,650,670,679,FALSE,,,,TRUE
710600-99999,-30.996267831777,-0.906916313629086,2022-10,-2.41468676662012,0.919987734436724,FALSE,TRUE,1443,1431,1329,1324,1575,1583,FALSE,,,,TRUE
710610-99999,-1.21133486904355,1.91976788271592,2024-04,7.05708244769729,0.666345018935072,FALSE,TRUE,642,649,610,631,657,656,FALSE,,,,FALSE
710680-99999,-0.102266974992824,2.52325542544707,2024-07,13.4480597256251,0.375259402014557,FALSE,FALSE,565,566,564,564,569,567,FALSE,,,,FALSE
710750-99999,-76.6268064959964,0.810173490853071,2024-05,3.1467228677402,0.594591773974978,FALSE,TRUE,507,498,446,445,524,518,FALSE,,,,TRUE
710790-99999,3.95346809186324,0.551193973649379,2022-08,2.63566222834777,0.451770738972367,FALSE,FALSE,210,217,206,215,221,220,FALSE,,,,FALSE
710830-99999,4.38336653171713,-0.832950528965047,2023-09,-5.97306752685512,0.394427127954613,FALSE,FALSE,15,,13,,22,,FALSE,,,,FALSE
710870-99999,0.724830927350054,-1.09404739940207,2023-01,-3.25267943931056,0.868458847934488,FALSE,TRUE,154,,138,,159,,FALSE,,,,FALSE
710900-99999,3.16874099124655,-0.55795052709791,2023-11,-3.73390674791419,0.422646442895695,FALSE,FALSE,8,,6,,12,,FALSE,,,,FALSE
710934-99999,22.8833689575796,-0.582212405983659,2022-08,-0.97113865573416,1.19903044234918,FALSE,FALSE,32,,23,,32,,FALSE,,,,TRUE
710950-99999,13.7337019091083,-1.66122524334303,2022-12,-4.48652615033455,1.00269542057338,FALSE,TRUE,54,,17,,94,,FALSE,,,,FALSE
710990-99999,1.10042244861793,-1.34639932758741,2022-07,-4.32149509105265,0.623117369900541,FALSE,TRUE,15,14,9,9,23,16,FALSE,,,,FALSE
711040-99999,-2.22227657164645,-0.188687628000326,2023-01,-1.54724991910467,0.344927602548504,FALSE,FALSE,913,934,913,932,921,936,FALSE,,,,FALSE
711100-99999,3.34481569849485,-7.54592036790163,2023-09,-21.1089681452982,1.01109091182658,FALSE,TRUE,23,21,1,0,88,73,FALSE,,,,FALSE
711130-99999,2.94596621692514,-1.30222753508908,2023-01,-3.15684035029212,1.16675386593322,FALSE,TRUE,14,15,11,14,301,303,FALSE,,,,FALSE
711160-99999,-0.217446353796834,1.50863917804463,2024-07,3.22723335237509,0.874558841608547,FALSE,TRUE,913,916,899,908,942,937,FALSE,,,,FALSE
711200-99999,-0.67078222406881,0.882371841039531,2022-08,5.52487700329271,0.345010582615438,FALSE,FALSE,526,537,526,534,536,540,FALSE,,,,FALSE
711210-99999,-4.86742960540193,-2.63755289236182,2022-07,-1.94807543806883,2.7078549842777,FALSE,TRUE,695,684,681,676,706,693,FALSE,,,,FALSE
711250-99999,2.35300945479547,1.33653842379481,2022-09,7.0518047404057,0.437704018852805,FALSE,FALSE,472,477,469,475,479,478,FALSE,,,,FALSE
711290-99999,0.513535723836222,-0.479025337403669,2023-01,-3.81024595558334,0.355590760687732,FALSE,FALSE,688,688,681,687,694,690,FALSE,,,,FALSE
711300-99999,-2.97900452342656,-0.465925394026535,2023-03,-2.29765494012722,0.573556977402246,FALSE,TRUE,375,369,359,367,396,371,FALSE,,,,FALSE
711310-99999,-0.80158059706213,0.905535766187441,2024-05,3.25099384510615,0.643263375175147,FALSE,TRUE,1070,1062,1049,1051,1087,1083,FALSE,,,,FALSE
711320-99999,-3.52895979728852,0.938941681867418,2023-03,2.47913823527033,1.07123035083964,FALSE,TRUE,226,241,210,217,251,257,FALSE,,,,FALSE
711390-99999,-3.35179230399348,-1.19112162165876,2023-01,-3.69796370710484,0.911042122208634,FALSE,TRUE,1263,1268,1236,1228,1282,1272,FALSE,,,,FALSE
711440-99999,2.39094550898266,-0.762136421934314,2023-06,-3.22156042086075,0.669131429166263,FALSE,FALSE,244,246,236,245,250,249,FALSE,,,,FALSE
711480-99999,-1.60162717930853,-0.814116300100052,2022-07,-1.44893225629647,1.12374653343831,FALSE,TRUE,473,467,435,460,498,472,FALSE,,,,FALSE
711520-99999,2.1230117673494,-1.28061923451096,2024-07,-2.88595448138884,0.88748401457439,FALSE,TRUE,,0,1,0,39,41,FALSE,,,,FALSE
711600-99999,-1.06327304449939,-1.95679164919986,2023-01,-7.45567421161736,0.642884994359088,FALSE,TRUE,157,,157,,157,,FALSE,,,,FALSE
711610-99999,0.833698868246913,-2.12242209534225,2023-07,-10.3146994472635,0.581996233173745,FALSE,TRUE,114,115,101,98,123,120,FALSE,,,,FALSE
711620-99999,4.90687353294733,-4.2744130744216,2023-06,-11.384058714823,1.06199960707526,FALSE,TRUE,157,,157,,157,,FALSE,,,,TRUE
711630-99999,1.03790948621205,-1.52046017339561,2023-10,-3.1184776719487,1.37904171487657,FALSE,TRUE,256,,243,,266,,FALSE,,,,FALSE
711640-99999,-6.35347508842489,14.3391414538669,2022-08,26.9249247251503,1.15046137298327,TRUE,TRUE,60,,10,,63,,FALSE,,,,FALSE
711650-99999,-3.6929789110482,-1.94717613028696,2022-09,-6.14650479211319,0.731604514112344,FALSE,TRUE,200,,189,,221,,FALSE,,,,FALSE
711800-99999,1.34699914290017,-5.63964082516297,2023-08,-8.69804104749759,1.83389719554222,FALSE,TRUE,46,64,8,0,76,85,FALSE,,,,FALSE
712160-99999,-3.02605800297865,-4.01926943961456,2023-11,-5.50940048721153,2.06342064459776,FALSE,TRUE,494,498,429,429,612,617,FALSE,,,,FALSE
712180-99999,-3.7830551668888,6.49366748333441,2024-07,9.10409399975236,1.42653788142149,FALSE,TRUE,360,357,344,348,470,475,FALSE,,,,FALSE
712320-99999,8.32565229417307,-3.87510444764265,2023-09,-5.59355302077386,1.95947915220096,FALSE,TRUE,1301,1300,1283,1280,1327,1326,FALSE,,,,FALSE
712340-99999,-0.32004208419903,-2.93191631630023,2022-07,-3.52080479628128,1.66548075564823,FALSE,TRUE,1009,1006,998,1000,1024,1017,FALSE,,,,FALSE
712360-99999,4.1346339792744,-2.2481326708952,2022-07,-4.38896550229053,1.02444763793288,FALSE,TRUE,1380,1390,1299,1300,1470,1481,FALSE,,,,FALSE
712400-99999,-3.63305991552204,0.854266753493261,2024-01,5.53099019224752,0.436853289079395,FALSE,TRUE,692,701,681,687,730,733,FALSE,,,,FALSE
712430-99999,-2.20376245516563,0.763366421332304,2023-11,6.44386256090104,0.298128130451526,FALSE,TRUE,894,913,889,902,912,920,FALSE,,,,FALSE
712440-99999,-1.16440185457475,-4.13290848150929,2023-09,-8.14958377899316,1.4343837391213,FALSE,TRUE,1048,1046,1033,1034,1060,1059,FALSE,,,,FALSE
712460-99999,-4.7634493081213,-2.64044904778726,2023-08,-11.4053689997206,0.654807197246723,FALSE,TRUE,543,546,503,538,553,555,FALSE,,,,FALSE
712480-99999,2.6970692807126,0.983724864851496,2024-05,3.74876570505782,0.606016870848192,FALSE,TRUE,1117,1117,1110,1109,1131,1130,FALSE,,,,FALSE
712520-99999,-31.4003962201419,0.605650770854702,2023-03,1.2942349647329,1.32359201774649,FALSE,TRUE,1475,1456,1349,1359,1717,1730,FALSE,1,47.0068351165118,11.4973595947396,TRUE
712610-99999,1.10154432118691,-17.39515636897,2022-07,-2.50063593849548,13.9125860755532,FALSE,TRUE,215,213,175,175,218,223,FALSE,,,,FALSE
712790-99999,0.00669080385803163,-0.78242135141121,2022-08,-8.16737403649863,0.206948193006872,FALSE,TRUE,46,54,1,0,57,56,FALSE,,,,FALSE
712820-99999,8.91533144943938,-0.951485190029404,2022-08,-3.30122514548507,0.622630339061575,FALSE,TRUE,215,216,215,216,220,222,FALSE,,,,FALSE
713010-99999,-0.20549888097405,8.19950704096804,2023-02,3.40701936409256,6.80703736780737,FALSE,TRUE,327,327,317,317,348,342,FALSE,,,,FALSE
713090-99999,-1.64469651732355,-3.05553923329043,2022-12,-16.3981190499177,0.504596858590069,FALSE,FALSE,13,17,9,14,14,18,FALSE,,,,FALSE
713150-99999,1.69618609937064,-0.883580285785602,2024-07,-2.93729950134279,0.601627641567822,FALSE,TRUE,51,49,15,15,52,50,FALSE,,,,FALSE
713160-99999,0.692398999031041,0.447300750813071,2022-09,2.17722980194828,0.474454664656079,FALSE,TRUE,551,550,532,537,572,565,FALSE,,,,FALSE
713210-99999,-2.03223814441576,3.36274194861656,2022-07,8.23653194515531,0.816543169141597,FALSE,TRUE,17,,7,,34,,FALSE,,,,FALSE
713220-99999,0.776266358518689,-0.210678423922784,2024-01,-1.83929446884616,0.317155382711649,FALSE,TRUE,8,,6,,15,,FALSE,,,,FALSE
713290-99999,5.07426903929683,-0.406304007898366,2022-08,-2.80345297820322,0.313084250076109,FALSE,TRUE,,0,2,0,49,48,FALSE,,,,FALSE
713310-99999,3.87268858435392,-0.983408029706816,2023-01,-2.46028363493076,1.13055986977463,FALSE,TRUE,287,279,287,279,319,313,FALSE,,,,FALSE
713340-99999,11.6611183477607,-3.19269571015454,2022-11,-1.15143410043903,7.15933710273226,FALSE,TRUE,246,243,246,243,285,279,FALSE,,,,FALSE
713550-99999,-4.77883382313756,-0.498437794300779,2023-02,-2.66645949344401,0.528714192308278,FALSE,TRUE,49,,10,,82,,FALSE,,,,FALSE
713560-99999,3.06799437515745,1.44774777360726,2024-03,6.90829310222306,0.54109873777508,FALSE,TRUE,26,,6,,53,,FALSE,,,,FALSE
713620-99999,1.26623549573613,-1.76854980653787,2022-07,-2.4726053453758,1.43051523353321,FALSE,TRUE,202,,186,,211,,FALSE,,,,FALSE
713630-99999,-0.164488525166048,-3.9212850866273,2022-11,-6.47304238437663,1.56413537194346,FALSE,TRUE,30,,9,,37,,FALSE,,,,FALSE
713640-99999,-0.846244943274732,1.03299297145036,2024-04,5.04189369731543,0.501856215112596,FALSE,TRUE,47,,32,,87,,TRUE,,,,FALSE
713710-99999,-0.109801122908139,-0.329803759559411,2022-08,-3.35077933645417,0.212624430761669,FALSE,TRUE,34,24,19,21,39,29,FALSE,,,,FALSE
714000-99999,-5.9236501225788,1.77916561283408,2024-07,4.51371067359039,0.788338350193306,FALSE,TRUE,99,102,96,100,136,145,FALSE,,,,FALSE
714020-99999,8.72391161778289,9.78166865059752,2024-07,5.98183958785084,3.20159562221243,FALSE,TRUE,43,51,1,0,91,84,FALSE,,,,FALSE
714060-99999,8.59646483765628,-7.42698096892653,2023-06,-11.6786070865057,1.7987311561974,FALSE,TRUE,,0,6,0,12,7,FALSE,,,,FALSE
714120-99999,0.102046763525368,-5.9604930918451,2022-10,-16.1514079467966,0.90395628285151,FALSE,TRUE,12,19,2,0,13,22,FALSE,,,,FALSE
714210-99999,-19.605710139998,-1.71478347472776,2022-07,-3.06279836284064,1.04742975129814,FALSE,TRUE,549,567,529,554,570,569,TRUE,,,,TRUE
714270-99999,1.03127076147452,-0.555063312326603,2022-12,-3.17290467782357,0.37791043892475,FALSE,FALSE,7,8,2,1,13,11,FALSE,,,,FALSE
714300-99999,-1.75131705817177,-0.430051728943135,2023-03,-3.67931220718033,0.330597108017352,FALSE,TRUE,73,73,73,73,78,78,FALSE,,,,FALSE
714340-99999,2.22317260034749,-4.91236725306828,2023-09,-9.99907636360393,1.37500490131711,FALSE,TRUE,29,29,28,28,52,53,FALSE,,,,FALSE
714450-99999,1.74630209506573,-4.87401351513501,2024-07,-8.64851628876434,1.12713287514231,FALSE,TRUE,214,215,214,215,214,215,FALSE,,,,FALSE
714510-99999,1.18552667768958,-0.299617994604374,2024-01,-1.48597202538775,0.57029853087573,FALSE,TRUE,355,349,334,335,395,381,FALSE,,,,FALSE
714550-99999,-1.58596877326003,-1.12652277147548,2022-07,-3.27503991374779,0.687944453285361,FALSE,TRUE,649,659,628,651,672,668,FALSE,,,,FALSE
714670-99999,0.0743950214985559,-3.86404333217034,2022-07,-12.6882811665889,0.609072778485591,FALSE,TRUE,53,,40,,84,,FALSE,,,,FALSE
714700-99999,10.3742727831904,-8.55790459719092,2022-10,-11.0774025675555,1.89236595877928,FALSE,TRUE,461,,444,,504,,FALSE,,,,FALSE
714720-99999,3.3995289327163,2.4527233082099,2022-08,2.39673173576579,2.21071379944137,FALSE,TRUE,,0,,0,,0,FALSE,,,,FALSE
714790-99999,-0.320139190409195,-3.27580118503921,2023-10,-8.34831278003421,1.10984880073008,FALSE,TRUE,,0,,0,,2,TRUE,,,,FALSE
714820-99999,-1.83825712827411,-3.40813239127064,2023-11,-8.42963990808851,1.14354280909988,FALSE,TRUE,231,234,3,0,489,504,FALSE,,,,FALSE
714850-99999,-1590.97552870677,-2.43467123916789,2023-03,-10.6671386628291,0.551252766324258,FALSE,TRUE,,0,6,0,6,8,TRUE,1,34.3602268296161,2.85256395260511,TRUE
714860-99999,8.74833460675621,1.40176383248701,2022-09,2.08217189508457,1.5547395062573,FALSE,TRUE,1014,1018,994,1011,1114,1102,FALSE,,,,FALSE
714900-99999,-11.4115117084336,-0.823362924357191,2023-05,-2.88661572264176,0.806765518006306,FALSE,TRUE,194,,194,,224,,TRUE,,,,FALSE
714920-99999,33.8870452100901,-1.85171866071488,2024-03,-6.51434447933571,0.733936781877764,FALSE,TRUE,561,,534,,662,,FALSE,,,,TRUE
714930-99999,0.839920452658605,-2.50577187828569,2023-12,-9.99875223094398,0.708827760231472,FALSE,TRUE,15,32,11,19,60,61,FALSE,,,,FALSE
714960-99999,3.76684799263443,0.526057673731756,2023-09,2.21710388243354,0.6711078381815,FALSE,TRUE,494,497,483,495,504,503,FALSE,,,,FALSE
715020-99999,18.5399941946686,-5.8564422635113,2023-08,-17.1739545389643,0.964514032865504,FALSE,TRUE,22,,6,,32,,FALSE,,,,TRUE
715030-99999,-3.55332686613623,-0.723790461099586,2023-01,-3.63746900376747,0.56280577805234,FALSE,TRUE,214,,190,,236,,FALSE,,,,FALSE
715050-99999,5.36617042662185,-0.526104142711204,2023-02,-1.07069402661132,1.37524364135504,FALSE,TRUE,589,,556,,612,,FALSE,,,,FALSE
715060-99999,7.12149011587242,-2.79983085892089,2023-09,-5.42789103810188,1.45896767095799,FALSE,TRUE,723,,659,,821,,FALSE,,,,FALSE
715120-99999,-1.02541627448527,-1.23025445440459,2022-08,-8.98926490487344,0.295647463814863,FALSE,FALSE,8,9,7,8,9,11,FALSE,,,,FALSE
715200-99999,7.37404770644185,-2.00911407461112,2024-07,-3.75828033522581,1.06916669082931,FALSE,TRUE,541,544,517,544,601,602,FALSE,,,,FALSE
715230-99999,8.45285325167129,1.03135740149759,2022-08,1.49584058828067,1.48945458913554,FALSE,TRUE,382,390,296,296,469,472,FALSE,,,,FALSE
715520-99999,0.729419256279045,-0.360650758407471,2023-10,-1.74446656993331,0.58474860179119,FALSE,TRUE,214,215,214,215,240,237,FALSE,,,,FALSE
715530-99999,3.04158052319484,-0.975337522703262,2023-02,-1.49901334227828,1.84032458363838,FALSE,TRUE,539,544,518,525,546,545,FALSE,,,,FALSE
715690-99999,2.56655738426259,-0.96568796414425,2023-11,-1.64570355977658,1.65970232949933,FALSE,TRUE,589,588,580,583,594,591,FALSE,,,,FALSE
715700-99999,-5.2827738007088,-1.81232976003942,2022-07,-8.8864297131126,0.407887040926052,FALSE,FALSE,253,251,242,248,261,251,FALSE,,,,FALSE
715720-99999,3.64225146989888,-5.07552654707929,2022-08,-11.2916068164625,0.971021278434583,FALSE,TRUE,170,179,164,167,192,195,FALSE,,,,FALSE
715750-99999,1.34954661578582,2.02405794892455,2024-06,4.11419916235477,1.06277424499009,FALSE,FALSE,25,,19,,25,,TRUE,,,,FALSE
715890-99999,3.84189140780465,-2.37239996071463,2024-07,-4.76912962700122,0.994898501933307,FALSE,TRUE,1,1,1,0,105,101,FALSE,,,,FALSE
715920-99999,3.45128929008063,-1.44908224404342,2023-10,-4.24733759623287,0.9446687385511,FALSE,TRUE,5,,3,,171,,FALSE,,,,FALSE
716030-99999,-0.347054266161215,1.19744764866291,2024-05,6.44461292724445,0.429100540312274,FALSE,FALSE,39,41,22,34,46,42,FALSE,,,,FALSE
716210-99999,-0.1746436687427,0.432437482737051,2022-12,3.95266289484064,0.296267673281351,FALSE,TRUE,77,84,63,76,100,91,FALSE,,,,FALSE
716320-99999,4.27678259667864,0.397915924470503,2022-08,1.83932376150499,0.467343846731753,FALSE,TRUE,341,341,332,335,359,354,FALSE,,,,FALSE
716340-99999,-3.38669006878158,5.08825754901459,2023-02,27.2247391669446,0.528628229680212,FALSE,TRUE,122,122,111,117,145,138,FALSE,,,,FALSE
716690-99999,3.93489666431406,-1.9276048213165,2022-07,-2.54657063006816,1.513882865495,FALSE,TRUE,1467,1455,1400,1392,1564,1559,FALSE,,,,FALSE
716820-99999,-1.46606000673423,-4.00380606519288,2023-09,-5.39264106936788,2.09998654302099,FALSE,TRUE,213,,171,,225,,FALSE,,,,FALSE
716870-99999,-0.42736923953594,-1.63407069110718,2023-01,-2.07080951865678,2.23190487818418,FALSE,TRUE,638,647,616,638,762,773,FALSE,,,,FALSE
716910-99999,0.174787089509118,-0.239298321009771,2023-08,-2.29975654275411,0.294308484166632,FALSE,TRUE,18,20,11,17,27,24,FALSE,,,,FALSE
716990-99999,0.348077411577644,-0.341949367876073,2022-08,-3.06363646373986,0.241117074585287,FALSE,TRUE,,0,1,0,24,35,FALSE,,,,FALSE
717020-99999,-1.00164681272122,0.575430300659944,2024-04,4.54669049336053,0.310008042379718,FALSE,TRUE,13,19,7,9,28,30,FALSE,,,,FALSE
717130-99999,4.12898766650084,0.392717024342288,2024-06,1.59413655194233,0.532178835728073,FALSE,TRUE,63,63,19,28,118,127,FALSE,,,,FALSE
717190-99999,-0.979774688112074,-2.44246073337536,2022-12,-8.9415327663536,0.739718245862846,FALSE,TRUE,,0,2,-2,11,5,FALSE,,,,FALSE
717210-99999,-0.0189320834093347,0.374156712571074,2023-11,3.62130361267771,0.29223592052238,FALSE,TRUE,202,208,177,178,211,209,FALSE,,,,FALSE
717240-99999,-2.02516162703938,3.277328572081,2024-06,14.0695586477126,0.503202628003624,FALSE,TRUE,1,1,1,1,28,24,FALSE,,,,FALSE
717300-99999,-1.9982919329285,0.868549085558824,2022-09,3.73180233375363,0.537495830168905,FALSE,FALSE,380,342,348,339,401,343,FALSE,,,,FALSE
717310-99999,-2.08667237735762,-0.982228760563874,2023-06,-4.3058694962619,0.645203592792705,FALSE,FALSE,362,357,346,354,362,357,FALSE,,,,FALSE
717390-99999,-0.400400655045202,-1.04221515162896,2023-09,-5.00149808266731,0.589389330149802,FALSE,FALSE,289,295,283,289,292,295,FALSE,,,,FALSE
717430-99999,-1.29585594416535,-1.74274956461084,2023-10,-8.21663104466864,0.599910122943057,FALSE,FALSE,169,174,163,170,188,184,FALSE,,,,FALSE
717470-99999,0.740611369607383,-0.781690977551939,2022-07,-2.17826708142298,0.717718212076446,FALSE,TRUE,398,395,375,385,441,429,FALSE,,,,FALSE
717490-99999,-0.688020487444522,0.393130301476127,2023-11,2.91639783331948,0.381271853774868,FALSE,TRUE,190,196,176,191,205,210,FALSE,,,,FALSE
717540-99999,-2.40815613120541,1.19191869394776,2024-04,10.6644203561625,0.273769461213094,FALSE,FALSE,534,541,526,539,542,543,FALSE,,,,FALSE
717550-99999,0.523693655504787,-0.903547299257336,2022-07,-2.63404683119933,0.686052570178438,FALSE,FALSE,264,264,264,264,268,264,FALSE,,,,FALSE
717650-99999,3.57217968586918,2.61418779921989,2024-06,3.03204368589202,1.86253618777718,FALSE,TRUE,212,212,139,141,507,489,FALSE,,,,FALSE
717670-99999,-2.18429118170092,-1.19096957407,2023-12,-5.90652059883802,0.570313874586285,FALSE,TRUE,202,201,195,195,217,212,FALSE,,,,FALSE
717690-99999,3.99822313197957,-3.23917262119802,2023-10,-16.764727847422,0.546490452270631,FALSE,TRUE,,0,1,0,16,24,FALSE,,,,FALSE
717710-99999,-2.87695243648387,-0.923050838298666,2022-07,-2.1375358227188,0.863658824790698,FALSE,TRUE,,0,2,0,57,65,FALSE,,,,FALSE
717760-99999,-4.44744108532319,-1.25239832651058,2023-01,-1.68462048682502,2.10273911862808,FALSE,TRUE,646,643,530,530,850,839,FALSE,,,,FALSE
717820-99999,0.800955655156791,2.35166570979477,2022-12,2.89344819979321,2.20095208462157,FALSE,TRUE,1134,1140,1111,1121,1169,1180,FALSE,,,,FALSE
717830-99999,-2.24020076786811,1.25532109917,2023-04,7.4266450396943,0.478087242379472,FALSE,TRUE,22,26,3,0,65,66,FALSE,1,6.14792106088151,8.9436499730918,TRUE
717860-99999,3.63697282883462,-16.3026864770682,2022-08,-10.6067888172914,3.32031008835526,TRUE,TRUE,1918,1924,1580,1589,2469,2485,FALSE,,,,FALSE
718000-99999,1.59967212209626,-4.29999893107748,2023-11,-10.8613401580444,1.1197728306144,FALSE,TRUE,,0,23,0,24,18,FALSE,,,,FALSE
718130-99999,1.17651696114256,-1.23026581864404,2022-08,-6.3607231913368,0.417826376074429,FALSE,TRUE,8,8,5,0,10,9,FALSE,,,,FALSE
718140-99999,0.328155582078326,-0.919717498955437,2022-07,-3.635276721956,0.505995867330053,FALSE,TRUE,,0,,0,,0,FALSE,,,,FALSE
718150-99999,-0.370864030523521,-0.765307456401514,2022-07,-3.43903830044259,0.445070621227465,FALSE,TRUE,,0,3,0,7,9,TRUE,,,,FALSE
718170-99999,-1.04618719160205,-1.02893402192606,2022-07,-4.3082915131829,0.477652925192102,FALSE,TRUE,21,16,2,0,54,54,FALSE,,,,FALSE
718180-99999,-0.409985702490516,-1.58474830565652,2022-08,-3.72888486621887,0.91808884869248,FALSE,TRUE,,0,3,0,55,65,FALSE,,,,FALSE
718210-99999,-3.44091179726496,-0.604105596963093,2023-10,-3.03684232793372,0.562646483468896,FALSE,TRUE,280,273,260,265,289,286,FALSE,,,,FALSE
718220-99999,3.57589932228437,0.554061079379272,2024-03,4.17335067840842,0.342789203619954,FALSE,FALSE,386,384,373,382,390,385,FALSE,,,,FALSE
718250-99999,0.245067528706119,-1.65823782096052,2022-07,-3.21061235606502,1.03297292669296,FALSE,FALSE,540,545,535,543,546,546,FALSE,,,,FALSE
718270-99999,-0.383171985732834,-0.93117962678907,2023-11,-7.96545169201583,0.330649637491519,FALSE,FALSE,181,184,176,184,185,187,FALSE,,,,FALSE
718280-99999,1.15328992112496,-1.88251610335541,2022-07,-5.99247509888863,0.628293341996381,FALSE,TRUE,495,515,489,508,515,527,FALSE,,,,FALSE
718310-99999,-7.05521217243695,-3.41495826405673,2022-10,-7.24763911198773,1.15415587208308,FALSE,FALSE,220,225,218,223,226,227,FALSE,,,,FALSE
718320-99999,-0.985576700083713,0.59395090568439,2022-07,2.34040222047131,0.507563102178889,FALSE,TRUE,261,251,224,241,265,260,FALSE,,,,FALSE
718340-99999,-0.115856770066086,0.681563989433661,2022-07,2.89930662999312,0.470156541831713,FALSE,FALSE,348,345,340,344,350,347,FALSE,,,,FALSE
718420-99999,0.193053458364777,-0.858399907676352,2022-07,-1.98015566105804,0.867002452946241,FALSE,TRUE,396,390,362,371,403,402,FALSE,,,,FALSE
718500-99999,6.5851380539916,-0.182161752362631,2024-07,-1.21320935668276,0.300297308719594,FALSE,TRUE,386,386,350,347,424,412,FALSE,,,,FALSE
718540-99999,1.02893060800968,-1.0220173923619,2023-12,-3.4137168039084,0.846790135376537,FALSE,FALSE,379,379,378,377,385,381,FALSE,,,,FALSE
718580-99999,4.59286881217177,-2.52225601074482,2023-12,-8.79627823722365,0.811026791553205,FALSE,TRUE,220,225,210,215,235,238,FALSE,,,,FALSE
718610-99999,2.26216889825035,-1.00524097941411,2022-11,-3.73456012728668,0.6950004711844,FALSE,FALSE,598,598,593,596,600,599,FALSE,,,,FALSE
718620-99999,-1.81108933259159,1.66570229787966,2024-07,5.51483451185066,0.604080609962195,FALSE,TRUE,573,577,567,574,575,581,FALSE,,,,FALSE
718670-99999,3.40690154335729,0.410467931151599,2024-04,3.29767660325691,0.304892537401717,FALSE,TRUE,273,268,261,262,288,272,FALSE,,,,FALSE
718690-99999,-2.09147851753664,4.95114328437662,2023-07,10.1715681696553,1.37677374132078,FALSE,FALSE,413,425,407,423,422,427,FALSE,,,,FALSE
718710-99999,1.37956367815859,0.534612719541977,2022-08,2.54789731897395,0.453273945228091,FALSE,FALSE,661,663,658,662,666,666,FALSE,,,,FALSE
718810-99999,0.955198643563505,-1.06372132596879,2024-06,-3.3047662181592,0.695329274336202,FALSE,FALSE,929,920,927,918,934,924,FALSE,,,,FALSE
718940-99999,-0.416585430577654,3.43842601932669,2023-10,11.3869206711128,0.854079667400215,FALSE,TRUE,,0,4,0,21,24,FALSE,,,,FALSE
718980-99999,0.16756632722414,0.787575787853125,2023-02,3.48794749839799,0.638656608845249,FALSE,TRUE,28,30,1,0,71,69,FALSE,,,,FALSE
719020-99999,1.88269429641225,-4.16972482574117,2022-07,-9.2464266140922,0.901910543341407,FALSE,TRUE,15,3,4,0,173,180,FALSE,,,,FALSE
719030-99999,6.80160914081456,1.5227943240984,2024-01,8.42167414066032,0.511431895814454,FALSE,TRUE,78,78,13,0,93,99,FALSE,,,,FALSE
719060-99999,2.44567077911896,-0.642823858553025,2022-12,-4.536556907956,0.383721679992035,FALSE,TRUE,34,34,1,1,50,42,FALSE,,,,FALSE
719120-99999,1.15512103605638,-1.19966179513883,2022-07,-2.42373218888449,0.989929333480504,FALSE,TRUE,132,142,128,130,158,145,FALSE,,,,FALSE
719145-99999,-0.857138259673465,-2.07698048106608,2022-07,-4.92918461192406,0.842727811833912,FALSE,FALSE,11,,9,,14,,FALSE,,,,FALSE
719150-99999,0.551469311731475,-0.939210494824859,2022-07,-3.22433223055473,0.582576749334094,FALSE,FALSE,29,,28,,35,,TRUE,,,,FALSE
719160-99999,3.06614355468368,-4.60602599404519,2022-07,-5.9306063341801,1.55330694182114,FALSE,TRUE,31,,24,,52,,FALSE,,,,FALSE
719170-99999,1.77673020251997,-1.13663246022905,2023-03,-3.43336545057992,0.93636466250216,FALSE,TRUE,,,6,,29,,FALSE,,,,FALSE
719194-99999,-6.63266111746902,-4.25868808802361,2022-09,-5.22278799274288,1.88309747011102,FALSE,FALSE,16,,10,,18,,FALSE,,,,FALSE
719200-99999,-0.504970449320552,-0.798400403517139,2022-08,-6.20303481802605,0.278048092075965,FALSE,TRUE,,0,3,0,5,6,FALSE,,,,FALSE
719220-99999,0.879129589869814,0.90878463168825,2023-10,2.38538569167208,1.07757462945866,FALSE,FALSE,328,369,326,369,357,371,FALSE,,,,FALSE
719246-99999,-4.19170993166871,-0.668659813437548,2023-03,-1.49132283829162,1.26817313125909,FALSE,TRUE,,,8,,297,,FALSE,,,,FALSE
719250-99999,-9.91833835735397,-1.73367766483698,2023-03,-9.42366926505617,0.52034730791906,FALSE,FALSE,14,,3,,15,,TRUE,,,,FALSE
719350-99999,0.203780062445232,-1.25426177896306,2023-01,-4.45724118087235,0.795915655714465,FALSE,TRUE,161,,148,,176,,FALSE,,,,FALSE
719360-99999,-0.981603385800161,0.734002725768297,2024-04,1.7550550796188,1.02443061122324,FALSE,FALSE,200,,192,,202,,FALSE,,,,FALSE
719380-99999,1.72801366625618,2.12759227682069,2022-07,5.63461161302824,0.755186842657021,FALSE,FALSE,,,1,,13,,FALSE,,,,FALSE
719400-99999,-0.820758417580171,-1.2698724557776,2023-09,-8.63825430797911,0.415794855167874,FALSE,FALSE,663,665,660,665,667,666,FALSE,,,,FALSE
719430-99999,-1.2495103869381,0.276025117428219,2022-07,1.05245762185108,0.524534407271888,FALSE,FALSE,681,685,674,682,690,686,FALSE,,,,FALSE
719440-99999,-0.383260964906072,0.774684192650847,2024-01,2.7635656113237,0.792866206840749,FALSE,TRUE,658,686,655,668,698,704,FALSE,,,,FALSE
719460-99999,-0.603146391887364,0.696469845257257,2022-07,3.06178842305168,0.454943156760053,FALSE,FALSE,150,,143,,155,,FALSE,,,,FALSE
719485-99999,-2.86877218215887,-12.4015661214015,2023-08,-6.75929467970713,5.18943583158371,FALSE,FALSE,,,,,,,,,,,FALSE
719490-99999,1.94155946056169,1.50000673680657,2024-07,2.81878742810462,1.06429220015018,FALSE,TRUE,731,,646,,844,,FALSE,,,,FALSE
719510-99999,-1.11204038171187,1.08729487848604,2023-07,2.24840000402381,1.36778790313282,FALSE,FALSE,206,214,199,213,210,215,FALSE,,,,FALSE
719520-25272,-0.907538176851094,0.627739867624797,2024-02,1.70347208508763,0.99791925705719,FALSE,TRUE,742,749,705,710,801,798,FALSE,,,,FALSE
719530-99999,-1.17085349369389,-1.20569749163916,2023-07,-4.3233931900635,0.788784951928129,FALSE,FALSE,685,,678,,686,,FALSE,,,,FALSE
719560-99999,0.603608521762812,-0.971262485627629,2024-07,-3.05092610963983,0.636700103984024,FALSE,TRUE,184,184,170,176,197,192,FALSE,,,,FALSE
719630-99999,0.0135661658728151,-5.54638788304253,2022-07,-3.26144983886983,3.40117932640932,FALSE,TRUE,306,,290,,330,,FALSE,,,,FALSE
719640-99999,0.107829583695786,1.07054534161952,2024-01,1.83657628001933,1.6486979144016,FALSE,FALSE,700,,696,,700,,FALSE,,,,FALSE
719650-99999,2.87475582154656,2.30382458356854,2022-09,4.33955416274094,1.2260372320357,FALSE,FALSE,499,,498,,509,,FALSE,,,,FALSE
719664-99999,-2.2449262759838,2.52497457562457,2022-11,4.74701239439121,1.37338093499898,FALSE,FALSE,373,,359,,381,,FALSE,,,,FALSE
719665-99999,0.701063107287496,3.69336752226358,2022-07,5.39092637187737,1.37021627360026,FALSE,FALSE,250,,249,,256,,FALSE,,,,FALSE
719780-99999,5.56101532484234,2.10129259214375,2024-07,2.62939276557832,1.59831016472853,FALSE,TRUE,288,,247,,569,,FALSE,,,,FALSE
719790-99999,11.6065339055539,0.533451116264975,2023-11,2.10249667938668,0.717636142669264,FALSE,TRUE,1470,1480,1431,1441,1602,1604,FALSE,,,,FALSE
719830-99999,-1.49938810132981,-11.9614580244867,2023-07,-7.58116599509699,4.02258095372954,FALSE,TRUE,9,,5,,19,,FALSE,,,,FALSE
719900-99999,3.14715872692052,-1.26105321653938,2024-07,-2.11187229177245,1.19425139621582,FALSE,TRUE,1403,,1345,,1467,,FALSE,,,,FALSE
720151-03049,-77.787698765435,1.54510607435381,2024-03,6.94419358260969,0.574501082370201,FALSE,TRUE,1345,1365,1343,1349,1382,1378,FALSE,1,32.0682885912804,-5.00451423199354,TRUE
720175-53919,-4.4825475766388,0.963488491209564,2023-01,7.29483987032735,0.373573242368598,FALSE,FALSE,78,88,78,85,84,91,FALSE,,,,FALSE
720198-54813,3.0991125771552,0.670632450989734,2022-08,3.20605488445692,0.451873634465077,FALSE,FALSE,179,179,179,179,181,183,FALSE,,,,FALSE
720283-04927,-0.317253611702614,2.96608750759785,2023-05,15.4143758096066,0.544255730136808,FALSE,FALSE,385,386,383,381,388,387,FALSE,,,,FALSE
720298-53971,-6.55603261696855,0.507209948074332,2022-08,2.79404614101205,0.392154840116804,FALSE,FALSE,204,208,196,202,208,211,FALSE,,,,FALSE
720312-04964,-1.61691916698125,-0.604848240726872,2024-01,-4.91077521570596,0.333539351107332,FALSE,FALSE,265,267,257,265,266,271,FALSE,,,,FALSE
720327-04995,-1.22859479533185,-0.258598337397671,2024-01,-2.26525896969461,0.319507585560624,FALSE,FALSE,262,264,257,264,272,270,FALSE,,,,FALSE
720328-63832,-0.248934476452002,0.448591550565819,2024-03,3.05452846455807,0.359734870556904,FALSE,FALSE,486,486,470,474,493,496,FALSE,,,,FALSE
720330-63853,-31.8804547976509,0.555966231480004,2023-07,5.02834473399844,0.312729149003778,FALSE,FALSE,130,131,123,128,139,133,TRUE,2,20.3193675635817,-2.36226282387362,TRUE
720345-94086,-2.93195261498057,1.0894714160639,2024-03,2.12517048605691,1.255734105199,FALSE,FALSE,2155,2157,2152,2156,2156,2158,FALSE,,,,FALSE
720369-04135,-4.5707512799269,-1.28627693491281,2022-07,-2.08726503236883,1.23249986462239,FALSE,FALSE,1891,1886,1882,1883,1893,1887,FALSE,,,,FALSE
720375-54844,1.47472562632961,0.58721568934214,2022-10,4.27028910923459,0.336834057613195,FALSE,FALSE,204,196,202,193,206,203,FALSE,,,,FALSE
720378-00122,-2.70737363891713,-0.329198744413841,2024-06,-1.9163192878665,0.336340055965968,FALSE,TRUE,283,285,241,245,326,326,FALSE,,,,FALSE
720393-00129,-3.17093495118379,1.16729696369892,2024-03,4.76398682079422,0.632652421952014,FALSE,TRUE,1154,1157,1146,1153,1160,1164,FALSE,,,,FALSE
720395-00130,-6.27608945030036,-2.73796789270517,2023-08,-14.6692082325687,0.522390152166612,FALSE,TRUE,111,128,97,114,131,133,FALSE,,,,FALSE
720411-00137,0.163731425231358,0.496160696527176,2024-04,1.78353027807382,0.681424112534843,FALSE,FALSE,2541,2547,2536,2544,2550,2548,FALSE,,,,FALSE
720533-00160,17.4510327339204,-1.3314177016248,2022-09,-2.41128510404389,1.27516131070151,FALSE,TRUE,1583,1586,1571,1572,1616,1617,FALSE,1,17.0686890867122,20.8368648359261,TRUE
720539-00165,1.53452623126143,-1.01793886641205,2022-07,-2.66416784636563,0.764170221332479,FALSE,TRUE,2341,2342,2269,2264,2347,2350,FALSE,,,,FALSE
720545-00169,-0.966376264143118,0.181418170053055,2023-07,1.65256108646953,0.307253305406676,FALSE,FALSE,121,120,116,119,127,123,FALSE,,,,FALSE
720549-00171,-4.39562060954009,-0.711526222719201,2022-09,-1.38342886751776,1.18777297732551,FALSE,TRUE,1426,1422,1407,1412,1433,1434,FALSE,,,,FALSE
720578-00176,-2.17521062779701,0.732238686443052,2023-09,4.68716813052303,0.441862486015184,FALSE,FALSE,377,391,369,388,384,393,FALSE,,,,FALSE
720587-00184,-1.59951469556627,4.79946282686186,2024-02,24.3618448993934,0.533498461604869,FALSE,FALSE,15,8,12,5,16,11,FALSE,,,,FALSE
720592-00186,-0.604546164741457,0.359489587183935,2024-06,2.52004965528343,0.308163081023991,FALSE,FALSE,19,26,10,19,23,28,FALSE,,,,FALSE
720594-00188,4.09998881483215,0.902028461579497,2023-10,5.36488172052413,0.470579921823357,FALSE,TRUE,16,17,11,9,28,32,TRUE,,,,FALSE
720613-00204,-2.02479358443585,0.683605211003642,2023-12,7.7552622345562,0.249318135601535,FALSE,FALSE,34,25,17,11,37,31,FALSE,,,,FALSE
720615-00206,6.11672887646559,1.64503926055111,2023-11,4.28126732985826,1.08679820887737,FALSE,TRUE,647,647,637,632,697,697,FALSE,,,,FALSE
720629-00216,-0.734778972929671,0.800076416272455,2023-07,6.19595985843438,0.365231197321951,FALSE,FALSE,186,187,181,183,193,191,FALSE,2,20.8676091542534,0.187076711914566,TRUE
720633-00219,-1.09143231260966,1.70527209333929,2024-03,9.02174935867115,0.488042112136304,FALSE,TRUE,114,105,79,83,118,114,FALSE,,,,FALSE
720635-00221,-1.55064942482492,0.619151846406895,2022-10,2.04041684455288,0.743282482227935,FALSE,TRUE,2042,2039,1988,1995,2053,2048,FALSE,,,,FALSE
720638-00224,-0.596241811383732,5.91945831452226,2023-02,12.7921063698469,1.30883499374775,FALSE,FALSE,1049,1043,1041,1041,1050,1044,FALSE,,,,FALSE
720648-00230,1.63617346910125,2.66265822001289,2023-09,14.778313701175,0.509607177496448,FALSE,FALSE,167,186,167,185,182,189,FALSE,,,,FALSE
720652-00433,13.1105155805484,-1.63788733165948,2022-09,-2.32245958600064,1.62867797146782,FALSE,FALSE,2059,2067,2058,2064,2062,2069,FALSE,,,,FALSE
720671-00248,-8.59268309430091,0.868127407647437,2023-11,10.806615019222,0.227215932385679,FALSE,FALSE,22,33,22,23,28,37,FALSE,,,,FALSE
720741-00269,-0.241719499386976,3.13789934702847,2023-06,8.85938792735117,1.0017982845585,FALSE,FALSE,646,654,634,649,648,658,FALSE,,,,FALSE
722014-12818,0.866133775010731,0.453936338937085,2023-11,4.90550260053848,0.261731765021731,FALSE,FALSE,15,23,15,20,22,24,FALSE,,,,FALSE
722037-92809,-0.994451958315726,1.35106272503014,2024-07,6.66930323538787,0.405158583241887,FALSE,FALSE,12,7,6,3,12,9,FALSE,,,,FALSE
722041-12993,-2.84539837178896,1.81737003849765,2024-05,12.4370868792054,0.332146681352023,FALSE,FALSE,15,1,11,-3,15,2,FALSE,,,,FALSE
722044-53930,-2.96607416001052,2.73565835731938,2024-03,9.82384108399772,0.719009951960629,FALSE,FALSE,292,303,291,301,298,308,FALSE,,,,FALSE
722054-53959,2.41801084832748,1.2878536000728,2024-06,7.07696619470704,0.393117851630884,FALSE,FALSE,61,64,55,60,61,66,FALSE,,,,FALSE
722059-04866,-1.23448866011137,-0.258381977496797,2022-07,-1.53411703427187,0.336847804599774,FALSE,FALSE,214,233,206,230,220,236,FALSE,,,,FALSE
722061-03038,-6.48910361646689,0.868887358761904,2022-10,2.01330837154937,1.05713099046192,FALSE,TRUE,3553,3571,3110,3107,3677,3706,FALSE,,,,FALSE
722062-63842,-5.9348999718656,0.954104917502262,2023-11,10.841441684348,0.248916731472453,FALSE,FALSE,70,78,61,76,71,80,FALSE,,,,FALSE
722075-04871,-3.09755116075068,0.245533405309345,2023-01,2.23134603026328,0.307976065436476,FALSE,FALSE,269,275,263,272,271,277,FALSE,,,,FALSE
722092-53941,-0.397375743044071,4.97577620605624,2022-11,14.7387235671315,0.826944933433705,FALSE,FALSE,229,252,224,250,243,254,FALSE,,,,FALSE
722101-03039,-16.2386789687528,0.995338128390005,2022-12,1.74062378060303,1.54851865381989,FALSE,TRUE,3389,3409,2947,2981,3559,3570,TRUE,1,28.8609362965047,1.29487136506348,TRUE
722107-03056,-14.055581375613,0.976079336989708,2024-03,5.69179446078676,0.442782329636428,FALSE,FALSE,1006,1007,1005,1003,1008,1009,FALSE,,,,FALSE
722110-12842,1.19988191062384,1.66388382364575,2024-07,2.87938466770602,1.15572180563936,FALSE,FALSE,13,7,8,4,23,8,FALSE,,,,FALSE
722112-53982,-3.27952647155089,0.727342748795724,2023-01,4.90751311966128,0.419201316332553,FALSE,FALSE,160,122,132,120,173,134,FALSE,,,,FALSE
722127-04880,406.480099053778,2.76431597550176,2023-01,3.2861724521537,2.37926231818851,FALSE,FALSE,186,188,180,187,186,190,FALSE,,,,TRUE
722129-04939,-0.0923379012194851,-0.605437605189474,2023-03,-3.59692722197832,0.476083067345866,FALSE,FALSE,263,277,259,274,269,278,FALSE,,,,FALSE
722142-04114,6.81812244208192,2.90820204522725,2024-03,3.60740731533629,2.08153522349915,FALSE,FALSE,1523,1533,1513,1531,1529,1535,FALSE,,,,FALSE
722144-04945,-3.02211776988894,-1.78065807961475,2022-09,-11.6447073602024,0.353143583535236,FALSE,FALSE,306,307,300,305,313,310,FALSE,,,,FALSE
722155-03040,-4.98773617969223,-0.387037508622816,2023-02,-2.88483314594812,0.379469914653651,FALSE,TRUE,2145,2144,2111,2113,2158,2158,FALSE,,,,FALSE
722156-53873,-0.0796105881132915,0.683081017197388,2024-04,4.0093021733399,0.393461996234327,FALSE,FALSE,221,229,201,226,236,233,FALSE,,,,FALSE
722164-53949,-2.78410053257921,0.650998158558935,2024-04,4.98552756461202,0.30155601967087,FALSE,FALSE,216,220,215,212,229,221,FALSE,,,,FALSE
722174-23097,-0.468047211150819,1.08375119608741,2024-03,6.23484538815612,0.425774381444636,FALSE,TRUE,1030,1028,1015,1019,1030,1047,FALSE,,,,FALSE
722192-23033,-5.88298651405584,0.965203257908254,2024-03,7.04558226223828,0.335565662559745,FALSE,FALSE,708,710,704,707,713,713,FALSE,,,,FALSE
722193-03722,-6.41874957256914,0.900227338426738,2024-04,9.11388244780241,0.22811200348447,FALSE,FALSE,180,180,178,178,183,182,FALSE,,,,FALSE
722197-53819,-0.0159778133897942,0.621905328031916,2024-04,7.71234468753666,0.197521089074009,FALSE,FALSE,233,236,231,235,241,243,FALSE,,,,FALSE
722200-12832,1.63168065068793,0.314006882055009,2023-05,3.69263650314812,0.240518009775451,FALSE,FALSE,6,5,4,4,8,8,FALSE,,,,FALSE
722203-03041,-33.9236727913316,4.33481437595523,2022-12,5.62059233792033,2.08852236857884,FALSE,TRUE,3331,3324,3180,3183,3668,3656,FALSE,2,34.4708010228082,-2.84738751127903,TRUE
722214-03070,-2.28741091317479,1.00751977278504,2024-02,5.38379336132266,0.506775847325912,FALSE,FALSE,1131,1128,1116,1124,1132,1135,FALSE,,,,FALSE
722239-53861,1.08745604570693,4.38622073913395,2023-05,4.93039128873842,2.51625175105832,FALSE,FALSE,73,89,71,84,83,89,FALSE,,,,FALSE
722251-53958,-3.74620553357049,12.4719767964995,2022-11,23.4942738688198,1.33594765005095,TRUE,FALSE,42,91,36,83,59,94,FALSE,,,,FALSE
722285-03896,-4.4195278862282,0.945253449263051,2024-05,8.27309786096077,0.263863593810344,FALSE,TRUE,169,175,153,159,184,184,FALSE,,,,FALSE
722330-53865,0.809130093553408,0.539106101682417,2023-09,4.44256023117853,0.343230534144096,FALSE,FALSE,10,10,9,7,11,14,FALSE,,,,FALSE
722333-03069,-4.83477081442572,-7.38659758729197,2022-10,-19.5344125467726,0.926231847557045,FALSE,FALSE,2383,2383,2378,2380,2383,2385,FALSE,,,,FALSE
722345-03866,12.2695520854176,1.24617250065825,2024-04,7.45438937867764,0.38606946439891,FALSE,TRUE,88,88,64,75,109,114,FALSE,,,,FALSE
722351-12953,-4.54569908096558,0.772859350741871,2024-04,6.20902253683225,0.30489679189055,FALSE,FALSE,26,29,24,28,31,32,FALSE,,,,FALSE
722363-23098,-11.2044965673616,0.980584076307785,2024-01,6.52742483508397,0.41595490277042,FALSE,FALSE,710,723,704,721,723,726,FALSE,,,,FALSE
722390-03931,3.83504937600079,1.37878851969649,2023-08,8.11464731757962,0.475555614450058,FALSE,TRUE,94,103,78,87,124,117,FALSE,,,,FALSE
722405-13976,1.18729704647766,1.07919167863512,2024-03,7.18573166196977,0.387776925657671,FALSE,FALSE,11,16,8,12,15,20,FALSE,,,,FALSE
722479-53907,-4.76882023160074,0.778564404883445,2022-11,6.15014277952017,0.326861460203772,FALSE,FALSE,170,180,168,178,177,182,FALSE,,,,FALSE
722500-12919,0.206399489946588,0.957783805476661,2022-08,5.64510961191124,0.366520694616299,FALSE,FALSE,7,9,7,5,10,12,FALSE,,,,FALSE
722508-12957,0.785450564549178,0.538508511355869,2022-07,2.05542345837992,0.523987900556822,FALSE,FALSE,9,7,8,0,12,9,FALSE,,,,FALSE
722517-12932,3.04825633716593,1.0063096826514,2022-08,6.74141467995261,0.322466051275292,FALSE,FALSE,51,50,48,50,60,59,FALSE,,,,FALSE
722616-03032,-3.14684572571051,2.68873229903537,2024-03,3.59425638163977,1.93149186013699,FALSE,FALSE,691,701,685,700,696,704,FALSE,,,,FALSE
722630-23034,-3.53440788067902,1.84143786701268,2024-02,8.41541246779048,0.592560060033508,FALSE,FALSE,582,586,580,579,587,586,FALSE,,,,FALSE
722640-93035,-4.66943377057343,0.688475446123789,2024-02,2.77444281316428,0.496298170470182,FALSE,FALSE,1475,1472,1472,1469,1479,1475,FALSE,,,,FALSE
722677-03027,1.31686451468555,0.492385033179372,2022-12,2.80940738811501,0.474614318585423,FALSE,FALSE,2162,2160,2158,2158,2164,2162,FALSE,,,,FALSE
722678-23052,3.92727258271238,1.48444649952876,2023-12,6.51829744519578,0.6373877012454,FALSE,FALSE,1938,1939,1934,1935,1941,1941,FALSE,,,,FALSE
722680-23009,13.272447279505,-0.532656110218359,2023-03,-1.524714845394,0.988105411877258,FALSE,FALSE,1090,1110,1078,1107,1102,1112,FALSE,,,,FALSE
722683-93083,-2.61539453207988,0.409748971706626,2024-03,1.93856455279869,0.51774180120148,FALSE,TRUE,2034,2032,1911,1916,2058,2061,FALSE,,,,FALSE
722686-23008,2.12265756204254,3.66874468861142,2023-01,7.93500901806667,1.30772088190586,FALSE,TRUE,1294,1307,1285,1294,1312,1316,FALSE,1,22.1753482939882,-5.16182542463702,TRUE
722688-93034,1.93285826196772,1.29955766152668,2024-03,9.0429292801922,0.371057137540141,FALSE,FALSE,1110,1110,1106,1108,1114,1113,FALSE,,,,FALSE
722689-23077,-4.85731794845853,0.989250110588591,2024-03,6.5231908552,0.39156186888602,FALSE,TRUE,1278,1288,1270,1278,1288,1294,FALSE,,,,FALSE
722693-93097,0.904041935363321,0.829209381272832,2024-05,2.87882774720751,0.665193337749115,FALSE,FALSE,1272,1267,1269,1265,1273,1272,FALSE,,,,FALSE
722700-23044,-5.76378086318081,0.523904095687814,2024-04,2.20508072123238,0.581973120635776,FALSE,FALSE,1199,1195,1198,1189,1203,1203,FALSE,,,,FALSE
722710-93045,10.556699319489,-2.20936644659812,2024-06,-2.69340901730053,1.7720208796355,FALSE,FALSE,1464,1468,1452,1462,1467,1470,FALSE,,,,FALSE
722721-93063,22.541940812049,1.02099884575633,2024-02,4.06613320519165,0.648332838852467,FALSE,TRUE,1637,1638,1608,1602,1650,1656,FALSE,,,,TRUE
722725-23078,4.25861425283217,-0.313799333770476,2024-07,-1.33268282752757,0.470928757073645,FALSE,FALSE,1307,1312,1304,1309,1309,1315,FALSE,,,,FALSE
722728-03196,6.79169173838076,-0.6689544779306,2022-11,-2.26465291372868,0.762692165523456,FALSE,FALSE,1196,1195,1188,1191,1199,1197,FALSE,1,44.7301906843424,4.49547473109004,TRUE
722730-03124,-8.87870573481336,0.655091580991035,2024-03,3.47297579968224,0.487028786408686,FALSE,FALSE,1415,1415,1410,1408,1419,1419,TRUE,,,,FALSE
722764-03029,-1.76520815472513,0.730016847408687,2022-07,2.12310504758266,0.687687920331474,FALSE,FALSE,2046,2053,2043,2053,2052,2056,FALSE,,,,FALSE
722780-23183,1.69231848918408,0.591109985662838,2024-03,3.80384871071341,0.401235573819603,FALSE,FALSE,337,337,331,331,337,343,FALSE,,,,FALSE
722786-23104,-4.83468930609103,0.424766980775178,2024-03,2.51053802587721,0.436856011368651,FALSE,TRUE,406,410,386,405,412,417,FALSE,,,,FALSE
722813-53146,4.73245842204705,0.460777190576757,2024-02,3.03730807167497,0.41082119472123,FALSE,FALSE,1447,1449,1439,1442,1453,1453,FALSE,,,,FALSE
722817-03068,-2.97818861115772,3.15128107462622,2022-10,13.1392522335225,0.587478688416523,FALSE,TRUE,1847,1839,1830,1825,1863,1854,FALSE,,,,FALSE
722900-23188,-0.804234671778728,0.979094246039951,2024-03,4.15367108894463,0.608620764311844,FALSE,FALSE,6,10,5,5,8,32,FALSE,,,,FALSE
722970-23129,-0.232943604730074,0.728932541860142,2024-04,2.80895576217312,0.635650019310359,FALSE,FALSE,13,12,8,6,13,15,FALSE,,,,FALSE
722972-63878,-5.48546699854098,0.442244971449788,2022-12,4.34819118991605,0.272278202150622,FALSE,FALSE,203,205,199,204,210,207,FALSE,,,,FALSE
723060-13722,11.0633784425811,0.697635743892939,2022-12,4.57025696453405,0.41336986955837,FALSE,FALSE,119,116,115,110,134,121,FALSE,,,,FALSE
723079-93796,-1.18698971114733,1.7672850494091,2024-03,14.7696869044466,0.30895105669898,FALSE,FALSE,20,24,17,16,25,26,FALSE,1,41.7259110294606,-1.46029862618376,TRUE
723098-93798,-5.94218770440357,0.967287357305791,2024-06,7.11326201505679,0.293758265911282,FALSE,FALSE,113,92,97,88,120,93,FALSE,,,,FALSE
723107-00371,-2.02800251925617,0.758774477075838,2023-09,7.6223064038991,0.27861186998029,FALSE,FALSE,24,31,22,25,42,36,FALSE,,,,FALSE
723139-93729,-0.469501690775387,0.581163622375826,2022-11,6.25663532938199,0.23983466217728,FALSE,FALSE,7,5,5,1,8,7,FALSE,,,,FALSE
723230-03856,4.41591876983889,0.898248317187999,2024-07,4.44794724271204,0.403893422369062,FALSE,FALSE,186,188,178,186,193,190,FALSE,,,,FALSE
723280-03894,0.159367424994004,0.893542137368512,2023-11,7.55809125176441,0.334385856726299,FALSE,FALSE,157,164,143,161,162,166,FALSE,,,,FALSE
723284-93839,2.89367677772325,1.34041161238467,2023-01,8.03463504994479,0.471864190374101,FALSE,TRUE,87,87,81,81,105,101,FALSE,,,,FALSE
723300-03975,0.310333825640112,0.956942634015207,2023-09,6.60423253157294,0.405542945790197,FALSE,FALSE,91,97,88,93,92,101,FALSE,,,,FALSE
723350-13877,7.85483296955189,0.752598210195171,2023-11,6.64271995128563,0.317095837728631,FALSE,FALSE,445,454,429,451,451,457,FALSE,,,,FALSE
723429-53920,8.19793665981526,1.07756077047348,2024-01,8.71079677143897,0.334992129589448,FALSE,FALSE,119,118,113,115,128,121,FALSE,,,,FALSE
723520-13902,4.09238417539457,1.26913332138366,2023-01,7.50680103483408,0.478186526386351,FALSE,TRUE,411,416,400,407,421,439,FALSE,,,,FALSE
723600-23051,0.816360492574372,-1.0045463799603,2023-07,-4.46284713046999,0.636653272245532,FALSE,FALSE,1516,1514,1509,1513,1519,1518,FALSE,,,,FALSE
723620-93040,-0.366591689689291,0.503331909264932,2024-02,2.15563576513422,0.602883577311737,FALSE,TRUE,1397,1403,1392,1395,1431,1434,TRUE,,,,FALSE
723625-93057,-6.1039532132091,0.782683130993384,2023-12,3.05537845181784,0.693699969318899,FALSE,FALSE,1976,1986,1971,1979,1982,1993,FALSE,,,,FALSE
723627-23081,-0.335339742785211,0.434848591943819,2023-12,2.52701912601261,0.486714777878355,FALSE,FALSE,1972,1966,1969,1963,1973,1971,FALSE,,,,FALSE
723630-23047,-1.42474186171002,-2.61892191642716,2024-07,-4.78755890279867,1.09405313630553,FALSE,FALSE,1096,1109,1094,1103,1102,1110,FALSE,,,,FALSE
723635-03024,0.4959248820799,-1.77683299018144,2022-09,-5.63234617369584,0.728545422138438,FALSE,FALSE,927,932,920,929,929,934,FALSE,,,,FALSE
723647-03034,-2.70214955813676,0.151863702396105,2024-04,1.12744476792784,0.329939516242579,FALSE,FALSE,1767,1766,1765,1766,1770,1772,FALSE,,,,FALSE
723650-23050,0.457708684335415,1.45806952332293,2023-12,6.4195661452893,0.642417773443859,FALSE,FALSE,1617,1624,1614,1620,1617,1625,FALSE,,,,FALSE
723654-93091,0.0736304746076625,3.18303361703416,2023-01,8.95928266907912,1.00487717085544,FALSE,TRUE,2195,2191,2072,2080,2234,2227,FALSE,,,,FALSE
723656-23049,19.1792433799625,0.469824654981419,2023-07,3.36501055759812,0.390771314806368,FALSE,FALSE,1914,1913,1913,1911,1918,1915,FALSE,1,34.6346819042759,0.29831550331871,TRUE
723658-23090,2.39955685627554,-1.09570230748819,2023-05,-5.98393872464655,0.517905391374078,FALSE,FALSE,1672,1677,1669,1675,1677,1679,FALSE,,,,FALSE
723663-03012,-2.89734263699912,1.09900329842394,2024-04,2.57864484303936,0.984253185386276,FALSE,TRUE,2149,2149,2135,2133,2159,2157,FALSE,,,,FALSE
723676-23048,5.14737530481046,1.67364446749511,2024-04,6.98665104449181,0.553214452923239,FALSE,FALSE,1228,1229,1226,1229,1233,1234,FALSE,,,,FALSE
723677-23054,5.90076159645501,0.935900794731367,2024-07,2.69768925062081,0.693853670889627,FALSE,FALSE,2097,2093,2095,2090,2098,2095,FALSE,,,,FALSE
723700-93167,0.040118342374074,-0.515490266029978,2024-05,-1.85907125035413,0.640359413444423,FALSE,FALSE,1041,1044,1040,1042,1048,1051,FALSE,,,,TRUE
723723-23184,10.7886234506622,0.507261137402084,2023-09,5.79316687307024,0.245069269554121,FALSE,FALSE,1531,1527,1527,1525,1535,1529,FALSE,,,,FALSE
723740-23194,-3.03757820352313,1.01530287917595,2024-01,5.94919747172449,0.48270547698961,FALSE,FALSE,1486,1490,1484,1487,1489,1492,FALSE,,,,FALSE
723747-03101,-0.896356553195396,0.856209699429292,2024-02,3.50211689022986,0.631253612351254,FALSE,FALSE,1959,1957,1953,1950,1962,1958,FALSE,,,,FALSE
723756-00375,0.164838191158089,1.70088861262677,2024-05,8.53653831295462,0.430424982242931,FALSE,TRUE,1430,1443,1245,1247,1474,1460,FALSE,,,,FALSE
723760-99999,-485.173747089494,-1.55516355980403,2023-01,-1.55141244269605,2.83526590022865,FALSE,TRUE,2154,2153,2152,2150,2183,2190,FALSE,2,35.979028585711,-0.812997602325049,TRUE
723783-03195,17.6301529501236,-0.795141629210856,2024-06,-1.93087860630423,0.889596183588905,FALSE,FALSE,2001,1991,1996,1990,2009,1994,FALSE,,,,TRUE
723830-23187,3.99550202410005,1.2393501672807,2022-12,3.48239986021539,0.963753805798133,FALSE,FALSE,1370,1378,1350,1365,1371,1378,FALSE,,,,FALSE
723860-23169,-6.0734278198071,-3.24452724757665,2024-05,-6.54323598072427,1.14513900174153,FALSE,FALSE,660,664,655,656,663,669,FALSE,,,,FALSE
723870-03160,12.0306583023516,24.1141324814432,2023-12,13.1410186074354,5.19024197725781,TRUE,FALSE,985,993,981,991,990,993,FALSE,,,,FALSE
723894-03181,1.86818635532277,1.36759909436065,2024-03,2.6806700719933,1.31725485904565,FALSE,TRUE,2165,2168,2154,2154,2196,2199,FALSE,,,,FALSE
723925-23190,11.1297798303313,1.46403048460474,2024-03,3.30887626630458,1.08379019538445,FALSE,FALSE,6,4,6,-2,7,5,FALSE,,,,FALSE
723965-93209,-3.05800480104693,3.39825298284298,2022-12,3.8859425446251,2.36815456604138,FALSE,FALSE,245,250,243,249,246,252,FALSE,,,,FALSE
724026-03716,-1.07195391468028,0.299349934993257,2024-06,2.25684676889931,0.265281577037907,FALSE,FALSE,15,16,10,8,20,17,FALSE,,,,FALSE
724056-63805,-8.94119149383756,0.73895648350085,2024-04,5.71303068049093,0.298711313506878,FALSE,FALSE,768,760,766,756,773,764,FALSE,,,,FALSE
724276-53859,4.00934906881823,0.501138888129884,2023-07,4.97815998291548,0.281749114287587,FALSE,FALSE,286,290,279,289,292,293,FALSE,,,,FALSE
724284-63825,-2.61250370001712,0.623208588997571,2023-05,5.93286897915613,0.293996375538918,FALSE,TRUE,277,272,265,269,278,278,FALSE,,,,FALSE
724350-03816,1.31928841716871,-0.921206322073185,2024-07,-1.79387112308217,1.0270596479533,FALSE,FALSE,128,121,119,120,128,125,FALSE,,,,FALSE
724354-63815,2.19842281071753,1.96273941274867,2022-12,6.71069186722753,0.79203807312,FALSE,FALSE,289,283,280,281,293,287,FALSE,,,,FALSE
724453-03994,1.21681634457585,0.906533653292791,2023-05,4.2276615421464,0.606497078563863,FALSE,FALSE,276,273,262,269,278,275,FALSE,,,,FALSE
724457-03938,3.86694823337377,5.3884171455451,2023-05,14.2207882151221,1.06050041902082,FALSE,TRUE,341,334,309,300,357,358,FALSE,,,,FALSE
724505-03923,3.663292456314,4.86168784750261,2022-08,4.13414433613415,2.5404159228209,FALSE,TRUE,418,410,411,406,436,425,FALSE,,,,FALSE
724520-03957,2.16230219922109,0.821130968272935,2024-06,5.21251982826326,0.315061043536222,FALSE,FALSE,474,476,472,469,478,478,FALSE,,,,FALSE
724550-13947,-0.719457274327891,1.16300374627733,2023-08,8.98789084208564,0.365989240406588,FALSE,TRUE,324,321,321,320,392,389,FALSE,,,,FALSE
724565-13920,13.9337250770865,0.723809375531669,2023-01,4.56444254188757,0.448519627996622,FALSE,FALSE,322,314,303,313,328,316,FALSE,,,,FALSE
724585-93997,2.49142284654242,1.22979407364148,2024-03,7.46916308619113,0.40330729619354,FALSE,FALSE,560,573,559,569,565,573,FALSE,,,,FALSE
724604-93076,-7.97155307926257,0.534163219797574,2024-03,3.18659152725233,0.432814652006639,FALSE,TRUE,1099,1097,1087,1086,1116,1108,FALSE,,,,FALSE
724620-23061,1.92756696582151,-0.96148489677203,2022-07,-2.4565598671014,0.782789713084849,FALSE,FALSE,2297,2295,2296,2294,2301,2299,FALSE,,,,FALSE
724627-03011,-5.97206939289842,-0.632664710352547,2022-12,-2.01775264796706,0.849095223067514,FALSE,TRUE,2712,2715,2442,2445,2883,2880,FALSE,,,,FALSE
724635-23067,3.93742832795742,0.914311701838517,2024-03,3.37322333809795,0.699847720224351,FALSE,FALSE,1273,1280,1267,1278,1275,1283,FALSE,,,,FALSE
724636-03013,5.7652230542665,-2.23298300822408,2023-05,-12.0798105657241,0.522841784247778,FALSE,FALSE,1132,1127,1121,1123,1132,1129,FALSE,,,,FALSE
724640-93058,10.4945543283846,-3.07780280564661,2024-06,-2.63739505365933,2.52097764377425,FALSE,FALSE,1429,1426,1423,1425,1431,1430,FALSE,,,,FALSE
724645-23070,1.40815337254947,0.824400216959424,2024-03,5.33919942279936,0.378213982187535,FALSE,FALSE,1743,1750,1741,1747,1747,1751,FALSE,,,,FALSE
724646-03028,0.0205482801793186,0.708244643917731,2024-03,3.15871846518766,0.549222100601023,FALSE,FALSE,1335,1339,1329,1337,1338,1341,FALSE,,,,FALSE
724650-23065,12.6408701871846,-0.355148111647883,2023-11,-1.39183131175761,0.721718604691226,FALSE,FALSE,1107,1114,1100,1111,1112,1114,FALSE,,,,FALSE
724660-93037,-3.97666047149401,1.29298057266352,2024-03,6.79282906889406,0.491468495586216,FALSE,FALSE,1881,1884,1876,1880,1884,1885,FALSE,,,,FALSE
724665-93010,1.91963271442568,0.754547667275227,2022-10,4.22662832063328,0.437288692362407,FALSE,FALSE,1629,1635,1625,1631,1630,1635,FALSE,,,,FALSE
724666-93067,-11.6130631640166,0.665301899559728,2024-03,2.62863487465449,0.653495901881688,FALSE,FALSE,1781,1794,1778,1788,1790,1795,FALSE,,,,FALSE
724673-93009,-2.23310349713467,-4.74270787650073,2024-07,-4.0901538461992,2.31908532287015,FALSE,FALSE,3024,3037,3019,3027,3030,3042,FALSE,,,,FALSE
724674-94050,6.92501901184245,0.675546591205233,2024-03,2.04100335504136,0.854606041635518,FALSE,FALSE,1939,1942,1932,1941,1940,1944,FALSE,,,,FALSE
724675-23063,5.7690574281464,-1.0088081204964,2022-12,-1.82515514457589,1.49678525287336,FALSE,TRUE,1947,1958,1934,1945,2089,2095,FALSE,,,,FALSE
724676-93073,30.6974490639209,-2.27557691496377,2024-01,-2.86025828061125,2.25025254340119,FALSE,FALSE,2338,2346,2336,2344,2346,2351,FALSE,2,46.8686330209408,2.032528838874,TRUE
724677-93007,1.21580190116885,-1.27603190299141,2023-01,-1.71619336796856,2.10300500737543,FALSE,TRUE,2325,2338,2315,2333,2368,2368,FALSE,,,,FALSE
724680-94015,7.40351628314528,2.18532373611721,2023-07,3.95622026069431,1.5623571298583,FALSE,FALSE,1770,1774,1768,1773,1776,1778,FALSE,,,,FALSE
724689-03026,5.95085042422245,0.982686524660994,2024-03,4.60173607776259,0.551375753301199,FALSE,FALSE,1272,1279,1268,1277,1275,1282,FALSE,,,,FALSE
724695-23036,1.60611431366852,3.7942554852522,2022-11,12.2084283595868,0.80245591394235,FALSE,TRUE,1689,1694,1665,1673,1704,1708,TRUE,,,,FALSE
724698-24015,-21.0278120152245,0.969693192966733,2024-04,4.94782082847415,0.480060538196809,FALSE,FALSE,1419,1428,1415,1425,1422,1430,FALSE,,,,TRUE
724699-03065,21.1511776500502,0.385556398256357,2024-04,2.30630275646258,0.409493697281065,FALSE,TRUE,1675,1675,1654,1649,1725,1724,FALSE,2,17.0686890867122,9.54045334060527,TRUE
724755-93129,12.1531751308942,1.30636317893183,2022-07,1.76762582850356,1.47809921971753,FALSE,FALSE,1699,1706,1691,1704,1708,1707,FALSE,,,,FALSE
724756-23159,1.32736987729588,0.548989196357832,2024-03,1.61206209676018,0.879298640341801,FALSE,FALSE,2306,2312,2306,2309,2312,2315,FALSE,,,,FALSE
724760-23066,4.33826384649341,-2.21957459911185,2023-11,-7.46350694409571,0.841146802508434,FALSE,FALSE,1473,1472,1470,1470,1475,1475,FALSE,,,,FALSE
724768-24051,-20.0873244846193,0.905681429016315,2024-04,3.83765475205882,0.578076328886677,FALSE,FALSE,1411,1420,1406,1417,1418,1423,FALSE,1,32.6178018345901,-1.09674063368328,TRUE
724769-94035,-0.795703768374733,0.711020006455524,2024-04,3.43919884732362,0.506407535604338,FALSE,TRUE,1514,1520,1507,1512,1531,1529,FALSE,,,,FALSE
724770-03170,2.92206808675507,1.16807607051787,2022-07,1.42990487098261,1.63378151123464,FALSE,FALSE,1811,1814,1808,1813,1815,1816,FALSE,,,,FALSE
724776-93075,7.63026121393339,1.36698958208406,2024-03,4.4119364669449,0.800000623387144,FALSE,FALSE,1377,1397,1374,1392,1386,1398,FALSE,,,,FALSE
724796-94128,7.22217493507914,1.27830200352365,2023-05,3.09076128283239,1.16980372456017,FALSE,FALSE,1354,1354,1348,1353,1368,1355,FALSE,,,,FALSE
724800-23157,16.4894857641205,-2.61149979552808,2023-11,-1.8677499913777,3.95472461091665,FALSE,FALSE,1243,1254,1243,1250,1246,1254,FALSE,,,,TRUE
724815-23257,0.00894947409524095,1.68966320187869,2022-07,7.83924562890181,0.431078009763905,FALSE,FALSE,40,48,40,44,43,49,FALSE,,,,FALSE
724855-23153,9.96427353541405,0.661071292507985,2022-10,2.3582346196801,0.686652352880134,FALSE,FALSE,1644,1649,1643,1646,1648,1650,FALSE,,,,FALSE
724860-23154,5.89802863798082,-1.15787520625222,2023-11,-1.91249921073752,1.71240104155229,FALSE,FALSE,1900,1908,1897,1904,1903,1910,FALSE,,,,FALSE
724880-23185,-1.10481533714214,-0.566600222075361,2023-10,-1.67899995703127,0.954489266240834,FALSE,FALSE,1343,1344,1340,1341,1347,1347,FALSE,,,,FALSE
724885-93102,-0.189551128311233,0.671928794267652,2023-09,4.08675571574023,0.465039204639711,FALSE,TRUE,1198,1202,1188,1198,1202,1208,FALSE,,,,FALSE
724940-23234,2.57867056770183,0.442414964387532,2022-07,1.85023215524652,0.478226435675134,FALSE,FALSE,8,0,7,0,9,2,FALSE,,,,FALSE
725025-94741,3.60039999177046,0.201362294980342,2023-01,1.14742654431574,0.491164040728446,FALSE,FALSE,6,-5,5,-5,7,0,FALSE,,,,FALSE
725054-64710,-2.23760451026012,0.275683186871076,2023-07,2.1423977455567,0.360150051861431,FALSE,FALSE,150,130,136,128,157,135,FALSE,,,,FALSE
725126-14736,1.02854954415699,0.629042575692689,2024-04,3.54036187913537,0.43521916389786,FALSE,TRUE,443,444,412,417,461,465,FALSE,,,,FALSE
725140-14778,3.96643016090398,1.11487501864416,2024-03,4.62667741843366,0.622173248720289,FALSE,FALSE,157,160,154,156,158,162,FALSE,,,,FALSE
725150-04725,13.2520695257723,-0.594359730931319,2023-12,-5.04622506698859,0.333140746301713,FALSE,FALSE,474,482,474,482,480,486,FALSE,,,,FALSE
725214-04849,-0.626099950036395,0.40090680752019,2023-07,3.248634831138,0.349049907984976,FALSE,FALSE,251,241,241,237,256,242,FALSE,,,,FALSE
725254-04851,0.0662358667692978,0.416653905673092,2023-08,3.16169614584378,0.372735125096188,FALSE,FALSE,214,214,209,212,220,215,FALSE,,,,FALSE
725287-04724,2.54675027670123,-0.395382938635581,2022-10,-2.43589302479,0.397589895288124,FALSE,FALSE,173,176,167,175,189,178,FALSE,,,,FALSE
725347-14880,7.00641637552774,0.529550457669158,2023-07,3.79959939368243,0.390070261789217,FALSE,FALSE,216,216,207,214,224,219,FALSE,,,,FALSE
725374-94889,5.50798330951595,0.845422618319709,2023-07,7.47514214427867,0.319889069582389,FALSE,FALSE,255,250,250,248,259,251,FALSE,,,,FALSE
725500-14942,2.1654017090954,3.23113899604264,2024-07,3.9734950800438,1.62634604093031,FALSE,FALSE,303,295,301,293,307,297,FALSE,,,,FALSE
725513-04901,-0.119560243902583,0.635952282338027,2022-12,6.13388786367521,0.280762700593532,FALSE,FALSE,551,550,544,548,554,550,FALSE,,,,FALSE
725520-14935,0.694980795005484,0.497840294523374,2022-11,3.38783732815351,0.379421438712922,FALSE,FALSE,561,561,548,560,571,565,FALSE,,,,FALSE
725610-24030,7.0433627869988,0.938161781115736,2024-05,3.06899661925993,0.660366018697203,FALSE,FALSE,1299,1306,1298,1304,1301,1308,FALSE,,,,FALSE
725626-24091,0.412853909784659,1.42321305244443,2024-03,8.51847348074258,0.431382489885719,FALSE,FALSE,974,997,967,996,987,1000,FALSE,,,,FALSE
725636-24017,1.73643724753515,1.35281827032977,2024-04,7.06662720589918,0.468924478463527,FALSE,FALSE,1000,1002,1000,999,1006,1003,FALSE,,,,FALSE
725640-24018,5.92089756706506,-1.41352519408699,2023-11,-6.9746930456292,0.573222789062125,FALSE,FALSE,1859,1863,1850,1855,1870,1869,FALSE,,,,FALSE
725645-24022,5.37977197480391,1.18770954310805,2024-06,3.93748638444863,0.651620248923992,FALSE,FALSE,2218,2216,2215,2214,2226,2219,FALSE,,,,FALSE
725650-03017,2.79407836479232,-0.397541934492921,2024-07,-1.46833162839311,0.541487940197781,FALSE,FALSE,1645,1648,1638,1646,1646,1652,FALSE,,,,FALSE
725660-24028,-2.67931896364789,0.876336709938942,2024-06,4.53157411813789,0.417758511983608,FALSE,FALSE,1208,1202,1202,1200,1208,1206,FALSE,,,,FALSE
725665-94073,7.35681453172832,0.647426565452501,2024-04,2.7256772331771,0.581824110345131,FALSE,FALSE,1498,1490,1495,1489,1501,1494,FALSE,,,,FALSE
725670-24032,-0.285674261892747,-0.420098454749251,2024-01,-1.60985548997561,0.738089767606869,FALSE,FALSE,790,789,783,788,796,791,FALSE,,,,FALSE
725686-94057,0.910830539244569,4.53823584948902,2023-06,14.3094796128279,0.897032577179343,FALSE,FALSE,1499,1503,1494,1500,1503,1505,FALSE,,,,FALSE
725690-24089,-4.86854839305261,1.50742831533947,2024-05,4.89187920925897,0.711639929291828,FALSE,FALSE,1613,1616,1603,1616,1623,1622,FALSE,,,,FALSE
725710-94025,-4.1955785231436,0.97198337775348,2024-03,2.35915978854189,1.06378987217206,FALSE,FALSE,2007,2010,2006,2008,2010,2011,FALSE,,,,FALSE
725717-03016,8.24740332385809,1.21168481701136,2023-12,1.75928716664917,1.9276413556665,FALSE,FALSE,1679,1686,1679,1685,1684,1690,FALSE,,,,FALSE
725720-24127,0.0376471708598948,0.943416457961102,2023-09,4.45210690557612,0.599353240212423,FALSE,FALSE,1281,1292,1277,1289,1282,1293,FALSE,,,,FALSE
725724-24174,0.727947533484844,3.60031218692741,2023-08,6.30460718366932,1.59828944648855,FALSE,FALSE,1364,1373,1362,1369,1369,1373,FALSE,,,,FALSE
725744-24027,-4.45378334755523,1.26377507693607,2024-03,4.15590178376275,0.744869404814754,FALSE,FALSE,2056,2060,2050,2059,2062,2063,FALSE,,,,FALSE
725750-24126,-0.15714699306132,1.59834178930875,2024-07,3.43862009022457,0.92964139531004,FALSE,FALSE,1346,1357,1337,1357,1349,1359,FALSE,,,,FALSE
725755-24101,6.94058948436209,2.47198793258134,2022-12,4.60573696660475,1.45344274222213,FALSE,TRUE,1441,1463,1435,1452,1479,1486,FALSE,,,,FALSE
725760-24021,4.71978087493821,1.50656826224747,2023-04,2.25639510436939,1.88850726097165,FALSE,FALSE,1692,1693,1678,1681,1699,1698,FALSE,,,,FALSE
725763-94053,5.06184133588566,0.828695942990293,2024-04,2.93336045486428,0.652422821025497,FALSE,FALSE,1272,1275,1270,1269,1276,1279,FALSE,,,,FALSE
725775-04111,1.72698968002959,0.999387413260615,2024-03,4.09539858925801,0.630074740973941,FALSE,FALSE,2169,2173,2164,2168,2176,2179,FALSE,,,,FALSE
725780-24156,1.64018715082393,-1.2932404547776,2024-05,-3.32955726465212,0.896999409043978,FALSE,FALSE,1354,1354,1352,1353,1357,1357,FALSE,,,,FALSE
725785-24145,-1.32742878757732,0.72813615401679,2023-09,2.84755079627077,0.723246114248993,FALSE,FALSE,1442,1444,1440,1440,1453,1446,FALSE,,,,FALSE
725805-24172,0.0898274670193977,0.588147188517804,2023-09,2.63287961310827,0.631829671613079,FALSE,FALSE,1186,1195,1184,1191,1194,1196,FALSE,,,,FALSE
725810-24193,-3.08461259421061,0.861200672168278,2022-10,1.71125964893301,1.23271895896656,FALSE,FALSE,1279,1291,1277,1287,1282,1292,FALSE,,,,FALSE
725825-24121,8.97578343111284,0.919618158061823,2023-04,2.1195357065204,1.22718996177768,FALSE,FALSE,1531,1541,1529,1533,1533,1549,FALSE,,,,FALSE
725830-24128,3.72830747959753,-1.03875404494561,2024-01,-1.95032342756168,1.50643738117692,FALSE,FALSE,1306,1306,1304,1306,1307,1313,FALSE,,,,FALSE
725835-24119,5.36636196315105,-1.06807958758969,2023-07,-2.09049951651517,1.44510211701094,FALSE,FALSE,1368,1384,1366,1381,1372,1389,FALSE,,,,FALSE
725845-23225,-1.18725310155479,1.70977109717425,2022-07,6.27270525449649,0.545146321341538,FALSE,FALSE,1599,1611,1597,1607,1609,1612,FALSE,,,,FALSE
725847-93230,6.93927545245578,0.520631259561232,2023-05,2.59655061990769,0.561185899733648,FALSE,FALSE,1909,1913,1900,1905,1913,1913,FALSE,,,,FALSE
725864-94182,4.77578451236748,-6.05705036463431,2024-07,-9.10378406869173,1.33066652700271,FALSE,FALSE,1531,1528,1521,1526,1539,1530,FALSE,,,,FALSE
725867-24133,4.87976590082722,1.31212194974564,2023-09,5.51616341239064,0.672793939588352,FALSE,FALSE,1259,1259,1257,1257,1262,1264,FALSE,,,,FALSE
725895-94236,1.70961924061802,0.553099449183146,2023-05,1.81763497996955,0.860679675507785,FALSE,FALSE,1238,1245,1232,1243,1240,1247,FALSE,,,,FALSE
725905-23275,10.4075204055936,-0.747623359426561,2022-12,-2.11137213850759,0.95888999913227,FALSE,FALSE,179,181,174,177,181,188,FALSE,,,,FALSE
725910-24216,-3.20578122984989,0.812373893461871,2024-05,1.84744067354934,1.01551144302077,FALSE,FALSE,104,104,102,103,106,107,FALSE,,,,FALSE
725945-24283,3.26482991473908,0.580425871470354,2023-10,2.90755565439992,0.564629700651428,FALSE,FALSE,56,62,48,61,56,65,FALSE,,,,FALSE
725957-24215,-2.4524897216961,0.432054478372757,2023-10,1.73930855718735,0.702597938098884,FALSE,FALSE,1090,1081,1082,1077,1091,1084,FALSE,,,,FALSE
725958-94299,-6.28109018814101,-1.62699261306509,2023-07,-4.31983011991855,1.06528032603323,FALSE,FALSE,1338,1334,1326,1333,1342,1336,FALSE,,,,FALSE
725975-24235,-1.44834959969233,1.50579388615438,2022-12,3.27007806533972,1.21830612874745,FALSE,TRUE,1156,1151,673,670,1156,1151,FALSE,,,,FALSE
725976-94285,-2.4653214749517,-0.799868397554188,2022-07,-1.1351765341583,1.40924054274478,FALSE,TRUE,1450,1441,1434,1439,1451,1443,FALSE,,,,FALSE
725985-24267,-4.43620839967499,0.786393264871288,2024-03,2.94150943941331,0.690277804904512,FALSE,FALSE,115,138,110,138,132,141,FALSE,,,,FALSE
726056-54791,4.70570628002389,0.239002303681051,2023-07,1.55650044024592,0.434308003473168,FALSE,FALSE,90,100,88,91,97,104,FALSE,,,,FALSE
726184-94709,-2.10014494573692,-0.565760568362774,2022-07,-2.79625605996569,0.404655765588016,FALSE,TRUE,77,79,60,68,137,134,FALSE,,,,FALSE
726190-94626,2.75829126424882,0.136793508656294,2023-06,1.84369688731641,0.209855791933257,FALSE,FALSE,419,419,416,419,420,423,FALSE,,,,FALSE
726384-14817,1.8299482885193,-0.684359083148864,2024-02,-4.21970332518921,0.439190392120243,FALSE,TRUE,398,395,371,391,404,405,FALSE,,,,FALSE
726391-00385,1.4264892196793,-1.04199936809664,2022-07,-2.32758323911476,0.895348746791063,FALSE,TRUE,2904,2910,2716,2726,3332,3349,FALSE,,,,FALSE
726392-00424,-17.534852446099,1.70472973854451,2022-12,1.24303266467257,3.71384444379791,FALSE,TRUE,3108,3105,2777,2777,3212,3228,FALSE,2,30.7916213315158,6.26238758367807,TRUE
726394-04874,-15.8347022200276,0.240231294704624,2022-10,1.38328988035421,0.425394633931554,FALSE,FALSE,260,257,251,256,266,260,TRUE,,,,TRUE
726396-00422,-12.8963990531962,1.43302816850734,2022-10,1.74686740354915,2.00941856991913,FALSE,FALSE,3419,3409,3398,3394,3427,3419,FALSE,,,,FALSE
726419-94929,0.735389711756135,0.514417523121386,2023-01,2.5997405433209,0.559668340588587,FALSE,FALSE,253,245,248,245,254,247,FALSE,,,,FALSE
726430-14920,2.44661630816859,-0.577060505142853,2022-09,-3.31582968878529,0.401909710996018,FALSE,FALSE,189,195,188,195,200,201,FALSE,,,,FALSE
726450-14898,2.75270853695705,0.635950210434438,2022-12,4.84657833214432,0.35533549506048,FALSE,FALSE,202,208,198,205,208,210,FALSE,,,,FALSE
726458-04824,-1.22279551637629,-0.280596947622503,2023-12,-1.9961662488128,0.393422811743188,FALSE,TRUE,212,212,185,184,216,221,FALSE,,,,FALSE
726498-04925,0.857533229420002,0.413169342122852,2022-12,4.0866024639814,0.273789260770101,FALSE,FALSE,236,240,233,237,240,242,FALSE,,,,FALSE
726510-14944,3.30658358717626,-0.397688717876924,2024-01,-2.53594273823514,0.443556370532027,FALSE,FALSE,429,428,428,428,432,437,FALSE,,,,FALSE
726514-94032,-1.05230944862055,0.509685383095257,2022-11,2.06970676631298,0.635839830924394,FALSE,FALSE,1686,1697,1684,1695,1693,1700,FALSE,,,,FALSE
726516-24024,1.48942084095084,0.866767164854533,2024-03,6.26738251353067,0.338759805247053,FALSE,FALSE,670,670,665,670,672,674,FALSE,,,,FALSE
726517-94039,12.6056997446212,0.914518699433194,2024-03,7.20455957937092,0.327747602397212,FALSE,FALSE,990,1001,987,998,995,1001,FALSE,,,,FALSE
726518-94990,3.26278878263168,-0.447813801863219,2023-08,-2.75556567080884,0.459654697198292,FALSE,FALSE,616,617,609,611,619,617,FALSE,,,,FALSE
726519-94993,4.81668111047596,-0.235258303979251,2023-09,-1.41025912897542,0.47183595881427,FALSE,FALSE,356,351,345,349,357,353,FALSE,,,,FALSE
726539-94056,2.25268823031192,-0.378596217544119,2023-04,-2.40266937377873,0.445684213864171,FALSE,FALSE,780,785,770,781,782,785,FALSE,,,,FALSE
726590-14929,1.73946697653918,1.25883505055233,2024-05,5.14831228451605,0.564681173275053,FALSE,FALSE,392,393,389,392,398,395,FALSE,,,,FALSE
726605-00386,1.47250818705229,0.779707212035747,2024-03,5.31536150778225,0.359314190664051,FALSE,TRUE,1186,1183,1165,1161,1205,1200,FALSE,,,,FALSE
726650-94023,-6.17580575813131,1.08786607524211,2024-04,4.18835046018445,0.636221065586282,FALSE,FALSE,1329,1325,1320,1324,1337,1328,FALSE,,,,FALSE
726654-94054,18.1410145711807,3.0848896568585,2024-04,7.65479274550999,0.987146984028418,FALSE,FALSE,1501,1502,1497,1499,1504,1502,FALSE,1,46.699501294128,21.5329304780753,TRUE
726660-24029,21.3801353406914,-1.16170219991359,2023-07,-2.80359109292081,1.171993312937,FALSE,FALSE,1210,1211,1203,1209,1212,1213,FALSE,1,46.699501294128,17.7246494654781,TRUE
726664-94173,7.11263160664335,-1.17390985612781,2022-07,-3.19848342029865,0.73404154523846,FALSE,FALSE,2379,2378,2371,2373,2381,2384,FALSE,,,,FALSE
726665-24062,3.66193829799547,0.87091169841046,2023-02,3.04477174249302,0.80055778940285,FALSE,FALSE,1276,1283,1266,1276,1281,1287,FALSE,,,,FALSE
726667-24048,9.84783181188511,1.17027268148251,2023-08,3.64937768870281,0.90701244924615,FALSE,FALSE,1188,1190,1185,1188,1197,1192,FALSE,,,,FALSE
726700-24045,1.50848382418085,-1.31279417295137,2024-01,-2.7265282304988,1.36185740035603,FALSE,TRUE,1553,1562,1533,1537,1585,1585,FALSE,,,,FALSE
726710-24164,3.54990553855547,1.02958253482202,2023-06,2.46119771457208,1.18320407637866,FALSE,FALSE,2106,2120,2103,2119,2115,2122,FALSE,,,,FALSE
726770-24033,-7.79104710927769,-0.765261963684776,2022-07,-2.32203520398555,0.659130371814585,FALSE,FALSE,1093,1095,1082,1088,1096,1095,FALSE,,,,FALSE
726776-24036,8.11855607532526,0.488869927031677,2023-02,2.35118127814501,0.588101383309759,FALSE,FALSE,1254,1253,1253,1251,1256,1255,FALSE,,,,FALSE
726797-24132,4.22629397682046,0.927637883189437,2024-03,2.6785795533819,0.894186888063542,FALSE,FALSE,1352,1348,1347,1346,1353,1351,FALSE,,,,FALSE
726798-24150,-2.07305087293385,-1.29391397643099,2022-07,-1.67083131347476,1.54882658230781,FALSE,FALSE,1421,1416,1414,1415,1427,1418,FALSE,,,,FALSE
726810-24131,11.1670966375327,1.41298337077839,2023-09,7.06894671893011,0.565362939010774,FALSE,FALSE,854,861,852,857,861,861,FALSE,,,,FALSE
726816-04110,4.16325914550767,1.0102125040089,2023-09,6.09998959135576,0.468412676006138,FALSE,FALSE,1221,1224,1216,1222,1223,1226,FALSE,,,,FALSE
726817-24154,13.1152567439416,1.45445490922087,2023-07,3.6551072539746,1.12549904315042,FALSE,FALSE,1839,1832,1820,1807,1845,1834,FALSE,,,,FALSE
726818-94194,-1.84313812789345,3.73165459594291,2024-06,6.72582846393047,1.1096490539285,FALSE,FALSE,1489,1482,1479,1481,1490,1483,FALSE,,,,FALSE
726824-04112,-1.34414864563105,1.50119669974026,2024-03,3.42158755987385,1.07469584032778,FALSE,FALSE,1979,1977,1974,1975,1980,1980,FALSE,,,,FALSE
726830-94185,3.1698793814614,-1.21149358641917,2022-07,-3.50929107930072,0.690449187053803,FALSE,FALSE,1257,1261,1255,1258,1262,1263,FALSE,,,,FALSE
726875-94107,0.807846295804338,1.30463174660682,2024-04,3.68979433515929,0.816554443611572,FALSE,FALSE,1228,1238,1225,1235,1232,1242,FALSE,,,,FALSE
726876-00387,0.819400826068801,1.03876023771804,2024-03,2.70861349231245,0.990199380064807,FALSE,TRUE,1118,1122,1027,1033,1126,1129,FALSE,,,,FALSE
726884-24148,0.270857601832804,1.08901320046116,2024-07,2.1809948947947,0.998638926721259,FALSE,TRUE,831,825,805,819,831,825,FALSE,,,,FALSE
726885-24152,-2.0806017591912,0.614122827614457,2023-09,2.68340051060001,0.640535267262474,FALSE,FALSE,1128,1136,1127,1130,1135,1146,FALSE,,,,FALSE
726886-24130,0.889348940302047,1.33486244702057,2024-07,4.49124616637922,0.594428538347843,FALSE,FALSE,1020,1024,1019,1023,1025,1024,FALSE,,,,FALSE
726904-24231,1.62737326547055,1.00565554938715,2023-11,4.99591089028727,0.563388366304074,FALSE,FALSE,145,152,143,151,149,155,FALSE,,,,FALSE
726959-94281,-3.48472283332303,0.441232833346139,2024-02,2.74911622896007,0.414408916181267,FALSE,FALSE,28,58,19,57,36,60,FALSE,,,,FALSE
727119-94605,9.91071889998005,0.186294787619277,2023-08,0.955907141254892,0.52775907612939,FALSE,TRUE,362,349,310,312,397,382,FALSE,,,,FALSE
727135-94623,0.0263003270259564,-0.401774937673929,2022-07,-2.40426747927011,0.334218169266176,FALSE,FALSE,21,18,14,17,27,21,FALSE,,,,FALSE
727440-14858,6.99437338601749,-0.832690004248736,2024-07,-3.64794249682041,0.456525838866439,FALSE,FALSE,315,321,305,320,320,323,FALSE,,,,FALSE
727453-94967,2.72221556362888,-0.429272711205013,2023-11,-2.39874264776623,0.500867587802929,FALSE,TRUE,442,436,415,428,445,441,FALSE,,,,FALSE
727455-94931,6.58991263894821,-0.325437997227585,2023-11,-1.98482514999274,0.444014054640931,FALSE,FALSE,403,404,394,404,404,408,FALSE,,,,FALSE
727473-94977,-6.56464387794816,-1.3655035975979,2023-09,-11.8020926194662,0.327249373387742,FALSE,TRUE,341,337,336,337,390,382,FALSE,,,,FALSE
727478-04934,2.61342563340569,-1.21607793560934,2022-07,-4.88688953492719,0.497689962876338,FALSE,FALSE,232,244,230,244,241,246,FALSE,,,,FALSE
727506-04952,1.09807500481228,-0.468011758263882,2023-12,-2.66288349088679,0.491901223719699,FALSE,FALSE,435,424,411,423,435,426,FALSE,,,,FALSE
727507-54904,-1.16349224033589,-0.510967969488903,2023-12,-2.40696279541689,0.60043955292154,FALSE,FALSE,308,315,306,313,318,317,FALSE,,,,FALSE
727535-14919,1.55103160423649,-2.16832576881596,2023-04,-12.2158046285449,0.496793330282564,FALSE,FALSE,449,451,446,450,450,453,FALSE,,,,FALSE
727584-94038,-0.395341202456686,0.402842631578046,2024-05,1.84283664228526,0.50483324771364,FALSE,FALSE,814,822,814,818,820,822,FALSE,,,,FALSE
727640-24011,0.960701106761557,-0.524272575481658,2023-11,-2.93424721887632,0.505365316089738,FALSE,FALSE,496,498,489,495,496,503,FALSE,,,,FALSE
727675-94011,7.60383900537562,1.67467257573687,2024-04,7.83303277307496,0.493741155139636,FALSE,TRUE,494,502,478,494,515,503,FALSE,,,,FALSE
727680-94008,0.925436795044853,-1.20264321284448,2024-01,-3.95676189439604,0.859690013042963,FALSE,FALSE,693,695,689,693,697,696,FALSE,,,,FALSE
727684-94051,1.62271701898942,-0.556698084934775,2022-07,-1.90436635467026,0.584654400734953,FALSE,FALSE,803,800,792,798,804,803,FALSE,,,,FALSE
727686-94017,-2.15160526375915,0.383095643193741,2024-05,1.95362300555661,0.45286193312463,FALSE,FALSE,601,600,596,599,604,605,FALSE,,,,FALSE
727720-24144,3.82744157864002,2.22559640158274,2024-03,4.56134617478515,1.25981782108658,FALSE,FALSE,1178,1178,1174,1172,1180,1179,FALSE,,,,TRUE
727730-24153,-4.58412084468803,-1.08483797506332,2023-04,-1.88885358583038,1.62446956060647,FALSE,FALSE,970,973,967,972,971,974,FALSE,,,,FALSE
727750-24143,-2.90641612901166,0.943790967560439,2023-06,5.03440780375482,0.507666069528638,FALSE,FALSE,1112,1112,1111,1112,1116,1115,FALSE,,,,FALSE
727755-24112,0.541416862624415,4.77588755022198,2023-01,10.4630267530887,1.291046100766,FALSE,TRUE,1051,1047,1018,1016,1060,1060,FALSE,,,,FALSE
727790-24146,2.56183177122372,-0.829295625919635,2023-11,-1.57026293720918,1.43017014414622,FALSE,FALSE,906,901,896,901,907,905,FALSE,,,,FALSE
727810-24243,0.14084175187115,0.457043477606728,2023-08,2.46567999563092,0.524283025997629,FALSE,FALSE,277,316,260,316,314,319,FALSE,,,,FALSE
727815-24237,0.0624980450506364,0.498681019944303,2023-09,2.64628298183265,0.486565067196369,FALSE,FALSE,1191,1188,1175,1176,1201,1203,FALSE,,,,FALSE
727827-24110,3.83582164018357,0.868833526953529,2024-03,3.58278277981096,0.626138579482476,FALSE,FALSE,346,353,343,352,356,355,FALSE,,,,FALSE
727870-94119,-5.1394543526047,-0.278000052503079,2024-07,-1.13026451428338,0.491920340751986,FALSE,FALSE,667,670,662,668,667,670,FALSE,,,,FALSE
727890-94197,-2.03206869241521,0.737053189791608,2024-04,1.4631712842468,1.16333025973049,FALSE,FALSE,386,393,380,393,393,394,FALSE,,,,FALSE
727935-24234,-0.959588640403752,0.694532512566702,2023-09,4.01878239362611,0.488813378071285,FALSE,FALSE,9,7,8,3,12,8,FALSE,,,,FALSE
727970-94240,5.13494267086098,-1.31199434061992,2024-04,-2.78549902104793,1.15373103909009,FALSE,FALSE,48,58,46,55,52,59,FALSE,,,,FALSE
740002-03042,-8.32171043513895,-31.6394843527256,2023-11,-55.480642933767,1.5961041084167,TRUE,TRUE,2863,2844,2608,2612,3004,3023,TRUE,,,,FALSE
740035-03145,-1.05824482500407,1.09800852326447,2022-07,4.00608213952991,0.548170748887002,FALSE,TRUE,56,57,48,50,66,63,FALSE,,,,FALSE
742300-24037,2.1270668057802,0.531348629235538,2024-05,2.78756804604386,0.440203459152222,FALSE,FALSE,798,798,796,795,806,799,FALSE,,,,FALSE
744104-14763,15.084449425768,0.361741702780126,2023-08,3.4778967507234,0.291108708475001,FALSE,FALSE,348,351,347,349,355,354,FALSE,1,31.5649255842444,2.72368515440732,TRUE
744666-53944,-1.29497737745016,0.209819256359278,2023-07,2.19077094467465,0.270890244104818,FALSE,FALSE,184,185,177,184,189,187,FALSE,,,,FALSE
745310-93065,6.33858351702561,1.10445159977459,2024-03,5.1888300665765,0.54958087503803,FALSE,TRUE,1986,1989,1953,1962,2013,2018,FALSE,,,,FALSE
745966-03726,-2.5625487873726,0.174199421805596,2024-03,1.59905522341578,0.251583764211218,FALSE,FALSE,8,7,6,2,10,9,FALSE,,,,FALSE
746929-03702,-1.54374313816307,0.732124770368763,2023-06,7.54323257161167,0.274519118899068,FALSE,FALSE,39,36,33,36,41,43,FALSE,,,,FALSE
747020-23110,-7.17635460185526,1.9661166890609,2022-10,6.72330905945929,0.71631136102448,FALSE,TRUE,60,69,37,63,70,78,FALSE,,,,FALSE
747040-03102,-4.60991010205222,0.86184184645909,2024-03,2.95038900664877,0.715523531997139,FALSE,FALSE,269,283,256,271,273,288,FALSE,,,,FALSE
747400-13973,7.18877177009472,0.616993951223032,2022-11,3.52095975947758,0.452453774166786,FALSE,FALSE,509,520,505,518,514,523,FALSE,,,,FALSE
747809-03832,-6.19770839750896,0.542192386386261,2023-11,6.25727242160995,0.242516703002907,FALSE,FALSE,293,282,272,275,296,282,FALSE,,,,FALSE
747940-12868,8.48976167006636,3.73886236333461,2023-04,9.1699955291504,1.14115242595535,FALSE,TRUE,11,10,4,4,22,11,FALSE,,,,FALSE
749171-00479,-4.79123393980498,1.6214088258159,2022-07,3.82844296320333,0.847033032175166,FALSE,FALSE,1208,1218,1205,1212,1210,1221,FALSE,2,27.3568758394674,1.81865743270511,TRUE
749230-00393,-1.02738063866604,-1.36407308316568,2023-01,-3.81605154417284,1.00045304597711,FALSE,TRUE,40,,26,,97,,FALSE,,,,FALSE
761220-99999,72.4103194320233,9.6849787833795,2023-07,8.72271104337086,3.10756693302641,FALSE,TRUE,1483,1483,1457,1463,1500,1496,FALSE,,,,TRUE
763230-99999,83.1762424721718,5.65018329688424,2022-08,15.8553447125085,0.755950059103141,FALSE,TRUE,1713,1714,1707,1707,1753,1761,TRUE,,,,TRUE
763420-99999,41.0554719266655,12.0513888791804,2022-07,5.80983184122805,4.06126970065257,FALSE,FALSE,572,566,567,565,576,567,FALSE,,,,TRUE
763900-99999,337.883281205371,-1.40285377848524,2022-07,-2.42194932764642,1.13405899211357,FALSE,FALSE,1420,1428,1417,1418,1425,1429,TRUE,,,,TRUE
764050-99999,-1.33123931667124,0.438715406037553,2024-01,2.57762782801653,0.476360757840094,FALSE,TRUE,6,11,6,0,89,94,FALSE,,,,FALSE
764230-99999,-5.71575917508815,-2.26920042855825,2023-09,-7.82520146982373,0.811616061368559,FALSE,TRUE,1864,1867,1859,1864,1880,1883,FALSE,,,,FALSE
764580-99999,-0.666165105759862,0.43832733534422,2023-09,1.81101291108574,0.677407986558209,FALSE,TRUE,6,7,6,0,48,61,FALSE,,,,FALSE
764710-99999,5.37430636921776,-0.870017132669967,2022-08,-3.015904777941,0.61195070092307,FALSE,TRUE,2309,2308,2293,2297,2392,2383,FALSE,,,,FALSE
764910-99999,-1.3770352671829,2.42017562231481,2024-02,4.33991696348966,1.47541597676037,FALSE,FALSE,334,337,331,333,340,339,FALSE,,,,FALSE
765480-99999,-30.4734070964218,-4.99853402400544,2023-07,-19.2875696472322,0.725334690777163,FALSE,TRUE,13,1,8,-4,18,9,FALSE,,,,TRUE
765560-99999,-5.85179830931769,-1.10720344624792,2022-10,-4.75536302686064,0.562344107892094,FALSE,FALSE,923,920,918,915,928,923,FALSE,,,,FALSE
766250-99999,-34.1305975736902,-3.06547544472967,2022-07,-4.11651651254003,1.42594802183103,FALSE,FALSE,1910,1912,1907,1910,1916,1913,FALSE,,,,TRUE
766340-99999,10.2237202982131,0.810503978019047,2024-07,1.90953572417865,0.848901612843791,FALSE,TRUE,2161,2159,2149,2147,2219,2213,FALSE,,,,FALSE
766400-99999,-30.7463004967484,9.06603320241746,2023-04,12.4748213726058,1.82893867090357,FALSE,TRUE,13,9,5,0,26,20,FALSE,,,,TRUE
766440-99999,-7.89802435423766,-18.4532331494581,2024-07,-4.94637693091436,7.46131295984633,FALSE,FALSE,14,15,9,-2,24,21,FALSE,,,,FALSE
766540-99999,1.32895385455954,0.855677319892036,2023-08,6.04800795094347,0.395977921160523,FALSE,TRUE,15,5,1,0,83,106,FALSE,,,,FALSE
766580-99999,-322.231591258498,-1.76521690379001,2022-07,-2.98875698462502,1.13094943714222,FALSE,FALSE,746,748,742,745,748,750,FALSE,,,,TRUE
766650-99999,-10.1343516542163,1.47725905210868,2024-04,3.29497579542802,1.08283635474803,FALSE,TRUE,1910,1913,1891,1892,1923,1932,FALSE,,,,FALSE
766750-99999,-7.5248528137259,0.407033334758435,2023-10,1.53257978639989,0.743327480164115,FALSE,TRUE,2691,2705,2682,2686,2753,2762,FALSE,,,,FALSE
766830-99999,-32.3365094817556,1.86022444435395,2024-07,4.25723172761144,0.873912703548155,FALSE,TRUE,2260,2260,2224,2227,2304,2306,FALSE,1,21.7705238157927,-64.8262235448437,TRUE
766870-99999,-35.3802796707379,-2.71801745657222,2022-07,-1.84913917365397,2.87786843210842,FALSE,TRUE,1501,1506,1401,1398,1535,1532,FALSE,,,,TRUE
766950-99999,-6.16001320302091,1.21772568892454,2023-10,5.74433658321079,0.586965910950335,FALSE,TRUE,18,7,9,-1,35,27,FALSE,,,,FALSE
767370-99999,-2.46543291895588,5.688786359056,2024-05,2.77775379822069,4.655122306006,FALSE,TRUE,1229,1238,1204,1210,1268,1274,FALSE,,,,FALSE
767410-99999,11.5441608717712,0.480918635646213,2023-10,2.32928493852875,0.577859545476157,FALSE,TRUE,,0,,0,,0,TRUE,,,,FALSE
767500-99999,-6.53593316349381,-0.522064091039663,2022-07,-4.01717226985215,0.248850823002392,FALSE,FALSE,13,8,10,7,15,13,FALSE,,,,FALSE
767620-99999,-0.432038068653551,1.06707940288863,2023-02,3.98722870139238,0.749029451020494,FALSE,TRUE,1261,1259,1225,1230,1342,1348,FALSE,,,,FALSE
767750-99999,-24.6265174320805,0.913613785349005,2024-05,1.85137208175144,1.12169337616107,FALSE,TRUE,1541,1542,1533,1533,1550,1549,FALSE,,,,TRUE
768050-99999,-4.13770032052402,-0.734035242097804,2024-05,-2.98742248330362,0.540186392711732,FALSE,TRUE,8,5,6,0,11,11,FALSE,,,,FALSE
768430-99999,109.303170619256,-1.27738820218998,2023-04,-3.02448399044601,1.16943180567214,FALSE,FALSE,454,459,449,455,456,460,FALSE,1,46.7949970471346,-4.51714984466258,TRUE
768450-99999,-4.54468102037962,-2.86067877281324,2023-11,-6.50878653792722,1.2169489361254,FALSE,TRUE,2132,2128,2125,2119,2374,2365,FALSE,,,,FALSE
768480-99999,1.43543977193823,-0.877408170410396,2022-12,-2.63955285308694,0.889876861251614,FALSE,TRUE,1629,1631,1562,1560,1669,1667,FALSE,,,,TRUE
769030-99999,-0.331480052384175,-2.1060513930912,2024-06,-3.92236977996035,1.15990874070375,FALSE,TRUE,188,189,164,153,224,222,TRUE,,,,FALSE
780160-13601,-0.622452684009173,0.56829160093296,2022-07,2.40938077395751,0.471732494154104,FALSE,TRUE,9,4,2,-2,28,30,FALSE,,,,FALSE
783670-11706,-25.0833535919119,-0.72043615392783,2022-10,-3.43740647519844,0.513381522409131,FALSE,TRUE,16,34,8,0,125,126,FALSE,,,,TRUE
783880-99999,9.15091339749347,0.57684531818227,2023-09,2.92914849897508,0.557009979282536,FALSE,FALSE,6,-1,6,-4,8,2,FALSE,,,,FALSE
783970-99999,6.49693381968431,2.13868014312686,2023-01,2.22135232151846,2.69464584861177,FALSE,FALSE,4,6,3,2,5,6,FALSE,,,,FALSE
785140-11603,-3.7926644087094,-0.496199281905101,2022-07,-2.21774038395166,0.447481847285436,FALSE,FALSE,68,73,65,65,71,74,FALSE,,,,FALSE
785350-11630,-2.05232390296109,0.771653017307154,2023-10,6.14539894041267,0.340034271083225,FALSE,FALSE,9,13,9,12,17,15,FALSE,,,,FALSE
787030-99999,-5.92072669716663,3.56793756070408,2023-07,11.2562591372565,0.896536873666525,FALSE,FALSE,12,9,11,6,15,11,FALSE,,,,FALSE
787040-99999,-6.05901322704032,1.84573808516638,2024-06,3.65611021429258,1.09057160260814,FALSE,FALSE,13,14,11,11,17,14,FALSE,,,,FALSE
787060-99999,15.3659865595582,1.45643979081624,2022-07,2.36880191742405,1.22968474493641,FALSE,FALSE,11,7,9,5,11,8,FALSE,,,,TRUE
787190-99999,564.637929119855,-1.43342298298595,2023-11,-7.69312793635849,0.527007022351844,FALSE,TRUE,1756,1757,1693,1705,1842,1851,TRUE,,,,TRUE
787200-99999,-11.6397371921071,0.561498452397878,2023-10,2.17836438209522,0.729059594583356,FALSE,FALSE,965,1003,963,988,996,1010,FALSE,,,,FALSE
787620-99999,-17.1069019737549,-5.86389524976737,2024-04,-4.45538368984156,3.22386404111718,FALSE,FALSE,905,912,904,908,907,914,FALSE,,,,TRUE
787670-99999,-0.365257868061106,-0.715070802703977,2024-01,-4.09721687187714,0.493634024687432,FALSE,FALSE,10,1,9,-2,13,5,FALSE,,,,FALSE
787740-99999,-1.62038061264165,-0.846021539425001,2024-03,-2.50958161437609,0.87043123415624,FALSE,FALSE,75,77,72,76,77,80,FALSE,,,,FALSE
788620-99999,1.10391176498551,0.76583663595354,2024-02,7.66228394074725,0.270662824569294,FALSE,FALSE,11,12,8,11,18,17,FALSE,,,,FALSE
788730-00400,-3.95800382378429,0.541832670506478,2023-12,3.24146507706346,0.457777531107197,FALSE,FALSE,32,35,30,33,37,36,FALSE,,,,FALSE
789580-00409,2.88616253332432,-1.2419836371761,2023-10,-11.4270207648599,0.30741697947049,FALSE,TRUE,,0,6,0,33,43,FALSE,,,,FALSE
789613-00410,5.22429034768805,-0.643394134145689,2023-04,-5.69733269439375,0.319411471742024,FALSE,TRUE,15,12,9,0,21,16,FALSE,,,,FALSE
789880-00412,-1.5418941142716,0.523322880392642,2022-09,3.49148949312721,0.346145227087211,FALSE,TRUE,,0,5,0,14,12,FALSE,,,,FALSE
800280-99999,-1.82319316450957,-3.41518616798388,2024-06,-5.22892070850744,1.41093080996508,FALSE,FALSE,38,23,17,22,45,29,FALSE,,,,FALSE
800350-99999,11.900639317932,26.313494889455,2024-06,7.64947692929974,7.43105002793305,FALSE,FALSE,14,12,12,9,16,13,FALSE,,,,FALSE
800940-99999,10.5376131144853,-0.97017234424959,2023-03,-5.36457740922426,0.495272261986064,FALSE,FALSE,1195,1187,1182,1184,1206,1189,FALSE,,,,FALSE
800970-99999,-3.25786554650837,-0.86186399809989,2023-02,-2.24455044775278,1.08606135919491,FALSE,FALSE,315,308,312,306,327,310,FALSE,,,,FALSE
801120-99999,-24.2250649053148,-14.2351399596532,2022-08,-38.2722676126279,0.803490853288396,TRUE,FALSE,2134,2122,2125,2116,2137,2127,FALSE,1,19.5527954078646,-9.69756740763414,TRUE
802100-99999,-16.0947560210468,-0.894740246295366,2024-04,-2.15165267213966,1.01859239836156,FALSE,FALSE,1333,1335,1327,1332,1342,1341,FALSE,,,,TRUE
802220-99999,-8.40922605476663,-1.88263443954938,2023-02,-9.1148465006523,0.584200108517651,FALSE,FALSE,2552,2549,2548,2538,2565,2553,FALSE,,,,FALSE
802590-99999,-2.65708571709871,1.26246977202008,2023-04,3.04732695000668,1.17178228852205,FALSE,FALSE,932,960,926,960,955,967,FALSE,,,,FALSE
803150-99999,11.2228948530636,1.22901626314445,2023-10,2.54216409251156,1.24826967527337,FALSE,FALSE,432,450,423,444,449,451,FALSE,,,,FALSE
803980-99999,-1.51355565797872,-1.99948763394474,2023-01,-8.72268978408819,0.648355633346081,FALSE,FALSE,79,79,77,77,91,82,FALSE,,,,FALSE
804130-99999,27.1149692044734,-1.82963428387857,2022-11,-4.91936627162392,0.911025966343741,FALSE,FALSE,437,433,428,430,446,435,TRUE,2,32.494794981195,12.6779124717396,TRUE
804190-99999,-5.63737311707066,-0.981725664285034,2023-10,-2.29750414382534,0.971267960647422,FALSE,FALSE,12,2,8,2,14,9,FALSE,,,,FALSE
804310-99999,16.1454345719849,-1.52735229381922,2023-02,-4.70358819066867,0.869297704411115,FALSE,FALSE,460,456,452,450,466,457,TRUE,1,48.186521270115,26.7690648090993,TRUE
810020-10502,-27.0826389592325,-0.756654190901337,2022-11,-5.33055550028074,0.366504526597599,FALSE,FALSE,18,31,13,27,30,32,FALSE,,,,TRUE
814050-99999,0.385066890911091,0.570573406679635,2023-12,3.71134462192283,0.434835744053163,FALSE,FALSE,4,5,1,4,5,8,FALSE,,,,FALSE
820220-99999,-2.0186731841033,-1.75283553418122,2023-03,-7.1242093246758,0.695904253251674,FALSE,FALSE,78,82,73,78,83,83,FALSE,,,,FALSE
821930-99999,-0.690794668029977,-1.07324282109372,2022-08,-4.83514361317942,0.479503746347017,FALSE,FALSE,13,7,11,1,18,13,FALSE,,,,FALSE
822810-99999,1.38995139401064,0.577728309231613,2023-05,3.61200426734221,0.45239769934348,FALSE,FALSE,27,43,25,41,46,45,FALSE,,,,FALSE
823320-99999,-2.66650330585685,-1.12165080066142,2022-08,-4.23012274621281,0.572806703206286,FALSE,FALSE,72,72,72,71,84,74,FALSE,,,,FALSE
824440-99999,-6.32920568753992,-4.85397971134816,2022-08,-6.22636358528075,1.55917001789715,FALSE,FALSE,15,29,13,28,21,32,FALSE,,,,FALSE
825790-99999,5.34779242418907,-1.50037685686049,2024-07,-4.51008378636882,0.665343229939627,FALSE,FALSE,79,59,61,58,101,63,FALSE,,,,FALSE
825990-99999,4.15317781606154,-0.367390363156539,2024-07,-1.84630929866675,0.397972716079412,FALSE,FALSE,47,48,44,44,51,52,FALSE,,,,FALSE
827980-99999,36.9265612894199,-1.19360792889311,2024-07,-3.3161732861299,0.719870661696389,FALSE,TRUE,20,12,11,1,42,41,FALSE,,,,TRUE
828240-99999,1.70772521084735,-0.562910671494895,2023-11,-1.65273937726872,0.963341125626482,FALSE,FALSE,111,89,102,87,122,89,FALSE,,,,FALSE
828990-99999,2.81890467085488,-0.943670486087444,2024-07,-4.43424780310159,0.425628213843791,FALSE,FALSE,21,14,18,3,26,20,FALSE,,,,FALSE
829170-99999,-1.22782703008025,-0.64867689742998,2024-05,-2.98514635714533,0.501836408056634,FALSE,FALSE,189,189,184,183,191,191,FALSE,,,,FALSE
832080-99999,-25.0034762660915,-15.9750923604658,2023-09,-4.06396123073126,11.118310925554,FALSE,FALSE,602,613,587,611,610,615,FALSE,,,,TRUE
832480-99999,1.00578794261682,-0.384899929799578,2022-08,-2.75560319672141,0.301741150882961,FALSE,FALSE,12,10,7,7,12,14,FALSE,,,,FALSE
833620-99999,-0.181255116138149,4.58746551579333,2023-07,15.1964915762169,0.853836020875667,FALSE,FALSE,192,180,188,179,194,186,FALSE,,,,FALSE
836120-99999,2.04742133682427,0.329997220615636,2023-06,2.22328435162318,0.419817235343144,FALSE,FALSE,546,555,541,552,558,564,FALSE,,,,FALSE
837780-99999,-0.246648993346501,-0.749422852474556,2024-01,-4.74202454723079,0.413123060053045,FALSE,FALSE,7,3,6,2,8,5,FALSE,,,,FALSE
838400-99999,1.76045892712233,-0.487498762562785,2024-02,-2.28581190695195,0.577542222849779,FALSE,FALSE,907,918,900,909,912,918,FALSE,,,,FALSE
838990-99999,3.43484512664669,-0.905328780605994,2024-02,-5.74613762875862,0.426659103189301,FALSE,FALSE,4,3,4,3,7,4,FALSE,,,,FALSE
839370-99999,14.9190703398169,-1.59895023212911,2022-11,-4.21254377518261,0.980042455888319,FALSE,FALSE,95,88,86,84,97,89,FALSE,,,,FALSE
842030-99999,6.10729280414825,0.855911134385382,2023-06,5.71693052771447,0.423458402569695,FALSE,FALSE,12,10,9,5,16,22,FALSE,,,,FALSE
843700-99999,-7.5540632415855,-0.815707101278474,2024-02,-5.37952870686309,0.410620593911025,FALSE,FALSE,19,26,19,25,23,32,FALSE,,,,FALSE
843770-99999,3.05965131565302,-2.05590509282515,2023-04,-8.16445792921826,0.712230717686762,FALSE,FALSE,92,92,85,90,98,95,FALSE,,,,FALSE
844010-99999,-3.19862488898985,1.62095554547938,2023-02,5.52961877104974,0.829126712467967,FALSE,FALSE,30,28,23,24,36,37,FALSE,,,,FALSE
844550-99999,-16.7255515656226,-5.09681470226654,2024-07,-6.80818304370102,1.49726136020451,FALSE,FALSE,270,251,257,249,273,255,FALSE,,,,TRUE
845010-99999,1.2146082596296,2.90239961877345,2022-11,4.14161131870884,1.80943188894779,FALSE,FALSE,13,30,9,24,27,31,FALSE,,,,FALSE
845150-99999,2.10221808391569,-1.67823508656912,2024-06,-3.10521354194575,1.16752103949341,FALSE,FALSE,143,153,128,152,162,157,FALSE,,,,FALSE
846280-99999,-13.0224397062836,-0.893832967143712,2023-12,-3.94249324297481,0.641254468543879,FALSE,FALSE,19,22,10,16,21,25,FALSE,,,,FALSE
846860-99999,-25.7638249986719,-0.361016238528908,2024-02,-0.957933732095583,1.02056808602338,FALSE,FALSE,3287,3285,3283,3282,3287,3286,TRUE,,,,TRUE
847520-99999,2.21730709356542,0.835507165240623,2023-07,1.61183852120459,1.46613391974296,FALSE,FALSE,2526,2527,2520,2524,2527,2530,TRUE,,,,FALSE
847820-99999,-39.5021381144522,1.70966942461808,2022-12,6.45412237681026,0.717341013692478,FALSE,FALSE,390,455,390,449,436,458,FALSE,1,33.5797190669345,-1.68165918883447,TRUE
852010-99999,-53.4826550517999,0.831562872361871,2024-05,2.30017651649773,0.834897747651532,FALSE,FALSE,4032,4037,4025,4034,4032,4042,TRUE,,,,TRUE
852230-99999,10.7577625000154,-2.05953638695282,2024-07,-2.4083754816963,1.71031170397252,FALSE,FALSE,2552,2566,2545,2555,2555,2569,FALSE,,,,FALSE
852440-99999,2.99523060717491,-2.38780003712012,2023-10,-7.74537265057437,0.871968167078398,FALSE,FALSE,391,377,387,375,393,381,FALSE,,,,FALSE
853640-99999,6.04233713190204,1.84350871012299,2023-05,2.61000732258294,1.99778368255978,FALSE,FALSE,1848,1852,1846,1848,1851,1856,FALSE,,,,FALSE
854180-99999,4.72053350837462,-0.559819922261175,2024-02,-2.10315446993651,0.720821764503647,FALSE,FALSE,33,41,23,36,44,46,FALSE,,,,FALSE
854320-99999,-3.18838046404704,-1.94494857407145,2022-08,-3.88355331791631,1.08188784415078,FALSE,TRUE,2302,2308,2274,2282,2328,2336,FALSE,,,,FALSE
854420-99999,-2.27967507560676,-0.719744609100387,2024-07,-2.7878982979279,0.51633491052047,FALSE,FALSE,78,67,60,67,103,110,TRUE,,,,FALSE
854670-99999,-2.71700138148123,-4.63360849378075,2022-08,-4.04082334330817,2.47715317686954,FALSE,FALSE,204,200,200,198,212,203,FALSE,,,,FALSE
854690-99999,-22.2798209426066,26.4682595050806,2024-06,34.5155253514111,1.65658714297568,TRUE,FALSE,40,59,37,57,50,63,FALSE,,,,TRUE
854880-99999,-11.5893633118084,7.56132982990701,2024-06,4.01132404656943,4.07205679004934,FALSE,FALSE,146,144,143,138,147,146,FALSE,,,,FALSE
855850-99999,1.55885034430516,1.93462827904831,2023-05,5.18407423101973,1.05553178000789,FALSE,TRUE,63,75,1,0,415,432,FALSE,,,,FALSE
855860-99999,-6.19887714609439,-0.719780917436388,2024-07,-2.24669260264079,0.640747128993391,FALSE,TRUE,68,73,26,27,77,85,FALSE,,,,FALSE
856290-99999,-19.1922163936698,-0.490918118452309,2023-05,-1.25699063203233,1.10464317463915,FALSE,TRUE,216,231,211,218,239,239,FALSE,,,,TRUE
856820-99999,-1.96137335693028,-0.605111489750342,2024-07,-2.3437169790709,0.516369079674647,FALSE,FALSE,11,15,6,10,14,21,FALSE,,,,FALSE
857660-99999,-1.94160618863515,0.486155275324091,2023-08,2.63111429876984,0.522613087621472,FALSE,FALSE,18,20,11,17,18,21,FALSE,,,,FALSE
857990-99999,-2.98667944219376,1.65536275235624,2023-02,4.56763171941127,1.02505482002003,FALSE,FALSE,101,85,84,84,107,86,FALSE,,,,FALSE
858740-99999,-5.9527250309513,8.86135695614023,2024-06,6.24995149006568,3.06285879498744,FALSE,FALSE,513,515,510,512,518,515,FALSE,,,,FALSE
859340-99999,0.94345364483019,-3.78406132409415,2022-09,-7.60420541457823,1.14922136106813,FALSE,FALSE,25,38,17,37,36,39,FALSE,,,,FALSE
860680-99999,2.08297125102771,8.20773979357878,2022-08,8.53265742056808,2.07798620837502,FALSE,FALSE,156,163,141,161,157,167,FALSE,,,,FALSE
861280-99999,2.14605157383309,-8.60653113597585,2024-03,-12.1134912926396,1.83448085295903,FALSE,TRUE,106,99,89,97,115,104,FALSE,,,,FALSE
861340-99999,1.40289219776916,-1.42897556120731,2023-04,-3.90105370517507,1.03606705864019,FALSE,FALSE,68,76,66,73,79,77,FALSE,,,,FALSE
861700-99999,18.086216413379,-1.21629366480204,2023-04,-3.99425861229806,0.861285742137698,FALSE,FALSE,89,90,81,90,94,93,FALSE,,,,TRUE
862180-99999,-0.651783991605291,-1.5186543556618,2023-12,-5.75312357263124,0.746621051753849,FALSE,FALSE,65,79,64,77,79,82,FALSE,,,,TRUE
862600-99999,-1.24065714033417,6.12209193573023,2024-06,1.74849093025748,7.00271511826339,FALSE,TRUE,121,125,86,90,132,132,FALSE,,,,FALSE
863600-99999,-13.3901114296564,-1.47642705669718,2023-04,-11.2735184938136,0.329585947810191,FALSE,TRUE,23,38,14,28,33,45,FALSE,,,,FALSE
864400-99999,-11.5055779272576,-2.38460418397979,2023-03,-11.7268018611648,0.484061506052824,FALSE,FALSE,97,105,93,101,102,108,FALSE,,,,FALSE
864900-99999,-3.38557784268059,-0.918235914678547,2023-05,-6.62760215312442,0.299296222349519,FALSE,TRUE,22,15,8,0,45,45,FALSE,,,,FALSE
865300-99999,2.5910886404529,-2.1089827716019,2023-01,-12.7869460602485,0.404000426873226,FALSE,FALSE,76,91,71,87,85,96,FALSE,,,,FALSE
865650-99999,2.0178038526235,-1.59198997629995,2022-09,-11.3395720992187,0.313926996129797,FALSE,TRUE,19,29,10,15,39,45,FALSE,,,,FALSE
865800-99999,0.913576466697627,-2.79021912946129,2022-11,-11.0308589388301,0.653105515511746,FALSE,FALSE,17,18,13,12,21,19,FALSE,,,,FALSE
868910-99999,27.0093520316163,-1.74455232108988,2023-08,-12.4010293451172,0.39789754287231,FALSE,FALSE,7,5,5,3,8,6,FALSE,,,,TRUE
870160-99999,8.47134162778871,-7.2710752945658,2023-10,-21.532559387319,0.955098101405142,FALSE,FALSE,355,360,350,355,357,362,FALSE,,,,FALSE
870220-99999,-4.37928229309269,-6.31585083053481,2023-04,-5.60535016445797,3.18694163269331,FALSE,FALSE,433,447,431,442,441,447,FALSE,,,,FALSE
870470-99999,-17.3532970585058,-0.769958705062147,2023-04,-1.68406816301566,1.29316148488461,FALSE,FALSE,1230,1235,1227,1235,1235,1239,FALSE,,,,TRUE
870780-99999,1.04312838960165,-0.726515454938296,2024-03,-3.76054223091642,0.498825627610378,FALSE,FALSE,92,130,85,129,106,134,FALSE,,,,FALSE
870970-99999,-7.29155194826946,1.89792155759013,2024-04,11.8252508770389,0.393136639236208,FALSE,FALSE,268,270,260,266,268,270,FALSE,,,,FALSE
871290-99999,-0.487878007674112,-1.50825471524217,2023-08,-7.46083838076206,0.571784071695914,FALSE,FALSE,182,201,178,199,186,204,FALSE,,,,FALSE
871620-99999,5.1249610716153,-0.782944473697503,2023-07,-4.30647280892581,0.514226255414005,FALSE,FALSE,36,65,34,60,53,66,FALSE,,,,FALSE
871780-99999,-0.499428361999419,0.598978213183777,2024-06,2.3796253298733,0.543758217579908,FALSE,FALSE,102,120,95,117,126,125,FALSE,,,,FALSE
872170-99999,2.20185541932622,-1.60400193489726,2023-02,-6.7540456977968,0.671716299208443,FALSE,FALSE,434,441,407,434,435,445,FALSE,,,,FALSE
872220-99999,13.8001031157481,1.8154927164898,2024-06,1.80827842838926,2.16886539718313,FALSE,FALSE,461,467,460,464,467,469,FALSE,,,,FALSE
872440-99999,0.593117034369354,0.56920076033134,2023-06,1.97853976787754,0.813702557858805,FALSE,TRUE,371,359,342,338,387,390,FALSE,,,,FALSE
872570-99999,4.01664309577597,-0.82880127584187,2023-08,-3.535179451886,0.663107500346205,FALSE,TRUE,89,89,86,88,97,91,FALSE,,,,FALSE
872890-99999,1.94211659118428,-1.88442330033866,2023-05,-13.3318596618128,0.399790735305179,FALSE,FALSE,64,70,56,69,71,72,FALSE,,,,FALSE
873110-99999,1.94650909426946,1.36475788612369,2023-12,2.57932307126914,1.49656251549914,FALSE,FALSE,591,596,591,594,601,599,FALSE,,,,FALSE
873280-99999,-19.0573056932646,-1.11642479264014,2022-12,-4.10926181590427,0.73572645547453,FALSE,FALSE,561,553,558,550,566,561,TRUE,,,,TRUE
873490-99999,-3.41631453291879,1.04504909567213,2024-04,6.15638823771682,0.415801756112619,FALSE,TRUE,325,331,323,330,343,342,FALSE,,,,FALSE
873740-99999,2.0923406474843,3.5475871609003,2023-09,25.3555363710525,0.395735732285565,FALSE,FALSE,57,68,42,66,68,70,FALSE,,,,FALSE
874160-99999,-13.3971194709768,-1.49174579351366,2023-02,-5.19957883702927,0.81146846655194,FALSE,FALSE,649,659,642,656,656,662,FALSE,,,,FALSE
874360-99999,1.70910247956075,-1.62820747910373,2024-06,-4.18695010433049,0.840069757408532,FALSE,FALSE,694,706,694,702,705,706,FALSE,,,,FALSE
874530-99999,2.63487294915785,1.56408641237891,2024-07,3.24912243245883,0.962774684483192,FALSE,FALSE,422,425,409,421,432,426,FALSE,,,,FALSE
874670-99999,7.08544331383583,-3.72213996935303,2023-11,-17.5011363918749,0.601549603162209,FALSE,FALSE,103,112,100,108,105,113,FALSE,,,,FALSE
874800-99999,3.57868948773628,0.882236171719222,2024-05,3.29186794227456,0.618930406884997,FALSE,FALSE,36,30,19,26,36,30,FALSE,,,,FALSE
875060-99999,-7.6484468659873,-1.66286256432635,2023-03,-5.56362004495259,0.845364267089475,FALSE,FALSE,1430,1432,1425,1429,1431,1432,FALSE,,,,FALSE
875090-99999,-2.68743138083714,3.66432609716994,2023-10,13.2841604347195,0.780198295412233,FALSE,FALSE,749,749,747,747,754,754,FALSE,,,,FALSE
875340-99999,1.06048936999175,-0.803760152463194,2023-04,-5.20441973103732,0.436816616357711,FALSE,FALSE,129,137,125,135,136,140,FALSE,,,,FALSE
875440-99999,0.778371583484587,-0.482282528131275,2023-05,-2.97514763391648,0.458498586358205,FALSE,FALSE,135,81,125,80,154,84,FALSE,,,,FALSE
875850-99999,1.16475465020319,-1.56366189007138,2022-10,-9.5494839350979,0.40108698930143,FALSE,TRUE,24,21,18,18,43,36,FALSE,,,,FALSE
876230-99999,-2.36844950440179,-0.958826311328998,2023-03,-6.07628048998451,0.446320796308432,FALSE,FALSE,191,189,178,187,194,191,FALSE,,,,FALSE
876400-99999,-2.30071895989141,-1.23810083604848,2023-06,-5.67204719980894,0.617392250891073,FALSE,TRUE,84,89,84,88,109,94,FALSE,,,,FALSE
876410-99999,-1.52229962171906,-5.75439099470395,2022-07,-11.7102173469089,0.982798324614004,FALSE,TRUE,143,149,130,143,153,150,FALSE,,,,FALSE
876920-99999,-0.873095885672319,-1.27508462547263,2022-10,-4.26724473167611,0.731925846223716,FALSE,FALSE,18,9,16,9,19,17,FALSE,,,,FALSE
877150-99999,-4.13822190295287,-1.38807360847406,2022-11,-6.81629965160129,0.52579710827581,FALSE,FALSE,266,272,262,270,268,273,FALSE,,,,FALSE
877500-99999,2.74889839436146,-1.22767833275714,2022-09,-7.87658991925643,0.359952935552861,FALSE,FALSE,92,76,70,75,100,77,FALSE,,,,FALSE
877650-99999,-8.70447210236235,-1.8382688226206,2022-10,-4.52626671754794,0.994819993269558,FALSE,FALSE,841,844,838,839,845,844,FALSE,,,,FALSE
877740-99999,-8.62838970976826,-1.51427499585895,2023-12,-7.15863383797229,0.598300816825346,FALSE,TRUE,887,895,867,876,917,928,FALSE,,,,FALSE
877840-99999,-17.0770545209494,-0.853581950983931,2023-09,-2.99325954819738,0.806577012277694,FALSE,FALSE,17,16,11,13,18,17,FALSE,,,,TRUE
877910-99999,0.825559247465074,-1.07233397885159,2023-03,-6.88866615145198,0.440291116725342,FALSE,FALSE,7,5,7,3,18,6,FALSE,,,,FALSE
878030-99999,3.54832115382869,-1.06979083831708,2023-09,-3.49856855886261,0.864875269411525,FALSE,FALSE,796,793,787,791,798,795,FALSE,,,,FALSE
878280-99999,-7.10937150365987,-1.3241442964966,2023-05,-9.33676911872227,0.401128655712275,FALSE,FALSE,23,34,20,33,30,35,FALSE,,,,FALSE
878600-99999,-10.5873766863105,-1.24533908923876,2023-03,-5.01975849819897,0.70169727503293,FALSE,FALSE,37,46,31,45,42,49,FALSE,,,,FALSE
879040-99999,7.72189035745874,-2.69814848154497,2023-07,-5.49334204403493,1.33008659754364,FALSE,TRUE,179,179,175,179,182,192,FALSE,,,,FALSE
879090-99999,-2.60084532249642,-1.7686680745841,2023-09,-6.60343263280075,0.757567924896741,FALSE,FALSE,40,49,32,47,43,51,FALSE,,,,FALSE
879250-99999,3.21484369893468,1.4672591367904,2024-07,2.13608931804219,1.3737806976491,FALSE,FALSE,9,16,8,14,12,17,FALSE,,,,FALSE
879340-99999,0.827285346833205,3.54197284411591,2024-07,6.17475494409136,1.14724321084361,FALSE,FALSE,14,18,10,16,19,20,FALSE,,,,FALSE
879380-99999,40.6303552101026,-1.47258606369456,2023-07,-5.0955722595821,0.817396389236662,FALSE,FALSE,19,30,17,27,24,30,FALSE,,,,TRUE
888890-99999,-0.495363624645221,-2.04264325034269,2023-09,-12.5438781367098,0.460580652369474,FALSE,FALSE,53,68,46,66,56,71,FALSE,,,,FALSE
889000-99999,0.556035348644276,-2.0048193978638,2023-01,-7.56606058768809,0.7494634095797,FALSE,TRUE,,0,12,0,190,190,FALSE,,,,FALSE
889030-99999,8.71971441653155,-3.52980738768443,2023-04,-4.71042997948658,2.11950989695941,FALSE,TRUE,,0,32,0,324,327,FALSE,,,,FALSE
889630-99999,-1.14535462594023,-1.82949433242258,2024-07,-2.22592580971196,1.64380530962918,FALSE,TRUE,12,,12,,157,,FALSE,1,17.5762182350596,2.39113744861785,TRUE
890020-99999,-8.39170091842886,-3.39625911454,2024-01,-7.55990235370239,1.27066077745395,FALSE,TRUE,,,,,,,,,,,FALSE
890040-99999,43.8790062510954,5.87182073038828,2023-01,9.50056546367377,1.74810826671101,FALSE,TRUE,833,,781,,921,,FALSE,,,,TRUE
890130-99999,32.3286946918021,-2.43999063759072,2022-10,-3.59821195214485,1.6377960339174,FALSE,TRUE,2980,,2265,,3947,,TRUE,,,,TRUE
890220-99999,-9.20502641367092,-3.01382294719238,2022-12,-4.63068494967896,1.76247600760528,FALSE,FALSE,,,,,,,,,,,FALSE
890340-99999,-4.90496783527674,-2.59430248977262,2022-09,-4.13775639201926,1.44795497745443,FALSE,TRUE,134,,14,,258,,FALSE,,,,FALSE
890530-99999,-3.38992600490745,3.67359640061132,2024-02,11.504992893933,0.864680767061776,FALSE,TRUE,91,,14,,517,,FALSE,,,,FALSE
890550-99999,-11.1063662477123,-1.48604679847718,2023-01,-3.71839316621517,1.13037403135434,FALSE,TRUE,,,,,,,,,,,FALSE
890630-99999,-5.2872255004341,-2.51066128140695,2022-07,-4.28425595956585,1.1720407487798,FALSE,TRUE,,,,,,,,,,,FALSE
890650-99999,-4.17333978319879,-3.30734947618939,2023-08,-5.91129490869479,1.58249539465705,FALSE,TRUE,35,,32,,514,,FALSE,,,,FALSE
890660-99999,1.2014239312583,-4.34412427701632,2022-07,-5.71694383927374,1.51973655825459,FALSE,TRUE,,,14,,24,,FALSE,,,,FALSE
892570-99999,14.7544085448895,-3.47029286833443,2022-09,-5.75315897413011,1.3930256616993,FALSE,TRUE,,,,,,,,,,,FALSE
892620-99999,-20.2352316122115,-3.27113242114716,2023-12,-3.57767287600504,2.55900303438865,FALSE,TRUE,,,,,,,,,,,TRUE
892720-99999,-4.32292965789251,-2.86199114278021,2022-10,-5.04779003045547,1.36938447796144,FALSE,TRUE,1573,,1526,,1594,,FALSE,,,,FALSE
895040-99999,3.04146452508088,-3.34180379587106,2024-07,-2.75756512100991,2.37270345979278,FALSE,TRUE,1269,,1264,,1511,,FALSE,,,,FALSE
895320-99999,5.8955611960659,0.577782041726316,2023-05,1.4731415907386,1.10933966516456,FALSE,TRUE,,,8,,15,,FALSE,,,,FALSE
895640-99999,0.248649497577103,-1.59451264941621,2022-07,-2.75914692933799,1.15580118801341,FALSE,TRUE,,,11,,53,,FALSE,,,,FALSE
895710-99999,-3.47851087434334,-1.51526378812945,2022-11,-4.91961243011813,0.79526473543711,FALSE,TRUE,,,,,,,,,,,FALSE
895770-99999,6.69832428965951,-2.56672458690264,2024-07,-2.06276329253673,2.48862736329397,FALSE,FALSE,2763,,2755,,2771,,TRUE,,,,FALSE
896110-99999,-0.0724988530295282,-0.774656195716897,2023-12,-1.79063093459296,1.22362378198075,FALSE,TRUE,19,,6,,49,,FALSE,,,,FALSE
896420-99999,2.55060794497255,-0.952285716063998,2024-02,-2.04825924249208,1.2590212490351,FALSE,TRUE,,,1,,40,,FALSE,,,,FALSE
896590-99999,51.7771147762564,-9.08079884095061,2022-07,-3.52850467289668,5.14710886495488,FALSE,TRUE,1992,,1972,,2031,,TRUE,,,,TRUE
896610-99999,-33.2107564933712,-3.67065749718583,2022-12,-4.44373704691835,2.23689822046534,FALSE,TRUE,1958,,1564,,2096,,TRUE,,,,TRUE
896620-99999,0.0580267055761279,-4.31526865233347,2022-12,-4.1249727449792,2.83294059744998,FALSE,TRUE,126,,12,,267,,FALSE,,,,FALSE
897670-99999,0.372028241530935,-2.88544001519611,2022-07,-4.0738067268549,1.41658169307593,FALSE,TRUE,,,,,,,,,,,FALSE
898280-99999,-6.0506566677634,-3.99253513106059,2023-08,-5.23825501638261,2.15579322233766,FALSE,TRUE,3273,,3251,,3273,,FALSE,,,,FALSE
898660-99999,14.9115615188298,-4.77740949107978,2022-12,-5.19211388459271,2.49171846913042,FALSE,TRUE,29,,1,,107,,FALSE,,,,FALSE
898790-99999,51.6999223533461,,,,,FALSE,TRUE,,,,,,,,,,,TRUE
911620-22501,4.28999072589392,1.07254102366004,2022-07,5.2957227522557,0.405059355950308,FALSE,FALSE,21,4,12,2,23,15,FALSE,,,,FALSE
911650-22536,10.5198547595916,-1.26408280207838,2024-03,-1.62946606841971,1.87365056549496,FALSE,FALSE,31,35,25,32,38,37,FALSE,,,,FALSE
911760-22519,3.13952382764763,0.309542946026295,2023-03,1.01162426752351,0.856396682847136,FALSE,FALSE,18,2,13,1,19,6,FALSE,,,,FALSE
911977-21508,-10.8537495699926,-4.78215812891079,2023-02,-7.59285079898933,1.76275668508713,FALSE,FALSE,1877,1870,1877,1866,1884,1875,TRUE,,,,FALSE
912120-41415,-3.66338866839365,-0.483344732552275,2024-02,-2.98384451923394,0.438663514427053,FALSE,TRUE,87,86,36,32,108,105,FALSE,,,,FALSE
912320-41418,0.323834766274416,-0.711577716318459,2023-12,-5.06488074669283,0.397372774376624,FALSE,TRUE,57,65,13,22,64,68,FALSE,,,,FALSE
912850-21504,8.5991535779018,0.757418277771542,2022-08,3.40912956280597,0.479949634067476,FALSE,FALSE,11,12,10,9,12,13,FALSE,,,,FALSE
913340-40505,5.46475734106186,-1.44030143578595,2023-09,-8.13448828385261,0.500804415303486,FALSE,TRUE,,3,8,0,168,156,FALSE,,,,FALSE
913560-00493,6.00704099018772,1.48546618700158,2023-05,6.67137430597224,0.629785208191262,FALSE,FALSE,8,8,6,0,11,8,FALSE,,,,FALSE
914130-40308,9.07167402846665,-1.20355353179633,2024-02,-4.8850268250939,0.667189452206721,FALSE,TRUE,13,15,6,0,20,24,FALSE,,,,FALSE
915790-99999,5.21075008708215,-1.2499809271086,2024-04,-4.95813297694375,0.617533953579934,FALSE,FALSE,12,12,7,8,14,14,FALSE,,,,FALSE
915870-99999,6.34660533750995,-1.11940391259375,2023-10,-4.84298677075386,0.653760280545707,FALSE,FALSE,42,42,35,38,43,42,FALSE,,,,FALSE
915900-99999,-1.17375620830549,-0.41682874541201,2022-11,-1.92912873346132,0.557892884042934,FALSE,FALSE,12,7,11,5,14,8,FALSE,,,,FALSE
916520-99999,-1.13510974978597,-0.566289332728129,2024-07,-3.19437670758988,0.354553883004855,FALSE,TRUE,,0,7,0,48,65,FALSE,,,,FALSE
916700-99999,9.08404994150896,-1.35584755436529,2024-03,-7.79269355166248,0.449239189097636,FALSE,TRUE,,0,,0,,0,FALSE,,,,FALSE
916910-99999,-1.3804333031597,-1.07907507294794,2024-03,-7.33644344787906,0.379769826849197,FALSE,TRUE,28,50,6,0,130,152,FALSE,,,,FALSE
917530-99999,8.06603040625625,0.482752229085128,2023-06,3.60294555854453,0.378975889890395,FALSE,FALSE,33,17,29,16,39,22,FALSE,,,,FALSE
917650-61705,3.92921915712305,0.658955630984812,2023-01,3.81606665465585,0.488410751003974,FALSE,FALSE,12,6,7,5,16,8,FALSE,,,,FALSE
919250-99999,2.11922551176034,0.759901953392492,2024-02,3.88387674889785,0.529837672704245,FALSE,TRUE,53,63,8,0,263,264,FALSE,,,,FALSE
919290-99999,1.04935523984242,0.859409873551708,2023-04,7.37233216030999,0.329716315647685,FALSE,TRUE,,0,5,0,9,8,FALSE,,,,FALSE
919380-99999,4.4609641989398,0.879279576070882,2023-09,4.10395042412638,0.605996161301979,FALSE,FALSE,5,-1,3,-5,6,2,FALSE,,,,FALSE
919440-99999,3.9898047673741,0.295664872321999,2023-04,1.45015783595166,0.576672775871576,FALSE,FALSE,4,7,3,3,4,7,FALSE,,,,FALSE
919480-99999,0.569421743705879,0.46116469547698,2023-08,2.63693847390574,0.494653457625206,FALSE,TRUE,,24,14,0,301,320,FALSE,,,,FALSE
919540-99999,2.31035497217407,0.556619598647562,2023-03,2.83852296222124,0.554639857395452,FALSE,FALSE,7,5,1,5,9,11,FALSE,,,,FALSE
919580-99999,1.33198446016001,0.70039613513249,2023-03,3.79807242052992,0.521585480036669,FALSE,TRUE,,0,10,0,194,224,FALSE,,,,FALSE
920350-99999,18.1284979032823,2.9036233803992,2023-01,13.5196482676899,0.429541260675912,FALSE,FALSE,53,39,46,38,55,41,FALSE,,,,TRUE
930040-99999,1.03255492348288,-0.96466923622803,2023-09,-4.53143861415979,0.434546950854145,FALSE,TRUE,180,202,9,0,180,202,FALSE,,,,FALSE
930690-99999,11.6853091339775,-0.96717693590046,2023-09,-6.54448347659616,0.417999295087619,FALSE,TRUE,,0,3,0,7,24,TRUE,,,,FALSE
931190-99999,3.87729342175535,-0.47203778872724,2023-01,-4.42120391563995,0.301982109628183,FALSE,FALSE,13,10,5,6,18,14,FALSE,,,,FALSE
931960-99999,3.1974130243211,0.268881294012709,2023-12,0.788418205775508,0.964603734098634,FALSE,TRUE,,0,5,0,56,55,FALSE,,,,FALSE
933730-99999,2.2566988587944,-0.617130394839231,2023-09,-2.73431253511122,0.638371921956467,FALSE,TRUE,6,5,4,-2,16,8,FALSE,,,,FALSE
934040-99999,9.93103595830525,-0.930055789680827,2023-09,-5.74481059619914,0.457908050928769,FALSE,TRUE,27,36,18,32,32,43,FALSE,,,,FALSE
934980-99999,3.90903659213146,-0.737612940256525,2022-12,-1.77996899287738,1.12219105658194,FALSE,TRUE,100,111,20,8,156,152,FALSE,,,,FALSE
935270-99999,4.11573611400692,-1.44931766489801,2024-06,-4.98786725138103,0.627699943512954,FALSE,TRUE,,0,6,0,10,10,FALSE,,,,FALSE
936140-99999,6.39719240949808,-2.74303911925691,2023-07,-9.06583997962718,0.855793425273452,FALSE,TRUE,29,34,7,6,48,50,FALSE,,,,FALSE
936780-99999,13.6616536448993,-1.56448984785449,2024-05,-4.7381576281362,0.762539962317407,FALSE,TRUE,69,73,7,0,71,87,FALSE,,,,FALSE
938000-99999,8.29809575831446,-3.22291595467788,2023-07,-5.88761907047497,1.54829699372055,FALSE,TRUE,,0,15,0,530,544,FALSE,,,,FALSE
938050-99999,0.759352637744263,-3.2307291146415,2023-07,-9.89826098403064,0.883878068570764,FALSE,TRUE,,0,,0,,3,TRUE,,,,FALSE
938310-99999,6.59491451112162,1.07533590217606,2023-03,3.27840877521683,0.92773947438175,FALSE,TRUE,362,360,318,310,597,596,FALSE,,,,FALSE
938910-99999,3.20747876206433,-1.75661308978912,2023-08,-10.4681901858318,0.474623790993819,FALSE,TRUE,8,1,7,-1,19,3,FALSE,,,,FALSE
939290-99999,2.4556805551899,-3.82702739945953,2024-01,-16.0723017341913,0.673485869217527,FALSE,TRUE,,0,3,0,35,35,FALSE,,,,FALSE
941020-99999,-2.29540196261257,-0.593414646677057,2023-12,-6.5265435688196,0.251755119317276,FALSE,TRUE,20,7,7,0,20,7,FALSE,,,,FALSE
941160-99999,2.08122041216253,-0.251503952248254,2022-09,-2.44176841250898,0.214413137398475,FALSE,TRUE,13,3,4,0,18,11,FALSE,,,,FALSE
941220-99999,-0.0116773791802048,-0.4211391912517,2022-10,-3.95019325393219,0.261145737168217,FALSE,TRUE,,0,14,0,21,17,FALSE,,,,FALSE
941300-99999,-4.95429873122139,0.553336845503039,2024-04,3.99938925990802,0.338899976791673,FALSE,TRUE,58,72,54,62,75,73,FALSE,,,,FALSE
941310-99999,-0.197973979257165,-0.116254032831633,2023-04,-1.06975381521629,0.307375449514657,FALSE,FALSE,122,137,122,132,134,138,FALSE,,,,FALSE
941350-99999,1.50659306189654,-0.234624757314849,2023-03,-3.84717229713122,0.172495270934749,FALSE,TRUE,8,5,7,0,16,16,FALSE,,,,FALSE
941400-99999,1.05003147373025,1.98701364606308,2022-09,13.1641175931293,0.348584811802877,FALSE,TRUE,5,13,4,2,17,23,FALSE,,,,FALSE
941410-99999,-1.6654376711415,-0.296014715497382,2022-12,-2.76059558856499,0.290376338473177,FALSE,TRUE,416,431,397,402,417,431,FALSE,,,,FALSE
941470-99999,0.0703872668284299,-0.341659120095331,2023-05,-3.7799442434869,0.255654015098146,FALSE,TRUE,13,18,4,0,13,18,FALSE,,,,FALSE
941520-99999,-0.777801850795075,0.232275228643329,2024-04,3.57892097047138,0.15897411391834,FALSE,TRUE,11,16,7,11,25,21,FALSE,,,,FALSE
941530-99999,-0.140770131830724,-0.292166276172214,2022-11,-6.02701074125538,0.125164880846911,FALSE,FALSE,9,14,7,9,13,17,FALSE,,,,FALSE
941710-99999,0.0319658128021511,-0.129967007131666,2023-03,-1.59286130638223,0.230781052198573,FALSE,FALSE,27,29,22,23,29,30,FALSE,,,,FALSE
941820-99999,1.38051480926397,-0.560406558273935,2023-06,-5.53348221260755,0.286450565738915,FALSE,TRUE,4,7,4,0,9,7,FALSE,,,,FALSE
941830-99999,-0.0783161129173199,-0.312169703728888,2024-01,-3.39367559933168,0.260174914103354,FALSE,TRUE,154,166,147,161,162,170,FALSE,,,,FALSE
941880-99999,-2.71904978570953,-0.46839113021895,2023-10,-5.10135690841283,0.259697606242177,FALSE,TRUE,31,36,12,0,159,145,FALSE,,,,FALSE
942060-99999,-0.580025674677569,2.39098592339794,2024-06,5.64965243363222,0.91423675852116,FALSE,TRUE,103,116,97,107,121,124,FALSE,,,,FALSE
942100-99999,-0.202187015117899,2.54231933488724,2022-10,12.8451268970992,0.484805263783882,FALSE,TRUE,,0,7,0,16,7,FALSE,,,,FALSE
942120-99999,-14.0212195997265,0.799001119628969,2024-07,1.9191848430714,0.832646342027457,FALSE,TRUE,407,412,392,402,421,429,FALSE,,,,FALSE
942160-99999,-1.85918467684382,-0.365720613173696,2023-07,-2.71734828928084,0.380670415514919,FALSE,FALSE,47,44,44,42,49,47,FALSE,,,,FALSE
942170-99999,-4.97937962891389,2.57818786688748,2023-07,10.9406318476299,0.666526083406765,FALSE,TRUE,170,157,136,139,170,159,FALSE,,,,FALSE
942310-99999,-0.645826265664276,-0.393070922353715,2022-11,-2.33155066194112,0.435291745533534,FALSE,TRUE,305,313,299,310,328,335,FALSE,,,,FALSE
942320-99999,-0.0235912651428408,0.268777275057158,2024-03,1.93091335952911,0.359405012485644,FALSE,TRUE,81,90,71,83,91,93,FALSE,,,,FALSE
942340-99999,-0.852465939119032,0.382175658533234,2024-02,3.8463834472102,0.269067447369984,FALSE,TRUE,208,212,202,208,213,215,FALSE,,,,FALSE
942380-99999,-1.05880570984369,-0.451742038384897,2024-07,-2.42554244858802,0.372487431541649,FALSE,TRUE,368,364,356,363,383,381,FALSE,,,,FALSE
942480-99999,0.410317285790082,-0.226411576830662,2022-08,-3.16722199120338,0.154427099903583,FALSE,TRUE,,0,6,0,9,10,FALSE,,,,FALSE
942600-99999,1.54268506653536,0.251774116314595,2023-07,2.80771159700939,0.253631726510557,FALSE,TRUE,12,5,8,3,14,7,FALSE,,,,FALSE
942610-99999,0.728535005681052,0.364522020326553,2024-03,2.75546269487958,0.341573054542193,FALSE,TRUE,125,124,117,117,135,137,FALSE,,,,FALSE
942680-99999,-1.3763680101569,0.26332019718243,2024-03,2.45384374301469,0.277071361019014,FALSE,TRUE,18,13,13,8,28,18,FALSE,,,,FALSE
942870-99999,3.546197628105,-0.61181085197774,2023-09,-7.79079038483661,0.222116412259782,FALSE,FALSE,15,1,7,0,18,4,FALSE,,,,FALSE
942890-99999,0.172137467675508,-0.381654817305716,2023-11,-3.66589241097321,0.294466589997649,FALSE,TRUE,,,,,,,,,,,FALSE
942900-99999,-0.0382138962126634,-0.314785910071978,2023-03,-4.03672668935907,0.208758679700302,FALSE,TRUE,,0,,0,,0,FALSE,,,,FALSE
942940-99999,-0.953901696249125,-0.462728353039172,2023-06,-6.8898006952295,0.189960999311828,FALSE,FALSE,7,6,6,3,10,9,FALSE,,,,FALSE
942980-99999,-2.21110135228437,-1.2506149386197,2023-02,-10.0711618596262,0.351227918318456,FALSE,TRUE,,,,,,,,,,,FALSE
943000-99999,-1.60134316903091,-0.304878590159282,2022-12,-3.03642577373036,0.271903608581917,FALSE,FALSE,9,5,6,0,11,5,FALSE,,,,FALSE
943020-99999,-1.25821065269038,,,,,FALSE,FALSE,6,4,6,2,9,7,FALSE,,,,FALSE
943080-99999,-1.51241695244987,-0.363705215010496,2024-06,-4.62940612157725,0.169717895214505,FALSE,TRUE,8,9,5,2,12,19,FALSE,,,,FALSE
943120-99999,-5.17971526133389,-0.400386594970897,2023-12,-3.27596023838921,0.345689270684581,FALSE,FALSE,16,12,15,8,18,13,FALSE,,,,FALSE
943160-99999,1.16198772290196,-0.302594271658426,2023-02,-2.42270238228125,0.353269081671359,FALSE,TRUE,418,428,410,421,441,444,FALSE,,,,FALSE
943170-99999,-0.616112540363806,-0.332474561923464,2023-05,-2.91603793088393,0.322485540833613,FALSE,TRUE,512,527,505,521,519,528,FALSE,,,,FALSE
943210-99999,0.231729793016563,-0.301431972733178,2023-08,-2.77636292550876,0.307084625036203,FALSE,TRUE,445,452,435,448,455,457,FALSE,,,,FALSE
943270-99999,-3.57720579636855,-0.201288787457898,2023-08,-2.19508951861949,0.259365580093174,FALSE,TRUE,325,330,314,326,330,336,FALSE,,,,FALSE
943280-99999,-0.958142315700662,-0.57117764509964,2024-06,-3.49885559359117,0.352653804613361,FALSE,TRUE,559,567,555,565,568,573,FALSE,,,,FALSE
943320-99999,-1.13032106830217,0.341729408562768,2022-07,2.05073062339381,0.333275764904929,FALSE,FALSE,334,340,329,336,340,342,FALSE,,,,FALSE
943380-99999,-0.948131696947991,0.203777197938725,2022-10,1.52017943184869,0.328349499872516,FALSE,TRUE,268,273,257,267,270,276,FALSE,,,,FALSE
943410-99999,2.15430287665199,-0.126155765747068,2024-04,-1.43480430682243,0.215372404948214,FALSE,FALSE,198,206,195,204,201,207,FALSE,,,,FALSE
943420-99999,-0.185240573926789,-0.495071973566013,2023-07,-4.16229241050805,0.336419179777142,FALSE,TRUE,185,195,178,187,201,198,FALSE,,,,FALSE
943430-99999,2.26008090974814,-0.594521354739609,2023-02,-4.80024344349409,0.350307301240196,FALSE,TRUE,309,320,304,316,321,325,FALSE,,,,FALSE
943460-99999,0.0926066714003625,-0.208205413923004,2023-09,-2.33762443162419,0.251919783303116,FALSE,TRUE,181,194,173,185,188,199,FALSE,,,,FALSE
943630-99999,-0.100501718684392,0.290791783160843,2024-06,3.51284895005427,0.178824098871274,FALSE,TRUE,182,186,180,183,190,192,FALSE,,,,FALSE
943660-99999,1.08096600568681,-0.231553115924244,2023-07,-3.63880213986524,0.179985360216339,FALSE,FALSE,10,7,8,4,14,9,FALSE,,,,FALSE
943710-99999,2.81548117431978,-0.57478205014432,2023-06,-6.12941170445709,0.265234123572291,FALSE,TRUE,,0,,0,,0,FALSE,,,,FALSE
943730-99999,-0.615564932466807,-0.228223877747706,2023-06,-3.06878712013395,0.210348447470085,FALSE,TRUE,12,8,7,0,106,104,FALSE,,,,FALSE
943790-99999,1.7494998986399,-0.38509166845132,2023-07,-5.63640367512521,0.193244448648772,FALSE,TRUE,,0,,0,,0,FALSE,,,,FALSE
943870-99999,4.63801116662373,-0.0849159718655091,2022-11,-1.30639029639297,0.167830469332271,FALSE,TRUE,25,34,20,23,37,44,FALSE,,,,FALSE
943930-99999,1.09293629450036,-0.333622404171852,2023-10,-3.5948939862405,0.26249081641752,FALSE,TRUE,,0,,0,,6,FALSE,,,,FALSE
943940-99999,2.0878894461898,-0.483441981548621,2023-10,-4.9577656529653,0.275805778160434,FALSE,TRUE,,0,,0,,9,FALSE,,,,FALSE
944030-99999,-6.89809509866531,-0.428981592244862,2022-12,-3.65476918297078,0.317855269448809,FALSE,FALSE,33,37,18,33,41,37,FALSE,,,,FALSE
944050-99999,-9.26410005863336,-0.332327128343733,2023-01,-4.69574191889234,0.200173493418511,FALSE,TRUE,12,10,5,0,15,10,FALSE,,,,FALSE
944170-99999,-3.10996237138952,-0.381536950275732,2022-10,-2.70554745232561,0.345427630696276,FALSE,TRUE,261,280,242,268,279,297,FALSE,,,,FALSE
944490-99999,-2.80815533901824,-0.371671439637989,2022-12,-2.79881099981011,0.35961378477387,FALSE,TRUE,467,463,446,459,467,467,FALSE,,,,FALSE
944570-99999,-2.64251716418774,-0.403392725542797,2023-01,-3.77949034635193,0.301883805035204,FALSE,TRUE,449,459,436,455,466,464,FALSE,,,,FALSE
944610-99999,-5.36356192620491,-0.543550225135315,2023-07,-6.63569752784858,0.231685093237376,FALSE,TRUE,592,596,570,579,593,603,FALSE,,,,FALSE
944740-99999,-1.16287701522495,1.15282190115147,2022-09,8.27002986509396,0.3219248519364,FALSE,TRUE,712,705,694,694,778,765,FALSE,,,,FALSE
944760-99999,0.846815929536675,-1.32929987544825,2023-05,-10.4213897977138,0.36077988613998,FALSE,TRUE,117,119,106,109,136,125,FALSE,,,,FALSE
945100-99999,-1.16199785018572,-0.512421822997075,2022-09,-3.74492532387239,0.315997625437384,FALSE,FALSE,308,309,298,301,312,310,FALSE,,,,FALSE
945150-99999,4.1429438219276,-0.170053616887759,2023-12,-1.61721710784192,0.297414775254499,FALSE,TRUE,292,305,287,302,300,311,FALSE,,,,FALSE
945170-99999,2.09057988060026,-0.226169699754616,2023-06,-1.76252733509169,0.362947286459178,FALSE,TRUE,195,206,188,200,195,208,FALSE,,,,FALSE
945530-99999,-2.91681252692034,-0.320306088436541,2023-04,-2.25682003812651,0.401433172982346,FALSE,TRUE,875,877,827,831,905,907,FALSE,,,,FALSE
945550-99999,3.05616359564073,-0.1447585188237,2022-11,-1.20630032048422,0.309843976719825,FALSE,TRUE,495,497,460,462,630,628,FALSE,,,,FALSE
945880-99999,-1.99261358364786,-0.357778818940398,2024-01,-4.19594673804249,0.241173537065149,FALSE,TRUE,1045,1039,1028,1031,1061,1063,FALSE,,,,FALSE
945956-99999,-3.24373097070211,0.53363512907896,2022-08,2.42587340335737,0.439952990407841,FALSE,FALSE,286,301,282,295,288,301,FALSE,,,,FALSE
946010-99999,0.399225843043632,-0.81920209646176,2022-07,-3.01056803076475,0.544217628095695,FALSE,TRUE,,0,8,0,136,143,FALSE,,,,FALSE
946020-99999,1.27048940334112,-0.725781507993763,2022-11,-6.98085823713803,0.26844260862664,FALSE,TRUE,,0,2,0,30,29,FALSE,,,,FALSE
946080-99999,-0.738610450796148,-0.406329110929548,2022-11,-4.50845279455229,0.232704499957793,FALSE,TRUE,22,29,14,21,41,49,FALSE,,,,FALSE
946120-99999,3.02633932828556,2.17340118123192,2022-08,12.2197362447423,0.384221317794748,FALSE,FALSE,35,32,28,31,40,41,FALSE,,,,FALSE
946170-99999,-0.395467495083642,-0.621130815510524,2022-10,-7.70174248930237,0.197546667346105,FALSE,TRUE,271,287,234,244,292,305,FALSE,,,,FALSE
946370-99999,0.844346334476106,-0.527753536587554,2022-10,-4.47233408673852,0.289049710848299,FALSE,FALSE,345,367,327,363,347,368,FALSE,,,,FALSE
946440-99999,0.456108049439996,-0.28865986095982,2022-11,-3.38450352846276,0.220214442052149,FALSE,TRUE,3,7,3,0,20,28,FALSE,,,,FALSE
946470-99999,-8.98113833899453,-0.49941388511796,2023-05,-6.35609393110036,0.222236454409662,FALSE,FALSE,55,69,46,58,76,82,TRUE,,,,FALSE
946510-99999,-2.78270636593936,-0.643958044576457,2022-08,-5.90177279032224,0.235710254970463,FALSE,TRUE,53,63,46,57,58,65,FALSE,,,,FALSE
946550-99999,-2.16091612148571,-0.440826203074613,2022-11,-6.13481101314511,0.185532750660838,FALSE,TRUE,117,125,108,121,125,134,FALSE,,,,FALSE
946590-99999,1.15248642914567,-0.364424632070345,2022-11,-3.66499434442276,0.256737191259979,FALSE,FALSE,156,168,152,165,158,169,FALSE,,,,FALSE
946620-99999,0.843108470099868,-0.406208766051325,2023-03,-5.41418068490285,0.212207896092751,FALSE,TRUE,163,171,147,160,201,190,FALSE,,,,FALSE
946900-99999,0.239834344187264,-0.318806837067838,2022-10,-2.58624010826481,0.301949565638264,FALSE,FALSE,93,112,91,108,100,114,FALSE,,,,FALSE
946910-99999,-0.720619326923533,-0.270732070688555,2023-12,-4.67517981598672,0.163789621450656,FALSE,TRUE,280,288,267,277,299,296,FALSE,,,,FALSE
947100-99999,-1.13114351812766,-1.29098665065896,2023-04,-13.6907458134007,0.26671020776932,FALSE,TRUE,215,218,203,211,231,236,FALSE,,,,FALSE
947150-99999,1.32322670798089,-0.46551310461074,2023-06,-5.34017526297071,0.246559303237806,FALSE,TRUE,222,231,213,228,243,235,FALSE,,,,FALSE
947290-99999,-2.15926253726355,-0.425082247516619,2022-08,-1.47544944993545,0.622374834500353,FALSE,TRUE,734,735,708,714,756,763,FALSE,,,,FALSE
947620-99999,354.514874272197,-7.1866703933954,2022-08,-2.38573935270971,6.507409293143,FALSE,TRUE,26,29,9,18,57,62,FALSE,1,9.26960756531182,-2.62702617645455,TRUE
948110-99999,0.445896663614976,-0.533667039051629,2023-07,-2.84149176879099,0.531213338505941,FALSE,TRUE,343,338,295,299,354,351,FALSE,,,,FALSE
948130-99999,0.626805472092074,-0.353317196858453,2022-11,-7.19267856097914,0.126831898831599,FALSE,TRUE,7,19,4,4,15,30,FALSE,,,,FALSE
948280-99999,-2.03030694950224,-0.248507483682956,2023-11,-2.02524378176114,0.34706207414698,FALSE,TRUE,91,81,61,71,103,86,FALSE,,,,FALSE
948390-99999,0.404639898238201,0.253117175183412,2022-07,1.98535031082615,0.254984899947541,FALSE,TRUE,137,131,113,130,137,137,FALSE,,,,FALSE
948420-99999,1.31242786033543,-0.371279454749333,2023-11,-1.56249900783835,0.672088030396134,FALSE,TRUE,99,99,27,0,122,123,FALSE,,,,FALSE
948430-99999,0.757790896989876,-0.269525460004505,2024-07,-2.29771354322734,0.234603186980334,FALSE,TRUE,69,72,63,68,79,79,FALSE,,,,FALSE
948740-99999,2.96349342831288,0.55922996023651,2023-08,2.17885995626557,0.725948991790498,FALSE,TRUE,136,141,126,137,140,153,FALSE,,,,FALSE
948760-99999,-51.3517980635008,-5.51042020481907,2023-11,-2.14483882843676,7.26666347579097,FALSE,TRUE,103,114,99,109,112,117,FALSE,,,,TRUE
948860-99999,-0.416714976324238,-0.572291561517786,2022-11,-3.9987206617114,0.369530803215246,FALSE,FALSE,6,5,6,3,9,5,FALSE,,,,FALSE
948910-99999,0.402515358367647,-0.365038415180246,2023-02,-3.26029392212985,0.316684501376391,FALSE,TRUE,52,57,35,49,70,72,FALSE,,,,FALSE
949030-99999,-0.0432695947978485,-2.25442941556438,2023-08,-2.60229059253825,2.4503371483922,FALSE,TRUE,1731,1741,1389,1436,1773,1783,FALSE,,,,FALSE
949050-99999,-0.249730227972661,5.40022060836954,2024-02,11.9127305248342,1.22758308921263,FALSE,TRUE,1287,1294,1197,1228,1318,1332,FALSE,,,,FALSE
949100-99999,-6.47002614519931,-0.457282199831572,2023-01,-2.84697973936104,0.454302276825302,FALSE,FALSE,198,219,196,216,209,219,FALSE,,,,FALSE
949120-99999,-0.996550881800819,-0.32591852885562,2024-03,-5.43833234920031,0.154738248593658,FALSE,TRUE,35,51,23,37,43,54,FALSE,,,,FALSE
949340-99999,1.30657244515615,-0.360732877257417,2023-06,-4.03224735673255,0.253036722342699,FALSE,TRUE,,0,11,0,41,46,FALSE,,,,FALSE
949530-99999,0.702085762918676,-0.21057862768379,2022-09,-1.3317478176339,0.365167115782696,FALSE,TRUE,20,8,6,7,23,18,FALSE,,,,FALSE
949550-99999,-8.31677138419928,-17.3320185551516,2023-02,-99.8091220954785,0.491161031965592,TRUE,TRUE,253,266,231,239,286,290,FALSE,,,,FALSE
949560-99999,-1.20450263958311,-1.17888709917641,2022-11,-5.02275174326392,0.606017091234536,FALSE,TRUE,13,18,1,10,23,26,FALSE,,,,FALSE
949950-99999,0.618673798254444,-0.542939098502202,2023-06,-3.5974666709312,0.426873634632274,FALSE,FALSE,6,4,5,1,13,7,FALSE,,,,FALSE
949960-99999,2.78840537007142,-0.699164833782066,2023-06,-6.73328074004792,0.293695875292403,FALSE,FALSE,91,109,89,108,106,113,FALSE,,,,FALSE
949980-99999,1.16567527783227,-0.615499156434871,2023-02,-3.89010262240616,0.447518916157021,FALSE,FALSE,10,5,3,1,10,6,FALSE,,,,FALSE
951010-99999,1.22427847673032,1.07200739113031,2024-07,4.69773838325421,0.456392971967805,FALSE,TRUE,39,47,25,33,52,56,FALSE,,,,FALSE
951460-99999,-0.439049205774046,-0.555974230439595,2023-03,-8.45871245360965,0.185906850795499,FALSE,TRUE,,0,8,0,33,32,FALSE,,,,FALSE
952050-99999,-1.00585461561041,1.72889728858303,2024-06,9.90899659524671,0.37691455146467,FALSE,TRUE,13,5,9,5,18,17,FALSE,,,,FALSE
952880-99999,1.10748045644435,-0.454672966714835,2023-06,-4.51531177032249,0.284810754463853,FALSE,TRUE,,,,,,,,,,,FALSE
953040-99999,1.80586635469302,-0.353074183938464,2023-03,-3.75334196673452,0.266068108834756,FALSE,TRUE,,0,4,0,17,8,FALSE,,,,FALSE
953220-99999,0.0696016359729409,0.28995743623715,2024-03,1.25388666006782,0.597076996626761,FALSE,TRUE,331,343,324,336,334,343,FALSE,,,,FALSE
953510-99999,-1.2719383119355,-0.282356342079253,2023-11,-2.79109658356545,0.286132820155181,FALSE,TRUE,268,283,263,280,277,286,FALSE,,,,FALSE
954480-99999,4.62610558723229,-0.498237871308121,2023-05,-6.5958663834342,0.213653435024553,FALSE,TRUE,497,498,486,492,509,506,FALSE,,,,FALSE
954580-99999,-0.364214368922363,-0.728008391361418,2023-05,-7.5861466851123,0.271431435040726,FALSE,TRUE,228,224,213,221,244,227,FALSE,,,,FALSE
954800-99999,-1.68509403173522,-0.23614135327947,2022-07,-1.62517179164454,0.290604789590292,FALSE,TRUE,32,48,32,41,52,55,FALSE,,,,FALSE
954810-99999,-0.0510041344418743,0.200731739476171,2022-08,1.76630889291444,0.245500727289539,FALSE,TRUE,20,50,7,32,35,50,FALSE,,,,FALSE
954820-99999,-0.0165941310773169,-0.578827967323478,2023-02,-5.09248698939973,0.321487855884028,FALSE,FALSE,42,49,36,45,49,51,FALSE,,,,FALSE
954850-99999,-2.63992820010061,-0.213176066803583,2023-02,-3.5240148607566,0.171098305063478,FALSE,FALSE,166,176,154,173,168,176,FALSE,,,,FALSE
954870-99999,3.24598146094692,-0.533518283358141,2022-07,-4.2045009144424,0.253784358341088,FALSE,TRUE,112,116,96,107,117,124,FALSE,,,,FALSE
954920-99999,-0.671662230866867,-0.178898600850456,2023-06,-2.49780637952668,0.202578414152524,FALSE,FALSE,115,135,114,133,123,136,FALSE,,,,FALSE
955290-99999,-3.073397487233,-0.161501702227848,2023-01,-1.37012784219685,0.333396476741546,FALSE,TRUE,292,301,283,294,302,311,FALSE,,,,FALSE
955430-99999,1.49477790904038,-0.215315378323598,2023-06,-2.24683778693661,0.27104932094621,FALSE,TRUE,119,116,84,94,122,133,FALSE,,,,FALSE
955750-99999,1.06445412977175,-0.146827648564881,2023-12,-2.36069480197652,0.17591909954472,FALSE,TRUE,34,42,27,37,57,66,FALSE,,,,FALSE
956320-99999,0.168508435414056,-0.612389052899566,2022-10,-5.30570503255453,0.282722219660969,FALSE,TRUE,154,165,148,158,260,261,FALSE,,,,FALSE
956360-99999,0.280311311036325,-0.75641340597484,2022-11,-9.05763880210806,0.215624740486579,FALSE,TRUE,300,306,272,295,319,330,FALSE,,,,FALSE
956440-99999,0.400073599001316,-0.669911094593432,2022-10,-8.47339115852161,0.193658043643245,FALSE,TRUE,201,215,182,191,234,233,FALSE,,,,FALSE
956540-99999,-2.06168418077392,-0.495222854718166,2023-10,-5.08797738041164,0.275296380143455,FALSE,TRUE,79,86,68,75,101,95,FALSE,,,,FALSE
956630-99999,3.25005357978523,-0.213596537085856,2024-04,-1.84564137191383,0.283480059911791,FALSE,TRUE,60,61,37,60,60,68,FALSE,,,,FALSE
956670-99999,0.260533848710973,-0.639896528518669,2022-11,-3.76055356096746,0.439351735158048,FALSE,TRUE,380,385,361,375,427,433,FALSE,,,,FALSE
956950-99999,-0.574842133431249,-0.418737389598695,2022-11,-4.08254614743047,0.264828675991957,FALSE,TRUE,87,96,70,93,96,103,FALSE,,,,FALSE
956970-99999,2.95653386923448,-0.354235480676167,2022-12,-3.69031674624883,0.2599435989899,FALSE,TRUE,96,99,87,89,111,104,FALSE,,,,FALSE
957100-99999,-2.41312254366716,-0.686981898719349,2023-02,-9.71166417822777,0.200076753158698,FALSE,TRUE,219,215,196,209,224,217,FALSE,,,,FALSE
957160-99999,-1.81066733142463,-0.371711199366255,2023-06,-6.10434273043324,0.172231161533232,FALSE,TRUE,631,642,625,635,654,658,FALSE,,,,FALSE
957280-99999,-1.36748836323596,-0.347841097602057,2023-06,-3.56461652539759,0.276002534508087,FALSE,TRUE,580,592,568,580,635,642,FALSE,,,,FALSE
957400-99999,1.7183219908633,-0.546459689858558,2023-01,-6.44999827764383,0.239631290249111,FALSE,TRUE,244,263,244,261,253,267,FALSE,,,,FALSE
957480-99999,0.0720048577339825,-0.542174297378805,2023-11,-3.72890882252793,0.411246442868726,FALSE,TRUE,7,9,6,1,27,31,FALSE,,,,FALSE
957730-99999,-2.64296861166685,-0.674347970096388,2023-06,-5.94299212659222,0.320940033153275,FALSE,TRUE,1079,1089,1055,1064,1084,1089,FALSE,,,,FALSE
957840-99999,1.10626316096964,-0.455428549887682,2023-06,-5.40878974471685,0.238157984444555,FALSE,TRUE,7,3,6,-1,18,19,FALSE,,,,FALSE
958050-99999,0.606454519318535,-0.628442732020176,2024-05,-3.58438984198087,0.404901918036458,FALSE,TRUE,128,145,10,0,157,172,FALSE,,,,FALSE
958250-99999,3.83671096186129,-0.117268021427861,2023-08,-1.18387935613911,0.280167105669934,FALSE,TRUE,136,136,117,124,145,157,FALSE,,,,FALSE
959090-99999,582.770741770862,0.898243730169237,2023-03,1.16767371921237,2.17579353653483,FALSE,TRUE,1862,1859,1439,1446,2099,2096,TRUE,1,32.5856553425727,5.83337502640577,TRUE
959310-99999,0.917070250942255,-0.507585909305203,2024-01,-5.37827522012676,0.255574340104171,FALSE,TRUE,34,31,7,8,99,101,FALSE,,,,FALSE
959520-99999,1.26199034422941,-1.12966165882171,2024-05,-1.82691206892599,1.4280062492495,FALSE,TRUE,967,983,836,845,1078,1083,TRUE,1,39.2371934344893,-1.4131308609969,TRUE
959590-99999,-0.691939797485464,-0.694694846960624,2022-11,-4.24923355303544,0.422121862589018,FALSE,TRUE,1052,1056,1012,1023,1090,1090,FALSE,,,,FALSE
959670-99999,1.69586412057436,-0.365049558419623,2023-10,-2.01361399596795,0.512767628243639,FALSE,TRUE,35,40,3,0,113,112,FALSE,,,,FALSE
959850-99999,1.74094011055791,-0.358248192233425,2023-09,-2.80450651479198,0.361303815469819,FALSE,TRUE,,0,,0,,0,FALSE,,,,FALSE
959880-99999,3.10003621803959,-0.485742397611289,2024-04,-4.48025275528962,0.265570066148387,FALSE,TRUE,,0,3,0,8,18,FALSE,,,,FALSE
960110-99999,4.10299074951875,-1.95711692700059,2023-07,-9.74056147880219,0.568300155455629,FALSE,FALSE,12,21,10,19,18,23,FALSE,,,,FALSE
960150-99999,1.58059370908232,0.853423071239007,2024-01,5.07863822502732,0.475293741476067,FALSE,FALSE,10,4,10,4,12,5,FALSE,,,,FALSE
960350-99999,4.19180901899549,-2.17667546370474,2023-01,-10.4426734051338,0.58955860098864,FALSE,FALSE,10,14,6,7,17,15,FALSE,,,,FALSE
960730-99999,7.19026557972875,-1.97625513363223,2022-11,-6.83380729469899,0.746680231613766,FALSE,FALSE,7,9,6,8,8,12,FALSE,,,,FALSE
960750-99999,5.84263471330059,-2.59038269884544,2024-07,-6.20663324969969,0.83471427894367,FALSE,FALSE,7,8,7,6,10,9,FALSE,,,,FALSE
960910-99999,-0.922535363167947,5.80359628627786,2024-02,30.8672693281426,0.509154628197461,FALSE,FALSE,9,17,9,13,24,21,FALSE,,,,FALSE
961090-99999,10.2315973079438,-2.00381361826227,2022-11,-6.85692633366445,0.754539900706593,FALSE,FALSE,47,41,33,38,78,43,FALSE,,,,FALSE
961450-99999,1.42729797647981,-0.687748628544218,2022-11,-3.41536107851332,0.519933114634389,FALSE,TRUE,362,379,10,0,455,453,FALSE,,,,FALSE
961710-99999,9.06139864391392,0.410740242238682,2022-08,1.99143524359507,0.445558216184607,FALSE,TRUE,4,24,4,17,49,54,FALSE,,,,FALSE
961790-99999,3.73050731407904,-0.893595603771089,2022-11,-4.51776191931195,0.510707285814164,FALSE,FALSE,25,29,22,24,31,33,FALSE,,,,FALSE
962210-99999,-0.0995716606851252,-1.23184987876474,2022-12,-6.06120088877354,0.550363748453811,FALSE,FALSE,10,9,2,8,13,16,FALSE,,,,FALSE
962490-99999,3.02672589998442,0.759776723263986,2022-07,2.67389054663914,0.568293062121756,FALSE,FALSE,55,54,54,52,57,58,FALSE,,,,FALSE
962530-99999,11.2817347194375,1.90614022469033,2023-11,9.14815802934383,0.589340356582212,FALSE,FALSE,16,21,14,19,19,24,FALSE,,,,FALSE
962950-99999,5.70705930482296,-1.54304414211145,2022-11,-7.00806109314212,0.440362639995084,FALSE,FALSE,62,79,54,75,66,85,FALSE,,,,FALSE
964130-99999,-5.0929133033269,-2.50042573409002,2023-05,-6.09815445459853,1.15973972492293,FALSE,FALSE,9,28,5,24,19,28,FALSE,,,,FALSE
964210-99999,-6.24701030280075,-3.2746360399185,2023-04,-3.45368906672793,2.68179017277659,FALSE,FALSE,19,32,16,29,31,34,FALSE,,,,FALSE
964410-99999,0.894434288621515,3.14127459207183,2024-05,3.66315988092342,1.9803839202061,FALSE,FALSE,22,38,16,34,28,48,FALSE,,,,FALSE
964490-99999,-1.43770049802275,-2.43768785103741,2023-05,-4.32596915773232,1.59382145090297,FALSE,FALSE,34,16,14,15,39,19,FALSE,,,,FALSE
964650-99999,-2.59615063795315,-0.521434375579479,2022-07,-1.74024364364134,0.59926594472532,FALSE,FALSE,19,29,14,29,19,34,FALSE,,,,FALSE
964710-99999,0.67340151474593,1.97567742904534,2022-08,10.7162721695974,0.398268257179489,FALSE,FALSE,14,8,9,5,17,12,FALSE,,,,FALSE
964810-99999,-0.132455873003229,-1.74498647886209,2023-11,-5.56100619620194,0.887531305485649,FALSE,FALSE,18,17,15,15,21,21,FALSE,,,,FALSE
965290-99999,-9.09517847182969,-0.898069839467377,2023-09,-5.40728731377014,0.469759594130929,FALSE,TRUE,12,3,6,3,56,54,FALSE,,,,FALSE
965350-99999,-7.94436557582847,-0.635827362464195,2022-07,-2.95158933371802,0.430837281596533,FALSE,TRUE,8,10,6,0,17,15,FALSE,,,,FALSE
965570-99999,3.29559115253737,0.792970402416744,2024-07,2.21323600566308,0.71657103028122,FALSE,TRUE,30,30,21,28,57,53,FALSE,,,,FALSE
965650-99999,33.0302093976001,-0.739165578688472,2022-12,-2.17726409417275,0.908843753347511,FALSE,TRUE,27,32,14,29,55,46,FALSE,,,,TRUE
965810-99999,2.86137696957769,-0.75778938544532,2023-07,-5.55971267719463,0.385514895658205,FALSE,FALSE,32,3,19,0,40,4,FALSE,,,,FALSE
965950-99999,-22.5094610428069,-0.687222624924392,2023-08,-2.69684893023504,0.720751945458813,FALSE,TRUE,15,25,10,17,51,53,FALSE,,,,TRUE
966330-99999,4.84370749713476,1.62235060044049,2023-11,6.20457903692328,0.739566764614796,FALSE,FALSE,5,7,5,5,7,8,FALSE,,,,FALSE
966450-99999,2.23123315730625,-0.938556760485628,2023-05,-4.467421131879,0.594221883522076,FALSE,FALSE,16,26,11,25,19,30,FALSE,,,,FALSE
966550-99999,-11.8128075925489,1.05119611563894,2024-05,2.91308933121539,0.833353586286374,FALSE,TRUE,6,9,4,6,15,16,FALSE,,,,FALSE
966850-99999,2.70519743137472,0.532008689566241,2023-06,3.24819974413591,0.463255934579271,FALSE,FALSE,13,25,7,21,17,26,FALSE,,,,FALSE
967410-99999,2.90140801753081,-1.41140255632687,2023-06,-7.86275844314527,0.507716128266826,FALSE,TRUE,,0,3,-2,8,2,FALSE,2,23.5071777234521,-2.18430886295173,TRUE
967910-99999,-0.36964053393211,0.700139073195007,2022-08,2.39222652812023,0.632245000332511,FALSE,TRUE,52,56,44,47,68,60,FALSE,,,,FALSE
968370-99999,3.92888152479091,-1.12150532439029,2022-11,-3.14382945303416,0.921078684225799,FALSE,TRUE,10,7,5,2,13,11,FALSE,,,,FALSE
969250-99999,3.72064370832726,-1.05249605630542,2022-12,-7.17671014767369,0.397141968311889,FALSE,TRUE,,3,4,0,18,24,FALSE,,,,FALSE
969730-99999,0.94693123105335,-1.08646987173981,2023-06,-8.57629817348067,0.358313201487165,FALSE,TRUE,,0,,0,,0,FALSE,,,,FALSE
969870-99999,45.6822067932493,-1.30254215786111,2023-05,-3.52856381118163,1.04409209173011,FALSE,TRUE,7,2,3,0,15,13,FALSE,,,,TRUE
969950-99999,-20.9993192167724,-1.10186494185175,2023-08,-7.47124745586326,0.417138464192428,FALSE,FALSE,263,260,261,259,285,265,FALSE,,,,TRUE
969960-99999,0.670264877562585,-1.26094447022544,2023-07,-10.7652220512352,0.331297350431812,FALSE,FALSE,20,6,3,5,41,10,FALSE,,,,FALSE
970080-99999,10.3668039244548,-2.11033013268678,2023-06,-6.08621758487709,0.980726519586146,FALSE,FALSE,26,15,21,9,28,27,FALSE,,,,FALSE
970160-99999,2.40610063289343,-1.56311921694946,2022-11,-2.95553221297583,1.36555996441817,FALSE,TRUE,,0,5,0,110,114,FALSE,,,,FALSE
970280-99999,8.99550760192924,-0.463452566010737,2023-08,-3.29006318914275,0.398424508399652,FALSE,TRUE,15,8,7,1,230,243,FALSE,,,,FALSE
970480-99999,1.41041226938939,-1.34255201757111,2022-11,-6.94271445701035,0.499293817297424,FALSE,FALSE,33,32,29,30,36,35,FALSE,,,,FALSE
970720-99999,74.6069335144779,-0.455506550608912,2024-06,-2.2507064719366,0.437198997697008,FALSE,TRUE,79,79,19,17,207,206,FALSE,,,,TRUE
970860-99999,8.47135897228825,-1.55781203433856,2023-06,-4.55517795752129,0.967285549383201,FALSE,FALSE,23,19,17,16,24,24,FALSE,,,,FALSE
971200-99999,24.4022776123186,-1.21159575164762,2022-11,-2.37114472149807,1.31933186136419,FALSE,TRUE,,0,,0,,0,FALSE,,,,TRUE
971260-99999,13.9772005871672,-1.66086879607253,2023-03,-4.68943125982361,1.00175183154999,FALSE,TRUE,42,45,37,40,99,95,FALSE,,,,FALSE
971820-99999,3.53683716761364,0.552746987113519,2024-01,4.44292612951813,0.351886240261027,FALSE,FALSE,4,1,2,-15,8,6,FALSE,,,,FALSE
971920-99999,34.4798773581478,-0.720990674513022,2023-09,-4.65206080430628,0.438358324679245,FALSE,TRUE,88,91,8,0,164,167,FALSE,,,,TRUE
972600-99999,8.41249456084932,-0.73572231891855,2023-09,-7.22038158495281,0.288203184087534,FALSE,FALSE,14,10,11,7,16,11,FALSE,,,,FALSE
972700-99999,-17.0047026051869,-0.334845794221428,2023-05,-2.19330380014612,0.431808364586781,FALSE,FALSE,7,4,6,0,9,6,FALSE,,,,TRUE
972840-99999,-37.4852697904303,10.0674075400381,2022-08,24.8308329787268,0.875850034619993,TRUE,TRUE,1475,1482,1258,1265,1950,1939,TRUE,,,,TRUE
973000-99999,21.6389561381525,-0.523031222266515,2023-01,-2.4885733540417,0.594459349066459,FALSE,FALSE,29,38,26,34,37,42,TRUE,,,,TRUE
973200-99999,-1.57087234742438,-1.41113697924689,2023-05,-3.61042078080713,1.10549388870458,FALSE,TRUE,13,11,13,0,93,93,FALSE,,,,FALSE
973400-99999,-2.78051301013647,-0.800705650736259,2023-01,-3.72386734209224,0.608168168581309,FALSE,FALSE,13,8,10,7,17,9,FALSE,,,,FALSE
973720-99999,-4.239302564989,-0.313632367971037,2023-04,-2.20666603087727,0.40200296934602,FALSE,FALSE,94,102,89,102,96,108,FALSE,,,,FALSE
973800-99999,-10.0709328231018,1.41639282359276,2024-05,7.73945297404683,0.422642158675432,FALSE,TRUE,5,14,5,0,25,33,FALSE,,,,FALSE
974300-99999,15.3103250706264,-0.920981056028808,2023-10,-4.57536333246434,0.569337910667355,FALSE,FALSE,18,24,17,20,20,33,FALSE,,,,TRUE
974600-99999,19.3210193883256,0.285755559695633,2023-05,1.6797871288613,0.481155476312078,FALSE,TRUE,,0,,0,,0,FALSE,,,,TRUE
975600-99999,-0.117440558033537,-0.849014623844376,2023-04,-6.90581868562713,0.347732267628967,FALSE,FALSE,16,13,14,12,19,16,FALSE,,,,FALSE
975800-99999,2.49977295845277,-0.718172541027602,2023-08,-3.60794909484967,0.480758300962707,FALSE,TRUE,,0,5,0,12,15,FALSE,,,,FALSE
976300-99999,3.36856548747339,-2.68627407543022,2024-06,-1.43410321944955,3.74627717028804,FALSE,TRUE,318,307,248,252,436,429,TRUE,,,,FALSE
976900-99999,3.61305073077758,-0.809742168898673,2024-07,-3.93715105134277,0.411334062797773,FALSE,FALSE,80,83,78,83,85,88,FALSE,,,,FALSE
977000-99999,9.19726131900092,-1.25438324278089,2023-02,-4.68847152646339,0.756735232086361,FALSE,TRUE,64,75,12,2,83,75,FALSE,,,,FALSE
977220-99999,1.04083854933637,-0.561231375447106,2022-12,-2.3070477208803,0.658773433936481,FALSE,TRUE,,0,,0,,0,FALSE,,,,FALSE
977480-99999,1.03390977018107,-1.30610421530969,2022-12,-5.95321865748859,0.587333265936931,FALSE,TRUE,,0,4,0,46,52,FALSE,,,,FALSE
977900-99999,15.4370877291632,-1.00904584044149,2023-01,-5.54854910527647,0.514370977180856,FALSE,TRUE,,0,2,0,35,49,FALSE,,,,TRUE
977960-99999,29.1099547921918,2.09142035797524,2024-06,4.1234628485607,1.09567722803177,FALSE,TRUE,6,3,4,0,52,25,FALSE,,,,TRUE
978100-99999,14.810377114318,-3.63970322175013,2023-03,-29.3523703354101,0.350725859642243,FALSE,TRUE,,0,12,0,15,19,FALSE,,,,FALSE
978760-99999,11.5973039876744,-0.911967663457726,2023-07,-4.36265952947638,0.591252665670389,FALSE,TRUE,11,21,6,12,27,27,FALSE,,,,FALSE
979000-99999,2.35212736329262,-0.571704165409705,2022-12,-4.35283442803764,0.355672200314823,FALSE,TRUE,30,30,9,0,73,70,FALSE,,,,FALSE
979800-99999,2.57568003212697,-1.28328793074034,2023-04,-7.68445255447387,0.472341571040372,FALSE,FALSE,13,5,13,2,29,8,FALSE,,,,FALSE
981340-99999,-0.095740451091452,-0.979448443427881,2022-11,-3.36010455894278,0.752632830977241,FALSE,TRUE,77,88,14,0,127,132,TRUE,,,,FALSE
982320-99999,0.372261486406965,-0.854819031487727,2022-07,-2.24217192905757,0.762491957382612,FALSE,TRUE,,0,13,0,14,7,FALSE,,,,FALSE
983240-99999,3.17117857981707,-0.705672382552533,2022-07,-2.95838418988507,0.477066085578255,FALSE,TRUE,11,11,5,0,23,21,FALSE,,,,FALSE
983280-99999,206.87073678023,-1.41754717600213,2024-04,-5.88334008528846,0.590186393645853,FALSE,FALSE,1286,1288,1282,1286,1289,1291,FALSE,,,,TRUE
983360-99999,5.85863538196149,-0.8637133902005,2022-11,-3.2109123221242,0.694537302912066,FALSE,TRUE,12,10,7,0,21,14,FALSE,,,,FALSE
984320-99999,0.452365720986243,-0.498002583416655,2023-09,-3.16920797837788,0.444453006788876,FALSE,TRUE,12,5,11,5,31,33,FALSE,,,,TRUE
984400-99999,1.74967381126482,-0.56767150809597,2022-07,-2.81448450857997,0.40339288162036,FALSE,FALSE,13,1,10,-1,14,4,FALSE,,,,FALSE
984440-99999,-2.27589931909376,-0.758909993045989,2023-08,-4.97719819580807,0.431271073629351,FALSE,FALSE,8,8,7,6,9,10,FALSE,,,,FALSE
984460-99999,-2.12194224131477,-0.466432282993118,2023-10,-3.04928476546011,0.432648907054753,FALSE,FALSE,38,41,28,37,39,42,FALSE,,,,FALSE
985310-99999,0.824841455339746,-0.781078645903868,2023-05,-5.61059291968291,0.393759458271191,FALSE,FALSE,9,5,7,4,9,8,FALSE,,,,FALSE
985580-99999,51.5395834808892,-0.992510127176271,2023-10,-5.98411430185893,0.469115799545908,FALSE,FALSE,9,6,6,3,13,6,FALSE,,,,TRUE
986460-99999,15.2855944162926,-0.792970041864974,2023-08,-4.27984168191259,0.524051622049654,FALSE,FALSE,12,8,9,6,19,13,FALSE,,,,TRUE
987410-99999,2.49551596257012,-1.02521448826644,2023-08,-5.11556430726246,0.566847427404809,FALSE,FALSE,,0,,0,,0,FALSE,,,,FALSE
987510-99999,-19.9266255201513,-3.1360213389584,2023-07,-4.11453969254536,2.15577160063939,FALSE,TRUE,604,603,583,585,682,702,FALSE,,,,TRUE
987530-99999,-7.30114311181266,-0.671050397266664,2023-10,-4.62810996575774,0.410106319803053,FALSE,FALSE,20,20,16,14,26,21,FALSE,,,,FALSE
988360-99999,-0.1382478872565,-0.989866481398614,2023-07,-5.81096214501034,0.481807510700954,FALSE,FALSE,6,13,6,7,10,13,FALSE,,,,FALSE
994620-99999,3.03234048103074,4.73960235243916,2023-01,9.00027846894305,1.48946723153156,FALSE,FALSE,,0,,0,,0,FALSE,,,,FALSE
999999-40504,5.19039120661664,-0.920273150726913,2023-11,-5.11606906721853,0.508774511737931,FALSE,TRUE,,0,9,0,49,60,FALSE,,,,FALSE
A00003-63844,-9.1689725792234,0.931614988864391,2024-03,7.79941591430794,0.308410217430933,FALSE,FALSE,609,614,607,611,614,620,FALSE,,,,FALSE
A00005-94076,-4.76781103391716,1.22289279334209,2024-01,1.8799415674965,1.83987800852318,FALSE,FALSE,2254,2260,2248,2258,2254,2263,FALSE,,,,FALSE
A00031-03725,0.649267646731726,3.20867341209196,2023-11,8.27349984244616,1.06210360847135,FALSE,FALSE,279,284,277,284,284,288,FALSE,,,,FALSE
A00032-25715,-8.66358521881518,-1.42459925945899,2022-11,-4.45878159940325,0.690207866122979,FALSE,FALSE,8,12,6,11,9,12,FALSE,,,,FALSE
