id,name,lat,lon,elev,tier,land,z_sl,z_land,sdor,lsm,dem,koppen,koppen_main,dz_sl,dz_land,dem_diff
010010-99999,JAN MAYEN(NOR-NAVY),70.933,-8.667,9,A,TRUE,42.3276333055886,21.9673161834062,0,0.208576321601868,-5,ET,E,-33.3276333055886,-12.9673161834062,14
010080-99999,LONGYEAR,78.246,15.466,26.8,A,FALSE,188.87718450299,288.317191013241,86.2108154296875,0.438139319419861,21,ET,E,-162.07718450299,-261.517191013241,5.8
010550-99999,FRUHOLMEN FYR,71.1,23.983,14.2,A,FALSE,-1.64205180604488,3.20453786461228,0,0.127131938934326,-23,Climate Zone info missing,,15.8420518060449,10.9954621353877,37.2
010620-99999,HOPEN ISLAND,76.5,25.067,10,A,FALSE,0.0309201058720358,0.349332468274079,0,0.0382192134857178,-5,Climate Zone info missing,,9.96907989412796,9.65066753172592,15
010980-99999,VARDO,70.367,31.1,15,A,FALSE,19.5230345129326,27.0658972482958,0,0.0835705995559692,8,Climate Zone info missing,,-4.52303451293255,-12.0658972482958,7
011410-99999,LEKNES,68.15,13.617,26,A,FALSE,27.5604695697562,31.9605350705899,0,0.208610653877258,16,Dfc,D,-1.56046956975624,-5.96053507058986,10
013000-99999,GULLFAKS C,61.2,2.267,78,A,FALSE,0.820005190992847,-0.262497259512678,0,0,-181,Climate Zone info missing,,77.1799948090072,78.2624972595127,259
014030-99999,UTSIRA FYR,59.3,4.867,56.3,A,TRUE,1.0410764793533,2.79665137942111,0,0.0171431303024292,15,Climate Zone info missing,,55.2589235206467,53.5033486205789,41.3
014410-99999,HOVDEN-LUNDANE,59.583,7.383,836,A,FALSE,992.162216216165,1105.31382085116,153.743103027344,0.947374105453491,866,Dfc,D,-156.162216216165,-269.313820851157,-30
028350-99999,INARI NELLIM,68.85,28.3,123,A,FALSE,189.219745418288,191.444150780338,35.7425537109375,0.925514936447144,120,Dfc,D,-66.2197454182876,-68.4441507803379,3
029130-99999,KAUHAVA,63.127,23.051,46,A,FALSE,54.0611413078115,59.6968160635895,10.2718505859375,0.982696771621704,43,Dfc,D,-8.06114130781154,-13.6968160635895,3
029920-99999,LOVIISA ORRENGRUND,60.283,26.45,3.5,A,FALSE,0.632393340870736,-0.466440502108263,0,0.065392017364502,-7,Dfb,D,2.86760665912926,3.96644050210826,10.5
030020-99999,BALTASOUND NO.2,60.75,-0.85,15,A,FALSE,2.27190581454931,12.178040538818,0,0.0493522882461548,6,Cfb,C,12.7280941854507,2.82195946118195,9
030230-99999,SOUTH UIST RANGE,57.333,-7.367,4,A,FALSE,7.86959016649417,24.6185783371488,0,0.140439629554749,10,Cfb,C,-3.86959016649417,-20.6185783371488,-6
030620-99999,TAIN RANGE (SAWS),57.817,-3.967,4,A,FALSE,62.7295257714153,48.6838809634279,75.190673828125,0.507630705833435,4,Cfb,C,-58.7295257714153,-44.6838809634279,0
034100-99999,LAKE VYRNWY NO2,52.75,-3.467,359,A,TRUE,297.258678183299,297.290693687447,87.9563598632813,0.993538856506348,265,Cfb,C,61.7413218167009,61.7093063125532,94
039110-99999,LOUGH FEA,54.717,-6.817,227,A,FALSE,105.080809721592,153.306764414963,63.3720703125,0.794707536697388,237,Cfb,C,121.919190278408,73.6932355850367,-10
039530-99999,VALENTIA OBSERVATORY,51.933,-10.25,30,A,TRUE,65.9798712002825,87.8409835417803,74.489013671875,0.459566354751587,20,Cfb,C,-35.9798712002825,-57.8409835417803,10
042021-99999,AASIAAT MITTARFIA,68.717,-52.8,27,A,FALSE,33.4648654388859,24.8225215797444,14.9807739257813,0.417152762413025,2,ET,E,-6.46486543888586,2.17747842025564,25
042030-99999,KITSISSUT (CAREY OEER),76.633,-73,11,A,FALSE,5.99586162514722,11.3622675684357,0,0,-409,Climate Zone info missing,,5.00413837485278,-0.362267568435705,420
042050-99999,MITTARFIK QAANAAQ,77.483,-69.383,16,A,TRUE,152.515936650768,299.941955841189,70.29736328125,0.391688346862793,15,ET,E,-136.515936650768,-283.941955841189,1
042080-99999,KITSISSORSUIT (EDDERFUGLE OEE,74.033,-57.817,40,A,FALSE,-1.04057857104618,-6.17685129478466,0,0.0257240533828735,-47,Climate Zone info missing,,41.0405785710462,46.1768512947847,87
042140-99999,NUUSSUAATAA (NUUSSUAQ),70.683,-54.617,27,A,FALSE,177.986535683057,126.998086120133,101.420593261719,0.395956993103027,-30,ET,E,-150.986535683057,-99.9980861201328,57
042530-99999,UKIIVIK (FREDERIKSHAAB ISBLIN,62.567,-50.417,22,A,FALSE,23.7672049228075,18.09239457409,7.09454345703125,0.122620701789856,-50,ET,E,-1.76720492280748,3.90760542590997,72
042700-99999,NARSARSUAQ,61.161,-45.426,34.1,A,FALSE,543.726875146584,409.663420357615,218.021911621094,0.882596254348755,110,ET,E,-509.626875146584,-375.563420357614,-75.9
042850-99999,ANGISOQ,59.983,-45.2,16,A,TRUE,33.5509039943559,-21.268651246858,0,0.0956687927246094,28,Climate Zone info missing,,-17.5509039943559,37.268651246858,-12
043010-99999,KAP MORRIS JESUP,83.65,-33.367,4,A,FALSE,147.375929614726,351.335652975277,0,0.21171236038208,12,ET,E,-143.375929614726,-347.335652975277,-8
043120-99999,STATION NORD AWS,81.6,-16.65,36,A,FALSE,185.38107153373,1.98087840903876,75.3579711914063,0.918346643447876,11,ET,E,-149.38107153373,34.0191215909612,25
043130-99999,HENRIK KROEYER HOLME,80.65,-13.717,10,A,FALSE,13.5079038362999,5.65185677575931,11.8619995117188,0.132277131080627,-15,ET,E,-3.50790383629986,4.34814322424069,25
043200-99999,DANMARKSHAVN (PORT),76.767,-18.667,12,A,TRUE,74.969306940316,64.387510643288,51.6767578125,0.378178596496582,7,ET,E,-62.969306940316,-52.387510643288,5
043410-99999,CONSTABLE POINT,70.75,-22.65,10,A,FALSE,327.402445422876,199.805823726757,145.475341796875,0.928762435913086,76,ET,E,-317.402445422876,-189.805823726757,-66
043510-99999,APUTITEEQ,67.783,-32.283,23,A,FALSE,77.5775498163236,-7.40051075035818,52.5691528320313,0.432896971702576,-6,ET,E,-54.5775498163236,30.4005107503582,29
043610-99999,KULUSUK LUFTHAVN,65.583,-37.15,37,A,TRUE,65.1573266769233,58.6770998506116,21.8414916992188,0.243064522743225,11,ET,E,-28.1573266769233,-21.6770998506116,26
043730-99999,IKERMIIT,64.783,-40.3,80,A,FALSE,75.2967314430769,18.5002810592812,67.2055053710938,0.330306887626648,-5,Climate Zone info missing,,4.70326855692311,61.4997189407188,85
063440-99999,ROTTERDAM,51.957,4.437,-4.6,A,FALSE,0.638368240556153,-2.50587292806412,2.17669677734375,0.842518925666809,-5,Cfb,C,-5.23836824055615,-2.09412707193588,0.4
064940-99999,MONT-RIGI,50.517,6.067,673,A,FALSE,411.083305477023,529.785990246415,57.3318481445313,0.996066451072693,673,Cfb,C,261.916694522977,143.214009753586,0
066550-99999,ENGELBERG,46.817,8.417,1018,A,FALSE,1831.88776278405,1886.00855350706,399.904541015625,0.995674848556519,1011,Dfc,D,-813.887762784055,-868.008553507059,7
067240-99999,MONTANA,46.3,7.467,1508,A,FALSE,1820.0232053154,1593.75788686758,550.927612304688,0.998866319656372,1450,ET,E,-312.023205315398,-85.7578868675848,58
067480-99999,ZERMATT,46.033,7.75,1624,A,FALSE,2374.52337229393,2981.38770948795,493.335083007813,0.998695373535156,1890,ET,E,-750.523372293928,-1357.38770948795,-266
070240-99999,MAUPERTUS / CHERBOURG MANCHE,49.65,-1.47,139.9,A,FALSE,25.0645548078345,77.6438214120011,20.0868530273438,0.368702173233032,135,Cfb,C,114.835445192166,62.256178587999,4.90000000000001
071000-99999,OUESSANT,48.483,-5.05,68,A,FALSE,11.111172409156,-1.69009995768178,0,0.195905447006226,-19,Climate Zone info missing,,56.888827590844,69.6900999576818,87
073850-99999,MACON CHARNAY,46.295,4.796,221.9,A,FALSE,327.621126751363,257.317818138712,84.1231689453125,0.992066383361816,216,Cfb,C,-105.721126751363,-35.417818138712,5.90000000000001
075600-99999,MONT AIGOUAL,44.117,3.583,1565,A,FALSE,651.9088071774,873.634297262572,146.31494140625,1,1320,Cfb,C,913.0911928226,691.365702737428,245
076670-99999,HYERES LE PALYVESTRE,43.097,6.146,2.1,A,FALSE,39.0800761632413,22.7830891537885,59.2890625,0.267874121665955,3,Csa,C,-36.9800761632413,-20.6830891537885,-0.9
080440-99999,PONTEVEDRA,42.433,-8.617,108,A,FALSE,327.592447232873,208.167496673176,112.33984375,0.990530967712402,114,Csb,C,-219.592447232873,-100.167496673176,-6
081480-99999,SORIA,41.783,-2.483,1082,A,FALSE,1124.17722643882,1046.57816698363,80.2479248046875,0.999527931213379,1090,Cfb,C,-42.1772264388196,35.4218330163715,-8
081810-99999,BARCELONA,41.297,2.078,3.7,A,FALSE,76.6367022791932,42.1576972003691,29.7957763671875,0.326096653938293,5,Csa,C,-72.9367022791932,-38.4576972003691,-1.3
082150-99999,NAVACERRADA PUERTO,40.8,-4.017,1888,A,FALSE,1170.3771424397,1521.76592223134,226.63525390625,0.993240594863892,1707,Csb,C,717.622857560303,366.234077768657,181
084330-99999,MURCIA SAN JAVIER,37.775,-0.812,3.4,A,FALSE,34.9562004003661,5.24397029056814,5.45281982421875,0.205818891525269,-1,BSk,B,-31.5562004003661,-1.84397029056814,4.4
085240-99999,PORTO SANTO,33.073,-16.35,103.9,A,FALSE,-8.57054548125507,11.7701540536269,0,0.0410323143005371,90,Csb,C,112.470545481255,92.1298459463731,13.9
111380-99999,ALPINZENTRUM RUDOLFSHUETTE,47.133,12.633,2310,A,FALSE,1685.58915737344,2299.19756300572,349.931884765625,0.99445366859436,2066,ET,E,624.41084262656,10.8024369942846,244
111550-99999,FEUERKOGEL,47.817,13.717,1620.1,A,TRUE,984.62348611975,833.661421713837,247.04296875,0.958322763442993,1571,Cfb,C,635.47651388025,786.438578286163,49.0999999999999
111800-99999,RAX/SEILBAHN-BERGSTATION,47.717,15.783,1554,A,TRUE,906.776916445091,1032.30214000194,155.214294433594,0.999990701675415,1349,Dfb,D,647.223083554909,521.697859998063,205
112410-99999,SCHOECKL,47.2,15.467,1442,A,TRUE,701.338753948214,646.441525011089,160.866333007813,0.999860286712646,1404,Dfb,D,740.661246051786,795.558474988911,38
113080-99999,WARTH,47.25,10.183,1471,A,TRUE,1632.23648979583,1920.67890474831,256.485595703125,0.999155879020691,1335,Dfc,D,-161.236489795827,-449.678904748309,136
114640-99999,MILESOVKA,50.55,13.933,842.6,A,FALSE,311.916302091565,260.17302353505,88.2444458007813,0.991283655166626,547,Cfb,C,530.683697908435,582.42697646495,295.6
119160-99999,CHOPOK,48.983,19.6,2007,A,TRUE,888.851022408901,1024.55229678331,297.963256835938,0.979100584983826,989,Dfb,D,1118.1489775911,982.447703216695,1018
119300-99999,LOMNICKY STIT,49.2,20.217,2635,A,FALSE,843.011193695732,1274.79065544809,265.613464355469,0.997410297393799,2340,Dfc,D,1791.98880630427,1360.20934455191,295
119330-99999,STRBSKE PLESO,49.117,20.083,1356,A,FALSE,972.251062177834,1137.74079642386,247.880249023438,0.999242663383484,1217,Dfc,D,383.748937822167,218.259203576145,139
122150-99999,SZCZECINEK,53.717,16.747,144,A,FALSE,147.265593133868,146.168750924118,20.05029296875,0.954401850700378,136,Cfb,C,-3.26559313386835,-2.16875092411783,8
122800-99999,MIKOLAJKI,53.783,21.583,132,A,FALSE,138.941362892145,126.18231314975,11.8009643554688,0.861483216285706,130,Dfb,D,-6.94136289214461,5.81768685024957,2
125100-99999,SNIEZKA,50.733,15.733,1613,A,TRUE,682.581950529105,864.45685134577,186.887329101563,0.996678113937378,1238,Dfb,D,930.418049470895,748.54314865423,375
126500-99999,KASPROWY WIERCH,49.233,19.983,1989,A,FALSE,962.165033182203,1486.27979801971,342.079406738281,0.99890673160553,1939,Dfb,D,1026.8349668178,502.720201980289,50
133670-99999,ZLATIBOR,43.733,19.717,1029,A,FALSE,814.435240133608,979.684783412276,149.583068847656,0.99817681312561,1010,Cfb,C,214.564759866392,49.3152165877236,19
133690-99999,SJENICA,43.283,20,1039,A,FALSE,1066.91338952713,1182.81225303748,205.461669921875,0.999246597290039,1011,Cfb,C,-27.9133895271323,-143.81225303748,28
136220-99999,VLORE,40.467,19.483,5,A,FALSE,198.866818450363,54.3942917561043,137.915222167969,0.68735945224762,-1,Csa,C,-193.866818450363,-49.3942917561043,6
143240-99999,ZAVIZAN,44.817,14.983,1597,A,FALSE,589.030954521294,950.724842963703,411.732055664063,0.77474319934845,1516,Cfb,C,1007.96904547871,646.275157036297,81
150330-99999,IEZER,47.6,24.65,1786,A,FALSE,1023.41691647058,1167.924396328,228.987365722656,1,1847,Dfc,D,762.583083529416,618.075603671998,-61
151190-99999,VLADEASA 1800,46.767,22.8,1837,A,FALSE,833.059799106346,1039.84803997797,220.873596191406,0.99749493598938,1704,Dfb,D,1003.94020089365,797.151960022026,133
152800-99999,VARFU OMU,45.45,25.45,2509,A,FALSE,1028.35576855055,1445.287206258,234.884460449219,0.997723937034607,2334,Dfb,D,1480.64423144945,1063.712793742,175
153010-99999,FUNDATA,45.433,25.267,1383,A,FALSE,1036.78276706686,1347.19050656952,271.708801269531,0.996977090835571,1262,Dfb,D,346.217232933137,35.8094934304781,121
153150-99999,SEMENIC,45.183,22.05,1433,A,FALSE,497.532137392101,913.199286326116,151.622802734375,0.999225854873657,1383,Dfb,D,935.467862607899,519.800713673885,50
156000-99999,MOURGASH,42.833,23.667,1692,A,TRUE,811.415924159244,889.133983699836,207.978088378906,0.992288112640381,1654,Cfb,C,880.584075840756,802.866016300164,38
156150-99999,MUSSALA (TOP/SOMMET),42.183,23.583,2927,A,FALSE,1278.62758665357,1973.90809106576,448.220947265625,0.998810648918152,2728,Dfb,D,1648.37241334643,953.091908934243,199
160330-99999,DOBBIACO,46.733,12.217,1226,A,FALSE,1798.47652206985,1833.3911969174,307.185791015625,0.999588131904602,1223,ET,E,-572.476522069846,-607.391196917398,3
161340-99999,CIMONE MOUNTAIN,44.2,10.7,2173,A,TRUE,812.402977587275,1195.45673407841,277.332824707031,0.999991178512573,1831,Cfb,C,1360.59702241273,977.543265921594,342
162190-99999,TERMINILLO MOUNTAIN,42.467,12.983,1875,A,TRUE,1016.91264067304,1088.38653171572,249.471618652344,0.995828866958618,1889,Cfa,C,858.087359326962,786.613468284276,-14
162630-99999,TREVICO,41.05,15.233,1093,A,FALSE,642.871572239883,590.765019782495,191.916137695313,0.9974125623703,1020,Cfa,C,450.128427760117,502.234980217505,73
163440-99999,MONTE SCURO,39.333,16.4,1677,A,TRUE,1088.22227176521,1054.93983993005,325.486328125,0.98939061164856,1581,Csa,C,588.777728234795,622.060160069952,96
164340-99999,PRIZZI,37.717,13.433,1035,A,FALSE,547.483892068775,777.780973242647,196.669738769531,0.998999953269958,882,Csa,C,487.516107931225,257.219026757353,153
165600-99999,ELMAS,39.251,9.054,4,A,FALSE,167.661112373364,9.32283514247985,91.6895141601563,0.762870669364929,-1,Csa,C,-163.661112373364,-5.32283514247985,5
166820-99999,ANDRAVIDA,37.921,21.293,16.8,A,FALSE,32.7267661644139,27.473783733487,27.489013671875,0.44771420955658,7,Csa,C,-15.9267661644139,-10.673783733487,9.8
170740-99999,KASTAMONU,41.314,33.796,1100,A,FALSE,1261.83971184413,968.060018584328,256.272583007813,0.999799013137817,1067,Cfb,C,-161.839711844131,131.939981415672,33
170880-99999,GUMUSHANE,40.467,39.467,1219,A,FALSE,1907.51445806226,1756.91248094405,314.02734375,1,1228,Dfb,D,-688.514458062259,-537.912480944053,-9
170900-99999,SIVAS,39.75,37.017,1285,A,FALSE,1466.12392204843,1425.30076848363,96.8225708007813,0.999743938446045,1286,Dsb,D,-181.123922048432,-140.300768483631,-1
170920-99999,ERZINCAN,39.71,39.527,1153.1,A,FALSE,1912.86239160735,1321.28971475988,483.663208007813,1,1146,Dsb,D,-759.762391607353,-168.189714759882,7.09999999999991
170960-99999,ERZURUM,39.957,41.17,1756.6,A,FALSE,2190.5123950489,1808.71406456333,276.807861328125,0.999945521354675,1759,Dfb,D,-433.912395048896,-52.1140645633323,-2.40000000000009
171200-99999,BILECIK,40.15,29.967,539,A,FALSE,524.418389323189,618.501300775494,171.305786132813,0.999306917190552,569,Csb,C,14.5816106768111,-79.5013007754942,-30
171550-99999,KUTAHYA,39.417,29.967,969,A,FALSE,1176.96984675259,1133.45798832935,151.326538085938,0.997046828269958,1006,Csb,C,-207.969846752586,-164.457988329348,-37
171600-99999,KIRSEHIR,39.15,34.167,1007,A,TRUE,1167.23195524529,1098.37975060291,130.263122558594,0.988312840461731,1009,Csb,C,-160.231955245293,-91.3797506029073,-2
171900-99999,AFYON,38.726,30.601,1008.9,A,FALSE,1199.93337787687,1193.00941516726,138.7763671875,0.999587178230286,999,Csb,C,-191.033377876874,-184.109415167259,9.89999999999998
172440-99999,KONYA,37.979,32.562,1030.5,A,TRUE,1235.61508047154,1040.05198322057,118.928588867188,1,1027,Csa,C,-205.115080471542,-9.55198322056981,3.5
172750-99999,MARDIN,37.3,40.733,1050,A,FALSE,752.350854155726,780.432235396389,138.404663085938,1,727,Csa,C,297.649145844274,269.567764603611,323
173700-99999,ISKENDERUN,36.573,36.154,7.6,A,FALSE,319.539875763513,475.94497420118,220.332824707031,0.742569446563721,9,Csa,C,-311.939875763513,-468.34497420118,-1.4
200460-99999,POLARGMO IM. E.T. KRENKELJA,80.617,58.05,22,A,TRUE,64.5307588632459,-23.9199134006006,78.4282836914063,0.563926219940186,17,ET,E,-42.5307588632459,45.9199134006006,5
200870-99999,MGMS IM. G.F. USHAKOVA,79.55,90.567,8,A,FALSE,5.43541603465506,-1.69009995768178,0,0.0129321813583374,1,Climate Zone info missing,,2.56458396534494,9.69009995768178,7
201070-99999,BARENTSBURG,78.067,14.25,75,A,FALSE,134.231150306807,86.0054943584201,112.341003417969,0.660031795501709,171,ET,E,-59.2311503068071,-11.0054943584201,-96
202920-99999,GMO IM.E.K. FEDOROVA,77.717,104.3,15,A,FALSE,24.6710080818883,24.4146350945532,0,0.163309454917908,3,ET,E,-9.67100808188831,-9.41463509455319,12
204710-99999,IZVESTIJ TSIK,75.95,82.95,11.9,A,FALSE,0.407338786053341,1.98087840903876,0,0.0858403444290161,16,Climate Zone info missing,,11.4926612139467,9.91912159096124,-4.1
204760-99999,MYS STERLEGOVA,75.417,88.9,11,A,FALSE,7.30794959606492,5.85580001835489,0,0.295275211334229,-1,ET,E,3.69205040393508,5.14419998164511,12
207440-99999,MALYE KARMAKULY,72.367,52.7,19,A,FALSE,148.884392621971,51.5390863597661,37.7478637695313,0.72453761100769,10,Dfc,D,-129.884392621971,-32.5390863597661,9
208710-99999,SOPOCHNAYA KARGA,71.883,82.7,5.9,A,FALSE,26.3328268477258,13.197756751796,10.630859375,0.618266820907593,3,ET,E,-20.4328268477258,-7.29775675179598,2.9
208910-99999,HATANGA,71.983,102.467,33,A,TRUE,20.1045914156465,28.0856134612737,11.2476196289062,0.921411275863647,22,Dfc,D,12.8954085843535,4.91438653872627,11
209670-99999,SEYAHA,70.167,72.517,17.8,A,FALSE,3.3744739698317,0.757218953465251,1.3990478515625,0.431815505027771,8,ET,E,14.4255260301683,17.0427810465348,9.8
214320-99999,OSTROV KOTEL'NYJ,76,137.867,8,A,FALSE,29.0896455625774,26.8619540057002,0.64080810546875,0.477900147438049,-2,Climate Zone info missing,,-21.0896455625774,-18.8619540057002,10
218130-99999,TYUMYATI,71.917,123.567,26.6,A,FALSE,89.5038479150628,44.197129626325,38.283447265625,0.98486864566803,27,Dfd,D,-62.9038479150628,-17.597129626325,-0.399999999999999
218240-99999,TIKSI,71.698,128.903,9.1,A,TRUE,59.6416976139915,23.5988621241708,15.2559204101563,0.333622932434082,12,Dfd,D,-50.5416976139915,-14.4988621241708,-2.9
219080-99999,DZALINDA,70.133,113.967,62,A,FALSE,122.502820550978,111.702342925464,29.6856079101563,1,69,Dfd,D,-60.5028205509782,-49.7023429254639,-7
219310-99999,JUBILEJNAJA,70.767,136.217,24,A,FALSE,20.4750351961424,21.9673161834062,13.6685791015625,0.883407950401306,12,Dfd,D,3.52496480385759,2.03268381659384,12
219460-99999,CHOKURDAH,70.617,147.883,61,A,FALSE,22.014169355106,14.0135297221783,10.7014770507813,0.911605000495911,8,Dfc,D,38.985830644894,46.9864702778217,53
219780-99999,VAL' KARKAY,70.083,170.933,5.8,A,TRUE,124.013275191452,86.8212673288024,73.6357421875,0.63191568851471,5,ET,E,-118.213275191452,-81.0212673288024,0.8
222130-99999,APATITY,67.55,33.35,134,A,FALSE,237.847063998027,124.142880723795,110.277404785156,0.813409209251404,139,Dfc,D,-103.847063998027,9.85711927620542,-5
222710-99999,SHOJNA,67.883,44.15,18,A,FALSE,38.7084374028083,5.44791353316372,22.645751953125,0.524556517601013,-1,Dfc,D,-20.7084374028083,12.5520864668363,19
224290-99999,SOLOVKI,65.033,35.7,7.4,A,FALSE,5.03788604225194,4.63214056278138,0,0.199581861495972,24,Dfc,D,2.36211395774806,2.76785943721862,-16.6
224810-99999,MOSEEVO,65.767,46.2,42.2,A,FALSE,64.9808679728807,40.9340377447956,18.2933959960938,0.990454077720642,39,Dfc,D,-22.7808679728806,1.26596225520438,3.2
225200-99999,KEM' PORT,64.983,34.8,8,A,TRUE,13.5509231140349,5.04002704797255,4.648681640625,0.480575442314148,-1,Dfc,D,-5.55092311403486,2.95997295202745,9
225460-99999,SEVERODVINSK,64.55,39.767,7.9,A,FALSE,27.6672211108024,10.5464945980534,11.7442626953125,0.892593264579773,7,Dfc,D,-19.7672211108024,-2.64649459805336,0.9
228540-99999,NJANDOMA,61.667,40.183,233,A,TRUE,161.132936977077,214.693680436235,25.9234008789063,0.984771251678467,227,Dfc,D,71.8670630229232,18.3063195637654,6
228870-99999,KOTLAS,61.233,46.717,56,A,TRUE,96.5562211770839,78.663537624979,18.4407348632813,0.989066600799561,79,Dfc,D,-40.5562211770839,-22.663537624979,-23
231140-99999,MYS KONSTANTINOVSKIJ,68.533,55.5,6.7,A,TRUE,39.0147505933474,26.0461810353179,13.0516967773438,0.693037867546082,21,Dfc,D,-32.3147505933474,-19.3461810353179,-14.3
232050-99999,NAR'JAN-MAR,67.633,53.033,12,A,FALSE,16.472649060204,27.8816702186781,9.91693115234375,0.839432954788208,10,Dfc,D,-4.47264906020405,-15.8816702186781,2
232740-99999,IGARKA,67.467,86.567,28,A,FALSE,54.1304501441624,47.2562782652588,16.7597045898438,0.851229906082153,40,Dfc,D,-26.1304501441624,-19.2562782652588,-12
233240-99999,PETRUN',66.433,60.767,62,A,FALSE,78.1782263980309,59.6968160635895,14.33349609375,0.957505702972412,50,Dfc,D,-16.1782263980309,2.30318393641049,12
234450-99999,NADYM,65.467,72.667,19,A,TRUE,24.5120757502562,14.6253594499651,9.623291015625,0.973599195480347,7,Dfc,D,-5.51207575025621,4.37464055003492,12
234530-99999,URENGOJ,65.95,78.4,23.7,A,FALSE,32.1025883106107,23.5988621241708,6.06524658203125,0.983839750289917,14,Dfc,D,-8.40258831061066,0.101137875829156,9.7
234650-99999,KRASNOSEL' KUPSK,65.7,82.45,24.7,A,FALSE,27.1051822137274,22.5791459111929,7.55438232421875,0.965367317199707,11,Dfc,D,-2.40518221372742,2.12085408880708,13.7
234710-99999,NIZHNEVARTOVSK,60.949,76.484,53.9,A,FALSE,40.530383480215,34.4078539817369,7.7452392578125,0.896905899047852,50,Dfc,D,13.369616519785,19.4921460182631,3.9
235780-99999,VERESHCHAGINO,64.233,87.567,30,A,FALSE,43.8918620432309,44.4010728689206,10.3870239257812,0.917727589607239,13,Dfc,D,-13.8918620432309,-14.4010728689206,17
236620-99999,TOL'KA,63.983,82.083,33,A,TRUE,52.9394534735358,46.2365620522809,12.2772216796875,0.993349671363831,19,Dfc,D,-19.9394534735358,-13.2365620522809,14
238030-99999,UST'-KULOM,61.683,53.683,144,A,FALSE,159.670281534087,117.820640203331,21.9894409179688,0.997899889945984,113,Dfc,D,-15.6702815340866,26.1793597966686,31
238120-99999,JAKSHA,61.833,56.867,131,A,FALSE,161.275537916235,165.95124545589,13.2724609375,0.999999761581421,143,Dfc,D,-30.2755379162354,-34.9512454558897,-12
238470-99999,SYTOMINO,61.3,71.3,33.4,A,TRUE,42.7255616246374,37.8748891058618,7.54510498046875,0.968421339988708,26,Dfc,D,-9.32556162463737,-4.47488910586184,7.4
238910-99999,BAJKIT,61.667,96.367,262,A,FALSE,478.66738745201,422.103958155945,99.9854125976563,0.99435019493103,195,Dfc,D,-216.66738745201,-160.103958155945,67
239210-99999,IVDEL',60.683,60.45,95,A,FALSE,128.860113816262,101.70912403828,42.4871215820313,0.999859094619751,81,Dfc,D,-33.8601138162624,-6.70912403828015,14
239330-99999,KHANTY MANSIYSK,61.028,69.086,23.2,A,FALSE,38.1695014511836,31.7565918279943,12.176025390625,0.949699759483337,39,Dfc,D,-14.9695014511836,-8.55659182799427,-15.8
239860-99999,SEVERO-ENISEJSK,60.367,93.033,511,A,FALSE,481.006361515528,463.708379645445,62.7171630859375,0.997778177261353,477,Dfc,D,29.9936384844722,47.2916203545553,34
241360-99999,SUHANA,68.617,118.333,77,A,FALSE,233.963777529151,192.055980508125,47.7073974609375,0.985176920890808,277,Dfd,D,-156.963777529151,-115.055980508125,-200
242190-99999,YAROL'IN,67.133,108.533,235.8,A,FALSE,336.552008474479,281.791007250182,59.541748046875,1,257,Dfc,D,-100.752008474479,-45.9910072501823,-21.2
242660-99999,VERHOJANSK,67.567,133.4,138,A,FALSE,278.340552472684,276.692426185293,85.6854248046875,0.999582648277283,116,Dfd,D,-140.340552472684,-138.692426185293,22
243220-99999,POLIARNY,66.4,112.03,506,A,FALSE,420.091064242759,390.492755553629,40.623291015625,0.993979334831238,516,Dfc,D,85.9089357572412,115.507244446371,-10
243430-99999,ZHIGANSK,66.767,123.4,92,A,FALSE,63.5954878991552,51.1311998745749,17.6909790039063,0.88256311416626,21,Dfd,D,28.4045121008448,40.8688001254251,71
244490-99999,BESTYAHSKAYA ZVEROFERMA,65.3,127.117,73.3,A,TRUE,495.026264464037,498.378730886694,129.534362792969,0.989587426185608,602,Dfd,D,-421.726264464037,-425.078730886694,-528.7
244770-99999,IEMA,65.3,135.8,674.9,A,FALSE,760.023820331739,756.774819255301,66.9574584960938,0.993147730827332,636,Dwd,D,-85.1238203317393,-81.8748192553013,38.9
245380-99999,CHUMPURUK,64.233,116.917,139.1,A,FALSE,185.502162834021,187.365285928426,20.2474975585938,0.994293451309204,189,Dfc,D,-46.4021628340208,-48.2652859284261,-49.9
246560-99999,BATAMAJ,63.517,129.483,79,A,FALSE,106.470969715066,68.4663754951997,28.2800903320313,0.889971256256104,86,Dfd,D,-27.4709697150658,10.5336245048003,-7
246610-99999,SEGEN-KYUEL',64,130.3,208,A,FALSE,381.147863073144,268.330753238874,100.064880371094,0.999291658401489,198,Dwd,D,-173.147863073144,-60.3307532388736,10
246790-99999,VOSTOCHNAYA,63.217,139.6,1287.9,A,FALSE,1541.54508077746,1616.1916435531,180.615661621094,0.987293362617493,1259,ET,E,-253.645080777457,-328.291643553099,28.9000000000001
246880-99999,OJMJAKON,63.25,143.15,741,A,FALSE,884.508863644185,819.385394732146,81.277099609375,0.999800324440002,745,Dfd,D,-143.508863644185,-78.3853947321461,-4
246910-99999,DELYANKIR,63.833,145.6,800.9,A,TRUE,1030.46172152634,900.146918799998,82.9537963867188,0.999640703201294,821,Dfd,D,-229.561721526337,-99.2469187999981,-20.1
247710-99999,TEPLY KLJUCH,62.783,136.85,288.6,A,FALSE,327.497645491197,330.533442230527,36.5354614257813,0.999269604682922,275,Dfd,D,-38.8976454911973,-41.9334422305273,13.6
249080-99999,VANAVARA,60.333,102.267,260,A,FALSE,309.46977983371,293.415772078131,22.582763671875,1,257,Dfc,D,-49.4697798337098,-33.4157720781307,3
249180-99999,PREOBRAZHENKA,60.05,108.083,295.2,A,FALSE,363.661323327156,350.72382324749,24.0181884765625,0.997373938560486,310,Dfc,D,-68.4613233271556,-55.5238232474903,-14.8
249230-99999,LENSK,60.717,114.883,234,A,FALSE,345.36498551047,334.612307082439,77.9427490234375,0.989258170127869,189,Dfc,D,-111.36498551047,-100.612307082439,45
249440-99999,OLEKMINSK,60.4,120.417,229.6,A,FALSE,269.68332115516,207.759610187985,46.626953125,0.977774858474731,280,Dfc,D,-40.0833211551601,21.8403898120153,-50.4
250510-99999,PEVEK,69.783,170.597,3.4,A,FALSE,86.8063798704196,21.559429698215,59.1748046875,0.441506028175354,0,ET,E,-83.4063798704196,-18.159429698215,3.4
251210-99999,KOLYMSKAYA,68.733,158.717,12,A,FALSE,22.1284891024203,19.3160540296635,8.37652587890625,0.853783845901489,16,Dfc,D,-10.1284891024203,-7.31605402966355,-4
251230-99999,CHERSKIJ,68.75,161.283,28,A,TRUE,16.5933420338495,18.09239457409,27.9791870117188,0.815463066101074,1,Dfc,D,11.4066579661505,9.90760542590997,27
252480-99999,ILIRNEJ,67.25,167.967,353,A,TRUE,542.66334300258,489.609171455084,102.684448242188,0.998238086700439,349,ET,E,-189.66334300258,-136.609171455084,4
253780-99999,EGVEKINOT,66.35,-179.117,26,A,TRUE,135.437681716616,221.015920956698,31.9893798828125,0.5726078748703,15,ET,E,-109.437681716616,-195.015920956698,11
254000-99999,ZYRYANKA,65.733,150.9,43,A,FALSE,76.996789566901,41.9537539577736,12.4695434570313,0.937289357185364,46,Dfc,D,-33.996789566901,1.04624604222644,-3
254690-99999,KANCHALAN,65.183,176.767,18.5,A,FALSE,34.3443706725793,15.4411324203474,18.4043579101563,0.906985640525818,2,Dsc,D,-15.8443706725793,3.05886757965258,16.5
255510-99999,MARKOVO,64.683,170.417,26,A,FALSE,-9.28912675008795,15.2371891777518,18.377197265625,0.998248219490051,21,Dfc,D,35.289126750088,10.7628108222482,5
255630-99999,UGOLNY,64.735,177.741,59.1,A,FALSE,71.1911787059037,45.2168458393029,41.2537841796875,0.54987895488739,41,Dsc,D,-12.0911787059037,13.8831541606971,18.1
256480-99999,SLAUTNOE,63.2,167.85,44,A,FALSE,101.23974587716,45.6247323244941,44.1001586914063,0.990040421485901,40,Dfc,D,-57.2397458771599,-1.6247323244941,4
259040-99999,MADAUN,60.6,150.7,521.9,A,TRUE,857.536573157628,745.965827397735,136.257019042969,0.991580128669739,615,ET,E,-335.636573157628,-224.065827397735,-93.1
259220-99999,SHELIHOVA,60.717,155.883,33.3,A,FALSE,88.949377224256,4.42819732018579,23.2754516601563,0.247465014457703,60,Dfc,D,-55.649377224256,28.8718026798142,-26.7
259270-99999,BROHOVO,59.65,154.267,5,A,FALSE,12.5933458577853,15.2371891777518,33.48974609375,0.557238578796387,-1,Dfc,D,-7.59334585778528,-10.2371891777518,6
259410-99999,CHEMURNAUT,60.733,163.017,14,A,TRUE,40.8625879027242,92.7356213640744,21.3595581054688,0.451592683792114,198,Dfc,D,-26.8625879027242,-78.7356213640744,-184
260940-99999,TIHVIN,59.65,33.55,61,A,FALSE,62.7725450491503,62.3480782173321,7.50909423828125,0.993220686912537,55,Dfb,D,-1.77254504915032,-1.34807821733212,6
265180-99999,LAUKUVA,55.617,22.233,166,A,FALSE,106.73984020091,136.175532036934,12.7632446289063,0.996987819671631,149,Dfb,D,59.2601597990904,29.8244679630659,17
266330-99999,UTENA,55.517,25.583,105.7,A,TRUE,142.558965488342,158.609288722449,17.9129638671875,0.971807718276978,104,Dfb,D,-36.8589654883421,-52.9092887224486,1.7
267740-99999,GORKI,54.3,30.933,205,A,FALSE,197.123741048804,187.365285928426,10.9132690429688,0.999162912368774,190,Dfb,D,7.87625895119638,17.6347140715739,15
270830-99999,OPARINO,59.85,48.283,180,A,FALSE,186.599552742909,184.714023774684,15.1007690429688,1,179,Dfb,D,-6.59955274290917,-4.71402377468351,1
273290-99999,ROSTOV,57.2,39.417,101,A,FALSE,124.83502306152,105.176159162405,24.875,0.923042893409729,99,Dfb,D,-23.8350230615195,-4.17615916240511,2
274590-99999,STRIGINO,56.23,43.784,78,A,FALSE,96.9653026422122,101.097294310493,16.5608520507813,0.966350317001343,74,Dfb,D,-18.9653026422122,-23.0972943104934,4
277600-99999,SARANSK AIRPORT,54.118,45.203,216,A,TRUE,207.300190193007,182.470648106132,27.412841796875,0.997487902641296,207,Dfb,D,8.69980980699322,33.5293518938679,9
280970-99999,TAUROVO,59.583,73.283,60.3,A,FALSE,79.3951143006276,67.2427160396262,7.1658935546875,0.998815059661865,52,Dfc,D,-19.0951143006276,-6.94271603962618,8.3
281160-99999,KUDYMKAR,58.983,54.65,186,A,FALSE,186.445798657671,165.339415728103,20.982666015625,0.999894022941589,134,Dfb,D,-0.445798657671077,20.6605842718971,52
282750-99999,TOBOL'SK,58.15,68.25,50,A,FALSE,60.4901333693208,48.8878242060235,12.1935424804688,0.957130551338196,35,Dfc,D,-10.4901333693208,1.11217579397653,15
283340-99999,SAMARY,57.35,58.217,244,A,FALSE,300.26723933823,290.152680196601,25.2193603515625,0.999853610992432,220,Dfb,D,-56.2672393382297,-46.1526801966013,24
286450-99999,CHELYABINSK-GOROD,55.15,61.3,237,A,TRUE,241.283826297079,243.041791157021,11.55078125,0.935949802398682,235,Dfb,D,-4.28382629707903,-6.04179115702101,2
287110-99999,BUGUL'MA,54.617,52.8,303,A,FALSE,261.26349251847,272.20567484819,44.9798583984375,0.997970938682556,289,Dfb,D,41.7365074815304,30.7943251518103,14
287480-99999,TROIZK,54.083,61.617,192,A,TRUE,213.568258289656,198.582164271183,9.40167236328125,0.972079277038574,209,Dfb,D,-21.5682582896555,-6.58216427118333,-17
289840-99999,SUCINSK,52.95,70.217,395,A,FALSE,376.112217618274,426.590709493048,36.3272705078125,0.935355544090271,410,Dfb,D,18.8877823817256,-31.5907094930481,-15
291490-99999,STEPANOVKA,58.633,86.733,105,A,FALSE,115.662357064466,105.380102405001,10.736572265625,0.992901682853699,100,Dfc,D,-10.6623570644665,-0.380102405000699,5
294710-99999,BOL'SHAJA MURTA,56.9,93.133,180,A,FALSE,223.919572831319,175.332634615287,31.4400024414063,0.984020352363586,195,Dfc,D,-43.9195728313186,4.66736538471344,-15
295870-99999,IRBEJSKOE,55.633,95.467,252,A,TRUE,346.990556551549,307.283912574631,36.2655639648438,0.993769884109497,258,Dfc,D,-94.9905565515492,-55.2839125746305,-6
296050-99999,TATARSK,55.2,76.019,112,A,FALSE,106.830658676128,108.031364558743,1.5843505859375,0.993858933448792,108,Dfb,D,5.16934132387206,3.96863544125669,4
296360-99999,TOGUCHIN,55.233,84.4,173,A,FALSE,182.889538364911,172.069542733757,27.0504760742188,0.999629616737366,126,Dfb,D,-9.88953836491055,0.930457266242797,47
296980-99999,NIZNE-UDINSK,54.883,99.033,410,A,FALSE,567.890962780996,462.07683370468,84.6654052734375,0.989168047904968,437,Dwc,D,-157.890962780996,-52.07683370468,-27
297520-99999,NENASTNAYA,54.75,88.817,1183,A,FALSE,887.554469177166,1015.7827373517,115.301330566406,0.999347925186157,872,Dfc,D,295.445530822835,167.217262648305,311
299560-99999,TASTYP,52.8,89.917,455,A,TRUE,627.622433262761,602.389784610443,130.621032714844,0.995840907096863,441,Dfb,D,-172.622433262761,-147.389784610443,14
302300-99999,KIRENSK,57.767,108.067,258,A,TRUE,372.635622654653,324.007258467469,53.5431518554688,0.947495102882385,252,Dfc,D,-114.635622654653,-66.0072584674686,6
303720-99999,CHARA,56.9,118.267,711,A,FALSE,1241.28048035326,638.691681792457,300.654235839844,0.992671608924866,706,Dwc,D,-530.280480353255,72.3083182075428,5
303850-99999,UST'-NJUKZHA,56.583,121.483,426,A,FALSE,746.544048314792,708.236327517552,201.662475585937,0.979693412780762,419,Dwc,D,-320.544048314792,-282.236327517552,7
304050-99999,TANGUJ,55.383,101.033,423,A,FALSE,464.372240791325,430.873517587555,29.4402465820313,0.952476143836975,419,Dfc,D,-41.3722407913253,-7.8735175875554,4
304550-99999,UAKIT,55.467,113.617,1097,A,FALSE,1352.38493498353,1112.451834342,178.228088378906,0.986426115036011,1085,Dwc,D,-255.384934983532,-15.4518343420027,12
305040-99999,TULUN,54.6,100.633,522,A,FALSE,511.793426287902,512.858701110981,25.12109375,0.988338470458984,509,Dwc,D,10.2065737120984,9.14129888901914,13
306270-99999,BAJANDAJ,53.1,105.533,762,A,FALSE,744.557991659359,739.031757149485,59.7462768554688,0.999954223632812,681,Dwc,D,17.4420083406412,22.9682428505147,81
306640-99999,TUNGOKOCEN,53.533,115.617,811,A,FALSE,980.075392479211,906.265216077866,76.96337890625,1,810,Dwc,D,-169.075392479211,-95.2652160778656,1
306830-99999,EROFEJ PAVLOVIC,53.967,121.933,522,A,FALSE,649.112155797979,611.975117012436,73.9852905273438,1,473,Dwc,D,-127.112155797979,-89.9751170124355,49
307410-99999,ZAMAKTA,52.767,109.967,1286,A,FALSE,1143.0061269808,1251.54112579219,130.9208984375,1,1265,Dwc,D,142.993873019201,34.4588742078079,21
308150-99999,HAMAR-DABAN,51.533,103.6,1442,A,TRUE,1345.2226235673,1396.13688479246,228.078369140625,0.937696099281311,1477,Dfc,D,96.7773764327012,45.8631152075377,-35
308590-99999,AGINSKOE,51.1,114.517,681,A,FALSE,803.253016209027,759.426081409044,64.1216430664063,0.999166369438171,676,Dwc,D,-122.253016209027,-78.426081409044,5
310040-99999,ALDAN,58.617,125.367,679,A,FALSE,764.492646969786,674.177806004089,94.7977905273438,0.999912619590759,708,Dfc,D,-85.4926469697858,4.82219399591088,-29
310410-99999,UST'-MIL',59.633,133.033,179.4,A,FALSE,249.343567646062,214.285793951043,35.2840576171875,0.983666658401489,197,Dfd,D,-69.9435676460616,-34.8857939510434,-17.6
310880-99999,OHOTSK,59.367,143.2,6,A,FALSE,18.1217213733793,46.2365620522809,25.6646118164063,0.272102355957031,-1,Dfc,D,-12.1217213733793,-40.2365620522809,7
310960-99999,SPAFAR' EVA (OSTROV),59.15,149.033,52,A,FALSE,33.7233794319416,-1.69009995768178,30.4050903320313,0.161063313484192,3,Dfc,D,18.2766205680584,53.6900999576818,49
311680-99999,AYAN,56.45,138.15,8,A,FALSE,63.765175050221,-5.15713508180673,2.1923828125,0.232832193374634,72,Dfc,D,-55.765175050221,13.1571350818067,-64
311740-99999,BOL'SHOJ SHANTAR,54.833,137.533,21,A,FALSE,61.6592220744342,98.0381456715596,0,0.225706577301025,32,Dfc,D,-40.6592220744342,-77.0381456715596,-11
313880-99999,NORSK,52.35,129.917,208,A,TRUE,245.555879572153,221.219864199293,14.9049682617188,0.989989876747131,214,Dwb,D,-37.5558795721526,-13.2198641992933,-6
314390-99999,BOGORODSKOE,52.383,140.467,35,A,TRUE,266.34813215076,190.220491324764,129.217163085938,0.936891794204712,64,Dfb,D,-231.34813215076,-155.220491324764,-29
314780-99999,SOFIJSKIJ PRIISK,52.267,133.983,902,A,FALSE,1185.50399513659,1029.85482109079,139.02587890625,1,890,Dwc,D,-283.503995136591,-127.85482109079,12
316320-99999,KUR,49.933,134.633,283,A,FALSE,518.18457731807,486.142136330959,144.741577148438,1,279,Dwb,D,-235.18457731807,-203.142136330959,4
316830-99999,TUMNIN,49.65,140.083,58,A,TRUE,379.064216389516,274.04116403155,158.223083496094,0.999118804931641,62,Dfb,D,-321.064216389516,-216.04116403155,-4
318660-99999,SOSUNOVO,46.533,138.333,4,A,FALSE,191.632409911259,84.7818349028466,31.1946411132813,0.447985887527466,7,Dfc,D,-187.632409911259,-80.7818349028466,-3
321650-99999,JUZHNO-KURIL'SK,44.017,145.867,49,A,FALSE,35.2577336711568,22.7830891537885,0,0.234913468360901,-2,Dfc,D,13.7422663288432,26.2169108462115,51
322150-99999,SEVERO-KURIL'SK,50.683,156.133,23,A,FALSE,62.8996112491269,256.298101925734,163.657775878906,0.481370329856873,1,Dfc,D,-39.8996112491269,-233.298101925734,22
323330-99999,OZERNOY (MYS),57.65,163.233,9.1,A,FALSE,76.5490704171404,102.932783493854,57.9371337890625,0.441879749298096,-3,Dfc,D,-67.4490704171404,-93.8327834938537,12.1
324110-99999,ICA,55.583,155.583,6,A,FALSE,4.21295155901863,12.5859270240092,0,0.320356130599976,-9,Dfc,D,1.78704844098137,-6.58592702400922,15
333170-99999,SHEPETIVKA,50.167,27.033,278,A,FALSE,246.778742374435,257.317818138712,12.8318481445313,0.996275544166565,270,Dfb,D,31.2212576255653,20.682181861288,8
339240-99999,CHORNOMORS'KE,45.517,32.7,10,A,FALSE,25.2896093626519,53.1706323005308,23.0780639648438,0.488940834999085,-1,Cfa,C,-15.2896093626519,-43.1706323005308,11
340030-99999,PONYRI,52.317,36.3,251,A,FALSE,225.970955056645,236.107720908771,11.4284057617188,0.998453855514526,242,Dfb,D,25.0290449433548,14.8922790912289,9
347980-99999,GANJUSHKINO,46.6,49.267,-23,A,FALSE,-28.8899843314231,-28.2027214951079,0.618408203125,0.892547965049744,-24,BSk,B,5.88998433142307,5.20272149510791,1
348380-99999,TIHORECK,45.85,40.083,78,A,FALSE,64.3132725146967,72.3412971045158,9.27716064453125,0.991243720054626,75,Cfa,C,13.6867274853033,5.65870289548418,3
350370-99999,AK'JAR,51.867,58.183,341,A,FALSE,360.343660695166,328.08612331938,30.1713256835938,0.998913884162903,308,Dfb,D,-19.3436606951661,12.9138766806198,33
353580-99999,TORGAI,49.635,63.482,132.8,A,FALSE,117.088764782699,107.215591588361,17.1084594726563,0.969687700271606,131,BSk,B,15.7112352173015,25.5844084116391,1.80000000000001
353610-99999,AMANGELDY,50.133,65.233,142,A,TRUE,159.203841031978,130.465121244258,19.5936279296875,0.992208003997803,134,Dfa,D,-17.2038410319783,11.5348787557423,8
354970-99999,ZHARYK,48.85,72.867,656,A,TRUE,656.488766949596,671.118657365155,23.6828002929688,0.998151779174805,706,Dfb,D,-0.488766949595515,-15.1186573651553,-50
357000-99999,ATYRAU,47.117,51.917,-22,A,FALSE,-27.0931328326952,-26.1632890691521,0.56787109375,0.768056988716126,-22,BSk,B,5.09313283269516,4.16328906915206,0
359250-99999,SAM,45.4,56.117,88,A,FALSE,92.8298754066119,81.9266295065084,12.828369140625,0.995124220848083,84,BWk,B,-4.82987540661185,6.07337049349165,4
359690-99999,ZLIKHA,45.25,67.067,138,A,FALSE,134.965664641468,128.425688818302,2.484619140625,0.980717062950134,131,BWk,B,3.03433535853222,9.57431118169814,7
360900-99999,HOVU-AKSY,51.133,93.683,1043,A,FALSE,1160.92803775053,1231.55468801782,193.86962890625,0.996336340904236,1013,Dfc,D,-117.928037750532,-188.554688017825,30
361260-99999,BAJANAUL,50.8,75.7,504,A,FALSE,429.014377759607,484.510590390195,48.9235229492188,0.986887097358704,539,Dfb,D,74.985622240393,19.4894096098055,-35
362080-99999,LENINOGORSK,50.333,83.55,811,A,TRUE,1195.59838899178,1117.1425289217,235.932312011719,0.998124718666077,838,Dfc,D,-384.598388991781,-306.142528921701,-27
362780-99999,MUGUR-AKSY,50.383,90.433,1850,A,FALSE,2427.65895184964,2188.45638227631,323.832702636719,0.999756217002869,1825,ET,E,-577.658951849638,-338.456382276313,25
363070-99999,ERZIN,50.25,95.167,1100,A,FALSE,1345.20629217483,1148.54978828142,116.334045410156,0.975594162940979,1116,Dwc,D,-245.206292174825,-48.5497882814213,-16
364280-99999,ULKEN NARYN,49.2,84.517,401,A,FALSE,864.812009341238,518.773055146253,333.454528808594,0.954364538192749,393,Dfb,D,-463.812009341238,-117.773055146253,8
364390-99999,KATON-KARAGAJ,49.183,85.617,1081,A,FALSE,1461.24920055842,1275.40248517588,365.202270507813,0.999630331993103,1039,Dfc,D,-380.249200558422,-194.402485175876,42
364980-99999,BARSHATAS,48.167,78.417,643,A,FALSE,714.260470334544,684.374968133868,25.6256713867188,1,680,Dfb,D,-71.2604703345435,-41.3749681338684,-37
368210-99999,BAKANAS,44.833,76.267,396,A,FALSE,398.129324632392,399.058371742644,4.46240234375,0.959113359451294,394,Dfa,D,-2.12932463239235,-3.05837174264406,2
369740-99999,NARYN,41.433,76,2041,A,FALSE,2498.11297730685,2555.14633246318,275.430969238281,0.999908566474915,2052,Dfc,D,-457.112977306853,-514.146332463175,-11
369820-99999,TIAN-SHAN',41.883,78.233,3639,A,FALSE,3906.11362291468,4089.81923299496,309.837585449219,0.992855668067932,4366,ET,E,-267.113622914681,-450.819232994958,-727
376820-99999,AMASIA,40.95,43.783,1866,A,FALSE,2090.98371106915,1791.7867754279,302.252136230469,0.9952552318573,1872,Dfb,D,-224.983711069147,74.2132245721016,-6
377170-99999,SEVAN OZERO,40.567,45,1917,A,FALSE,2130.22764885626,1951.06644789505,290.28955078125,0.851330041885376,1912,Dfb,D,-213.227648856261,-34.0664478950509,5
377490-99999,GOYCHAY,40.65,47.75,95,A,FALSE,475.641299924669,88.4528132695671,182.116577148438,0.998715043067932,114,Cfa,C,-380.641299924669,6.54718673043291,-19
381410-99999,JASLYK,43.883,57.883,127,A,FALSE,143.787404863664,131.484837457236,8.112548828125,0.999966025352478,133,BWk,B,-16.7874048636639,-4.48483745723567,-6
383280-99999,SHYMKENT,42.364,69.479,422.1,A,FALSE,508.742244181882,457.590082367577,43.906982421875,0.996497869491577,408,Csa,C,-86.6422441818817,-35.4900823675771,14.1
383340-99999,AUL TURARA RYSKULOVA,42.483,70.3,808,A,FALSE,1099.11770050489,1063.30151287647,164.502136230469,0.999987721443176,838,Dsb,D,-291.117700504887,-255.301512876467,-30
383450-99999,TALAS,42.517,72.217,1218,A,FALSE,1931.20254535507,1201.98291784146,477.0263671875,0.999531626701355,1226,Dsb,D,-713.202545355065,16.0170821585352,-8
384030-99999,BUZAUBAJ,41.75,62.467,98,A,FALSE,135.981795914634,130.057234759067,15.59716796875,1,98,BWk,B,-37.9817959146345,-32.0572347590666,0
384620-99999,PSKEM,41.9,70.367,1258,A,FALSE,2259.1540342682,2221.90307406199,483.16455078125,0.999444723129272,1125,Dsc,D,-1001.1540342682,-963.903074061989,133
387130-99999,URA-TYUBE,39.9,68.983,1005,A,FALSE,794.759098816237,1111.63606137162,83.9879150390625,0.99952507019043,1024,Dsb,D,210.240901183763,-106.63606137162,-19
387440-99999,LAHSH,39.283,71.867,1198,A,FALSE,3500.70831439954,4322.11058631133,587.500793457031,0.99993622303009,4801,ET,E,-2302.70831439954,-3124.11058631133,-3603
387630-99999,GYZYLARBAT,38.983,56.283,92,A,FALSE,195.383451933764,154.326480627941,102.077697753906,1,96,BSk,B,-103.383451933764,-62.3264806279413,-4
387990-99999,UCHADZHY,38.083,62.8,185,A,FALSE,204.086889142189,193.687526448889,4.2532958984375,0.999845027923584,189,BWk,B,-19.0868891421893,-8.68752644888929,-4
388460-99999,HOVALING,38.367,69.983,1468,A,FALSE,1663.73456763077,1615.78375706791,201.465759277344,0.99959135055542,1470,Csa,C,-195.734567630766,-147.783757067908,-2
389540-99999,KHOROG,37.5,71.5,2077,A,FALSE,3586.35531477684,3108.444349625,559.604858398438,0.995668888092041,2152,Dsc,D,-1509.35531477684,-1031.444349625,-75
401900-99999,BEER SHEVA CITY,31.25,34.8,280,A,FALSE,351.923035405184,303.205047722719,45.1039428710938,0.999878764152527,280,BSh,B,-71.9230354051842,-23.2050477227188,0
403730-99999,AL QAISUMAH INTL,28.335,46.125,357.8,A,TRUE,355.479694024591,364.795906986586,3.40350341796875,1,362,BWh,B,2.32030597540955,-6.99590698658562,-4.19999999999999
403750-99999,TABUK / PRINCE SULTAN BIN ABD,28.365,36.619,777.5,A,FALSE,842.619638603014,754.123557101559,46.45068359375,0.999773979187012,771,BWh,B,-65.1196386030143,23.3764428984413,6.5
403940-99999,HAIL,27.438,41.686,1015.3,A,FALSE,1008.01999830791,1024.55229678331,70.7647094726563,1,1002,BWh,B,7.28000169209145,-9.25229678330538,13.3
404390-99999,YENBO / PRINCE ABDULMOHSIN BI,24.144,38.063,7.9,A,FALSE,66.7892709443337,-1.89404320027736,48.08251953125,0.827080607414246,16,BWh,B,-58.8892709443337,9.79404320027736,-8.1
407010-99999,MAKKO,39.333,44.433,1411,A,FALSE,1743.45008592702,1848.07511038428,271.695739746094,0.999812126159668,1365,Dsb,D,-332.450085927024,-437.07511038428,46
407030-99999,KHOY,38.427,44.974,1213.4,A,FALSE,1377.22060134258,1413.87994689828,240.131286621094,0.982956767082214,1187,Dsa,D,-163.820601342584,-200.479946898278,26.4000000000001
407120-99999,UROMIYEH,37.668,45.069,1324.1,A,FALSE,1484.3521460087,1356.97978221411,195.797058105469,0.907506823539734,1306,BSk,B,-160.252146008703,-32.87978221411,18.0999999999999
407160-99999,MEYANEH,37.45,47.7,1110,A,FALSE,1510.91455837684,1245.83071499952,149.794372558594,1,1131,Csa,C,-400.914558376841,-135.830714999516,-21
407230-99999,BOJNORD,37.493,57.308,1079.9,A,TRUE,1240.81523483108,1160.17455310937,231.021911621094,1,1065,BSk,B,-160.915234831084,-80.2745531093697,14.9000000000001
407260-99999,MOHABAD,36.767,45.717,1385,A,FALSE,1563.56656938468,1549.70614646694,161.095703125,0.987934350967407,1309,Csa,C,-178.566569384678,-164.706146466938,76
407290-99999,ZANJAN,36.774,48.359,1640.4,A,FALSE,1876.58997059712,1696.54528113576,235.612243652344,1,1627,Dsb,D,-236.18997059712,-56.1452811357599,13.4000000000001
407390-99999,SHAHRUD,36.417,54.95,1345,A,TRUE,1648.86304231376,1309.05312020415,268.351989746094,1,1346,BSk,B,-303.863042313762,35.9468797958527,-1
407540-99999,MEHRABAD INTL,35.689,51.313,1207.6,A,FALSE,1656.78137770352,1188.72660707275,298.416687011719,0.999588370323181,1179,Csa,C,-449.181377703523,18.8733929272482,28.5999999999999
407620-99999,TORBAT-HEYDARIEH,35.267,59.217,1451,A,TRUE,1374.14512131118,1393.07773615353,65.6015014648438,0.997338175773621,1339,BSk,B,76.8548786888234,57.9222638464714,112
407690-99999,ARAK,34.138,49.847,1661.8,A,FALSE,1791.14731178907,1709.59764866188,127.728332519531,0.981930017471313,1654,Csa,C,-129.347311789067,-47.7976486618775,7.79999999999996
407804-99999,ILAM,33.583,46.4,1368,A,FALSE,1363.60221165293,1512.38453307195,227.96337890625,0.99971866607666,1328,Csa,C,4.39778834706544,-144.384533071946,40
407805-99999,KHORAM ABAD,33.433,48.283,1184,A,FALSE,1619.7218632414,1471.59588455283,270.519226074219,1,1152,Csa,C,-435.721863241398,-287.595884552829,32
407825-99999,ARDABIL,38.317,48.417,1348,A,FALSE,1411.28708938896,1292.9416040391,237.140197753906,0.999897599220276,1311,Dsa,D,-63.2870893889606,55.0583959609039,37
407910-99999,TABAS,33.668,56.893,704.7,A,FALSE,1133.4399142578,703.749576180449,188.858825683594,1,692,BWh,B,-428.7399142578,0.95042381955102,12.7
407920-99999,FERDOUS,34.017,58.167,1293,A,FALSE,1523.57218419708,1292.7376607965,104.291748046875,1,1276,BSk,B,-230.572184197076,0.26233920349955,17
407980-99999,SHAHRE KORD,32.297,50.842,2049.2,A,FALSE,2306.05540349215,2151.74659860911,196.892272949219,1,2044,Csa,C,-256.855403492146,-102.546598609108,5.19999999999982
408000-99999,ESFAHAN SHAHID BEHESHTI INTL,32.751,51.862,1545.9,A,FALSE,1590.34168818162,1564.39005993382,75.0822143554688,1,1542,BSk,B,-44.4416881816167,-18.4900599338205,3.90000000000009
408180-99999,ABADEH,31.183,52.667,2004,A,FALSE,1959.30210024894,2154.19391752025,148.867492675781,1,2050,BSk,B,44.6978997510616,-150.193917520254,-46
408210-99999,YAZD SHAHID SADOOGHI,31.905,54.277,1235.7,A,FALSE,1484.45013436354,1224.00878804179,179.77001953125,1,1224,BWk,B,-248.750134363544,11.6912119582121,11.7
408270-99999,NEHBANDAN,31.533,60.033,1211,A,FALSE,1311.44771062557,1285.59964730565,128.122436523438,1,1176,BWk,B,-100.44771062557,-74.5996473056548,35
408410-99999,KERMAN,30.274,56.951,1748.3,A,TRUE,1944.28717733948,1755.48487824588,213.777648925781,1,1748,BSk,B,-195.987177339484,-7.18487824588442,0.299999999999955
408480-99999,SHIRAZ SHAHID DASTGHAIB INTL,29.539,52.589,1499.6,A,FALSE,1878.04744779372,1560.10725183931,232.567260742188,0.999996542930603,1487,BSk,B,-378.447447793717,-60.5072518393133,12.5999999999999
408510-99999,SIRJAN,29.467,55.717,1739,A,FALSE,1947.0523609139,1780.56989708514,63.4156494140625,0.997938394546509,1773,BSk,B,-208.052360913895,-41.5698970851413,-34
408560-99999,ZAHEDAN INTL,29.476,60.907,1377.7,A,FALSE,1438.78915431429,1387.16338211826,141.420776367188,1,1369,BWk,B,-61.0891543142918,-9.4633821182565,8.70000000000005
408780-99999,SARAVAN,27.333,62.333,1195,A,FALSE,1243.39161157544,1191.78575571169,74.8696899414063,1,1140,BWh,B,-48.3916115754362,3.2142442883146,55
410360-99999,TAIF,21.483,40.544,1477.7,A,FALSE,1442.48682056627,1505.65440606629,148.453674316406,1,1462,BWh,B,35.2131794337261,-27.9544060662918,15.7
410550-99999,AL BAHA / KING SAUD BIN ABDUL,20.296,41.634,1672.1,A,FALSE,1601.48368111498,1599.46829766026,73.7479248046875,0.999912738800049,1658,BWh,B,70.6163188850167,72.6317023397387,14.0999999999999
410610-99999,WADI AL DAWASIR,20.504,45.2,628.5,A,FALSE,684.753229074786,623.80382508298,55.9439697265625,1,626,BWh,B,-56.2532290747861,4.69617491702059,2.5
410840-99999,BISHA,19.984,42.621,1184.8,A,FALSE,1232.71844910405,1172.20720442251,42.0209350585938,0.999863266944885,1172,BWh,B,-47.9184491040519,12.5927955774907,12.8
411140-99999,KING KHALED AB,18.297,42.804,2065.9,A,FALSE,2080.57145255069,2039.98570166673,183.299560546875,0.99943733215332,2054,BWk,B,-14.6714525506927,25.9142983332738,11.9000000000001
411360-99999,SHARURAH,17.467,47.121,720.2,A,TRUE,744.556796679422,733.321346356809,6.73358154296875,1,727,BWh,B,-24.3567966794216,-13.1213463568089,-6.79999999999996
412170-99999,ABU DHABI INTL / ZAYED INTL,24.433,54.651,26.8,A,FALSE,27.0701294689063,25.4343513075311,6.11993408203125,0.896612524986267,18,BWh,B,-0.270129468906305,1.36564869246888,8.8
412400-99999,KHASAB PORT,26.217,56.25,4,A,FALSE,88.6633786926474,137.603134735103,26.4522705078125,0.209752082824707,-6,BWh,B,-84.6633786926473,-133.603134735103,10
412540-99999,SAIQ,23.067,57.633,1981,A,TRUE,872.278642314781,1807.28646186516,263.011901855469,1,1922,BWh,B,1108.72135768522,173.713538134837,59
413040-99999,MARMUL,18.133,55.183,273,A,TRUE,275.826314685061,296.882807202256,12.5262451171875,1,278,BWh,B,-2.82631468506065,-23.8828072022556,-5
413160-99999,SALALAH,17.039,54.091,22.3,A,FALSE,261.825133088899,-28.8145512228947,251.571105957031,0.668266296386719,23,BWh,B,-239.525133088899,51.1145512228947,-0.699999999999999
416200-99999,ZHOB,31.358,69.464,1417.3,A,FALSE,1596.01146965643,1499.12822230323,186.414184570313,1,1430,BSh,B,-178.711469656432,-81.8282223032331,-12.7
416600-99999,QUETTA,30.251,66.938,1600.2,A,FALSE,1922.6600321115,1613.94826788455,225.588195800781,0.999685406684875,1588,BSk,B,-322.460032111501,-13.7482678845479,12.2
416850-99999,BAR KHAN,29.883,69.717,1097,A,FALSE,1313.42022417505,1136.31319372569,148.28076171875,1,1231,BWh,B,-216.42022417505,-39.3131937256862,-134
417440-99999,KHUZDAR,27.833,66.633,1232,A,TRUE,1322.25869411637,1359.01921464007,162.03662109375,1,1298,BWh,B,-90.258694116365,-127.019214640066,-66
417490-99999,NAWABSHAH,26.219,68.39,28.3,A,FALSE,27.6018955409085,30.3289891298252,2.99810791015625,0.997741103172302,29,BWh,B,0.698104459091535,-2.02898912982517,-0.699999999999999
417800-99999,JINNAH INTL,24.907,67.161,30.5,A,FALSE,103.276788343242,35.4275701947148,28.718017578125,0.934496283531189,28,BWh,B,-72.7767883432416,-4.92757019471481,2.5
420270-99999,SRINAGAR,34.083,74.833,1587,A,FALSE,1847.71487372408,1594.36971659537,295.943725585938,0.995543718338013,1585,Cfb,C,-260.71487372408,-7.36971659537153,2
421110-99999,DEHRADUN,30.317,78.033,682,A,FALSE,726.042972514187,637.264079094288,142.184326171875,0.999995827674866,655,Cwa,C,-44.0429725141869,44.7359209057119,27
426230-99999,IMPHAL,24.76,93.897,774.2,A,TRUE,953.759942631403,804.90542450786,190.069641113281,0.96039342880249,775,Cwa,C,-179.559942631403,-30.7054245078595,-0.799999999999955
427010-99999,BIRSA MUNDA,23.314,85.322,654.7,A,FALSE,628.612673303957,650.724333105597,42.0794067382813,0.991770148277283,646,Cwa,C,26.087326696043,3.97566689440328,8.70000000000005
427540-99999,DEVI AHILYABAI HOLKAR,22.722,75.801,563.9,A,FALSE,533.988186985999,555.074952328267,34.9695434570313,0.997281670570374,564,As,A,29.9118130140007,8.82504767173293,-0.100000000000023
427790-99999,PENDRA ROAD,22.767,81.9,625,A,TRUE,583.792560803766,632.981270999781,91.1483154296875,0.999006152153015,615,Cwa,C,41.2074391962342,-7.9812709997808,10
431850-99999,MACHILIPATNAM/FRANCHPET,16.2,81.15,3,A,FALSE,4.30257505429989,2.59270813682552,1.64569091796875,0.419768810272217,8,Aw,A,-1.30257505429989,0.407291863174478,-5
432130-99999,KURNOOL,15.8,78.067,281,A,TRUE,341.498827087359,311.362777426542,18.7863159179688,0.966622352600098,280,BSh,B,-60.4988270873591,-30.3627774265422,1
432260-99999,HONAVAR,14.283,74.45,9,A,FALSE,129.549218913314,50.7233133893837,66.8807373046875,0.725069403648377,20,Aw,A,-120.549218913314,-41.7233133893837,-11
432790-99999,CHENNAI INTL,12.994,80.181,15.8,A,FALSE,10.4427802976807,9.93466487026661,5.22625732421875,0.600924849510193,10,Aw,A,5.35721970231935,5.8653351297334,5.8
433290-99999,CUDDALORE,11.767,79.767,12,A,FALSE,15.1685276222002,2.18482165163435,9.24481201171875,0.558555841445923,12,Aw,A,-3.16852762220024,9.81517834836565,0
433710-99999,THIRUVANANTHAPURAM,8.483,76.95,64,A,FALSE,138.43668303205,41.3419242299868,30.4584350585938,0.750901699066162,11,Aw,A,-74.4366830320497,22.6580757700132,53
435550-99999,MALE INTL / VELANA INTL,4.192,73.529,1.8,A,FALSE,0.676209271897131,-0.058554016917092,0,0,3,Am,A,1.12379072810287,1.85855401691709,-1.2
435990-99999,GAN ISLAND,-0.693,73.156,1.8,A,TRUE,-0.0511351831410319,0.145389225678494,0,0,0,Climate Zone info missing,,1.85113518314103,1.65461077432151,1.8
442030-99999,RINCHINLHUMBE,51.117,99.667,1583,A,FALSE,1866.36651890873,1602.73138954179,165.72265625,0.992573499679565,1583,Dwc,D,-283.366518908725,-19.7313895417906,0
442070-99999,HATGAL,50.433,100.15,1668,A,FALSE,1925.74188536924,1804.63519971142,129.292114257813,0.959158539772034,1664,Dwc,D,-257.741885369239,-136.63519971142,4
442140-99999,ULGI,48.933,89.933,1715,A,FALSE,2061.25978011413,2074.04422318019,239.028503417969,0.99902880191803,1974,BSk,B,-346.259780114132,-359.044223180189,-259
442160-99999,HUNHATAOORTOO,48.817,93.1,1051,A,FALSE,1193.61591727616,1083.49189389343,52.21923828125,0.994975686073303,1047,BSk,B,-142.61591727616,-32.4918938934295,4
442180-99999,HOVD,48.017,91.567,1405,A,FALSE,1776.73386211461,1613.13249491417,202.018615722656,0.999966263771057,1487,BWk,B,-371.733862114611,-208.132494914166,-82
442240-99999,TSETSEN UUL,48.767,96,1928,A,FALSE,2070.67901030487,2058.95242322812,89.3712158203125,0.981693863868713,2081,Dwc,D,-142.67901030487,-130.952423228116,-153
442290-99999,TARIAT,48.083,99.55,2041,A,FALSE,2354.307100045,2162.55559046667,151.062561035156,0.966521382331848,2068,Dwc,D,-313.307100044995,-121.555590466673,-27
442300-99999,TARIALAN,49.567,102,1235,A,FALSE,1333.96392092674,1319.86211206171,151.753234863281,1,1167,Dwc,D,-98.9639209267436,-84.8621120617133,68
442390-99999,BULGAN,48.8,103.55,1208,A,FALSE,1358.95294304439,1283.76415812229,126.0849609375,0.999995470046997,1174,Dwc,D,-150.952943044388,-75.7641581222947,34
442420-99999,HADATYN,49.45,107.2,762,A,FALSE,1014.82461239631,1002.52642658298,111.883422851563,0.999937653541565,1013,Dwc,D,-252.824612396308,-240.526426582982,-251
442560-99999,DASHBALBAR,49.55,114.4,705,A,FALSE,741.098126414856,738.419927421699,27.8297119140625,0.979974389076233,704,Dwc,D,-36.0981264148563,-33.4199274216986,1
442650-99999,BAITAG,46.117,91.467,1186,A,FALSE,1383.9774162335,1176.69395575961,198.7373046875,0.997526168823242,1265,BWk,B,-197.9774162335,9.30604424038779,-79
442660-99999,TONHIL,46.317,93.9,2095,A,TRUE,2094.47544244531,2366.09094657707,152.226623535156,0.994507431983948,2242,BSk,B,0.524557554695093,-271.090946577068,-147
442720-99999,ULIASTAI,47.75,96.85,1759,A,FALSE,2112.16871372041,2006.94689636624,192.969360351563,1,1781,Dwc,D,-353.168713720409,-247.946896366241,-22
442770-99999,ALTAI,46.4,96.25,2181,A,FALSE,2180.44747736549,2164.18713640744,162.572204589844,1,2163,BSk,B,0.552522634513025,16.8128635925623,18
442840-99999,GALUUT,46.7,100.133,2126,A,FALSE,2476.16318749586,2130.12861489398,160.309997558594,0.999370217323303,2109,Dwc,D,-350.163187495858,-4.12861489397528,17
442860-99999,BAT OLDZIY BUND,46.967,103.8,1358,A,TRUE,1584.35842363664,1562.35062750786,92.1160278320312,1,1544,BSk,B,-226.35842363664,-204.350627507865,-186
442920-99999,CHINGGIS KHAAN INTL / BUYANT,47.843,106.767,1330.1,A,FALSE,1457.01339500811,1490.76654935681,97.937744140625,1,1294,BSk,B,-126.913395008107,-160.666549356814,36.0999999999999
442940-99999,MAANTI,47.3,107.483,1430,A,TRUE,1489.9912563318,1463.23421160641,39.653076171875,0.999563932418823,1426,BSk,B,-59.9912563318005,-33.2342116064101,4
442980-99999,CHOIR,46.45,108.217,1286,A,TRUE,1314.49251950526,1272.34333653694,23.4285278320313,0.999890089035034,1286,BSk,B,-28.4925195052592,13.6566634630581,0
443040-99999,UNDERKHAAN,47.317,110.633,1033,A,FALSE,1158.88661369135,1022.51286435735,66.7994384765625,0.999947428703308,1027,Dwc,D,-125.886613691347,10.4871356426506,6
443170-99999,ERDENETSAGAAN,45.9,115.367,1076,A,FALSE,1050.60828661227,1139.57628560722,24.3784790039063,1,1075,BSk,B,25.3917133877267,-63.5762856072156,1
443250-99999,ERDENI,45.15,97.767,2417,A,FALSE,2491.57763203094,2483.56225431212,224.196044921875,0.999739766120911,2427,ET,E,-74.5776320309433,-66.5622543121249,-10
443290-99999,AMARBUYANTAYN,44.617,98.7,2103,A,FALSE,1745.07924190791,1834.41091313038,95.7200927734375,0.999960422515869,1919,BSk,B,357.920758092085,268.589086869624,184
443380-99999,BOGD,44.65,102.167,1646,A,FALSE,1563.57254428436,1874.17984543652,116.396057128906,1,1535,BWk,B,82.4274557156368,-228.179845436515,111
443470-99999,TSOGT-OVOO,44.417,105.317,1298,A,FALSE,1264.4981438775,1278.8695203,35.0712890625,0.998385787010193,1287,BWk,B,33.5018561225036,19.1304796999993,11
443730-99999,DALANZADGAD,43.583,104.417,1465,A,TRUE,1620.59300361553,1440.3925684357,124.234252929688,0.999907255172729,1457,BWk,B,-155.593003615531,24.6074315642957,8
444540-99999,TRIBHUVAN INTL,27.697,85.359,1338.1,A,TRUE,1526.57477045232,1613.33643815676,474.220825195313,0.998882174491882,1335,Cwa,C,-188.474770452321,-275.236438156761,3.09999999999991
470030-99999,SENBONG,42.317,130.4,3,A,TRUE,100.369003829672,132.096667185022,94.7921752929688,0.41888427734375,5,Dwb,D,-97.3690038296717,-129.096667185022,-2
470050-99999,SAMJIYON,41.817,128.3,1381,A,FALSE,1423.1488585711,1470.37222509726,119.109985351563,0.999960064888,1413,Dwc,D,-42.1488585710972,-89.3722250972555,-32
470280-99999,SUPUNG,40.45,124.933,76,A,FALSE,302.862337434929,214.285793951043,113.927062988281,0.94329297542572,67,Dwa,D,-226.862337434929,-138.285793951043,9
470310-99999,CHANGJIN,40.367,127.25,1080,A,FALSE,1042.26891995801,1386.75549563307,253.426086425781,0.999430179595947,1082,Dwb,D,37.7310800419868,-306.755495633066,-2
470460-99999,SINPO,40.033,128.183,19,A,TRUE,66.1619064773649,36.4472864076927,0,0.340309381484985,3,Dfb,D,-47.1619064773649,-17.4472864076927,16
471060-99999,DONGHAE RADAR,37.5,129.133,37,A,FALSE,129.438484105811,193.075696721103,47.31787109375,0.272534251213074,6,Dfa,D,-92.4384841058109,-156.075696721103,31
471150-99999,ULLEUNGDO,37.483,130.9,220,A,TRUE,15.6684275625468,55.8218944542734,0,0.0724916458129883,135,Cfa,C,204.331572437453,164.178105545727,85
471850-43263,GOSAN,33.294,126.163,71,A,TRUE,116.998344634126,24.2106918519576,80.9868774414063,0.321912884712219,69,Cfa,C,-45.9983446341258,46.7893081480424,2
474260-99999,URAKAWA,42.167,142.783,38.5,A,FALSE,236.532984393881,27.8816702186781,102.395751953125,0.704341411590576,21,Dfb,D,-198.032984393881,10.6183297813219,17.5
475200-99999,SHINJO,38.75,140.317,102,A,TRUE,317.372978810934,144.333261740758,223.139709472656,0.988375067710876,130,Cfa,C,-215.372978810934,-42.3332617407576,-28
475740-99999,FUKAURA,40.65,139.933,68,A,FALSE,116.268610219214,120.267959114478,71.3890380859375,0.330047726631165,41,Dfa,D,-48.2686102192135,-52.2679591144784,27
476220-99999,KARUIZAWA,36.35,138.55,1004.8,A,TRUE,1020.53143824917,920.133356574365,291.506713867188,0.99990701675415,1059,Cfa,C,-15.7314382491728,84.6666434256346,-54.2000000000001
476770-99999,MIYAKEJIMA,34.117,139.517,39.6,A,TRUE,12.4073273142459,26.2501242779135,0,0.04972243309021,115,Climate Zone info missing,,27.1926726857541,13.3498757220865,-75.4
478180-99999,UNZENDAKE,32.733,130.267,679.8,A,FALSE,97.4624142960389,161.464494118787,157.173889160156,0.582446694374085,721,Cfa,C,582.337585703961,518.335505881213,-41.2
479090-99999,NAZE/FUNCHATOGE,28.394,129.553,294.1,A,FALSE,20.6236110349865,42.3616404429647,7.581298828125,0.113208770751953,292,Cfa,C,273.476388965014,251.738359557035,2.10000000000002
479270-99999,MIYAKO,24.783,125.295,45.7,A,FALSE,2.24601458257917,13.6056432369871,0,0.0722252130508423,48,Cfa,C,43.4539854174208,32.0943567630129,-2.3
479450-99999,MINAMI DAITO,25.847,131.263,50.9,A,FALSE,0.0942540425374618,0.757218953465251,0,0.00445830821990967,48,Cfa,C,50.8057459574625,50.1427810465348,2.9
479710-42402,CHICHI JIMA BONIN ISLAND,27.083,142.183,7.9,A,FALSE,2.28465226721154,9.11889189988426,0,0.0343761444091797,-1,Cfa,C,5.61534773278847,-1.21889189988426,8.9
479910-99999,MINAMI TORISHIMA,24.29,153.979,6.7,A,FALSE,-0.0650766157403395,-0.058554016917092,0,0,7,Climate Zone info missing,,6.76507661574034,6.75855401691709,-0.3
483020-99999,DOI ANG KHANG,19.917,99.033,1530,A,TRUE,920.387737928472,952.968218632255,271.748901367188,0.999983549118042,1585,Aw,A,609.612262071528,577.031781367745,-55
484350-99999,PAKCHONG AGROMET,14.633,101.317,388,A,TRUE,343.215216603657,493.280149821805,91.7206420898438,0.999840497970581,532,Aw,A,44.7847833963433,-105.280149821805,-144
485000-99999,PRACHUAP,11.788,99.805,3,A,FALSE,141.821662867162,7.48734595911958,45.4459838867188,0.385164022445679,7,Aw,A,-138.821662867162,-4.48734595911958,-4
485660-99999,KO LANTA,7.533,99.05,3,A,FALSE,17.5533092499732,8.30311892950192,0,0.0958242416381836,14,Am,A,-14.5533092499732,-5.30311892950192,-11
486150-99999,SULTAN ISMAIL PETRA,6.167,102.293,4.9,A,FALSE,4.3165164868992,-2.50587292806412,14.4393920898438,0.294538378715515,9,Af,A,0.583483513100804,7.40587292806412,-4.1
486980-99999,SINGAPORE CHANGI INTL,1.35,103.994,6.7,A,FALSE,7.63099250572316,-1.07827022989502,0,0.210514664649963,1,Af,A,-0.930992505723157,7.77827022989502,5.7
488030-99999,LAO CAI,22.5,103.967,97,A,FALSE,686.055358879561,163.096040059551,384.183532714844,0.994737505912781,94,Cfa,C,-589.055358879561,-66.0960400595514,3
488230-99999,NAM DINH,20.433,106.15,3,A,TRUE,-1.68228279726002,3.40848110720786,5.17291259765625,0.96394145488739,0,Cwa,C,4.68228279726002,-0.408481107207864,3
488400-99999,THANH HOA,19.75,105.783,5,A,FALSE,15.3637076785905,6.67157298873724,32.0126953125,0.918037176132202,7,Aw,A,-10.3637076785905,-1.67157298873723,-2
489070-99999,RACH GIA,10,105.083,3,A,FALSE,-1.29072770454233,2.18482165163435,0.44403076171875,0.351965665817261,-1,Am,A,4.29072770454233,0.81517834836565,4
489140-99999,CA MAU,9.183,105.15,2,A,TRUE,1.3163201915282,1.16510543865642,0.380126953125,0.999778270721436,7,Am,A,0.683679808471802,0.834894561343578,-5
489200-99999,TRUONG SA,8.65,111.917,3,A,FALSE,0.649123059989905,-0.466440502108263,0,0,-93,Climate Zone info missing,,2.3508769400101,3.46644050210826,96
489350-99999,PLAINE DES JARRES (XIENGKHOUA,19.467,103.133,1050,A,FALSE,1159.1407460913,1045.15056428546,107.408081054688,1,1057,Cwa,C,-109.1407460913,4.84943571454051,-7
509490-99999,QIAN GORLOS,45.083,124.867,136,A,TRUE,165.721659935477,136.175532036934,16.0026245117188,0.969012498855591,136,Dwa,D,-29.7216599354775,-0.175532036934129,0
509680-99999,SHANGZHI,45.217,127.967,191,A,TRUE,276.003171715749,216.937056104786,65.4927368164063,0.999589920043945,188,Dwb,D,-85.003171715749,-25.9370561047861,3
511560-99999,HOBOKSAR,46.817,85.75,1323.2,A,FALSE,1352.03400920868,1222.98907182881,188.242004394531,0.999074339866638,1338,BWk,B,-28.8340092086748,100.21092817119,-14.8
513340-99999,JINGHE,44.567,82.817,330.2,A,FALSE,633.093051414729,304.428707178292,240.669372558594,0.999959945678711,332,BWk,B,-302.893051414729,25.7712928217077,-1.80000000000001
514950-99999,SHISANJIANFANG,43.217,91.733,732,A,TRUE,884.136826557107,779.208575940816,132.61474609375,0.999874591827393,709,BWk,B,-152.136826557107,-47.2085759408158,23
515420-99999,BAYANBULAK,43.033,84.15,2459,A,FALSE,2624.54703289668,2713.20234547475,283.346801757813,0.996742010116577,2458,Dwc,D,-165.547032896683,-254.202345474755,1
516440-99999,KUQA,41.717,82.95,1100,A,FALSE,1213.65453584111,1040.86775619095,104.72265625,0.993629336357117,1065,BWk,B,-113.654535841113,59.1322438090479,35
516560-99999,KORLA,41.733,85.817,903,A,TRUE,1151.89359109953,847.733505452933,225.637268066406,0.989763617515564,901,BWk,B,-248.893591099535,55.2664945470675,2
517090-99999,KASHI / LAINING,39.543,76.02,1380.4,A,FALSE,1424.87002800714,1320.4739417895,83.0802612304688,0.996110558509827,1375,BWk,B,-44.4700280071431,59.9260582105001,5.40000000000009
517160-99999,BACHU,39.8,78.567,1117,A,FALSE,1134.15331728024,1088.79441820091,86.5917358398438,0.925196528434753,1119,BWk,B,-17.1533172802385,28.2055817990852,-2
517300-99999,ALAR,40.5,81.05,1013,A,FALSE,1029.64077030956,1019.86160220361,2.933349609375,0.982278943061829,1019,BWk,B,-16.6407703095604,-6.86160220360682,-6
517470-99999,TAZHONG,39,83.667,1099,A,FALSE,1117.56739408017,1119.58984783285,3.18878173828125,1,1113,BWk,B,-18.5673940801651,-20.5898478328481,-14
518110-99999,SHACHE,38.433,77.267,1232,A,FALSE,1204.37471997637,1219.31809346209,13.2329711914063,0.965988039970398,1220,BWk,B,27.6252800236318,12.6819065379104,12
518280-99999,HOTAN,37.133,79.933,1375,A,FALSE,1291.63334996214,1379.20959565703,45.262939453125,0.992012977600098,1352,BWk,B,83.366650037857,-4.20959565702879,23
518860-99999,MANGNAI,38.25,90.85,2945,A,FALSE,3127.93033975988,2902.05378811827,220.712829589844,0.964184403419495,2947,BWk,B,-182.930339759882,42.9462118817332,-2
524360-99999,YUMENZHEN,40.267,97.033,1527,A,TRUE,1590.7137252687,1507.28595200706,79.0336303710938,0.999744057655334,1528,BWk,B,-63.7137252686953,19.7140479929435,-1
524950-99999,BAYAN MOD,40.75,104.5,1329,A,FALSE,1388.76211590158,1301.9151067133,47.0398559570313,1,1336,BWk,B,-59.7621159015821,27.0848932866982,-7
525330-99999,JIUQUAN/SUZHOU,39.767,98.483,1478,A,FALSE,1512.52658631197,1466.90518997313,134.862365722656,0.995262742042542,1478,BWk,B,-34.5265863119669,11.0948100268695,0
526020-99999,LENGHU,38.833,93.383,2771,A,FALSE,2906.15321658326,2796.20724521116,96.0957641601563,0.999706745147705,2758,BWk,B,-135.153216583263,-25.2072452111579,13
526520-99999,ZHANGYE,39.083,100.283,1462,A,TRUE,1595.99991818371,1463.6420980916,184.559265136719,0.999471545219421,1461,BWk,B,-133.999918183707,-1.64209809160116,1
526810-99999,MINQIN,38.633,103.083,1367,A,TRUE,1386.98557906178,1371.4597524384,23.281005859375,1,1367,BWk,B,-19.9855790617846,-4.45975243839644,0
527130-99999,DA-QAIDAM,37.85,95.367,3174,A,FALSE,3464.353041447,3395.39249195699,209.961059570313,0.966934442520142,3195,BWk,B,-290.353041447003,-221.392491956989,-21
527370-99999,DELINGHA,37.367,97.367,2982,A,FALSE,3005.04537458319,3281.38821934606,186.9189453125,0.955212712287903,2987,BSk,B,-23.045374583191,-299.388219346056,-5
527870-99999,WUSHAOLING,37.2,102.867,3044,A,TRUE,3114.22471653483,2948.14496094487,292.728759765625,0.99994945526123,3032,Dwc,D,-70.2247165348263,95.8550390551309,12
528360-99999,DOULAN,36.3,98.1,3190,A,FALSE,3225.87726862958,3240.19168434175,140.314147949219,0.9994056224823,3186,BSk,B,-35.8772686295779,-50.191684341748,4
529080-99999,WUDAOLIANG,35.217,93.083,4613,A,TRUE,4640.57537845811,4698.58981214278,131.530151367188,0.999214053153992,4617,ET,E,-27.5753784581129,-85.5898121427808,-4
529550-99999,GUINAN,35.583,100.75,3123,A,FALSE,3443.03818430925,3243.86266270847,206.786193847656,1,3104,Dwc,D,-320.038184309245,-120.862662708469,19
529960-99999,HUAJIALING,35.383,105,2450,A,TRUE,2049.03075376467,2228.42925782505,97.9288330078125,0.999792695045471,2346,Dwb,D,400.969246235335,221.570742174953,104
530830-99999,NARAN BULAG,44.617,114.15,1183,A,TRUE,1156.00352542981,1187.29900437458,28.1818237304688,0.999423623085022,1183,BSk,B,26.9964745701896,-4.29900437458264,0
531490-99999,MANDAL,42.533,110.133,1223,A,TRUE,1152.64204686679,1227.8837096511,33.5835571289063,1,1225,BSk,B,70.3579531332055,-4.88370965110426,-2
531920-99999,ABAG QI,44.017,115,1147.7,A,FALSE,1198.33728300758,1179.54916115595,51.2305297851563,0.997460246086121,1136,BSk,B,-50.6372830075766,-31.8491611559502,11.7
532310-99999,HAILS,41.45,106.383,1510,A,FALSE,1504.01394756683,1510.75298713118,22.6993408203125,1,1446,BWk,B,5.98605243317024,-0.752987131181499,64
533360-99999,HALIUT,41.567,108.517,1290,A,FALSE,1323.4070698359,1343.11164171761,69.7051391601563,0.999632835388184,1284,BSk,B,-33.4070698359024,-53.1116417176102,6
533520-99999,BAILING-MIAO,41.7,110.433,1377,A,FALSE,1416.99750018164,1418.16275499279,49.3555908203125,0.999002933502197,1374,BSk,B,-39.997500181637,-41.1627549927855,3
534800-99999,JINING,41.033,113.067,1416,A,TRUE,1546.06170661299,1374.92678756252,95.7687377929688,0.997593998908997,1416,Dwb,D,-130.061706612987,41.0732124374786,0
535430-99999,DONGSHENG,39.833,109.983,1459,A,FALSE,1419.94312572655,1447.93846841174,56.08935546875,0.999701499938965,1436,BSk,B,39.0568742734522,11.061531588259,23
535640-99999,HEQU,39.367,111.217,1037,A,FALSE,1113.90956049275,944.606545685836,77.7203369140625,0.990650057792664,1035,BSk,B,-76.9095604927525,92.3934543141643,2
535880-99999,WUTAI SHAN,38.95,113.517,2210,A,FALSE,1676.72399954686,1600.28407063064,309.376037597656,0.999563097953796,1915,Dwb,D,533.276000453136,609.715929369357,295
536460-99999,YULIN,38.267,109.783,1158,A,FALSE,1145.46061577157,1133.66193157194,41.693359375,0.999537110328674,1161,BSk,B,12.5393842284316,24.3380684280564,-3
537230-99999,YANCHI,37.8,107.383,1356,A,TRUE,1407.20663123047,1387.97915508864,54.11083984375,0.997333168983459,1357,BSk,B,-51.2066312304662,-31.9791550886389,-1
537870-99999,YUSHE,37.067,112.983,1042,A,FALSE,1167.23872679827,1144.26698018691,79.874755859375,0.99804675579071,1015,Dwb,D,-125.23872679827,-102.266980186914,27
539230-99999,XIFENGZHEN,35.733,107.633,1423,A,FALSE,1249.58837920251,1294.77709322246,67.0354614257813,0.99998664855957,1414,Dwa,D,173.411620797494,128.222906777544,9
539590-99999,YUNCHENG,35.117,111.067,376.5,A,TRUE,537.943570577746,373.973352903387,220.3876953125,0.94304084777832,370,Cwa,C,-161.443570577746,2.52664709661298,6.5
541020-99999,XILIN HOT,43.95,116.117,1004,A,FALSE,1069.95899506011,1044.94662104286,52.6666870117188,0.999468326568604,1000,BSk,B,-65.9589950601123,-40.9466210428639,4
542080-99999,DUOLUN,42.183,116.467,1247,A,TRUE,1313.28519144216,1284.17204460749,56.0244140625,0.998603463172913,1247,Dwb,D,-66.2851914421592,-37.1720446074858,0
547530-99999,LONGKOU,37.617,120.317,5,A,TRUE,66.211298981431,31.3487053428031,34.57080078125,0.709961175918579,2,Dwa,D,-61.211298981431,-26.3487053428031,3
548260-99999,TAI SHAN,36.25,117.1,1536,A,TRUE,237.756245522809,276.896369427888,111.799133300781,0.991830468177795,1094,Cwa,C,1298.24375447719,1259.10363057211,442
552280-99999,SHIQUANHE,32.5,80.083,4280,A,TRUE,4576.72521045987,4419.79939951462,231.654846191406,1,4312,Dwc,D,-296.725210459867,-139.799399514615,-32
552990-99999,NAGQU,31.483,92.067,4508,A,FALSE,4626.3618887598,4673.50479330352,91.8938598632812,0.99291718006134,4522,ET,E,-118.361888759796,-165.504793303524,-14
555910-99999,LHASA / GONGGAR,29.298,90.912,3570,A,FALSE,4233.44292560724,3740.87234491391,341.448303222656,0.955742239952087,3570,Dwc,D,-663.442925607242,-170.872344913911,0
557730-99999,PAGRI,27.733,89.083,4300,A,FALSE,4596.62799963864,4571.12528552054,316.160949707031,0.999862670898438,4379,ET,E,-296.627999638638,-271.12528552054,-79
560040-99999,TUOTUOHE,34.217,92.433,4535,A,TRUE,4664.46262907377,4637.40683936411,89.1093139648438,0.995903253555298,4535,ET,E,-129.462629073767,-102.406839364106,0
560180-99999,ZADOI,32.9,95.3,4068,A,FALSE,4665.05972071566,4574.59232064467,182.220886230469,1,4172,ET,E,-597.059720715663,-506.592320644665,-104
560330-99999,MADOI,34.917,98.217,4273,A,FALSE,4341.09070160618,4306.20301338887,91.5540161132813,0.987191319465637,4271,ET,E,-68.090701606181,-33.2030133888738,2
560460-99999,DARLAG,33.75,99.65,3968,A,TRUE,4239.68828908509,4238.49385684714,111.263549804688,0.999999761581421,3981,Dwc,D,-271.688289085086,-270.49385684714,-13
560650-99999,HENAN,34.733,101.6,3501,A,TRUE,3677.21601261963,3542.639513111,90.1967163085938,0.999825358390808,3518,Dwc,D,-176.216012619626,-41.6395131110016,-17
560790-99999,RUO'ERGAI,33.583,102.967,3441,A,FALSE,3538.4167029675,3554.46822118155,55.5203857421875,0.989120602607727,3457,Dwc,D,-97.4167029675018,-113.468221181545,-16
561370-99999,QAMDO,31.15,97.167,3307,A,TRUE,4121.42152303858,3893.625833618,340.57568359375,1,3367,ET,E,-814.421523038576,-586.625833618005,-60
561440-99999,DEGE,31.733,98.567,3201,A,FALSE,4095.81748457998,3953.17726045592,320.15185546875,1,3331,ET,E,-894.817484579979,-752.177260455916,-130
561670-99999,DAWU,30.983,101.117,2959,A,TRUE,4038.41980991534,3615.65119396022,368.120788574219,1,2959,Dwc,D,-1079.41980991534,-656.651193960221,0
563120-99999,NYINGCHI,29.567,94.467,3001,A,FALSE,3997.81717993976,3757.79963404934,446.689025878906,0.98006010055542,2956,Dwc,D,-996.817179939761,-756.799634049344,45
563740-99999,KANGDING,30.05,101.967,2617,A,FALSE,3754.18267873395,3815.71951494649,502.028625488281,0.999817848205566,2812,Dwc,D,-1137.18267873395,-1198.71951494649,-195
563850-99999,EMEI SHAN,29.517,103.333,3049,A,FALSE,1305.37880585177,1654.12508667588,443.464782714844,0.99868643283844,3018,Cwa,C,1743.62119414823,1394.87491332412,31
564440-99999,DEQEN,28.45,98.883,3320,A,FALSE,3982.84886124785,3526.93588343114,611.35205078125,0.999994158744812,3414,Dwc,D,-662.848861247852,-206.935883431142,-94
564620-99999,JIULONG,29,101.5,2994,A,FALSE,4071.3869164196,3968.06511716539,412.087585449219,0.999773621559143,3136,ET,E,-1077.3869164196,-974.065117165393,-142
566710-99999,HUILI,26.65,102.25,1788,A,FALSE,2154.35907370573,1922.71833717426,328.062438964844,0.9991694688797,1783,Cwb,C,-366.359073705725,-134.718337174264,5
566840-99999,HUIZE,26.4,103.25,2189.3,A,FALSE,2330.22825431276,2459.29300844325,488.077209472656,0.99599277973175,2170,Cwb,C,-140.928254312762,-269.99300844325,19.3000000000002
566910-99999,WEINING,26.867,104.283,2236,A,FALSE,2203.47035915998,2275.13226037944,152.855407714844,0.989076733589172,2200,Cwb,C,32.5296408400168,-39.1322603794365,36
567480-99999,BAOSHAN,25.117,99.183,1649,A,FALSE,1803.60816424633,1905.17921831104,311.952087402344,0.996460199356079,1648,Cwb,C,-154.608164246328,-256.179218311044,1
569460-99999,GENGMA,23.55,99.4,1104,A,FALSE,1552.67392893152,1423.05739281508,378.14013671875,0.999735236167908,1097,Cwb,C,-448.673928931516,-319.05739281508,7
569510-99999,LINCANG,23.95,100.217,1503,A,FALSE,1831.30899416786,2104.02387984174,401.720275878906,0.999701142311096,2712,Cwb,C,-328.308994167861,-601.02387984174,-1209
569850-99999,MENGZI,23.45,103.333,1313.6,A,FALSE,1658.59296728814,1431.82695224669,306.173828125,0.980082392692566,1291,Cwa,C,-344.992967288141,-118.22695224669,22.5999999999999
570140-99999,BEIDAO,34.57,105.87,1086,A,FALSE,1590.76630438593,1308.84917696155,152.097961425781,1,1093,Dwb,D,-504.766304385927,-222.849176961552,-7
570460-99999,HUA SHAN,34.483,110.083,2063,A,FALSE,1038.69075169974,1104.70199112337,358.423583984375,0.998324871063232,1725,Cwa,C,1024.30924830026,958.29800887663,338
576620-99999,CHANGDE,29.05,111.683,35,A,FALSE,50.3686533022235,30.3289891298252,21.1856079101563,0.939448952674866,39,Cfa,C,-15.3686533022235,4.67101087017483,-4
577070-99999,BIJIE,27.3,105.233,1511,A,TRUE,1664.46788698549,1801.57605107249,132.897644042969,0.998959541320801,1742,Cwb,C,-153.46788698549,-290.576051072487,-231
577450-99999,ZHIJIANG,27.45,109.683,273,A,FALSE,346.834412506437,292.396055865153,111.111450195313,0.997842311859131,261,Cfa,C,-73.834412506437,-19.3960558651527,12
577760-99999,NANYUE,27.3,112.7,1268,A,TRUE,136.043138218071,317.073188219219,150.560974121094,0.963850617408752,901,Cfa,C,1131.95686178193,950.926811780782,367
583620-99999,SHANGHAI,31.4,121.467,4,A,FALSE,2.44916117188337,3.00059462201669,1.3436279296875,0.763269782066345,5,Cfa,C,1.55083882811664,0.999405377983307,-1
584370-99999,HUANG SHAN,30.133,118.15,1836,A,FALSE,411.096051929686,699.058881600751,219.70263671875,0.999415516853333,1371,Cfa,C,1424.90394807031,1136.94111839925,465
585060-99999,LU SHAN,29.583,115.983,1165,A,FALSE,100.023654627855,275.060880244528,160.014038085938,0.862714767456055,875,Cfa,C,1064.97634537215,889.939119755472,290
585690-99999,SHIPU,29.2,121.95,127,A,FALSE,18.9884801544105,32.1644783131854,36.3822631835938,0.399224758148193,5,Cfa,C,108.01151984559,94.8355216868146,122
589310-99999,JIUXIAN SHAN,25.717,118.1,1651,A,FALSE,717.067478206753,956.639196998975,153.691223144531,0.999859690666199,1342,Cfa,C,933.932521793247,694.360803001025,309
590070-99999,GUANGNAN,24.067,105.067,1251,A,FALSE,1360.05033295328,1334.74996877119,108.563659667969,0.999227523803711,1244,Cwa,C,-109.050332953277,-83.7499687711911,7
591170-99999,MEI XIAN,24.283,116.067,116.9,A,TRUE,254.809405878282,175.740521100478,90.3182983398438,0.988949298858643,85,Cfa,C,-137.909405878282,-58.8405211004777,31.9
594930-99999,BAOAN INTL,22.639,113.811,4,A,FALSE,10.3674965616444,14.0135297221783,15.2714233398438,0.576432108879089,-3,Cwa,C,-6.36749656164439,-10.0135297221783,7
595670-99999,LAN YU,22.033,121.55,325,A,FALSE,13.4278401805153,15.8490189055386,0,0.0521805286407471,83,Climate Zone info missing,,311.572159819485,309.150981094461,242
598550-99999,QIONGHAI,19.233,110.467,25,A,TRUE,47.4975148400575,15.2371891777518,31.9512329101563,0.855173110961914,11,Am,A,-22.4975148400575,9.76281082224817,14
600300-99999,GRAN CANARIA,27.932,-15.387,23.8,A,FALSE,366.228538558657,129.853291516471,233.52587890625,0.560141563415527,22,BWh,B,-342.428538558657,-106.053291516471,1.8
600400-99999,LANZAROTE,28.945,-13.605,14.3,A,FALSE,40.7761510206085,60.920475519163,0,0.285602450370789,5,BWh,B,-26.4761510206085,-46.620475519163,9.3
601950-99999,MIDELT,32.683,-4.733,1515,A,FALSE,1540.69744167542,1548.48248701137,139.787963867188,1,1464,BSk,B,-25.6974416754192,-33.4824870113648,51
602100-99999,MOULAY ALI CHERIF,31.948,-4.398,1044.9,A,FALSE,1275.06734309435,1026.79567245186,189.1376953125,0.997706532478333,1034,BWh,B,-230.167343094354,18.1043275481434,10.9000000000001
602650-99999,OUARZAZATE,30.939,-6.909,1153.1,A,TRUE,1353.7201258999,1179.14127467076,133.311096191406,1,1140,BWh,B,-200.6201258999,-26.0412746707593,13.0999999999999
603180-99999,SANIAT RMEL,35.594,-5.32,3,A,TRUE,301.022068331821,101.097294310493,181.298645019531,0.805303692817688,-3,Csa,C,-298.022068331821,-98.0972943104934,6
603400-99999,NADOR-AROUI,34.983,-3.017,177,A,FALSE,221.901251717585,222.239580412271,115.315368652344,0.980246424674988,177,Csa,C,-44.9012517175845,-45.2395804122713,0
604370-99999,MEDEA,36.283,2.733,1036,A,FALSE,653.041648157755,727.203049078941,166.680419921875,0.993952870368958,1052,Csa,C,382.958351842245,308.796950921059,-16
604450-99999,SETIF AIN ARNAT / SETIF 8 MAI,36.178,5.324,1050,A,FALSE,945.59663635454,1046.57816698363,145.266662597656,0.993514776229858,1011,Csa,C,104.40336364546,3.42183301637147,39
605350-99999,DJELFA/TLETSI,34.683,3.25,1144,A,FALSE,1114.25212140805,1182.20042330969,70.2880859375,1,1132,BSk,B,29.7478785919502,-38.200423309693,12
605490-99999,MECHERIA,33.536,-0.242,1175,A,FALSE,1144.41500832662,1145.28669639989,45.9702758789063,1,1111,BSk,B,30.5849916733798,29.713303600108,64
605500-99999,EL-BAYADH,33.717,1.083,1347,A,FALSE,1274.96337983983,1439.98468195051,49.847412109375,1,1364,BSk,B,72.0366201601719,-92.9846819505133,-17
606700-99999,TISKA,24.293,9.452,968,A,FALSE,1056.24341366891,980.500556382659,56.1834716796875,1,967,BWh,B,-88.2434136689135,-12.5005563826587,1
607380-99999,THALA,35.55,8.683,1092,A,FALSE,858.038464731203,991.717434725416,115.14892578125,1,1087,Csa,C,233.961535268797,100.282565274584,5
607650-99999,GABES / MATMATA,33.734,9.919,125,A,TRUE,135.979804281406,157.793515752066,40.9441528320313,0.815876364707947,120,BWh,B,-10.979804281406,-32.7935157520662,5
610170-99999,BILMA,18.683,12.917,357,A,FALSE,443.642923822738,407.827931174254,37.3414306640625,1,359,BWh,B,-86.6429238227377,-50.8279311742542,-2
610240-99999,AGADEZ / MANO DAYAK,16.967,7.967,505.1,A,FALSE,509.6333008883,508.983779501665,12.8914184570313,1,497,BWh,B,-4.53330088830029,-3.88377950166472,8.10000000000002
610900-99999,ZINDER,13.779,8.984,462.1,A,FALSE,445.411494129621,453.103331030474,10.2769165039063,1,457,BSh,B,16.6885058703788,8.99666896952579,5.10000000000002
610960-99999,MAINE-SOROA,13.233,11.983,338,A,FALSE,327.359027818496,331.553158443505,2.49725341796875,0.99998664855957,335,BWh,B,10.6409721815044,6.4468415564948,3
612330-99999,NARA/KEIBANE,15.167,-7.283,265,A,FALSE,272.99540721411,275.87665321491,7.98712158203125,1,266,BWh,B,-7.99540721410983,-10.8766532149103,-1
612700-99999,KITA,13.067,-9.467,334,A,TRUE,335.351850291002,358.269723223527,28.6502685546875,1,368,Aw,A,-1.35185029100154,-24.2697232235269,-34
616120-99999,PODOR,16.65,-14.967,7,A,FALSE,13.9361049804214,5.24397029056814,7.37713623046875,0.991911888122559,9,BWh,B,-6.93610498042145,1.75602970943187,-2
616270-99999,LINGUERE,15.383,-15.117,21,A,FALSE,42.2328315639133,30.5329323724208,8.07977294921875,1,10,BSh,B,-21.2328315639133,-9.53293237242076,11
616790-99999,KAOLACK,14.147,-16.051,7.9,A,FALSE,17.9675689614955,4.63214056278138,7.38995361328125,0.979070663452148,9,BSh,B,-10.0675689614955,3.26785943721862,-1.1
616990-99999,KEDOUGOU,12.572,-12.22,178,A,FALSE,168.156630720608,118.840356416309,72.7760009765625,1,169,Aw,A,9.84336927939202,59.1596435836907,9
618320-99999,CONAKRY / AHMED SEKOU TOURE I,9.577,-13.612,21.9,A,FALSE,1.49516885544503,18.2963378166856,21.68115234375,0.528350949287415,17,Am,A,20.404831144555,3.60366218331438,4.9
619010-99999,ST. HELENA IS.,-15.933,-5.667,436,A,FALSE,9.76960826645695,91.7159051510965,0,0.00947225093841553,264,Climate Zone info missing,,426.230391733543,344.284094848904,172
619950-99999,VACOAS (MAURITIUS),-20.3,57.467,425,A,FALSE,110.143541388369,419.452696002203,110.908508300781,0.439680576324463,359,As,A,314.856458611631,5.54730399779737,66
619980-99999,PORT-AUX-FRANCAIS (ILES KERGU,-49.35,70.25,30,A,FALSE,81.0915874846405,-6.38079453738025,85.0808715820313,0.563227653503418,24,ET,E,-51.0915874846405,36.3807945373803,6
620120-99999,EL KHOMS,32.401,14.143,25,A,FALSE,114.93023268968,207.351723702794,30.2774658203125,0.867139458656311,150,BSh,B,-89.93023268968,-182.351723702794,-125
620160-99999,MISURATA,32.243,15.021,33,A,FALSE,31.4314079126154,35.835456679906,11.9119262695313,0.829005479812622,26,BSh,B,1.56859208738458,-2.83545667990598,7
620530-99999,BENINA AIRPORT,32.097,20.269,132,A,FALSE,118.153890233286,167.174904911463,26.6782836914063,0.971959590911865,120,BSh,B,13.8461097667144,-35.1749049114632,12
622000-99999,OBARI,26.6,12.783,463,A,FALSE,540.410805821178,481.655384993856,55.7435302734375,1,465,BWh,B,-77.4108058211775,-18.6553849938562,-2
622710-99999,KUFRA,24.179,23.314,416.7,A,FALSE,397.437829575467,394.775563648137,17.31591796875,1,380,BWh,B,19.2621704245333,21.9244363518632,36.7
636610-99999,KITALE,0.972,34.959,1850.1,A,FALSE,1947.42160971445,1752.01784312176,106.456237792969,1,1830,Cfb,C,-97.3216097144541,98.0821568782405,20.0999999999999
636860-99999,ELDORET,0.483,35.3,2120,A,FALSE,2126.87214519293,2090.97151231562,102.452392578125,0.999591588973999,2143,Cfb,C,-6.87214519293048,29.0284876843775,-23
636950-99999,MERU,0.083,37.65,1554,A,FALSE,1296.96654542135,1819.5230564209,121.347229003906,0.999893188476562,1593,As,A,257.033454578653,-265.523056420898,-39
637080-99999,KISUMU,-0.086,34.729,1208.5,A,FALSE,1413.90290047124,1210.14064754529,67.900390625,0.759241104125977,1152,Af,A,-205.402900471237,-1.64064754528818,56.5
637170-99999,NYERI,-0.5,36.967,1759,A,FALSE,2004.97821671073,1733.66295128816,278.522338867188,0.99954080581665,1801,Csb,C,-245.978216710727,25.3370487118434,-42
638010-99999,KIGOMA,-4.883,29.633,885,A,FALSE,928.024456379727,761.669457077595,54.5249633789063,0.682252764701843,807,Aw,A,-43.0244563797271,123.330542922405,78
638320-99999,TABORA AIRPORT,-5.083,32.833,1190,A,TRUE,1184.25125783588,1187.70689085977,28.0731811523438,0.990826368331909,1178,Aw,A,5.74874216411808,2.29310914022631,12
638620-99999,DODOMA,-6.17,35.753,1119.5,A,FALSE,1091.88568192566,1214.83134212499,53.0604248046875,0.999425649642944,1119,BSh,B,27.6143180743422,-95.3313421249866,0.5
638660-99999,MOROGORO (MET),-6.833,37.65,526,A,TRUE,547.465569043073,646.849411496281,145.254943847656,0.998652577400208,528,Aw,A,-21.4655690430728,-120.849411496281,-2
638810-99999,SUMBAWANGA,-7.967,31.63,1923,A,FALSE,1633.90428346135,1993.69058559753,325.748596191406,0.971309542655945,1843,Aw,A,289.09571653865,-70.6905855975283,80
638870-99999,IRINGA,-7.669,35.752,1425.9,A,FALSE,1607.2084316669,1531.55519787593,76.3428955078125,1,1419,Cwb,C,-181.308431666905,-105.655197875931,6.90000000000009
643870-99999,KIGALI INTL,-1.969,30.139,1481,A,FALSE,1483.98648214796,1442.02411437647,79.89697265625,0.94739031791687,1489,Aw,A,-2.98648214795571,38.975885623531,-8
644000-99999,POINTE NOIRE / ANTONIO AGOSTI,-4.816,11.887,16.8,A,FALSE,48.901217939485,31.3487053428031,26.8135375976563,0.684175968170166,17,Aw,A,-32.1012179394849,-14.5487053428031,-0.199999999999999
644500-99999,MAYA MAYA,-4.252,15.253,319.4,A,FALSE,374.35201217095,293.823658563322,61.4492797851563,0.917021155357361,316,Aw,A,-54.9520121709504,25.5763414366782,3.39999999999998
644580-99999,OUESSO,1.616,16.038,353,A,FALSE,398.028149664386,388.861209612865,24.6646728515625,0.979384183883667,353,Am,A,-45.0281496643859,-35.8612096128647,0
647000-99999,NDJAMENA HASSAN DJAMOUS,12.134,15.034,295,A,FALSE,292.157707158535,294.231545048513,0.78369140625,0.984370946884155,296,BSh,B,2.84229284146471,0.768454951487001,-1
647500-99999,SARH (CIV/MIL),9.15,18.383,365,A,TRUE,380.180327650752,366.223509684755,15.3187255859375,0.996427059173584,365,Aw,A,-15.1803276507523,-1.22350968475473,0
648600-99999,GAROUA,9.336,13.37,242,A,FALSE,252.530977464909,204.904404791647,33.6837768554688,0.997382640838623,226,Aw,A,-10.530977464909,37.0955952083535,16
649100-99999,DOUALA,4.006,9.719,10.1,A,FALSE,30.2009769040651,-15.9661269393728,44.0652465820313,0.890880107879639,-1,Am,A,-20.1009769040651,26.0661269393728,11.1
653190-99999,NATITINGOU,10.317,1.383,461,A,FALSE,454.706446406903,501.845766010819,83.4487915039063,1,460,Aw,A,6.2935535930975,-40.8457660108192,1
653440-99999,CARD BERNARDIN GADIN DE CADJE,6.357,2.384,5.8,A,FALSE,-1.72490374834933,1.77693516644318,0,0.188406944274902,7,Aw,A,7.52490374834934,4.02306483355682,-1.2
655160-99999,BOROMO,11.75,-2.933,271,A,FALSE,274.746451148583,265.475547842535,12.3622436523438,0.99769914150238,259,Aw,A,-3.74645114858288,5.52445215746457,12
655360-99999,KORHOGO,9.387,-5.557,370,A,TRUE,340.59303229505,354.190858371615,18.7702026367188,0.993070125579834,373,Aw,A,29.4069677049502,15.8091416283848,-3
655450-99999,BONDOUKOU/SOKO,8.05,-2.783,370,A,FALSE,343.966460657437,341.138490845498,67.2858276367188,0.999943971633911,379,Aw,A,26.0335393425635,28.8615091545023,-9
655940-99999,SAN PEDRO,4.747,-6.661,7.9,A,FALSE,16.55350936928,6.67157298873724,9.2467041015625,0.52061653137207,10,Am,A,-8.65350936928003,1.22842701126277,-2.1
672170-99999,LICHINGA,-13.274,35.266,1373.1,A,TRUE,1127.38574756989,1274.3827689629,114.521545410156,0.999963521957397,1366,Cwa,C,245.714252430111,98.7172310371022,7.09999999999991
672950-99999,CHIMOIO,-19.151,33.429,697.1,A,FALSE,555.528098678575,645.829695283303,54.09228515625,0.999864339828491,696,Cwa,C,141.571901321425,51.2703047166973,1.10000000000002
680060-99999,ONDANGWA,-17.878,15.953,1097,A,TRUE,1094.3983264067,1098.99158033069,2.31390380859375,0.999300122261047,1100,BSh,B,2.60167359330148,-1.99158033069398,-3
680140-99999,GROOTFONTEIN,-19.602,18.123,1413.1,A,FALSE,1490.53098893672,1422.44556308729,53.454833984375,1,1404,BSh,B,-77.4309889367166,-9.34556308729293,9.09999999999991
680980-99999,WALVIS BAY,-22.98,14.645,91.1,A,TRUE,207.708076678198,60.3086457913763,31.6470947265625,0.998536944389343,83,BWk,B,-116.608076678198,30.7913542086237,8.09999999999999
681100-99999,WINDHOEK/EROS(SAAF),-22.567,17.1,1725,A,FALSE,1808.55378787927,1799.53661864653,124.022155761719,1,1675,BSh,B,-83.5537878792709,-74.5366186465308,50
681550-99999,LEPHALALE / ELLISRAS AIRFIELD,-23.726,27.688,839,A,FALSE,947.846385249423,848.141391938124,51.6260986328125,0.999819397926331,853,BSh,B,-108.846385249423,-9.14139193812366,-14
682340-99999,JWANENG,-24.602,24.691,1188.7,A,FALSE,1179.39844431139,1191.37786922649,9.9833984375,0.996650457382202,1193,BSh,B,9.30155568861437,-2.67786922649429,-4.29999999999995
682670-99999,ERMELO,-26.5,29.983,1766,A,FALSE,1714.56144594803,1715.91988918234,32.8797607421875,0.990665078163147,1763,Cwb,C,51.4385540519697,50.0801108176593,3
682677-99999,PIETERSBURG,-23.867,29.433,1222,A,FALSE,1242.67860687964,1306.8097445356,34.0099487304688,0.998796701431274,1218,BSh,B,-20.678606879643,-84.8097445355959,4
683470-99999,P C PELSER,-26.871,26.718,1354.5,A,FALSE,1376.86051405488,1321.28971475988,40.3982543945313,0.989580512046814,1362,BSk,B,-22.3605140548761,33.2102852401176,-7.5
684030-99999,ALEXANDER BAY,-28.575,16.533,29.9,A,FALSE,123.452032947668,40.5261512596045,37.1834716796875,0.845004558563232,26,BWk,B,-93.5520329476682,-10.6261512596045,3.9
684240-99999,UPINGTON,-28.399,21.26,850.7,A,TRUE,857.080887474953,835.292967654602,34.923828125,0.999946475028992,846,BWh,B,-6.38088747495317,15.4070323453983,4.70000000000005
684380-99999,KIMBERLEY,-28.803,24.765,1204,A,FALSE,1187.39325841712,1198.31193947474,28.218994140625,0.997003316879272,1197,BSh,B,16.60674158288,5.68806052525565,7
684420-99999,BLOEMFONTEIN INTL / BRAM FISC,-29.093,26.302,1358.8,A,FALSE,1346.74542633379,1375.53861729031,28.8370361328125,0.999137401580811,1352,BSk,B,12.0545736662111,-16.7386172903082,6.79999999999996
684610-99999,BETHLEHEM,-28.248,28.336,1695,A,TRUE,1706.94424550241,1684.92051630781,35.48583984375,0.995256066322327,1688,Cwb,C,-11.9442455024143,10.0794836921884,7
684870-99999,GREYTOWN,-29.083,30.6,1029,A,FALSE,1070.24459526508,1096.34031817695,156.501403808594,0.99654483795166,1026,Cfb,C,-41.2445952650753,-67.3403181769513,3
685910-99999,MARGATE,-30.85,30.333,154,A,FALSE,323.001334314598,137.195248249912,81.55126953125,0.828972578048706,124,Cfa,C,-169.001334314598,16.8047517500879,30
686330-99999,NOUPOORT,-31.183,24.95,1496,A,FALSE,1520.83687512109,1567.24526533016,100.778076171875,0.999721646308899,1493,BSk,B,-24.8368751210915,-71.2452653301587,3
688170-99999,CAPE TOWN - PORTNET,-33.9,18.433,2,A,FALSE,29.9488361373405,66.834829554435,31.2693481445313,0.456538438796997,-3,Csb,C,-27.9488361373405,-64.834829554435,5
688420-99999,PORT ELIZABETH INTL / CHIEF D,-33.985,25.617,68.9,A,FALSE,75.6683702035099,46.644448537472,45.57177734375,0.481645822525024,62,Cfa,C,-6.76837020350986,22.255551462528,6.90000000000001
689060-99999,GOUGH ISLAND,-40.35,-9.883,54,A,FALSE,13.7859358349946,38.0788323484574,0,0.0412341356277466,53,Cfb,C,40.2140641650054,15.9211676515426,1
689940-99999,MARION ISLAND,-46.875,37.86,22,A,TRUE,25.7190054867106,100.281521340111,0,0.0674891471862793,9,ET,E,-3.71900548671055,-78.2815213401111,13
700260-27502,W POST-WILL ROGERS MEMORIAL A,71.287,-156.739,8.1,A,FALSE,4.05003596092957,4.02031083499462,3.316162109375,0.611397504806519,8,ET,E,4.04996403907043,4.07968916500538,0.0999999999999996
700634-27408,UGNU-KUPRAUK AIRPORT,70.331,-149.598,20.4,A,TRUE,29.3688725412093,24.6185783371488,6.63775634765625,0.962900280952454,21,Dsc,D,-8.96887254120928,-4.21857833714877,-0.600000000000001
700860-27401,BARTER ISLAND AIRPORT,70.134,-143.577,0.6,A,TRUE,10.7678148405674,8.50706217209751,0,0.26013445854187,1,ET,E,-10.1678148405674,-7.90706217209751,-0.4
701195-26625,SHISHMAREF/NEW AIRPORT,66.25,-166.089,2.1,A,FALSE,10.3909978337404,-0.262497259512678,0,0.295535922050476,3,ET,E,-8.29099783374037,2.36249725951268,-0.9
701330-26616,RALPH WIEN MEMORIAL AIRPORT,66.886,-162.607,3.4,A,FALSE,23.7831379886353,10.9543810832445,0,0.484893321990967,2,Dfc,D,-20.3831379886353,-7.55438108324453,1.4
701780-26529,RALPH M CALHOUN MEML ARPT,65.173,-152.107,68.7,A,FALSE,285.874900975996,136.37947527953,97.8519897460938,0.992869973182678,69,Dfc,D,-217.174900975996,-67.6794752795297,-0.299999999999997
701940-26413,FORT YUKON AIRPORT,66.567,-145.267,135.6,A,FALSE,133.228562139594,112.518115895846,4.82745361328125,0.995285868644714,136,Dfc,D,2.37143786040593,23.0818841041538,-0.400000000000006
702000-26617,NOME AIRPORT,64.511,-165.44,5.4,A,TRUE,32.4570990252788,16.2569053907298,7.64178466796875,0.388822793960571,5,ET,E,-27.0570990252788,-10.8569053907298,0.4
702190-26615,BETHEL AIRPORT,60.785,-161.829,32.6,A,FALSE,4.53320618215701,8.71100541469309,6.16790771484375,0.888678193092346,29,Dfc,D,28.066793817843,23.8889945853069,3.6
702590-26523,KENAI MUNICIPAL AIRPORT,60.579,-151.242,30.2,A,TRUE,17.1263030857887,33.5920810113545,11.1397094726563,0.68136465549469,29,Dsc,D,13.0736969142113,-3.39208101135455,1.2
702627-26561,RUBY AIRPORT,64.727,-155.47,199,A,FALSE,184.513117772761,144.537204983353,100.994995117188,0.997130036354065,174,Dfc,D,14.4868822272387,54.4627950166469,25
702697-00107,NEW STUYAHOK AIRPORT,59.45,-157.333,92.1,A,FALSE,71.768354015515,69.8939781933688,23.8142700195313,0.969845414161682,99,Dfc,D,20.331645984485,22.2060218066312,-6.90000000000001
702715-46407,SKELTON AIRPORT,61.949,-147.169,1002.5,A,FALSE,1011.30499815495,1012.92753195536,161.503173828125,0.969393849372864,1012,ET,E,-8.80499815495102,-10.4275319553569,-9.5
702758-27517,ALPINE AIRSTRIP,70.344,-150.945,5.5,A,FALSE,20.7717885471848,4.02031083499462,8.37615966796875,0.826776266098023,3,Dsc,D,-15.2717885471848,1.47968916500538,2.5
702770-26438,SEWARD AIRPORT,60.129,-149.418,4.1,A,FALSE,749.2586444052,430.465631102364,256.826477050781,0.928872346878052,19,Dfc,D,-745.1586444052,-426.365631102364,-14.9
702910-26412,NORTHWAY AIRPORT,62.961,-141.938,523.2,A,FALSE,591.255608837498,548.140882080017,78.3163452148438,0.980651617050171,523,Dfc,D,-68.055608837498,-24.9408820800171,0.200000000000045
703058-00110,NELSON LAGOON AIRPORT,56.017,-161.167,4.3,A,TRUE,2.08150567790734,7.28340271652399,21.3713989257813,0.253955841064453,-1,Climate Zone info missing,,2.21849432209266,-2.98340271652399,5.3
703080-25713,ST PAUL ISLAND AIRPORT,57.155,-170.223,8,A,FALSE,2.02334998763594,7.69128920171516,0,0.0482960939407349,8,ET,E,5.97665001236406,0.308710798284837,0
703430-25402,MIDDLETON ISLAND METEOROLOGY,59.433,-146.333,30.5,A,FALSE,0.586585776615868,0.145389225678494,0,0,32,Climate Zone info missing,,29.9134142233841,30.3546107743215,-1.5
703500-25501,KODIAK AIRPORT,57.751,-152.488,5,A,TRUE,131.052105347519,132.912440155405,146.485961914063,0.611114621162415,7,Dfc,D,-126.052105347519,-127.912440155405,-2
703610-25339,YAKUTAT AIRPORT,59.512,-139.671,12.6,A,FALSE,-33.0883471770431,27.6777269760826,0,0.193151235580444,12,Dfc,D,45.6883471770431,-15.0777269760826,0.6
703655-26552,HUSLIA AIRPORT,65.698,-156.351,54.9,A,FALSE,57.7317213478864,63.9796241580968,37.8756103515625,0.987899422645569,66,Dfc,D,-2.83172134788639,-9.07962415809681,-11.1
703830-25310,ANGOON SEAPLANE BASE,57.499,-134.586,8.5,A,FALSE,206.825783157985,49.2957106912146,118.608642578125,0.586888313293457,10,Cfc,C,-198.325783157985,-40.7957106912146,-1.5
703835-25628,ST. GEORGE AIRPORT,56.575,-169.663,32,A,FALSE,2.30018700639362,19.9278837574503,0,0.0142652988433838,32,Climate Zone info missing,,29.6998129936064,12.0721162425497,0
704540-25704,ADAK NAS,51.883,-176.65,5.2,A,FALSE,49.8583968690888,110.070796984699,58.7933959960938,0.244344592094421,3,Cfc,C,-44.6583968690888,-104.870796984699,2.2
710170-99999,STEFANSSON ISLAND  NU,73.75,-105.283,11,A,FALSE,35.3150927081368,62.5520214599277,3.48309326171875,0.387146711349487,18,ET,E,-24.3150927081368,-51.5520214599277,-7
710349-99999,MAKKOVIK,55.083,-59.183,71,A,FALSE,92.7753046561517,94.1632240622435,54.286865234375,0.638294696807861,62,Dfc,D,-21.7753046561517,-23.1632240622435,9
710430-99999,NORMAN WELLS,65.281,-126.799,72.2,A,FALSE,241.845865194154,190.628377809956,142.219543457031,0.908724904060364,64,Dfc,D,-169.645865194154,-118.428377809956,8.2
710450-99999,TESLIN (AUT)  YT,60.167,-132.733,705,A,FALSE,969.256044128857,779.208575940816,200.801574707031,0.877032279968262,683,Dsc,D,-264.256044128857,-74.2085759408158,22
710750-99999,COLLINS BAY  SASK,58.183,-103.7,492,A,FALSE,428.693326483177,418.025093304034,7.66400146484375,0.574881792068481,498,Dfc,D,63.3066735168227,73.9749066959665,-6
710774-99999,BUFFALO NARROWS,55.842,-108.418,440.1,A,FALSE,429.724992495526,425.57099328007,9.3275146484375,0.596314072608948,429,Dfc,D,10.375007504474,14.5290067199298,11.1
710830-99999,RANKIN INLET,62.811,-92.116,28.7,A,FALSE,9.17012666468672,0.349332468274079,3.0596923828125,0.462419986724854,30,ET,E,19.5298733353133,28.3506675317259,-1.3
710900-99999,CLYDE RIVER,70.486,-68.517,26.5,A,TRUE,113.6053982661,40.3222080170089,81.2063598632813,0.441982269287109,78,ET,E,-87.1053982661001,-13.8222080170089,-51.5
710934-99999,PANGNIRTUNG,66.145,-65.714,22.9,A,FALSE,498.647452000046,408.643704144637,181.992492675781,0.793188214302063,30,ET,E,-475.747452000046,-385.743704144637,-7.1
710950-99999,POND INLET,72.683,-77.967,55.2,A,FALSE,380.639199946592,36.8551728928839,206.602783203125,0.699918746948242,25,ET,E,-325.439199946592,18.3448271071161,30.2
710964-99999,QIKIQTARJUAQ,67.546,-64.031,6.4,A,FALSE,176.973989349702,167.990677881846,92.7801513671875,0.438300728797913,94,ET,E,-170.573989349702,-161.590677881846,-87.6
710990-99999,FORT SEVERN,56.017,-87.683,16,A,TRUE,18.3583274009218,13.4016999943916,4.46405029296875,0.968240737915039,14,Dfc,D,-2.35832740092182,2.59830000560844,2
711390-99999,CYPRESS HILLS PARK  SASK,49.65,-109.517,1271,A,FALSE,960.741812077137,1145.28669639989,56.3561401367188,0.991667985916138,1268,Dfb,D,310.258187922864,125.713303600108,3
711600-99999,FORT RELIANCE (AUT)  NWT,62.7,-109.15,168,A,FALSE,244.503898900873,208.167496673176,9.36798095703125,0.568108201026917,157,Dfc,D,-76.5038989008734,-40.1674966731759,11
711640-99999,LITTLE CHICAGO  NWT,67.167,-130.217,63,A,FALSE,211.164356982889,97.6302591863684,68.1892700195313,0.959065675735474,57,Dfc,D,-148.164356982889,-34.6302591863684,6
711650-99999,REA LAKES,64.117,-117.333,223.3,A,FALSE,249.118114764599,221.423807441889,24.4705200195313,0.709499835968018,214,Dfc,D,-25.8181147645985,1.87619255811109,9.30000000000001
711660-99999,TROUT LAKE  NWT,60.433,-121.233,498,A,FALSE,515.412622190682,537.943719950238,29.2401123046875,0.69384229183197,502,Dfc,D,-17.4126221906819,-39.9437199502379,-4
712190-99999,HOLLAND ROCK  BC,54.167,-130.35,5,A,FALSE,211.300584695717,52.3548593301484,100.883422851563,0.662577271461487,-2,Cfb,C,-206.300584695717,-47.3548593301484,7
712320-99999,BOW VALLEY  ALTA,51.083,-115.067,1298,A,FALSE,1698.87135937412,1645.76341372946,225.218994140625,0.989495277404785,1300,Dfc,D,-400.871359374124,-347.763413729459,-2
712340-99999,CLARESHOLM,50,-113.633,1009,A,FALSE,1113.33756342954,1008.23683737566,81.8496704101563,0.998975872993469,1006,Dfb,D,-104.337563429535,0.763162624341589,3
712440-99999,MILK RIVER  ALTA,49.133,-112.05,1050,A,FALSE,1008.16937080004,1029.4469346056,46.0228881835938,0.988689064979553,1046,BSk,B,41.8306291999561,20.5530653944006,4
712520-99999,WILLOW CREEK 1  ALTA,53.383,-118.333,1402,A,FALSE,1706.24358893264,1766.29387010345,158.508056640625,0.996181011199951,1456,Dfc,D,-304.243588932638,-364.29387010345,-54
713160-99999,LACLABICHE CLIMATE  ALTA,54.767,-112.017,567,A,FALSE,579.87780652988,559.969590150561,16.3055419921875,0.819810390472412,550,Dfc,D,-12.8778065298802,7.03040984943891,17
713270-99999,HALIFAX WINDSOR PARK,44.65,-63.617,51,A,FALSE,70.6888888056829,52.1509160875528,29.6527099609375,0.850638747215271,33,Dfb,D,-19.6888888056829,-1.15091608755284,18
713320-99999,KUGLUKTUK CLIMO,67.82,-115.12,23,A,FALSE,110.737048090454,29.3092729168472,17.0620727539063,0.660043120384216,38,ET,E,-87.737048090454,-6.30927291684724,-15
713550-99999,ALERT CLIMATE  NU,82.5,-62.333,65,A,FALSE,100.61437304342,18.2963378166856,72.0078125,0.556007266044617,64,ET,E,-35.6143730434195,46.7036621833144,1
713560-99999,BAKER LAKE CLIMATE  NU,64.317,-96,51,A,FALSE,23.8090292206054,14.2174729647739,17.1814575195313,0.622578263282776,39,Dfc,D,27.1909707793946,36.7825270352261,12
713630-99999,GJOA HAVEN CLIMATE  NU,68.633,-95.85,42,A,FALSE,18.269500558932,1.77693516644318,3.448486328125,0.51682448387146,46,ET,E,23.7304994410681,40.2230648335568,-4
713820-99999,PARC DES LAURENTIDES  QUE,47.55,-71.217,791,A,FALSE,856.098215640025,863.437135132793,53.046630859375,0.970372438430786,778,Dfb,D,-65.0982156400249,-72.4371351327926,13
714150-99999,CARIBOU POINT (AUT)  NS,45.767,-62.683,2,A,FALSE,50.4120709066042,6.87551623133282,33.8079833984375,0.644340515136719,-1,Dfb,D,-48.4120709066042,-4.87551623133282,3
714210-99999,LAC EON  QUE,51.867,-63.283,589,A,TRUE,573.976198947271,566.699717156216,30.4649047851563,0.895498752593994,567,Dfc,D,15.0238010527295,22.3002828437845,22
714340-99999,PEAWANUCK (AUT),54.983,-85.433,53,A,FALSE,52.5447117676526,48.6838809634279,3.80487060546875,0.98020350933075,32,Dfc,D,0.455288232347435,4.31611903657212,21
714460-99999,SWIFT CURRENT CDA  SASK,50.267,-107.733,825,A,FALSE,799.376501293128,778.596746213029,29.0885009765625,0.995553612709045,817,Dfb,D,25.6234987068723,46.4032537869711,8
714470-99999,MELITA  MAN,49.283,-100.983,446,A,TRUE,463.199168819755,444.333771598864,6.59368896484375,0.998499751091003,442,Dfb,D,-17.199168819755,1.66622840113592,4
714670-99999,SACHS HARBOUR CLIMATE  NWT,72,-125.267,88,A,TRUE,60.6996531849561,30.5329323724208,31.361328125,0.686228752136231,67,ET,E,27.3003468150439,57.4670676275792,21
714700-99999,LUPIN CS  CS,65.75,-111.25,488,A,FALSE,488.414440472154,473.497655290033,32.9893798828125,0.826262831687927,491,ET,E,-0.414440472154126,14.5023447099672,-3
714850-99999,HERBERT ISLAND,50.933,-127.65,1605,A,FALSE,46.9984115530023,13.4016999943916,2.651123046875,0.235229134559631,-222,Cfb,C,1558.001588447,1591.59830000561,1827
714900-99999,ROBERTSON LAKE (AUT)  NU,65.083,-102.417,244,A,FALSE,202.439410135597,204.29257506386,19.1876220703125,0.907140254974365,211,ET,E,41.5605898644032,39.7074249361403,33
714920-99999,TUKTUT NOGAIT  NWT,69.183,-122.35,522,A,FALSE,558.71949176388,578.732368469355,52.2501220703125,0.999686598777771,563,ET,E,-36.7194917638797,-56.732368469355,-41
715060-99999,ROCK RIVER,66.983,-136.217,731,A,FALSE,622.815427302519,686.006514074633,95.029296875,0.999498963356018,737,Dfc,D,108.184572697481,44.9934859253669,-6
715200-99999,LAC BENOIT  QUE,51.533,-71.117,549,A,FALSE,604.130322679636,587.909814386156,38.2457275390625,0.939595580101013,544,Dfc,D,-55.1303226796358,-38.9098143861563,5
715540-99999,POINTE-AU-PERE (INRS),48.517,-68.467,5,A,TRUE,80.9354434395283,34.2039107391413,33.7741088867188,0.5063396692276,4,Dfb,D,-75.9354434395283,-29.2039107391413,1
715680-99999,FANNY ISLAND,50.45,-125.983,8,A,FALSE,396.004650304258,329.717669260145,266.6611328125,0.770537495613098,-4,Cfb,C,-388.004650304258,-321.717669260145,12
715720-99999,KELSEY DAM CS  MAN,56.033,-96.5,183,A,FALSE,193.138881285276,199.601880484161,10.6885375976562,0.794426679611206,179,Dfc,D,-10.1388812852758,-16.6018804841613,4
715770-99999,GIMLI HARBOUR CS  MAN,50.617,-96.967,217,A,FALSE,233.138046392626,225.09478580861,5.483154296875,0.724601626396179,215,Dfb,D,-16.1380463926265,-8.09478580860949,2
715790-99999,WINNIPEG THE FORKS  MAN,49.883,-97.133,230,A,FALSE,238.983091591548,232.028856056859,3.95782470703125,0.991695165634155,229,Dfb,D,-8.98309159154758,-2.02885605685938,1
715810-99999,ALGONQUIN PARK EAST GATE,45.533,-78.267,397,A,FALSE,440.480608582569,446.169260782224,26.1119995117188,0.917505741119385,403,Dfb,D,-43.480608582569,-49.1692607822244,-6
715920-99999,ARCTIC BAY CS,73,-85.017,10,A,FALSE,203.89529402561,142.089886072206,110.285766601563,0.658349752426148,15,ET,E,-193.89529402561,-132.089886072206,-5
717300-99999,SUDBURY,46.625,-80.799,347.8,A,FALSE,309.817518995401,289.336907226219,20.0922241210938,0.802785396575928,342,Dfb,D,37.9824810045989,58.4630927737811,5.80000000000001
717420-99999,GANDER AIRPORT CS,48.93,-54.57,151,A,FALSE,86.0471692837259,134.543986096169,25.8949584960938,0.897115588188171,127,Dfb,D,64.9528307162742,16.4560139038306,24
717430-99999,RIVIERE AUX FEUILLES,57.92,-72.98,171,A,FALSE,229.686944334329,219.180431773338,28.9754028320313,0.941322445869446,174,ET,E,-58.6869443343293,-48.1804317733375,-3
717550-99999,MUSKRAT DAM  A,53.43,-91.77,278,A,FALSE,280.307489449124,286.481701829881,8.8170166015625,0.921046137809753,264,Dfc,D,-2.30748944912381,-8.48170182988076,14
717770-99999,PEMBERTON AIRPORT  BC,50.3,-122.733,204,A,FALSE,1370.90393739516,1121.01745053102,454.370910644531,0.980645537376404,209,Dfc,D,-1166.90393739516,-917.017450531017,-5
717820-99999,SPARWOOD CS  BC,49.75,-114.883,1138,A,TRUE,1829.02937077455,1604.77082196775,269.79638671875,0.999137997627258,1140,Dfc,D,-691.029370774551,-466.770821967747,-2
717860-99999,YOHO PARK  BC,51.45,-116.35,1602,A,FALSE,2258.75730092909,2049.77497731131,247.83154296875,0.990950345993042,1924,ET,E,-656.757300929089,-447.774977311314,-322
718050-99999,SAINT PIERRE,46.763,-56.176,8.2,A,FALSE,7.13228754531364,14.4214162073695,0,0.0764291286468506,2,Dfb,D,1.06771245468636,-6.22141620736949,6.2
718170-99999,MARYS HARBOUR,52.3,-55.833,12,A,FALSE,47.3971365253425,29.7171594020384,14.0159912109375,0.411402344703674,16,Dfc,D,-35.3971365253425,-17.7171594020384,-4
718250-99999,WABUSH,52.922,-66.864,551.1,A,FALSE,585.741174754503,593.620225178833,33.5147094726563,0.827966451644898,545,Dfc,D,-34.6411747545034,-42.5202251788328,6.10000000000002
718270-99999,LA GRANDE RIVIERE,53.625,-77.704,194.8,A,FALSE,151.009465276751,170.845883278184,21.2413940429688,0.86560046672821,184,Dfc,D,43.790534723249,23.9541167218163,10.8
718360-99999,MOOSONEE AWOS,51.283,-80.6,9.1,A,FALSE,14.7913122887275,7.69128920171516,5.38128662109375,0.807384610176086,1,Dfc,D,-5.69131228872755,1.40871079828484,8.1
718630-99999,REGINA INTL,50.433,-104.667,577.3,A,TRUE,581.92520548875,572.818014434083,11.0465087890625,0.986863136291504,576,Dfb,D,-4.62520548875011,4.48198556591694,1.29999999999995
718940-99999,ESTEVAN POINT CS  BC,49.383,-126.55,7,A,FALSE,127.745197534964,39.5064350466265,6.2298583984375,0.427758097648621,2,Cfb,C,-120.745197534964,-32.5064350466265,5
719020-99999,NAIN AIRPORT,56.55,-61.683,7,A,FALSE,72.0623190800375,70.0979214359644,76.2194213867188,0.515206217765808,3,ET,E,-65.0623190800375,-63.0979214359644,4
719120-99999,GILLAM AIRPORT,56.35,-94.717,145,A,TRUE,148.08973096381,142.293829314802,7.46563720703125,0.817589998245239,142,Dfc,D,-3.08973096381027,2.70617068519829,3
719145-99999,TALOYOAK,69.547,-93.577,28,A,FALSE,51.0015943422321,34.8157404669281,38.796875,0.709255576133728,24,ET,E,-23.0015943422321,-6.81574046692806,4
719150-99999,CORAL HARBOUR,64.193,-83.359,64,A,FALSE,112.227984725288,42.7695269281559,34.4798583984375,0.877939224243164,63,ET,E,-48.2279847252885,21.2304730718441,1
719160-99999,THOMSEN RIVER,73.233,-119.533,42,A,FALSE,171.660311896137,128.221745575706,39.3021850585938,0.995558261871338,36,ET,E,-129.660311896137,-86.2217455757063,6
719170-99999,EUREKA,79.983,-85.933,10,A,FALSE,159.788982874504,199.19399399897,154.313232421875,0.818331003189087,-1,ET,E,-149.788982874504,-189.19399399897,11
719194-99999,KUGAARUK,68.534,-89.808,17.1,A,FALSE,55.6265650253909,88.2488700269715,16.8375854492188,0.667205452919006,9,ET,E,-38.5265650253909,-71.1488700269715,8.1
719200-99999,BACCARO PT,43.45,-65.467,5,A,FALSE,10.4782313691475,-0.874326987299435,3.58709716796875,0.322692275047302,-1,Climate Zone info missing,,-5.47823136914747,5.87432698729944,6
719240-99999,RESOLUTE BAY,74.717,-94.969,65.5,A,FALSE,73.9332593348646,45.2168458393029,13.3567504882813,0.639244198799133,57,ET,E,-8.43325933486462,20.2831541606971,8.5
719246-99999,GRISE FIORD AIRPORT,76.417,-82.9,45,A,FALSE,227.050818593123,202.253142637904,140.131713867188,0.637348532676697,1,ET,E,-182.050818593123,-157.253142637904,44
719250-99999,CAMBRIDGE BAY UA,69.108,-105.137,31,A,FALSE,14.5140769433242,9.52677838507543,11.260009765625,0.416363000869751,2,ET,E,16.4859230566758,21.4732216149246,29
719360-99999,YELLOWKNIFE,62.463,-114.44,205.7,A,FALSE,201.588186093748,244.673337097786,16.8607177734375,0.826601266860962,205,Dfc,D,4.11181390625237,-38.9733370977857,0.699999999999989
719400-99999,GRANDE PRAIRIE,55.18,-118.885,669,A,FALSE,723.073447370534,663.572757389119,39.4937744140625,0.946380496025085,665,Dfc,D,-54.0734473705343,5.42724261088131,4
719430-99999,FORT ST JOHN,56.238,-120.74,694.9,A,FALSE,697.031647928319,590.357133297303,73.7078247070313,0.977192878723145,685,Dfc,D,-2.13164792831913,104.542866702697,9.89999999999998
719530-99999,WATSON LAKE,60.116,-128.823,687.3,A,TRUE,723.045962831982,731.89374365864,82.0844116210938,0.981059670448303,692,Dfc,D,-35.7459628319815,-44.5937436586399,-4.70000000000005
719664-99999,DAWSON,64.05,-139.13,370,A,FALSE,682.212701728547,649.500673650023,144.334106445313,0.999871373176575,364,Dsc,D,-312.212701728546,-279.500673650023,6
719770-99999,MARGARET LAKE,68.8,-140.85,568,A,FALSE,726.538092534785,780.024348911198,132.546020507813,0.999746799468994,564,ET,E,-158.538092534785,-212.024348911198,4
719830-99999,REA POINT  NU,75.367,-105.717,15,A,FALSE,41.5755925985173,11.9740972962225,30.0396118164063,0.588102221488953,10,ET,E,-26.5755925985173,3.02590270377754,5
719900-99999,MACMILLAN PASS,63.25,-130.033,1379,A,FALSE,1560.13737529189,1607.0141976363,190.388305664063,0.998096942901611,1422,Dfc,D,-181.137375291894,-228.014197636298,-43
720151-03049,ALPINE-CASPARIS MUNI ARPT,30.383,-103.683,1375.6,A,TRUE,1467.6256135027,1456.70802784335,86.49755859375,1,1364,BSk,B,-92.0256135026998,-81.1080278433515,11.5999999999999
720369-04135,DRIGGS-REED MEMORIAL AIRPORT,43.743,-111.098,1898.6,A,TRUE,2286.83136291764,2091.17545555822,249.923461914063,0.999526619911194,1885,Dfb,D,-388.231362917638,-192.575455558218,13.5999999999999
720393-00129,HEREFORD MUNICIPAL AIRPORT,34.85,-102.333,1153.1,A,FALSE,1161.16305047149,1165.06919093166,12.7657470703125,0.997669577598572,1150,BSk,B,-8.06305047149135,-11.9691909316639,3.09999999999991
720395-00130,PLEASANTON MUNICIPAL AIRPORT,28.95,-98.517,131.1,A,TRUE,143.476311753377,122.103448297839,14.57958984375,0.999777674674988,122,Cfa,C,-12.3763117533765,8.99655170216127,9.09999999999999
720533-00160,BOULDER MUNICIPAL AIRPORT,40.033,-105.217,1612.1,A,FALSE,2026.26080939018,1710.41342163226,190.057983398438,0.985207080841064,1578,BSk,B,-414.160809390184,-98.3134216322599,34.0999999999999
720627-00214,STIGLER REGIONAL AIRPORT,35.283,-95.1,183.2,A,FALSE,183.62325604628,165.95124545589,27.3170166015625,0.917012095451355,171,Cfa,C,-0.423256046279846,17.2487545441103,12.2
720638-00224,BEND MUNICIPAL AIRPORT,44.095,-121.2,1055.2,A,FALSE,1297.39076329901,1043.92690482989,148.900207519531,0.999868273735046,1041,Csb,C,-242.190763299011,11.2730951701142,14.2
720674-00249,WEST GEORGIA REGIONAL AIRPORT,33.633,-85.15,354.2,A,FALSE,329.22837476674,342.362150301071,31.1007690429688,0.997215032577515,342,Cfa,C,24.9716252332601,11.8378496989288,12.2
722016-12896,THE FL KEYS MARATHON ARPT,24.726,-81.048,0.9,A,FALSE,0.057209664487873,0.349332468274079,0,0.00762760639190674,1,Aw,A,0.842790335512127,0.550667531725921,-0.1
722039-12885,FT LAUDER EXECUTIVE ARPT,26.199,-80.178,3.5,A,FALSE,5.75527233114774,6.87551623133282,1.48272705078125,0.779122352600098,3,Am,A,-2.25527233114774,-3.37551623133282,0.5
722054-53959,WEST MEMPHIS MUNICIPAL APT,35.14,-90.236,63.7,A,TRUE,69.3441380498182,62.9599079451189,3.76116943359375,0.986334204673767,64,Cfa,C,-5.64413804981824,0.740092054881124,-0.299999999999997
722101-03039,WOLF CREEK PASS AWOS-3 AIRPOR,37.45,-106.8,3593.9,A,FALSE,3199.32600940752,2993.62430404369,240.193176269531,0.999257206916809,3377,Dfc,D,394.573990592481,600.275695956315,216.9
722155-03040,MONUMENT HILL AWOS-3 ARPT,39.217,-104.633,2151.9,A,FALSE,2067.84611120069,2166.63445531859,113.233459472656,0.999586701393127,2144,BSk,B,84.0538887993098,-14.7344553185849,7.90000000000009
722177-63811,ANDREWS-MURPHY AIRPORT,35.195,-83.865,516.9,A,FALSE,907.590697782245,822.036656885889,208.470520019531,0.991262197494507,514,Cfa,C,-390.690697782245,-305.136656885889,2.89999999999998
722185-53838,LEE GILMER MEMORIAL ARPT,34.272,-83.83,386.4,A,FALSE,311.961313002529,336.447796265799,23.6826782226563,0.974241018295288,387,Cfa,C,74.4386869974711,49.9522037342007,-0.600000000000023
722200-12832,APALACHICOLA MUNI AIRPORT,29.727,-85.025,5.5,A,FALSE,5.08887185290084,3.00059462201669,0.82891845703125,0.475062251091003,6,Cfa,C,0.411128147099162,2.49940537798331,-0.5
722243-03738,RICHMOND COUNTY AIRPORT,34.891,-79.759,109.1,A,FALSE,108.498054015005,90.0843592103318,16.2900390625,0.993651151657104,106,Cfa,C,0.60194598499487,19.0156407896682,3.09999999999999
722310-12916,LOUIS ARMSTRONG NEW ORLEANS I,29.998,-90.278,-1,A,FALSE,1.17969415205498,2.79665137942111,1.29034423828125,0.702067136764526,0,Cfa,C,-2.17969415205498,-3.79665137942111,-1
722429-53910,HOOKS MEMORIAL AIRPT,30.068,-95.556,46.8,A,FALSE,40.9980189622603,54.1903485135087,3.01611328125,0.997764348983765,47,Cfa,C,5.80198103773969,-7.3903485135087,-0.200000000000003
722640-93035,MARFA MUNICIPAL AIRPORT,30.371,-104.017,1478,A,FALSE,1493.56544132362,1526.45661681104,60.6996459960938,1,1475,BSk,B,-15.5654413236173,-48.4566168110416,3
722677-03027,CLINES CORNERS,35.003,-105.663,2158,A,FALSE,2018.34406730701,2117.68807709564,67.9805908203125,1,2159,BSk,B,139.655932692994,40.3119229043555,-1
722680-23009,ROSWELL INTERNATIONAL AIR CEN,33.307,-104.508,1104.6,A,FALSE,1136.54686209422,1093.48511278061,29.31005859375,0.999794006347656,1105,BSk,B,-31.9468620942168,11.1148872193867,-0.400000000000091
722693-93097,ALAMOGORDO-WHITE SANDS RGL AI,32.84,-105.991,1280.2,A,FALSE,1540.19993169495,1349.02599575288,170.917785644531,0.999870538711548,1270,BSk,B,-259.999931694947,-68.8259957528819,10.2
722700-23044,EL PASO INTERNATIONAL AIRPORT,31.812,-106.377,1202.1,A,FALSE,1243.23387422374,1207.69332863414,66.8998413085938,0.999657034873962,1200,BWk,B,-41.1338742237413,-5.59332863414124,2.09999999999991
722721-93063,GRANT COUNTY AIRPORT,32.633,-108.167,1637.7,A,FALSE,1840.89432656985,1617.82318949386,115.680114746094,0.998087525367737,1642,BSk,B,-203.194326569853,19.8768105061361,-4.29999999999995
722725-23078,DEMING MUNICIPAL AIRPORT,32.259,-107.721,1311.6,A,FALSE,1351.64444574919,1320.06605530431,60.8927612304688,1,1312,BSk,B,-40.0444457491856,-8.46605530430907,-0.400000000000091
722730-03124,SIERRA VISTA MUNICIPAL-LIBBY,31.588,-110.344,1438.4,A,TRUE,1495.69449724485,1383.28846050894,156.811645507813,0.999928116798401,1415,BSk,B,-57.2944972448543,55.1115394910596,23.4000000000001
722764-03029,WINDOW ROCK AIRPORT,35.657,-109.06,2055.2,A,FALSE,2209.33253240467,2216.19266326931,99.0509643554688,0.998202085494995,2055,BSk,B,-154.13253240467,-160.992663269312,0.199999999999818
723600-23051,CLAYTON MUNICIPAL AIRPARK AIR,36.448,-103.154,1514.6,A,FALSE,1557.60919607167,1510.75298713118,22.4793090820313,0.999895930290222,1515,BSk,B,-43.0091960716709,3.84701286881841,-0.400000000000091
723620-93040,SOCORRO MUNICIPAL AP,34.067,-106.9,1485.9,A,FALSE,1740.07347095147,1490.76654935681,158.162780761719,0.997952103614807,1405,BSk,B,-254.173470951472,-4.86654935681395,80.9000000000001
723630-23047,AMARILLO RICK HUSBAND INTL AI,35.22,-101.717,1099.3,A,FALSE,1075.07350919083,1096.34031817695,28.5093994140625,0.997288465499878,1099,BSk,B,24.2264908091702,2.95968182304864,0.299999999999955
723700-93167,KINGMAN AIRPORT,35.257,-113.934,1043.5,A,FALSE,1174.59024337121,1154.0562558315,176.529968261719,1,1044,BSk,B,-131.090243371207,-110.556255831502,-0.5
723723-23184,ERNEST A. LOVE FIELD ARPT,34.649,-112.422,1527.8,A,FALSE,1524.39393206714,1640.05300293678,92.5382080078125,0.999750852584839,1529,BSk,B,3.40606793285656,-112.253002936783,-1.20000000000005
723759-53990,MC CURTAIN COUNTY REGIONAL AI,33.909,-94.859,143.9,A,FALSE,164.194077249239,123.123164510817,22.08203125,0.962220788002014,137,Cfa,C,-20.2940772492391,20.7768354891834,6.90000000000001
723760-99999,FLAGSTAFF,35.217,-111.817,2181.6,A,FALSE,2223.51853756443,2216.6005497545,245.520385742188,0.995999097824097,2153,Csb,C,-41.9185375644333,-35.0005497545035,28.5999999999999
723762-93244,SANTA YNEZ AIRPORT,34.607,-120.076,204.5,A,FALSE,276.408668241066,299.126182870807,38.9054565429688,0.530758261680603,204,Csb,C,-71.908668241066,-94.6261828708071,0.5
723830-23187,SANDBERG,34.744,-118.725,1374.7,A,FALSE,1181.72905351534,1059.83447775234,280.774841308594,0.993464589118958,1379,Csb,C,192.970946484656,314.865522247658,-4.29999999999995
724016-93736,CHARLOTTESVILLE ALBEMARLE ARP,38.137,-78.455,192.3,A,FALSE,328.878245645174,156.773799539088,150.474609375,0.999123454093933,196,Cfa,C,-136.578245645174,35.5262004609117,-3.69999999999999
724070-93730,ATLANTIC CITY INTERNATIONAL A,39.452,-74.567,17.8,A,FALSE,11.7935059532307,15.8490189055386,6.7030029296875,0.807088732719421,18,Cfa,C,6.00649404676928,1.95098109446141,-0.199999999999999
724085-94732,NE PHILADELPHIA AIRPORT,40.079,-75.013,32.9,A,TRUE,32.1587523676536,42.5655836855603,20.1278686523438,0.958500623703003,32,Cfa,C,0.741247632346415,-9.66558368556031,0.899999999999999
724666-93067,CENTENNIAL AIRPORT,39.56,-104.848,1789.2,A,FALSE,1871.07991810723,1777.30680520361,71.8096923828125,0.998482823371887,1789,BSk,B,-81.8799181072284,11.8931947963881,0.200000000000045
724674-94050,MEEKER AIRPORT,40.044,-107.888,1940.8,A,FALSE,2137.63891442605,2094.64249068234,117.129516601563,0.99998664855957,1939,Dfb,D,-196.838914426053,-153.842490682343,1.79999999999995
724675-23063,EAGLE CO REGIONAL AIRPORT,39.65,-106.917,1980.3,A,FALSE,2696.72103281001,2456.43780304691,345.128112792969,0.998536944389343,1955,Dfc,D,-716.421032810007,-476.137803046912,25.3
724689-03026,KIT CARSON COUNTY AIRPORT,39.241,-102.282,1278.2,A,FALSE,1260.48579957542,1284.17204460749,10.2957153320313,0.999988317489624,1278,BSk,B,17.7142004245843,-5.97204460748571,0.200000000000045
724755-93129,CEDAR CITY REGIONAL ARPT,37.707,-113.097,1703.8,A,TRUE,2116.78213293084,1886.00855350706,240.765441894531,0.999968290328979,1703,Csb,C,-412.982132930843,-182.208553507059,0.799999999999955
724756-23159,BRYCE CANYON AIRPORT,37.701,-112.149,2309.9,A,FALSE,2386.81692756,2249.43541181239,201.692626953125,0.999946594238281,2310,Cfb,C,-76.9169275599975,60.4645881876072,-0.0999999999999091
724770-03170,EUREKA,39.601,-116.006,1809.3,A,FALSE,2035.87043971756,2020.20320713495,179.542419433594,1,1812,BSk,B,-226.570439717564,-210.903207134955,-2.70000000000005
724855-23153,TONOPAH AIRPORT,38.05,-117.091,1645.7,A,FALSE,1713.96037103968,1648.82256236839,113.96484375,1,1645,BWk,B,-68.2603710396773,-3.12256236839289,0.700000000000046
724860-23154,ELY AIRPORT/YELLAND FIELD/AIR,39.295,-114.847,1904.9,A,TRUE,2229.66670934073,2235.97515780108,311.486999511719,0.998792290687561,1905,BSk,B,-324.766709340728,-331.075157801084,-0.0999999999999091
724885-93102,FALLON NAS,39.417,-118.717,1199.1,A,FALSE,1240.3699056412,1170.57565848174,68.9209594726563,0.989199995994568,1198,BWk,B,-41.2699056411977,28.5243415182554,1.09999999999991
724950-23254,BUCHANAN FIELD AIRPORT,37.992,-122.053,7,A,TRUE,80.26824630799,100.893351067898,91.9189453125,0.849036335945129,7,Csb,C,-73.26824630799,-93.8933510678978,0
725025-94741,TETERBORO AIRPORT,40.859,-74.056,0.8,A,TRUE,18.3376144153457,40.5261512596045,21.712158203125,0.705070376396179,1,Cfa,C,-17.5376144153457,-39.7261512596045,-0.2
725317-53802,COLES COUNTY MEMO AIRPORT,39.474,-88.272,216.4,A,FALSE,206.506325188138,210.614815584323,8.9010009765625,0.995411396026611,216,Cfa,C,9.89367481186235,5.78518441567712,0.400000000000006
725375-14822,DETROIT CITY AIRPORT,42.407,-83.009,189.8,A,TRUE,197.974566764007,185.733739987661,11.1426391601562,0.877919316291809,190,Dfa,D,-8.17456676400707,4.06626001233857,-0.199999999999989
725467-04973,SHENANDOAH MUNICIPAL ARPT,40.751,-95.413,296,A,FALSE,318.473953659634,315.237699035858,18.0902709960938,0.996437549591064,292,Dfa,D,-22.4739536596341,-19.2376990358583,4
725636-24017,CHADRON MUNICIPAL AIRPORT,42.837,-103.098,1003,A,FALSE,1136.99896283708,1056.57138587081,52.1126708984375,0.998435974121094,1003,BSk,B,-133.99896283708,-53.5713858708123,0
725660-24028,WESTERN NE REGIONAL/HEILIG FI,41.875,-103.601,1206,A,FALSE,1296.51524133177,1213.81162591201,48.0707397460938,0.996518969535828,1206,BSk,B,-90.5152413317749,-7.81162591200882,0
725690-24089,NATRONA COUNTY INTERNATIONAL,42.898,-106.474,1621.1,A,FALSE,1658.93552820344,1616.80347328089,53.0084228515625,0.999010801315308,1621,BSk,B,-37.8355282034386,4.2965267191139,0.0999999999999091
725717-03016,GARFIELD CO REGIONAL ARPT,39.528,-107.72,1684,A,FALSE,2217.20545855682,1836.45034555633,352.164916992188,0.999734401702881,1684,Dfb,D,-533.205458556821,-152.450345556332,0
725724-24174,PROVO MUNICIPAL AIRPORT,40.219,-111.723,1370.7,A,FALSE,1774.13438242481,1507.48989524965,311.363891601563,0.921513557434082,1370,Dfa,D,-403.434382424809,-136.789895249652,0.700000000000046
725744-24027,RCK SRINGS-SWETWTER CO APT,41.595,-109.053,2060,A,FALSE,2143.72295561239,1987.36834507707,90.3007202148438,0.999510049819946,2060,BSk,B,-83.7229556123907,72.6316549229348,0
725805-24172,DERBY FIELD AIRPORT,40.068,-118.57,1189.5,A,FALSE,1284.09581484567,1375.7425605329,112.207763671875,0.992035746574402,1190,BWk,B,-94.5958148456659,-186.242560532904,-0.5
725810-24193,WENDOVER AIRPORT,40.721,-114.036,1291.4,A,FALSE,1466.27807446032,1276.42220138885,171.769104003906,0.959005236625671,1288,BSk,B,-174.878074460315,14.9777986111465,3.40000000000009
725835-24119,BATTLE MOUNTAIN AIRPORT,40.612,-116.892,1373.1,A,FALSE,1622.51811629417,1419.59035769095,230.902160644531,0.999383091926575,1379,BSk,B,-249.418116294173,-46.4903576909549,-5.90000000000009
725845-23225,BLUE CANYON - NYACK ARPT,39.276,-120.709,1611.2,A,FALSE,1336.99478837383,1486.27979801971,111.203186035156,0.993971943855286,1610,Csb,C,274.205211626167,124.920201980289,1.20000000000005
725864-94182,MCCALL MUNICIPAL AIRPORT,44.894,-116.1,1531.1,A,FALSE,1889.30256549446,1706.94638650814,241.357543945313,0.997469902038574,1531,Dsb,D,-358.202565494461,-175.846386508135,0.0999999999999091
725895-94236,KLAMATH FALLS AIRPORT,42.147,-121.726,1244.5,A,TRUE,1387.88699226099,1288.65879594459,126.834594726563,0.829892039299011,1244,Csb,C,-143.386992260991,-44.1587959445887,0.5
725957-24215,MOUNT SHASTA,41.315,-122.317,1083,A,FALSE,1414.9469146096,1447.53058192655,339.669738769531,0.998659729957581,1080,Csb,C,-331.946914609602,-364.53058192655,3
725975-24235,SEXTON SUMMIT,42.6,-123.367,1170.7,A,FALSE,648.906619248801,524.483465938929,192.995300292969,0.999914526939392,1142,Csb,C,521.7933807512,646.216534061071,28.7
726593-04946,JACKSON MUNICIPAL AIRPORT,43.65,-94.986,440.7,A,FALSE,416.400169543754,431.485347315342,10.1473388671875,0.981723070144653,439,Dfa,D,24.2998304562465,9.21465268465784,1.69999999999999
726605-00386,BLACK HILLS AIRPORT CLYDE ICE,44.483,-103.783,1198.2,A,TRUE,1211.76168762077,1223.19301507141,86.33154296875,0.999108552932739,1183,Dfb,D,-13.5616876207728,-24.9930150714056,15.2
726664-94173,YELLOWSTONE,44.545,-110.422,2372,A,FALSE,2507.63059417908,2405.45199239802,110.012023925781,0.880732893943787,2376,Dfc,D,-135.630594179077,-33.4519923980156,-4
726665-24062,WORLAND MUNICIPAL AIRPORT,43.965,-107.95,1278.5,A,FALSE,1318.67216099853,1300.07961752994,52.31396484375,1,1279,BWk,B,-40.1721609985316,-21.5796175299415,-0.5
726776-24036,LEWISTOWN MUNICIPAL ARPT,47.054,-109.457,1257.4,A,FALSE,1391.87543696433,1238.28481502348,110.054077148438,0.999800324440002,1258,Dfb,D,-134.47543696433,19.1151849765211,-0.599999999999909
726798-24150,MISSION FIELD AIRPORT,45.698,-110.442,1415.9,A,FALSE,1708.18503300375,1498.10850609026,196.681396484375,0.999858975410461,1416,Dfb,D,-292.285033003753,-82.208506090255,-0.0999999999999091
726816-04110,JEROME COUNTY AIRPORT,42.727,-114.455,1226.6,A,TRUE,1150.60739436059,1105.10987760856,67.58203125,0.999035000801086,1226,BSk,B,75.9926056394129,121.490122391438,0.599999999999909
726817-24154,MULLAN PASS,47.455,-115.671,1834.6,A,FALSE,1259.6409487599,1563.98217344863,211.223693847656,0.998968720436096,1833,Dsb,D,574.959051240102,270.617826551371,1.59999999999991
726830-94185,BURNS MUNICIPAL AIRPORT,43.595,-118.958,1262.8,A,TRUE,1340.16985006666,1303.75059589666,75.7140502929688,0.89868688583374,1263,BSk,B,-77.3698500666642,-40.950595896662,-0.200000000000045
726876-00387,GRANT COUNTY REGIONAL AIRPORT,44.4,-118.967,1127.2,A,FALSE,1411.61132727856,1247.25831769768,237.816162109375,0.999890685081482,1125,Dsb,D,-284.411327278556,-120.058317697685,2.20000000000005
726885-24152,MEACHAM,45.512,-118.425,1137,A,FALSE,1002.427890529,1226.45610695294,134.101928710938,0.999490976333618,1138,Csb,C,134.572109470997,-89.456106952935,-1
727440-14858,HOUGHTON COUNTY MEMO ARPT,47.166,-88.481,323.9,A,FALSE,218.834933199028,255.278385712756,35.173583984375,0.428077578544617,324,Dfb,D,105.065066800972,68.6216142872438,-0.100000000000023
727454-04911,GRAND MARAIS/COOK CO ARPT,47.838,-90.383,548,A,FALSE,383.116791682812,414.150171694717,41.2546997070313,0.567533731460571,546,Dfb,D,164.883208317188,133.849828305283,2
727686-94017,L M CLAYTON AIRPORT,48.094,-105.578,604.7,A,TRUE,681.291770523701,636.652249366501,37.3756103515625,0.994752645492554,605,BSk,B,-76.5917705237008,-31.9522493665013,-0.299999999999955
727720-24144,HELENA REGIONAL AIRPORT,46.604,-111.989,1178.1,A,FALSE,1615.82901693303,1243.58733933096,243.30029296875,0.978594183921814,1180,BSk,B,-437.729016933025,-65.4873393309645,-1.90000000000009
727815-24237,STAMPASS PASS FLTWO,47.277,-121.337,1206.7,A,TRUE,1154.51099548839,1015.7827373517,208.172546386719,0.967555522918701,1193,Csb,C,52.189004511607,190.917262648305,13.7
727925-94227,SANDERSON FIELD AIRPORT,47.238,-123.141,84.2,A,FALSE,212.097237987106,86.8212673288024,123.340454101563,0.936130881309509,84,Csb,C,-127.897237987106,-2.6212673288024,0.200000000000003
740035-03145,YUMA MCAS,32.65,-114.617,64.9,A,TRUE,100.123236289278,42.9734701707515,46.8489379882813,0.998198628425598,57,BWh,B,-35.2232362892782,21.9265298292485,7.90000000000001
747187-03104,DESERT RESORTS RGNL ARPT,33.632,-116.164,-36,A,TRUE,679.171876115315,186.957399443235,399.156860351563,0.994248270988464,-36,BWh,B,-715.171876115315,-222.957399443235,0
749171-00479,TEHACHAPI MUNICIPAL AIRPORT,35.135,-118.439,1219.5,A,FALSE,1065.03448273939,1526.25267356845,278.036376953125,0.999471783638,1214,BSk,B,154.465517260609,-306.752673568446,5.5
762430-99999,PIEDRAS NEGRAS INTL,28.627,-100.535,274.6,A,TRUE,263.271855466061,251.607407346036,15.7664184570313,0.99961531162262,270,BSh,B,11.3281445339387,22.9925926539644,4.60000000000002
763050-99999,LORETO INTL,25.989,-111.348,10.4,A,FALSE,107.263241413352,17.0726783611121,0,0.33081841468811,4,BWh,B,-96.8632414133522,-6.6726783611121,6.4
763230-99999,HIDALGO DEL PARRAL   CHIH.,26.933,-105.667,1661,A,FALSE,1839.01541978211,1817.48362399494,104.978454589844,0.999998331069946,1714,BSk,B,-178.015419782112,-156.483623994942,-53
763900-99999,PLAN DE GUADALUPE INTL / SALT,25.549,-100.929,1456.3,A,FALSE,1737.27562459211,1582.54100852483,182.477844238281,1,1428,BSh,B,-280.975624592114,-126.241008524828,28.3
764050-99999,LA PAZ  BCS,24.167,-110.3,18,A,FALSE,98.0280381329251,70.7097511637511,58.4927978515625,0.3291015625,11,BWh,B,-80.0280381329251,-52.7097511637511,7
764230-99999,DURANGO  DGO.,24.05,-104.6,1872,A,TRUE,1903.58297406925,1852.56186172138,108.861572265625,0.995085597038269,1867,BSk,B,-31.5829740692541,19.4381382786169,5
764580-99999,COLONIA JUAN CARRASCO MAZATLA,23.2,-106.417,4,A,FALSE,-9.85435226032845,11.5662108110313,10.6051635742188,0.275984764099121,7,As,A,13.8543522603285,-7.56621081103129,-3
765930-99999,PROGRESO  YUC.,21.3,-89.65,2,A,FALSE,2.65549437435312,0.757218953465251,1.11761474609375,0.645007729530335,-1,Aw,A,-0.655494374353118,1.24278104653475,3
766250-99999,QUERETARO INTERCONTINENTAL,20.617,-100.186,1919,A,FALSE,2115.15696021641,1969.21739648606,151.452209472656,0.993724465370178,1912,BSk,B,-196.15696021641,-50.2173964860581,7
766340-99999,TULANCINGO  HGO.,20.083,-98.367,2181,A,TRUE,2343.99083824815,2303.88825758541,140.711364746094,0.989962458610535,2159,Cfb,C,-162.990838248153,-122.888257585414,22
766650-99999,MORELIA  MICH.,19.7,-101.183,1913,A,FALSE,2012.58745062343,2078.53097451729,193.2900390625,0.954241633415222,1913,Cwb,C,-99.5874506234291,-165.530974517292,0
766750-99999,TOLUCA  MEX.,19.283,-99.683,2720,A,FALSE,2851.17378298463,2760.31323451434,270.265808105469,0.998702049255371,2705,Cwb,C,-131.173782984633,-40.3132345143349,15
766830-99999,TLAXCALA  TLAX.,19.317,-98.25,2248,A,FALSE,2503.47246232467,2446.03669767454,231.074401855469,0.998907804489136,2260,Cwb,C,-255.472462324673,-198.036697674537,-12
767370-99999,ORIZABA  VER.,18.85,-97.1,1259,A,TRUE,1517.2463587368,1499.33216554583,411.028625488281,1,1238,Cfb,C,-258.246358736801,-240.332165545829,21
767750-99999,OAXACA  OAX.,17.05,-96.717,1518,A,TRUE,1912.94006530326,1584.58044095078,274.093627929688,0.999999284744263,1542,Cwb,C,-394.940065303264,-66.5804409507835,-24
768450-99999,SN. CRISTOBAL LAS CASAS  CHIS,16.75,-92.633,2116,A,TRUE,1558.6006310928,2305.72374676877,398.626403808594,1,2128,Cwb,C,557.399368907196,-189.723746768774,-12
768480-99999,COMITAN  CHIS.,16.25,-92.133,1646,A,FALSE,1409.46235502503,1596.81703550652,278.917785644531,0.98372757434845,1631,Aw,A,236.537644974966,49.1829644934815,15
780160-13601,NAVAL ATLANTIC METEROLOGY & O,32.367,-64.683,5.5,A,FALSE,0.494970648106132,0.961162196060836,0,0.00227892398834229,4,Climate Zone info missing,,5.00502935189387,4.53883780393916,1.5
783880-99999,SANGSTER INTL,18.504,-77.913,1.2,A,FALSE,129.680666706393,81.3147997787216,85.6159057617188,0.579179167747498,-1,Aw,A,-128.480666706393,-80.1147997787216,2.2
785430-11640,CYRIL E KING AIRPORT,18.336,-64.98,0,A,FALSE,5.55212574184355,10.5464945980534,0,0.0451408624649048,6,Am,A,-5.55212574184355,-10.5464945980534,-6
787060-99999,TELA,15.776,-87.476,2.1,A,FALSE,117.626904081032,93.3474510918611,108.001953125,0.626299619674683,7,Af,A,-115.526904081032,-91.2474510918612,-4.9
787190-99999,LA ESPERANZA,14.333,-88.167,1100,A,FALSE,1229.64894397233,1723.46578915838,276.425231933594,1,1757,Aw,A,-129.64894397233,-623.465789158377,-657
787200-99999,TONCONTIN INTL,14.061,-87.217,1004,A,FALSE,1136.24214221026,1309.66494993193,214.5595703125,0.999942660331726,1003,Cwa,C,-132.24214221026,-305.664949931934,1
787670-99999,LIMON INTL,9.958,-83.022,2.1,A,FALSE,29.6664225455431,4.02031083499462,5.70166015625,0.268874287605286,1,Af,A,-27.5664225455431,-1.92031083499462,1.1
789880-00412,HATO INTERNATIONAL AIRPORT,12.2,-68.967,9.1,A,FALSE,16.3264631812342,15.0332459351562,0,0.205179572105408,-3,Aw,A,-7.22646318123416,-5.93324593515625,12.1
800090-99999,SIMON BOLIVAR,11.12,-74.231,6.7,A,FALSE,146.478898008622,255.686272197947,55.0059204101563,0.58573305606842,5,Aw,A,-139.778898008622,-248.986272197947,1.7
800220-99999,RAFAEL NUNEZ,10.442,-75.513,1.2,A,FALSE,31.3780321420924,13.6056432369871,14.1786499023438,0.52626359462738,3,Aw,A,-30.1780321420924,-12.4056432369871,-1.8
800940-99999,PALONEGRO,7.127,-73.185,1187.8,A,FALSE,911.266456068714,910.344080929777,227.536926269531,0.999995946884155,1187,Am,A,276.533543931286,277.455919070223,0.799999999999955
801120-99999,JOSE MARIA CORDOVA,6.165,-75.423,2142.1,A,TRUE,2032.56273525172,2146.44407430162,422.6123046875,0.999996900558472,2122,Cfb,C,109.537264748283,-4.34407430162219,20.0999999999999
802100-99999,MATECANA,4.813,-75.74,1346,A,FALSE,1431.78697020963,1517.68705737943,229.871459960938,0.999947190284729,1335,Af,A,-85.7869702096282,-171.687057379431,11
802220-99999,EL DORADO INTL,4.702,-74.147,2548.4,A,FALSE,2430.60856066101,2604.09271068612,376.265014648438,0.999915480613708,2549,Cfb,C,117.791439338994,-55.6927106861162,-0.599999999999909
803980-99999,ALFREDO VASQUEZ COBO,-4.193,-69.943,84.4,A,FALSE,91.2991061072079,83.7621186898686,13.9633178710938,0.887834429740906,79,Af,A,-6.89910610720787,0.637881310131391,5.40000000000001
804310-99999,SAN JUAN DE LOS MORROS,9.907,-67.38,427.9,A,FALSE,739.897968231379,603.409500823421,232.177856445313,0.996285319328308,456,Aw,A,-311.997968231379,-175.509500823421,-28.1
810020-10502,GEORGETOWN,6.499,-58.254,29,A,FALSE,22.868181683475,30.5329323724208,11.0823364257813,0.967391729354858,31,Af,A,6.13181831652501,-1.53293237242076,-2
814050-99999,ROCHAMBEAU / CAYENNE FELIX EB,4.82,-52.36,7.9,A,FALSE,31.7142198310585,24.2106918519576,26.3370361328125,0.688156723976135,5,Af,A,-23.8142198310585,-16.3106918519576,2.9
820220-99999,BOA VISTA / ATLAS BRASIL CANT,2.846,-60.69,84.1,A,FALSE,77.5381154783999,68.6703187377953,37.3909301757813,0.960522532463074,82,Am,A,6.56188452160014,15.4296812622047,2.09999999999999
821930-99999,VAL DE CANS JULIO CEZAR RIBEI,-1.379,-48.476,16.5,A,FALSE,15.4688659130539,7.69128920171516,5.89617919921875,0.720249176025391,7,Af,A,1.0311340869461,8.80871079828484,9.5
822810-99999,MARECHAL CUNHA MACHADO INTL,-2.585,-44.234,54.3,A,FALSE,6.60450473976842,25.6382945501267,0.88311767578125,0.265131950378418,43,Aw,A,47.6954952602316,28.6617054498733,11.3
824440-99999,ITAITUBA,-4.242,-56.001,33.5,A,TRUE,66.0193055382062,28.6974431890605,27.8753662109375,0.93889319896698,29,Am,A,-32.5193055382062,4.80255681093951,4.5
825790-99999,SENADOR PETRONIO PORTELLA,-5.06,-42.823,66.8,A,FALSE,109.170827719583,85.1897213880377,25.8109130859375,0.990630388259888,59,Aw,A,-42.3708277195832,-18.3897213880377,7.8
828240-99999,GOVERNADOR JORGE TEIXEIRA DE,-8.709,-63.902,89.6,A,TRUE,92.8493934122509,80.7029700509348,8.73370361328125,0.942627429962158,89,Am,A,-3.24939341225088,8.89702994906517,0.599999999999994
828990-99999,GUARARAPES GILBERTO FREYRE IN,-8.126,-34.924,10.1,A,FALSE,58.7331145351624,11.7701540536269,23.115966796875,0.548139333724976,14,Am,A,-48.6331145351624,-1.67015405362688,-3.9
829170-99999,PRESIDENTE MEDICI / PLACIDO D,-9.869,-67.894,193.2,A,FALSE,180.724633045561,177.779953526434,11.984375,0.999920248985291,189,Am,A,12.4753669544391,15.4200464735664,4.19999999999999
829930-99999,ZUMBI DOS PALMARES,-9.511,-35.792,118,A,FALSE,62.4060845351114,87.8409835417803,17.7998046875,0.779622435569763,116,Am,A,55.5939154648886,30.1590164582197,2
832080-99999,VILHENA,-12.694,-60.098,615.1,A,FALSE,514.867711339372,583.830949534245,56.8662719726563,0.999995946884155,613,Aw,A,100.232288660628,31.2690504657554,2.10000000000002
832480-99999,DEPUTADO LUIS EDUARDO MAGALHA,-12.911,-38.331,19.5,A,FALSE,12.6754011467983,18.2963378166856,5.63201904296875,0.172651886940002,10,Af,A,6.82459885320165,1.20366218331438,9.5
838990-99999,HERCILIO LUZ,-27.67,-48.547,6.1,A,FALSE,60.0985782766031,30.9408188576119,102.534973144531,0.33984363079071,3,Cfa,C,-53.9985782766031,-24.8408188576119,3.1
842030-99999,SIMON BOLIVAR INTL / JOSE JOA,-2.157,-79.884,5.8,A,FALSE,67.4724011416998,21.7633729408106,28.2528076171875,0.819246411323547,10,Aw,A,-61.6724011416998,-15.9633729408106,-4.2
843770-99999,CORONEL FRANCISCO SECADA VIGN,-3.785,-73.309,93.3,A,FALSE,106.379752913202,95.5908267604126,11.3220825195313,0.921604871749878,92,Af,A,-13.0797529132018,-2.29082676041259,1.3
844010-99999,CAPITAN FAP GUILLERMO CONCHA,-5.206,-80.616,35.4,A,FALSE,132.407212596172,51.9469728449573,36.224365234375,1,28,BWh,B,-97.007212596172,-16.5469728449573,7.4
845150-99999,CAP FAP DAVID ABENSUR RENGIFO,-8.378,-74.574,156.4,A,FALSE,186.041497112291,145.760864438927,8.03509521484375,0.962278723716736,153,Am,A,-29.6414971122912,10.6391355610733,3.40000000000001
846280-99999,JORGE CHAVEZ INTL,-12.022,-77.114,34.4,A,FALSE,419.620640474194,75.8083322286408,143.106567382813,0.75801432132721,22,BWh,B,-385.220640474194,-41.4083322286408,12.4
846860-99999,TENIENTE ALEJANDRO VELASCO AS,-13.536,-71.939,3310.1,A,FALSE,3761.17570132576,3701.30735585037,373.0234375,0.999615788459778,3285,Cfb,C,-451.075701325759,-391.207355850367,25.0999999999999
847520-99999,RODRIGUEZ BALLON,-16.341,-71.583,2561.8,A,FALSE,3480.25424114313,2917.14558807034,434.355773925781,1,2527,BWk,B,-918.454241143128,-355.34558807034,34.8000000000002
852010-99999,EL ALTO INTL,-16.513,-68.192,4061.5,A,FALSE,4046.95993319903,3977.65044956739,195.720031738281,1,4037,Cwc,C,14.5400668009715,83.8495504326143,24.5
852230-99999,JORGE WILSTERMANN INTL,-17.421,-66.177,2548.1,A,FALSE,3120.38643141707,2606.54002959726,377.104614257813,1,2566,Cwb,C,-572.286431417074,-58.4400295972632,-17.9000000000001
853640-99999,CAPITAN AV ORIEL LEA PLAZA IN,-21.556,-64.701,1854.4,A,FALSE,2660.81706394704,1878.05476704583,349.790283203125,0.999452829360962,1852,Cwb,C,-806.417063947041,-23.6547670458313,2.40000000000009
854320-99999,CALAMA,-22.5,-68.9,2320,A,FALSE,2476.55633589516,2382.40640598472,238.162170410156,1,2308,BWk,B,-156.556335895158,-62.4064059847146,12
854420-99999,CERRO MORENO INTL / ANDRES SA,-23.444,-70.445,138.7,A,FALSE,173.941130269384,383.55868530538,151.758850097656,0.561144351959229,67,BWk,B,-35.2411302693836,-244.85868530538,71.7
854690-99999,MATAVERI INTL,-27.165,-109.422,69.2,A,FALSE,8.29540135074159,25.8422377927223,0,0.054277777671814,59,Cfa,C,60.9045986492584,43.3577622072777,10.2
854880-99999,LA FLORIDA,-29.916,-71.2,146.6,A,FALSE,312.571549423733,195.930902117441,152.797424316406,0.802905201911926,144,BWk,B,-165.971549423733,-49.3309021174407,2.59999999999999
855850-99999,JUAN FERNANDEZ,-33.633,-78.833,29,A,FALSE,3.58240047888423,21.3554864556194,0,0.00452148914337158,75,Csb,C,25.4175995211158,7.6445135443806,-46
856290-99999,CURICO/GEN FREIRE,-34.967,-71.217,242,A,FALSE,338.282737750022,257.929647866499,124.289916992188,0.999923706054688,231,Csb,C,-96.2827377500217,-15.9296478664988,11
857660-99999,PICHOY,-39.65,-73.086,18,A,FALSE,119.192726125257,78.0517078971922,110.39697265625,0.974601030349731,20,Cfb,C,-101.192726125257,-60.0517078971922,-2
858740-99999,BALMACEDA,-45.916,-71.689,524.9,A,FALSE,836.348782219846,571.59435497851,306.685485839844,0.976809024810791,515,Cfc,C,-311.448782219846,-46.6943549785095,9.89999999999998
859340-99999,CARLOS IBANEZ DEL CAMPO INTL,-53.003,-70.855,42.4,A,FALSE,21.0796950443067,77.0319916842143,23.7225341796875,0.270910978317261,38,ET,E,21.3203049556933,-34.6319916842143,4.4
861340-99999,TENIENTE COL CARMELO PERALTA,-23.442,-57.427,77.1,A,FALSE,85.1047284400127,87.4330970565892,8.44171142578125,0.984119176864624,76,Aw,A,-8.00472844001266,-10.3330970565892,1.09999999999999
862100-99999,SALTOS DEL GUAIRA,-24.033,-54.35,265,A,FALSE,268.041418721607,256.50204516833,26.7531127929688,0.919456243515015,304,Cfa,C,-3.04141872160727,8.49795483167031,-39
862970-99999,ENCARNACION,-27.227,-55.837,199,A,FALSE,141.27874364908,178.595726496816,32.4144897460938,0.940931677818298,188,Cfa,C,57.7212563509201,20.404273503184,11
868910-99999,MACAE,-22.343,-41.766,2.4,A,TRUE,44.7888936493349,26.454067520509,90.2770385742187,0.731999039649963,5,Aw,A,-42.3888936493349,-24.054067520509,-2.6
870470-99999,SALTA,-24.856,-65.486,1246,A,FALSE,1813.95788548141,1156.09568825746,364.471374511719,0.999132633209229,1235,Cwa,C,-567.957885481408,89.904311742542,11
870780-99999,ALFEREZ ARMANDO RODRIGUEZ,-24.721,-60.549,129.8,A,FALSE,131.644417069667,130.057234759067,1.06439208984375,0.999992609024048,130,Cfa,C,-1.844417069667,-0.257234759066535,-0.199999999999989
872170-99999,LA RIOJA,-29.382,-66.796,437.7,A,FALSE,505.322211601949,407.623987931659,334.205627441406,0.999773979187012,441,BSh,B,-67.6222116019487,30.0760120683414,-3.30000000000001
872440-99999,VILLA MARIA DEL RIO,-29.9,-63.683,341,A,FALSE,454.46705209284,376.012785329343,50.9158935546875,1,359,Cfa,C,-113.46705209284,-35.0127853293429,-18
873710-99999,SAUCE VIEJO,-31.712,-60.812,17.1,A,TRUE,26.2834343436597,13.197756751796,7.31683349609375,0.916069984436035,19,Cfa,C,-9.18343434365966,3.90224324820403,-1.9
875060-99999,MALARGUE,-35.494,-69.574,1430.1,A,TRUE,1577.45064294701,1477.91812507329,135.597900390625,0.988204002380371,1432,Csb,C,-147.350642947006,-47.8181250732923,-1.90000000000009
875090-99999,SAN RAFAEL,-34.588,-68.403,752.9,A,FALSE,955.984995274253,753.511727373772,66.0834350585938,0.99867832660675,749,BSk,B,-203.084995274253,-0.611727373771942,3.89999999999998
875530-99999,SAN FERNANDO,-34.453,-58.59,3,A,FALSE,7.90982115770931,16.2569053907298,2.9715576171875,0.515490651130676,3,Cfa,C,-4.90982115770931,-13.2569053907298,0
875960-99999,PUNTA INDIO B.A.,-35.367,-57.283,16,A,TRUE,5.00362995072221,11.1583243258401,3.24749755859375,0.576830387115479,16,Cfa,C,10.9963700492778,4.84167567415988,0
877150-99999,PRESIDENTE PERON,-38.949,-68.156,272.8,A,FALSE,375.957666879745,306.264196361653,69.8829345703125,0.995504975318909,272,BSk,B,-103.157666879745,-33.4641963616526,0.800000000000011
877500-99999,COMANDANTE ESPORA,-38.725,-62.169,75,A,FALSE,49.9974128684362,43.1774134133471,15.1527099609375,0.758996725082398,76,Cfa,C,25.0025871315638,31.8225865866529,-1
877650-99999,SAN CARLOS DE BARILOCHE,-41.151,-71.158,846.1,A,FALSE,1243.5656803196,1027.81538866483,277.919921875,0.865393877029419,844,Csb,C,-397.465680319605,-181.715388664835,2.10000000000002
877840-99999,SAN ANTONIO OESTE AERO,-40.757,-65.031,20,A,FALSE,40.7920840864363,-3.32164589844646,25.88134765625,0.59972882270813,16,BSk,B,-20.7920840864362,23.3216458984465,4
877910-99999,GOBERNADOR CASTELLO,-40.869,-63,6.1,A,FALSE,26.0141655311702,17.0726783611121,14.6205444335938,0.988894701004028,5,BSk,B,-19.9141655311702,-10.9726783611121,1.1
878600-99999,COMODORO RIVADAVIA,-45.785,-67.466,57.9,A,FALSE,245.480595836116,93.5513943344567,95.3900756835938,0.758056998252869,46,BSk,B,-187.580595836116,-35.6513943344567,11.9
879380-99999,USHUAIA MALVINAS ARGENTINAS,-54.843,-68.296,21.6,A,FALSE,401.838144030454,314.421926065476,249.840209960938,0.744424939155579,30,ET,E,-380.238144030454,-292.821926065476,-8.4
888890-99999,MOUNT PLEASANT,-51.823,-58.447,74.4,A,FALSE,56.0324598773536,69.8939781933688,75.3414916992188,0.700366854667664,68,ET,E,18.3675401226464,4.50602180663121,6.40000000000001
889030-99999,GRYTVIKEN,-54.283,-36.5,3,A,FALSE,275.432369632469,397.630769044475,253.956787109375,0.466336846351624,55,ET,E,-272.432369632469,-394.630769044475,-52
890020-99999,NEUMAYER,-70.667,-8.25,50,A,TRUE,33.3377992389093,38.8946053188398,11.4888305664063,0.745038509368897,37,Climate Zone info missing,,16.6622007610907,11.1053946811602,13
890040-99999,S.A.N.A.E. AWS,-71.7,-2.8,817,A,TRUE,822.815634432375,782.675611064941,66.5974731445313,1,834,EF,E,-5.81563443237496,34.3243889350594,-17
890130-99999,BALDRICK AWS,-82.767,-13.05,1968,A,FALSE,1965.08062489803,1971.25682891201,1.733154296875,1,1985,EF,E,2.91937510197158,-3.25682891201382,-17
890220-99999,HALLEY,-75.61,-26.272,30,A,TRUE,24.8622048718217,26.454067520509,11.1026000976563,0.572996497154236,30,Climate Zone info missing,,5.13779512817833,3.54593247949096,0
890340-99999,BASE BELGRANO II,-77.867,-34.617,256,A,FALSE,373.644982374843,420.268468972585,60.7991943359375,0.700432181358337,151,EF,E,-117.644982374843,-164.268468972585,105
890590-99999,BASE BERNARDO O'HIGGINS,-63.317,-56.683,10,A,TRUE,93.9495716076591,-37.5841106545049,18.4274291992188,0.280982494354248,-341,EF,E,-83.9495716076591,47.5841106545049,351
890650-99999,FOSSIL BLUFF,-71.317,-68.283,69,A,FALSE,322.203486043272,273.225391061168,113.613708496094,0.999983787536621,33,EF,E,-253.203486043272,-204.225391061168,36
890660-99999,BASE SAN MARTIN,-68.117,-67.133,7,A,FALSE,206.190452158102,251.199520860844,155.209350585938,0.387879490852356,-96,EF,E,-199.190452158102,-244.199520860844,103
892570-99999,UNIV. WI ID 8925 (LIMBERT AWS,-75.867,-59.15,40,A,FALSE,52.994024223996,53.1706323005308,1.2490234375,1,58,Climate Zone info missing,,-12.994024223996,-13.1706323005308,-18
892620-99999,UNIV. WI ID 8926 (LARSEN ICE,-67.017,-61.467,45,A,TRUE,48.7857032122335,34.2039107391413,1.21063232421875,1,-528,Climate Zone info missing,,-3.78570321223354,10.7960892608587,573
892720-99999,UNIV. WI ID 8917 (SKI-BLU),-74.8,-71.483,1589,A,FALSE,1606.35441933854,1518.29888710722,57.631103515625,1,1583,EF,E,-17.3544193385358,70.7011128927818,6
895040-99999,TROLL IN ANTARKTIS,-72.017,2.533,1277,A,FALSE,1460.20916968651,1318.84239584874,145.683654785156,0.999928832054138,1262,EF,E,-183.209169686514,-41.8423958487354,15
895320-99999,SYOWA,-69,39.583,21,A,FALSE,131.329340692923,52.7627458153396,2.32720947265625,0.333144187927246,-393,EF,E,-110.329340692923,-31.7627458153396,414
895640-99999,MAWSON,-67.6,62.867,16,A,TRUE,91.1664633341916,100.281521340111,0,0.214010357856751,-238,EF,E,-75.1664633341916,-84.2815213401111,254
895710-99999,DAVIS,-68.583,77.967,23,A,FALSE,44.537151209256,-7.40051075035818,22.6362915039063,0.27423083782196,1,EF,E,-21.537151209256,30.4005107503582,22
895770-99999,DOME PLATEAU DOME A,-80.37,77.37,4084,A,FALSE,4056.1867716199,4077.99052492441,6.4337158203125,1,4085,EF,E,27.8132283801042,6.00947507558612,-1
896110-99999,CASEY,-66.283,110.533,42,A,FALSE,99.9236746397852,53.578518785722,0,0.356977105140686,-23,EF,E,-57.9236746397853,-11.5785187857219,65
896420-99999,DUMONT D'URVILLE,-66.667,140.017,43,A,FALSE,301.789245451428,102.320953766067,117.473083496094,0.745915412902832,-99,EF,E,-258.789245451428,-59.3209537660669,142
896590-99999,PRIESTLEY GLACIER,-73.633,160.65,1924,A,FALSE,1887.07153795193,1807.28646186516,129.519348144531,1,1979,EF,E,36.9284620480744,116.713538134837,-55
896610-99999,CAPE PHILLIPS,-73.517,169.75,568,A,FALSE,182.092885073522,489.405228212489,0,0.32132613658905,25,EF,E,385.907114926478,78.5947717875115,543
896660-99999,CAPE ROSS,-76.717,162.967,150,A,FALSE,131.413387615164,3.20453786461228,30.9273071289063,0.215457916259766,31,EF,E,18.5866123848358,146.795462135388,119
897670-99999,G3,-70.9,69.867,84,A,FALSE,103.292721409069,89.6764727251406,8.3035888671875,1,84,EF,E,-19.2927214090694,-5.6764727251406,0
898280-99999,DOME C II,-75.117,123.367,3250,A,TRUE,3256.72408239881,3264.46093021062,1.8201904296875,1,3270,EF,E,-6.72408239880633,-14.4609302106228,-20
898790-99999,POSSESSION IS,-71.883,171.2,30,A,FALSE,-3.19751735748191,54.5982349986999,0,0.00987839698791504,152,Climate Zone info missing,,33.1975173574819,-24.5982349986999,-122
911905-22524,LANAI AIRPORT,20.79,-156.949,396.2,A,TRUE,13.8763559835673,194.299356176676,0,0.113036155700684,397,As,A,382.323644016433,201.900643823324,-0.800000000000011
911977-21508,BRADSHAW ARMY AIRFIELD,19.76,-155.554,1798.3,A,TRUE,2185.17641130317,1912.92906152968,606.806823730469,0.999366402626038,1872,Cfb,C,-386.876411303172,-114.629061529676,-73.7000000000001
912120-41415,GUAM INTERNATIONAL AIRPORT,13.483,144.8,77.4,A,FALSE,15.3047553350278,52.558802572744,0,0.152141690254211,82,Af,A,62.0952446649723,24.841197427256,-4.59999999999999
912210-41419,ROTA INTERNATIONAL AIRPORT,14.172,145.243,179.2,A,FALSE,7.3959797847634,34.4078539817369,0,0.0636026859283447,179,Climate Zone info missing,,171.804020215237,144.792146018263,0.199999999999989
912320-41418,FRANCISCO C. ADA/SAIPAN INTER,15.117,145.717,65.5,A,FALSE,6.64553238427496,20.3357702426415,0,0.123916387557983,58,Af,A,58.8544676157251,45.1642297573585,7.5
912850-21504,HILO INTERNATIONAL AIRPORT,19.719,-155.049,8.8,A,FALSE,176.129935187475,-2.70981617065971,108.268249511719,0.373839139938355,9,Cfb,C,-167.329935187475,11.5098161706597,-0.199999999999999
913340-40505,CHUUK INTERNATIONAL AIRPORT,7.467,151.85,1.5,A,FALSE,1.6783991124645,2.79665137942111,0,0.0236952304840088,0,Af,A,-0.178399112464501,-1.29665137942111,1.5
913560-00493,KOSRAE,5.354,162.953,2.1,A,TRUE,1.26413940094222,19.9278837574503,0,0.00324511528015137,3,Af,A,0.835860599057782,-17.8278837574503,-0.9
914130-40308,YAP INTERNATIONAL AIRPORT,9.483,138.083,13.4,A,FALSE,1.59275888364018,6.26368650354606,0,0.0338667631149292,14,Af,A,11.8072411163598,7.13631349645394,-0.6
915960-99999,ILE DES PINS MOUE,-22.589,167.456,96,A,FALSE,4.71763141911356,14.6253594499651,0,0.104172229766846,89,Climate Zone info missing,,91.2823685808864,81.3746405500349,7
916600-99999,YASAWA,-16.76,177.546,30,A,FALSE,0.620045214854206,1.16510543865642,0,0.0197346210479736,3,Am,A,29.3799547851458,28.8348945613436,27
916910-99999,LAKEMBA ISLAND,-18.233,-178.8,3,A,FALSE,0.647131426761432,7.48734595911958,0,0.00252866744995117,50,Climate Zone info missing,,2.35286857323857,-4.48734595911958,-47
917530-99999,WALLIS HIHIFO,-13.238,-176.199,24.1,A,TRUE,0.490589055003493,5.24397029056814,0,0.00497281551361084,17,Climate Zone info missing,,23.6094109449965,18.8560297094319,7.1
919250-99999,HIVA-OA,-9.8,-139.033,53,A,FALSE,46.2690754647357,195.319072389654,0,0.153496146202087,63,Climate Zone info missing,,6.73092453526434,-142.319072389654,-10
919290-99999,BORA-BORA,-16.433,-151.75,3,A,FALSE,1.63976142783213,1.57299192384759,0,0.00488638877868652,1,Af,A,1.36023857216787,1.42700807615241,2
919380-99999,TAHITI FAA A,-17.554,-149.607,1.5,A,FALSE,98.6609791729337,277.304255913079,0,0.252174615859985,-1,Af,A,-97.1609791729337,-275.804255913079,2.5
919440-99999,HAO,-18.075,-140.946,3,A,FALSE,0.254381354106652,0.145389225678494,0,0,7,Af,A,2.74561864589335,2.85461077432151,-4
919480-99999,MANGAREVA,-23.133,-134.967,89,A,FALSE,1.39439221408432,4.22425407759021,0,0.019182562828064,24,Af,A,87.6056077859157,84.7757459224098,65
919540-99999,TUBUAI MATAURA,-23.365,-149.524,2.1,A,TRUE,0.595747289466841,5.85580001835489,0,0.00590169429779053,5,Climate Zone info missing,,1.50425271053316,-3.75580001835489,-2.9
919580-99999,RAPA,-27.617,-144.333,2,A,FALSE,1.73854643596437,9.73072162767102,0,0.0190297365188599,1,Cfa,C,0.261453564035629,-7.73072162767102,1
920350-99999,PORT MORESBY JACKSONS INTL,-9.443,147.22,44.5,A,FALSE,126.276168865642,63.9796241580968,107.792236328125,0.614536643028259,39,Af,A,-81.7761688656422,-19.4796241580968,5.5
930040-99999,CAPE REINGA AWS,-34.433,172.683,216,A,FALSE,11.482811169589,18.5002810592812,0,0.131709933280945,202,Climate Zone info missing,,204.517188830411,197.499718940719,14
931190-99999,AUCKLAND INTL,-37.008,174.792,7,A,FALSE,61.7106062117288,5.04002704797255,79.9532470703125,0.706130027770996,10,Cfb,C,-54.7106062117288,1.95997295202745,-3
932450-99999,TAUPO AWS,-38.733,176.067,401,A,TRUE,547.422549765338,480.635668780878,124.771240234375,0.890657901763916,374,Cfb,C,-146.422549765338,-79.6356687808783,27
934980-99999,CASTLEPOINT,-40.9,176.2,120,A,FALSE,35.8815131983144,51.3351431171705,1.6258544921875,0.206215143203735,111,Cfb,C,84.1184868016856,68.6648568828295,9
936780-99999,KAIKOURA,-42.417,173.7,101,A,FALSE,160.715888979035,67.6506025248174,120.421142578125,0.186331272125244,73,Cfb,C,-59.7158889790347,33.3493974751827,28
938050-99999,PUYSEGUR POINT AWS,-46.15,166.6,44,A,FALSE,17.9361011564857,62.3480782173321,0,0.0340118408203125,-34,Cfb,C,26.0638988435144,-18.3480782173321,78
938910-99999,DUNEDIN AERODROME AWS,-45.917,170.183,2,A,FALSE,98.5032418212387,156.161969811302,105.200500488281,0.602603077888489,1,Cfb,C,-96.5032418212387,-154.161969811302,1
939290-99999,ENDERBY ISLAND AWS,-50.483,166.3,40,A,TRUE,24.1308771503266,17.4805648463033,0,0.0911978483200073,-30,Climate Zone info missing,,15.8691228496734,22.5194351536967,70
941220-99999,CAPE FOURCROY,-11.783,130.017,7,A,FALSE,2.38303894869808,5.04002704797255,0,0.0119054317474365,-4,Aw,A,4.61696105130192,1.95997295202745,11
941820-99999,COCONUT ISLAND,-10.05,143.067,4,A,TRUE,0.66545445246338,-0.466440502108263,0,0.00950884819030762,7,Climate Zone info missing,,3.33454554753662,4.46644050210826,-3
941880-99999,CAPE FLATTERY,-14.967,145.317,19,A,TRUE,48.7379040147502,7.89523244431075,49.53857421875,0.57117223739624,36,Aw,A,-29.7379040147502,11.1047675556893,-17
942030-99999,BROOME INTL,-17.945,122.232,17.1,A,FALSE,10.3503685158795,7.89523244431075,9.27044677734375,0.400995135307312,14,BSh,B,6.74963148412047,9.20476755568925,3.1
942380-99999,TENNANT CREEK AIRPORT,-19.633,134.183,377,A,FALSE,335.864098357365,355.210574584593,10.1069946289063,0.999974846839905,364,BWh,B,41.1359016426354,21.7894254154069,13
942480-99999,CENTRE ISLAND,-15.75,136.8,13,A,FALSE,3.31074170652058,0.757218953465251,0,0.26977527141571,0,Aw,A,9.68925829347942,12.2427810465347,13
942680-99999,KOWANYAMA AIRPORT,-15.483,141.75,11,A,TRUE,10.729177155935,15.2371891777518,1.4462890625,0.992265582084656,13,Aw,A,0.270822844064996,-4.23718917775183,-2
942890-99999,HOLMES REEF,-16.467,147.867,8,A,FALSE,-0.0495418765582538,-0.466440502108263,0,0,-86,Climate Zone info missing,,8.04954187655825,8.46644050210826,94
942980-99999,MARION REEF,-19.083,152.383,8,A,FALSE,-0.394094425083999,0.145389225678494,0,0,-32,Climate Zone info missing,,8.394094425084,7.85461077432151,40
943020-99999,LEARMONTH,-22.236,114.089,5.8,A,FALSE,50.3387788037964,48.0720512356411,45.34130859375,0.643866419792175,4,BWh,B,-44.5387788037964,-42.2720512356411,1.8
943170-99999,NEWMAN AERO,-23.417,119.8,524,A,FALSE,572.603166999562,532.029365914966,16.690673828125,0.999585032463074,527,BWh,B,-48.6031669995616,-8.02936591496587,-3
943210-99999,WULUNGURRU,-23.267,129.367,455,A,FALSE,441.894269848139,479.412009325305,14.5382080078125,0.949692010879517,453,BWh,B,13.1057301518612,-24.4120093253048,2
943260-99999,ALICE SPRINGS,-23.807,133.902,545.3,A,FALSE,583.751533159259,532.641195642753,36.4801635742188,0.999595642089844,543,BWh,B,-38.4515331592594,12.6588043572473,2.29999999999995
943320-99999,MOUNT ISA,-20.664,139.489,341.7,A,FALSE,395.397998822865,383.354742062784,23.42724609375,0.975874304771423,340,BSh,B,-53.6979988228652,-41.654742062784,1.69999999999999
943430-99999,HUGHENDEN AIRPORT,-20.817,144.233,316,A,FALSE,362.275146600139,326.046690893424,28.1010131835938,1,320,BSh,B,-46.2751466001387,-10.0466908934244,-4
943880-99999,LADY ELLIOT ISLAND,-24.117,152.717,4,A,FALSE,0.748704721413531,-1.07827022989502,0,0,3,Climate Zone info missing,,3.25129527858647,5.07827022989502,1
943940-99999,CATO ISLAND,-23.25,155.533,7,A,FALSE,-0.141555331713684,-0.262497259512678,0,0,-10,Climate Zone info missing,,7.14155533171368,7.26249725951268,17
944030-99999,GERALDTON,-28.796,114.708,36.9,A,FALSE,91.8659249240311,40.3222080170089,25.234619140625,0.77415931224823,37,Csa,C,-54.9659249240312,-3.42220801700887,-0.100000000000001
944290-99999,MOUNT MAGNET AERO,-28.117,117.833,408,A,FALSE,443.410301061652,417.209320333651,19.2321166992188,1,412,BWh,B,-35.4103010616521,-9.20932033365119,-4
944490-99999,LAVERTON AERO,-28.617,122.417,465,A,FALSE,481.689491712894,469.418790438121,23.0909423828125,1,463,BWh,B,-16.6894917128938,-4.41879043812111,2
944570-99999,WARBURTON AIRFIELD,-26.133,126.583,460,A,FALSE,464.150372849674,488.997341727297,21.8690185546875,1,459,BWh,B,-4.15037284967349,-28.9973417272973,1
944740-99999,PUKATJA,-26.267,132.183,704,A,FALSE,689.798434369153,715.578284250993,56.968505859375,1,705,BWh,B,14.2015656308474,-11.578284250993,-1
944760-99999,OODNADATTA AIRPORT,-27.55,135.45,117,A,FALSE,145.865076647606,123.327107753412,21.39599609375,1,119,BWh,B,-28.8650766476065,-6.32710775341224,-2
945150-99999,ROMA AIRPORT,-26.55,148.783,304,A,FALSE,344.761918968889,304.224763935697,19.9239501953125,1,305,BSh,B,-40.7619189688885,-0.224763935696728,-1
945880-99999,GLEN INNES AIRPORT,-29.683,151.7,1045,A,FALSE,1112.9938075343,1078.59725607114,63.1605224609375,0.9996737241745,1039,Cfb,C,-67.9938075343007,-33.5972560711355,6
945956-99999,TELFER,-21.715,122.229,295.7,A,FALSE,286.445703059276,303.001104480123,18.9560546875,1,301,BWh,B,9.25429694072386,-7.30110448012323,-5.30000000000001
945960-99999,BALLINA AIRPORT AWS,-28.833,153.55,2,A,FALSE,41.5827624781398,26.454067520509,35.3363647460938,0.773350358009338,12,Cfa,C,-39.5827624781398,-24.454067520509,-10
946050-99999,MANDURAH,-32.517,115.717,4,A,TRUE,22.5132726421612,-0.466440502108263,21.49951171875,0.613867998123169,2,Csa,C,-18.5132726421612,4.46644050210826,2
946380-99999,ESPERANCE,-33.833,121.893,27,A,FALSE,73.9746853060168,30.9408188576119,4.46893310546875,0.697777628898621,11,Csb,C,-46.9746853060168,-3.94081885761193,16
946470-99999,EUCLA,-31.68,128.879,102.3,A,FALSE,42.4531061989823,38.282775591053,11.8309936523438,0.448119044303894,69,BSk,B,59.8468938010177,64.017224408947,33.3
946510-99999,NULLARBOR,-31.45,130.9,65,A,TRUE,31.8476592573662,44.8089593541118,3.18310546875,0.62194561958313,63,BWk,B,33.1523407426338,20.1910406458882,2
947290-99999,BATHURST AIRPORT AWS,-33.417,149.65,745,A,FALSE,892.662211754906,814.082870424661,87.1366577148438,0.997090816497803,735,Cfb,C,-147.662211754906,-69.0828704246609,10
948300-99999,PORT FAIRY AWS,-38.4,142.233,10,A,FALSE,14.2973872480664,3.00059462201669,7.1246337890625,0.290298104286194,-2,Cfb,C,-4.29738724806636,6.99940537798331,12
949050-99999,MT HOTHAM AIRPORT,-37.05,147.333,1293,A,FALSE,1130.08401226782,1323.94097691363,266.0791015625,0.997270584106445,1294,Cfb,C,162.915987732177,-30.940976913625,-1
949950-99999,LORD HOWE ISLAND AERO,-31.542,159.079,7,A,FALSE,1.06059448499233,3.20453786461228,0,0.00656402111053467,4,Climate Zone info missing,,5.93940551500767,3.79546213538772,3
949960-99999,NORFOLK ISLAND INTL,-29.042,167.939,113.1,A,FALSE,1.32707501096195,10.9543810832445,0,0.0131701231002808,109,Cfa,C,111.772924989038,102.145618916755,4.09999999999999
949980-99999,MACQUARIE ISLAND,-54.499,158.937,8.3,A,FALSE,8.29022310434756,18.5002810592812,0,0.0427640676498413,5,ET,E,0.00977689565243978,-10.2002810592812,3.3
951010-99999,TRUSCOTT,-14.083,126.383,52,A,FALSE,14.005812143418,18.9081675444724,9.89324951171875,0.259583473205566,47,Aw,A,37.994187856582,33.0918324555276,5
951460-99999,NGAYAWILI,-12,135.567,9,A,TRUE,8.02772584483488,10.9543810832445,3.4268798828125,0.278370141983032,1,Aw,A,0.972274155165117,-1.95438108324453,8
952140-99999,WYNDHAM AERO,-15.5,128.15,4,A,FALSE,41.3250451383755,32.7763080409722,45.2821655273438,0.80794107913971,12,BSh,B,-37.3250451383755,-28.7763080409722,-8
953510-99999,BLACKALL AIRPORT,-24.417,145.433,282,A,FALSE,290.31066650245,280.363404552013,8.98004150390625,1,283,BSh,B,-8.31066650244986,1.63659544798679,-1
954850-99999,TIBOOBURRA,-29.451,142.058,178,A,FALSE,160.899915889346,174.312918402309,17.7546997070313,1,176,BWh,B,17.1000841106545,3.68708159769136,2
956630-99999,CUMMINS AERO,-34.25,135.717,58,A,FALSE,87.6496373793548,80.7029700509348,30.9935913085938,0.931600570678711,61,Csb,C,-29.6496373793548,-22.7029700509348,-3
956870-99999,RENMARK AERO,-34.2,140.683,32,A,FALSE,39.5417367456012,36.0393999225016,12.9932250976563,0.972916126251221,36,BSk,B,-7.5417367456012,-4.03939992250157,-4
957730-99999,ARMIDALE AIRPORT AWS,-30.533,151.617,1081,A,FALSE,983.832011074755,1026.99961569445,67.3489990234375,0.999619007110596,1089,Cfb,C,97.1679889252446,54.0003843055477,-8
958050-99999,CAPE BORDA AWS,-35.75,136.6,158,A,FALSE,51.7130057314425,79.0714241101702,26.5278930664063,0.356305599212647,145,Csb,C,106.286994268558,78.9285758898299,13
959090-99999,THREDBO AWS,-36.5,148.283,1368,A,FALSE,1177.27695659642,1542.56813297609,300.739074707031,0.999823570251465,1859,Cfb,C,190.723043403583,-174.568132976093,-491
959400-99999,PT PERPENDICULAR AWS,-35.083,150.8,84,A,TRUE,37.5624516431452,12.5859270240092,55.9791870117188,0.513509869575501,16,Cfb,C,46.4375483568548,71.4140729759908,68
959590-99999,LIAWENEE AWS,-41.9,146.667,1056,A,FALSE,956.66892212491,1157.11540447044,139.026672363281,0.884268045425415,1056,Cfb,C,99.3310778750898,-101.115404470436,0
960750-99999,BINAKA,1.166,97.705,6.1,A,FALSE,51.8611832436408,39.0985485614354,28.6511840820313,0.331125497817993,8,Af,A,-45.7611832436408,-32.9985485614354,-1.9
961450-99999,TAREMPA,3.2,106.25,3,A,TRUE,19.5744186502271,53.7824620283175,0,0.214669346809387,379,Af,A,-16.5744186502271,-50.7824620283175,-376
961790-99999,DABO,-0.479,104.579,30,A,FALSE,15.7102518603448,15.4411324203474,1.58978271484375,0.222632169723511,29,Af,A,14.2897481396552,14.5588675796526,1
964710-99999,KOTA KINABALU INTL,5.937,116.051,3,A,FALSE,62.7112027457134,49.0917674486191,45.2113647460938,0.358848214149475,8,Af,A,-59.7112027457134,-46.0917674486191,-5
965250-99999,TANJUNG SELOR,2.85,117.333,50,A,FALSE,146.918252298823,74.7886160156628,75.5226440429688,0.986572623252869,6,Af,A,-96.9182522988228,-24.7886160156628,44
965650-99999,PUTUSSIBAU/PAGSUMA,0.883,112.933,0,A,FALSE,202.49557419264,64.1835674006924,77.4573364257813,0.999101161956787,32,Af,A,-202.49557419264,-64.1835674006924,-32
965810-99999,SUPADIO,-0.151,109.404,3,A,FALSE,10.0611833711053,8.50706217209751,5.77435302734375,0.978614926338196,3,Af,A,-7.06118337110532,-5.50706217209751,0
966330-99999,SULTAN AJI MUHAMMAD SULAIMAN,-1.268,116.894,3.7,A,TRUE,-2.22998193508996,-0.874326987299435,1.2725830078125,0.247458338737488,7,Af,A,5.92998193508996,4.57432698729943,-3.3
966450-99999,ISKANDAR,-2.705,111.673,25,A,TRUE,14.2663177697022,12.9938135092004,4.870361328125,0.827617406845093,26,Af,A,10.7336822302978,12.0061864907996,-1
967490-99999,SOEKARNO HATTA INTL,-6.126,106.656,10.4,A,FALSE,36.309714342436,19.5199972722591,46.86181640625,0.792990565299988,11,Af,A,-25.909714342436,-9.11999727225913,-0.6
969370-99999,SURABAYA/GEDANGAN,-7.217,113.717,3,A,FALSE,21.089653210449,0.145389225678494,0,0.250439047813416,-7,Aw,A,-18.089653210449,2.85461077432151,10
969950-99999,CHRISTMAS ISLAND,-10.451,105.69,279.2,A,TRUE,13.5039205698429,49.0917674486191,0,0.0740892887115479,260,Climate Zone info missing,,265.696079430157,230.108232551381,19.2
969960-99999,COCOS KEELING ISLANDS,-12.188,96.834,3,A,FALSE,0.772604320155201,0.145389225678494,0,0,6,Climate Zone info missing,,2.2273956798448,2.85461077432151,-3
970140-99999,SAM RATULANGI,1.549,124.926,80.5,A,FALSE,217.547939806789,198.174277785992,189.085998535156,0.715775609016419,87,Af,A,-137.047939806789,-117.674277785992,-6.5
970160-99999,BITUNG,1.433,125.183,3,A,FALSE,78.9338520449134,63.1638511877145,154.386657714844,0.449248194694519,2,Af,A,-75.9338520449134,-60.1638511877145,1
972400-99999,MATARAM-LOMBOK INTL AIRPORT /,-8.75,116.267,96,A,FALSE,143.99134810626,141.681999587015,116.7568359375,0.714066982269287,97,Aw,A,-47.9913481062595,-45.6819995870149,-1
972840-99999,RUTENG/SATAR TACIK,-8.633,120.45,1170,A,FALSE,483.580348300006,1124.68842889774,149.709533691406,0.637256026268005,1482,Aw,A,686.419651699994,45.3115711022622,-312
973720-99999,EL TARI,-10.172,123.671,105,A,FALSE,178.5099368955,212.042418282492,115.349731445313,0.881710171699524,102,Aw,A,-73.5099368954995,-107.042418282492,3
974600-99999,LABUHA/TALIABU,-1.617,124.55,3,A,FALSE,43.4182516615001,75.196502500854,0,0.0437688827514648,-42,Af,A,-40.4182516615001,-72.196502500854,45
975600-99999,FRANS KAISIEPO,-1.19,136.108,14,A,FALSE,5.20996315319197,12.5859270240092,3.4525146484375,0.120559573173523,13,Af,A,8.79003684680803,1.41407297599078,1
976000-99999,SANANA / NAMNIWEL,-3.143,126.977,2,A,TRUE,166.030761412536,27.6777269760826,48.9942626953125,0.568015217781067,7,Af,A,-164.030761412536,-25.6777269760826,-5
976300-99999,FAK-FAK / TOREA / SIBORU,-2.883,132.25,130,A,FALSE,224.115549541,374.381239388578,83.9711303710938,0.42632532119751,307,Af,A,-94.1155495410003,-244.381239388578,-177
976900-99999,SENTANI,-2.577,140.516,88.1,A,FALSE,132.533083816211,282.606780220565,42.8327026367188,0.52903687953949,83,Af,A,-44.4330838162115,-194.506780220565,5.09999999999999
979000-99999,SAUMLAKI,-7.983,131.3,24,A,FALSE,11.8604248297074,20.3357702426415,0,0.208275198936462,30,Am,A,12.1395751702926,3.66422975735853,-6
979800-99999,MOPAH,-8.52,140.418,3,A,TRUE,8.31691098960909,4.22425407759021,1.9886474609375,0.624308586120606,5,Aw,A,-5.31691098960909,-1.22425407759021,-2
983240-99999,IBA/LUZON ISLAND,15.333,119.967,5,A,FALSE,195.134497780205,59.4928728209939,131.473266601563,0.549322843551636,11,Am,A,-190.134497780205,-54.4928728209939,-6
983280-99999,BAGUIO,16.375,120.62,1295.7,A,TRUE,612.673632576492,1136.72108021088,187.732238769531,0.827891111373901,1288,Am,A,683.026367423509,158.978919789123,7.70000000000005
984400-99999,DAET,14.129,122.98,3,A,FALSE,26.0675413016932,-5.36107832440232,34.8272705078125,0.292877912521362,2,Af,A,-23.0675413016932,8.36107832440232,1
985580-99999,GUIUAN,11.036,125.742,2.1,A,FALSE,18.0285129382868,-2.30192968546853,0,0.171353578567505,6,Af,A,-15.9285129382868,4.40192968546853,-3.9
987410-99999,DIPOLOG,8.601,123.334,3.7,A,FALSE,122.608775438733,2.38876489422994,31.1842041015625,0.479328870773315,-17,Af,A,-118.908775438733,1.31123510577006,20.7
987510-99999,MALAYBALAY,8.15,125.133,627,A,FALSE,874.124886317575,669.691054666986,273.267272949219,1,603,Af,A,-247.124886317575,-42.6910546669863,24
999999-40504,WEATHER SERVICE BUILDING,6.967,158.217,36.6,A,FALSE,17.0996152005272,59.4928728209939,0,0.0781631469726563,5,Af,A,19.5003847994728,-22.8928728209939,31.6
A00017-04868,MARSHALL COUNTY AIRPORT,41.019,-89.386,173.1,A,FALSE,201.324892180944,182.470648106132,21.3040161132813,0.945908427238464,168,Dfa,D,-28.2248921809436,-9.37064810613208,5.09999999999999
A00032-25715,ATKA AIRPORT,52.22,-174.206,17.1,A,FALSE,79.3851561344853,142.293829314802,0,0.326038360595703,12,ET,E,-62.2851561344853,-125.193829314802,5.1
AEM00041217,ABU DHABI INTERNATIONAL AIRPOR,24.4333,54.65,16,B,FALSE,27.0701294689063,25.4343513075311,6.11993408203125,0.896612524986267,14,BWh,B,-11.0701294689063,-9.43435130753112,2
AGM00060571,BECHAR,31.6543,-2.2524,808.6,B,FALSE,867.877531206503,804.701481265264,55.8262329101563,1,807,BWh,B,-59.2775312065028,3.89851873473606,1.60000000000002
AGM00060656,TINDOUF,27.7041,-8.1692,443,B,TRUE,442.304546293204,437.399701350614,8.375244140625,1,441,BWh,B,0.695453706795888,5.60029864938588,2
AGM00060680,TAMANRASSET,22.8253,5.4525,1372,B,FALSE,1349.27201224743,1384.51211996451,43.2747192382813,1,1373,BWh,B,22.7279877525709,-12.5121199645139,-1
AQM00091765,PAGO PAGO/INT.AIRP. AMERICAN S,-14.3383,-170.7191,5.5,B,TRUE,4.84788423225566,38.4867188336486,0,0.0583293437957764,1,Climate Zone info missing,,0.652115767744337,-32.9867188336486,4.5
ARM00087418,MENDOZA AERO,-32.8438,-68.7963,705,B,FALSE,874.545917582075,695.795789719221,238.773864746094,0.999892830848694,707,BWk,B,-169.545917582075,9.20421028077885,-2
ARM00087585,BUENOS AIRES OBSERVATORIO,-34.5902,-58.484,25,B,FALSE,7.90982115770931,19.5199972722591,2.9715576171875,0.515490651130676,30,Cfa,C,17.0901788422907,5.48000272774087,-5
ARM00087860,COMODORO RIVADAVIA AERO,-45.7923,-67.4619,46,B,FALSE,245.480595836116,93.5513943344567,95.3900756835938,0.758056998252869,45,BSk,B,-199.480595836116,-47.5513943344567,1
ASM00094120,DARWIN AIRPORT,-12.4239,130.8925,31.4,B,FALSE,22.1372522886256,10.5464945980534,10.9905395507813,0.877822875976563,32,Aw,A,9.26274771137442,20.8535054019466,-0.600000000000001
ASM00094155,EAST ARNHEM,-12.3845,136.7959,112,B,FALSE,23.7783580688869,26.2501242779135,25.9971313476563,0.605506181716919,100,Aw,A,88.2216419311131,85.7498757220865,12
ASM00094170,WEIPA AERO,-12.6778,141.9208,19.2,B,TRUE,26.6351567718079,18.9081675444724,13.005859375,0.872513651847839,24,Aw,A,-7.43515677180791,0.291832455527626,-4.8
ASM00094203,BROOME AIRPORT,-17.9475,122.2353,17.4,B,FALSE,10.3503685158795,7.89523244431075,9.27044677734375,0.400995135307312,14,BSh,B,7.04963148412047,9.50476755568925,3.4
ASM00094312,PORT HEDLAND AIRPORT,-20.3725,118.6317,10.1,B,TRUE,11.4015525338673,14.2174729647739,3.68109130859375,0.457580208778381,12,BWh,B,-1.30155253386733,-4.1174729647739,-1.9
ASM00094326,ALICE SPRINGS AIRPORT,-23.795,133.8889,545.3,B,TRUE,583.751533159259,532.641195642753,36.4801635742188,0.999595642089844,548,BWh,B,-38.4515331592594,12.6588043572473,-2.70000000000005
ASM00094332,MOUNT ISA AERO,-20.6778,139.4875,341.7,B,FALSE,395.397998822865,383.354742062784,23.42724609375,0.975874304771423,345,BSh,B,-53.6979988228652,-41.654742062784,-3.30000000000001
ASM00094430,MEEKATHARRA AIRPORT,-26.6136,118.5372,522.1,B,FALSE,499.662388293276,509.391665986856,12.864501953125,1,520,BWh,B,22.4376117067245,12.7083340131441,2.10000000000002
ASM00094461,GILES METEOROLOGICAL OFFICE,-25.0342,128.3011,580,B,FALSE,569.8750278032,610.547514314266,32.8837890625,1,598,BWh,B,10.1249721968001,-30.5475143142663,-18
ASM00094510,CHARLEVILLE AERO,-26.4139,146.2558,305.7,B,FALSE,314.498255408957,316.869244976623,10.8684692382813,0.999971628189087,306,BSh,B,-8.79825540895723,-11.169244976623,-0.300000000000011
ASM00094578,BRISBANE AERO,-27.3917,153.1292,4,B,TRUE,13.1968107260125,11.9740972962225,17.7314453125,0.483116507530212,6,Cfa,C,-9.19681072601245,-7.97409729622246,-2
ASM00094610,PERTH AIRPORT,-31.9275,115.9764,20.4,B,FALSE,141.887785090347,72.9531268323026,40.54150390625,0.889051795005798,15,Csa,C,-121.487785090347,-52.5531268323026,5.4
ASM00094637,KALGOORLIE-BOULDER AIRPORT,-30.7847,121.4533,366.7,B,TRUE,365.607148991373,360.513098892078,21.035888671875,0.982303023338318,372,BSh,B,1.09285100862678,6.18690110792164,-5.30000000000001
ASM00094653,CEDUNA AMO,-32.1297,133.6975,23.5,B,FALSE,15.8906938308444,25.0264648223399,9.4866943359375,0.494470000267029,14,BSk,B,7.60930616915562,-1.52646482233994,9.5
ASM00094659,WOOMERA AERODROME,-31.1558,136.8053,167,B,TRUE,133.224977199783,177.983896769029,28.6268920898438,0.901118755340576,169,BWh,B,33.7750228002172,-10.9838967690292,-2
ASM00094711,COBAR MO,-31.4839,145.8294,260,B,FALSE,212.38642313188,238.555039819918,15.48388671875,0.999403715133667,262,BSh,B,47.6135768681201,21.4449601800819,-2
ASM00094802,ALBANY AIRPORT,-34.9414,117.8022,71,B,FALSE,41.3278334248954,57.8613268802292,24.9680786132813,0.771500468254089,68,Csb,C,29.6721665751047,13.1386731197708,3
ASM00094910,WAGGA WAGGA AMO,-35.1583,147.4572,220.7,B,FALSE,281.312069249565,244.46939385519,47.2493286132813,0.998885869979858,212,Cfa,C,-60.6120692495654,-23.7693938551901,8.69999999999999
ASM00094998,MACQUARIE ISLAND,-54.4994,158.9369,6,B,FALSE,8.29022310434756,18.5002810592812,0,0.0427640676498413,6,ET,E,-2.29022310434756,-12.5002810592812,0
ASM00095527,MOREE AERO,-29.4897,149.8472,213.7,B,FALSE,203.757871332846,207.351723702794,4.52691650390625,0.989189624786377,213,Cfa,C,9.94212866715441,6.34827629720647,0.699999999999989
ATM00094001,YEPPOON (BARMARYEE),-23.127,150.701,40,B,FALSE,30.5526993322134,34.2039107391413,29.8402709960938,0.54749608039856,40,Cfa,C,9.44730066778665,5.7960892608587,0
ATM00095282,WOODSTOCK,-19.6337,146.8578,63.5,B,FALSE,196.929357645705,176.352350828265,73.9677734375,0.986627101898193,60,Aw,A,-133.429357645705,-112.852350828265,3.5
AYM00089002,GEORG VON NEUMAYER,-70.6667,-8.25,50,B,FALSE,33.3377992389093,38.8946053188398,11.4888305664063,0.745038509368897,37,Climate Zone info missing,,16.6622007610907,11.1053946811602,13
AYM00089022,HALLEY,-75.445,-26.2181,30,B,TRUE,24.8622048718217,7.48734595911958,11.1026000976563,0.572996497154236,-324,Climate Zone info missing,,5.13779512817833,22.5126540408804,354
AYM00089055,BASE MARAMBIO,-64.2414,-56.625,208,B,TRUE,31.8058349595683,13.6056432369871,0,0.0419285297393799,-18,EF,E,176.194165040432,194.394356763013,226
AYM00089062,ROTHERA,-67.5703,-68.1236,33,B,FALSE,343.263414127786,-40.0314295656519,86.5182495117188,0.463971972465515,-216,EF,E,-310.263414127786,73.0314295656519,249
AYM00089512,NOVOLAZAREVSKAJA,-70.7678,11.8317,118.9,B,TRUE,298.82489855417,361.940701590247,92.7705688476563,1,33,EF,E,-179.92489855417,-243.040701590247,85.9
AYM00089532,SYOWA,-69.0053,39.5811,29.1,B,FALSE,131.329340692923,52.7627458153396,2.32720947265625,0.333144187927246,-418,EF,E,-102.229340692923,-23.6627458153396,447.1
AYM00089564,MAWSON,-67.6017,62.8753,9.9,B,FALSE,118.846580270148,100.281521340111,30.7756958007813,0.343005537986755,-254,EF,E,-108.946580270148,-90.381521340111,263.9
AYM00089571,DAVIS,-68.5744,77.9672,18,B,FALSE,44.537151209256,-7.40051075035818,22.6362915039063,0.27423083782196,8,EF,E,-26.537151209256,25.4005107503582,10
AYM00089592,MIRNYJ (89592-0),-66.5519,93.0147,43.4,B,FALSE,73.4552673600312,181.450931893154,5.25250244140625,0.164099335670471,-240,EF,E,-30.0552673600312,-138.050931893154,283.4
AYM00089611,CASEY,-66.2825,110.523,40,B,TRUE,99.9236746397852,53.578518785722,0,0.356977105140686,-31,EF,E,-59.9236746397853,-13.5785187857219,71
AYM00089625,CONCORDIA,-75.1017,123.4119,3233,B,FALSE,3256.48349310481,3264.46093021062,1.77252197265625,1,3271,EF,E,-23.4834931048067,-31.4609302106228,-38
AYM00089642,DUMONT D'URVILLE,-66.663,140.0011,43,B,FALSE,301.789245451428,102.320953766067,117.473083496094,0.745915412902832,-102,EF,E,-258.789245451428,-59.3209537660669,145
AYM00089662,MARIO ZUCHELLI STATION,-74.6958,164.0922,92,B,FALSE,108.457424697144,127.202029362728,103.741088867188,0.551396250724793,27,EF,E,-16.4574246971443,-35.2020293627284,65
BBM00078954,GRANTLEY ADAMS,13.0716,-59.4922,56.6,B,FALSE,11.7711996610718,56.4337241820601,0,0.156782031059265,49,Am,A,44.8288003389282,0.166275817939862,7.6
BGM00041950,BARISAL,22.75,90.3667,3,B,TRUE,5.26094896384086,6.05974326095048,0.904052734375,0.919208645820618,-1,Aw,A,-2.26094896384086,-3.05974326095048,4
BHM00078583,BELIZE/PHILLIP GOLDSTON INTL.,17.5349,-88.3129,5,B,TRUE,9.23385892799784,6.67157298873724,3.2989501953125,0.56623101234436,6,Am,A,-4.23385892799784,-1.67157298873723,-1
BRM00082022,BOA VISTA (AERO),2.849,-60.6943,83.5,B,FALSE,77.5381154783999,68.6703187377953,37.3909301757813,0.960522532463074,83,Am,A,5.96188452160014,14.8296812622047,0.5
BRM00082026,TIRIOS (AERO),2.22,-55.93,325,B,FALSE,383.425893159871,340.730604360307,59.9108276367188,1,343,Am,A,-58.4258931598711,-15.7306043603065,-18
BRM00082193,BELEM (AERO),-1.3833,-48.4833,16,B,FALSE,15.4688659130539,7.69128920171516,5.89617919921875,0.720249176025391,13,Af,A,0.531134086946102,8.30871079828484,3
BRM00082244,SANTAREM (AERO),-2.4333,-54.7167,72,B,FALSE,58.1483710192828,24.8225215797444,12.6030883789063,0.630514144897461,57,Am,A,13.8516289807172,47.1774784202556,15
BRM00082400,FERNANDO DE NORONHA (AERO),-3.85,-32.4167,56,B,FALSE,0.234066695176232,1.98087840903876,0,0.00317132472991943,72,As,A,55.7659333048238,54.0191215909612,-16
BRM00082705,CRUZEIRO DO SUL (AERO),-7.5833,-72.7667,199,B,FALSE,202.083306114346,197.154561573014,11.3250732421875,0.99387514591217,192,Am,A,-3.0833061143459,1.84543842698577,7
BRM00082917,RIO BRANCO (AERO),-9.87,-67.9,193,B,FALSE,180.724633045561,177.779953526434,11.984375,0.999920248985291,185,Am,A,12.2753669544391,15.2200464735664,8
BRM00082965,ALTA FLORESTA (AERO),-9.8667,-56.1,288,B,FALSE,273.239183121275,292.599999107748,14.3182983398438,0.971320152282715,268,Aw,A,14.7608168787251,-4.59999910774832,20
BRM00083208,VILHENA (AERO),-12.7,-60.1,612,B,FALSE,514.867711339372,583.830949534245,56.8662719726563,0.999995946884155,613,Aw,A,97.1322886606282,28.1690504657554,-1
BRM00083378,BRASILIA (AERO),-15.8729,-47.9241,1061,B,TRUE,1082.36328513369,1107.14931003452,97.2244873046875,0.997369170188904,1063,Aw,A,-21.3632851336849,-46.1493100345174,-2
BRM00083525,UBERLANDIA (AERO),-18.8833,-48.2167,943,B,TRUE,839.49118112773,838.14817305094,42.45068359375,0.983995079994202,948,Aw,A,103.50881887227,104.85182694906,-5
BRM00083768,LONDRINA (AERO),-23.3333,-51.1333,569,B,TRUE,548.10607828935,480.839612023474,56.7267456054688,0.997305035591125,568,Cfa,C,20.8939217106504,88.1603879765261,1
BRM00083779,MARTE (AERO),-23.5,-46.6333,722,B,FALSE,790.114610127439,792.464886709529,51.3787231445313,0.984071373939514,749,Cfa,C,-68.1146101274391,-70.4648867095288,-27
BRM00083840,CURITIBA (AERO),-25.5167,-49.1667,908,B,FALSE,917.61060455469,876.897389144101,45.7939453125,0.993923902511597,894,Cfb,C,-9.61060455468998,31.1026108558988,14
BRM00083937,SANTA MARIA (AERO),-29.7167,-53.7,85,B,FALSE,161.380297824053,154.530423870537,71.7921142578125,0.995236873626709,83,Cfa,C,-76.3802978240531,-69.5304238705369,2
CAM00071043,NORMAN WELLS A; NWT,65.2825,-126.8002,72.5,B,FALSE,241.845865194154,190.628377809956,142.219543457031,0.908724904060364,65,Dfc,D,-169.345865194154,-118.128377809956,7.5
CAM00071081,HALL BEACH UA; NU,68.7667,-81.2167,5.9,B,FALSE,10.8092408117196,4.83608380537696,7.05242919921875,0.514938950538635,2,ET,E,-4.9092408117196,1.06391619462304,3.9
CAM00071082,ALERT UA; NU,82.5,-62.3333,65.4,B,FALSE,100.61437304342,18.2963378166856,72.0078125,0.556007266044617,64,ET,E,-35.2143730434195,47.1036621833144,1.40000000000001
CAM00071119,STONY PLAIN UA; ALTA,53.5475,-114.1083,766.3,B,FALSE,715.491299669739,734.341062569787,22.4874267578125,0.961365103721619,764,Dfb,D,50.8087003302605,31.958937430213,2.29999999999995
CAM00071722,MANIWAKI UA; QUE,46.1417,-76.0811,199,B,FALSE,230.99783732531,198.582164271183,29.7939453125,0.892656326293945,183,Dfb,D,-31.9978373253099,0.417835728816669,16
CAM00071802,ST JOHN'S WEST UA; NFLD,47.5167,-52.7833,112.4,B,TRUE,65.8320920147298,132.300610427618,50.3163452148438,0.532965898513794,114,Dfb,D,46.5679079852702,-19.900610427618,-1.59999999999999
CAM00071811,SEPT-ILES UA; QUE,50.2167,-66.25,53.1,B,FALSE,106.125620513249,16.2569053907298,24.1478271484375,0.493032574653626,54,Dfc,D,-53.0256205132487,36.8430946092702,-0.899999999999999
CAM00071823,LA GRANDE IV; QUE,53.7572,-73.6786,303,B,FALSE,355.10686028422,316.869244976623,33.0139770507813,0.850770115852356,298,Dfc,D,-52.1068602842204,-13.869244976623,5
CAM00071845,PICKLE LAKE A; ONT,51.4464,-90.2142,386.2,B,FALSE,374.622077636731,380.703479909041,9.88568115234375,0.895833730697632,377,Dfb,D,11.5779223632688,5.49652009095865,9.19999999999999
CAM00071867,THE PAS A; MAN,53.9667,-101.1,270.4,B,FALSE,263.152755798999,262.416399203602,7.53900146484375,0.693787574768066,268,Dfc,D,7.24724420100131,7.98360079639832,2.39999999999998
CAM00071906,KUUJJUAQ A; QUE,58.1,-68.4167,39.9,B,FALSE,97.2660392597115,40.9340377447956,34.3482055664063,0.885962963104248,34,Dfc,D,-57.3660392597115,-1.03403774479563,5.9
CAM00071907,INUKJUAK A; QUE,58.4673,-78.0787,23.1,B,FALSE,37.9914494405582,34.4078539817369,7.46588134765625,0.635222315788269,24,ET,E,-14.8914494405582,-11.3078539817369,-0.899999999999999
CAM00071908,PRINCE GEORGE UA; BC,53.9,-122.79,600.5,B,FALSE,715.815537559335,681.723705980126,50.9375610351563,0.976346731185913,597,Dfb,D,-115.315537559335,-81.2237059801257,3.5
CAM00071909,IQALUIT A; NU,63.75,-68.55,33.5,B,FALSE,100.772907048406,16.0529621481342,18.6859741210938,0.559470295906067,44,ET,E,-67.272907048406,17.4470378518658,-10.5
CAM00071917,EUREKA A; NU,79.9944,-85.8119,82.9,B,TRUE,178.846124584466,214.285793951043,168.309265136719,0.883120894432068,18,ET,E,-95.9461245844657,-131.385793951043,64.9
CAM00071924,RESOLUTE CARS; NU,74.7169,-94.9694,67.7,B,FALSE,73.9332593348646,45.2168458393029,13.3567504882813,0.639244198799133,57,ET,E,-6.23325933486461,22.4831541606971,10.7
CAM00071925,CAMBRIDGE BAY A; NU,69.1081,-105.1383,31.1,B,FALSE,14.5140769433242,9.52677838507543,11.260009765625,0.416363000869751,1,ET,E,16.5859230566758,21.5732216149246,30.1
CAM00071926,BAKER LAKE A; NU,64.2989,-96.0778,18.6,B,TRUE,23.8090292206054,14.6253594499651,17.1814575195313,0.622578263282776,9,Dfc,D,-5.20902922060541,3.97464055003493,9.6
CAM00071934,FORT SMITH A; NWT,60.0203,-111.9619,205.1,B,FALSE,213.032110624551,197.562448058205,15.5560302734375,0.938677191734314,201,Dfc,D,-7.93211062455072,7.53755194179459,4.09999999999999
CAM00071964,WHITEHORSE A; YT,60.7094,-135.0688,706.2,B,FALSE,991.698962327222,929.718688976358,206.417175292969,0.979605078697205,706,Dsc,D,-285.498962327222,-223.518688976358,0.200000000000045
CDM00064700,NDJAMENA,12.08,15.02,295,B,FALSE,295.209685917847,294.231545048513,0.80291748046875,0.985545992851257,298,BSh,B,-0.209685917846571,0.768454951487001,-3
CFM00064450,BRAZZAVILLE-PILOT,-4.2636,15.2429,314.3,B,FALSE,374.35201217095,324.211201710064,61.4492797851563,0.917021155357361,310,Aw,A,-60.0520121709503,-9.91120171006412,4.30000000000001
CHM00051463,WU LU MU QI (51463-0),43.7433,87.7433,1013,B,FALSE,1208.5304618709,1170.77960172434,186.700134277344,0.993298292160034,1323,BSk,B,-195.530461870899,-157.77960172434,-310
CHM00051839,MINFENG,37.0667,82.7167,1409.5,B,TRUE,1517.97808478494,1408.1695361056,70.103515625,0.999900817871094,1410,BWk,B,-108.478084784942,1.33046389439801,-0.5
CHM00052681,MINQIN,38.6333,103.0833,1367,B,FALSE,1386.98557906178,1371.4597524384,23.281005859375,1,1367,BWk,B,-19.9855790617846,-4.45975243839644,0
CHM00052866,XINING (52866-0),36.65,101.7167,2434.2,B,FALSE,2631.17638326098,2394.84694378305,218.823669433594,0.999948859214783,2273,Dwb,D,-196.976383260976,39.3530562169544,161.2
CHM00053513,LINHE,40.7333,107.3667,1041,B,FALSE,1039.74830894406,1039.03226700759,41.2791748046875,0.996105551719666,1040,BWk,B,1.25169105594159,1.96773299240817,1
CHM00054374,LINJIANG,41.8,126.8833,385,B,TRUE,712.138584292929,563.23268203209,133.081665039063,0.985344409942627,381,Dwb,D,-327.138584292929,-178.23268203209,4
CHM00054727,ZHANGQIU,36.65,117.5,263,B,TRUE,150.382100809782,303.61293420791,87.0084838867188,0.998195648193359,154,Cwa,C,112.617899190218,-40.61293420791,109
CHM00056964,SIMAO,22.8161,100.9911,1416.2,B,FALSE,1353.9694783801,1467.92490618611,168.446166992188,0.99950385093689,1412,Cwa,C,62.2305216198956,-51.7249061861085,4.20000000000005
CHM00058725,SHAOWU,27.3333,117.5111,371,B,FALSE,470.450307077978,329.105839532358,184.054077148438,0.996219396591187,210,Cfa,C,-99.4503070779778,41.8941604676418,161
CHM00059280,QINGYUAN (59280-0),23.7167,113.0833,79.2,B,TRUE,169.499389843244,72.1373538619202,128.799682617188,0.979349374771118,16,Cwa,C,-90.2993898432441,7.06264613807977,63.2
CIM00085442,ANTOFAGASTA,-23.4536,-70.4453,112,B,TRUE,173.941130269384,319.112620645174,151.758850097656,0.561144351959229,113,BWk,B,-61.9411302693835,-207.112620645174,-1
CIM00085586,SANTO DOMINGO AD.,-33.655,-71.6142,77,B,FALSE,186.560516731631,120.064015871883,81.2268676757813,0.957190275192261,76,Csb,C,-109.560516731631,-43.0640158718829,1
CIM00085799,PUERTO MONTT,-41.435,-73.0978,87,B,FALSE,124.306443602683,76.6241051990231,55.3023071289063,0.81052029132843,85,Cfb,C,-37.3064436026829,10.3758948009769,2
CIM00085934,PUNTA ARENAS,-53.0016,-70.8386,43,B,TRUE,21.0796950443067,8.91494865728868,23.7225341796875,0.270910978317261,36,ET,E,21.9203049556933,34.0850513427113,7
CJM00078384,OWEN ROBERTS AIRPORT GRAND CAY,19.2944,-81.3632,3,B,FALSE,-0.063881635803256,0.961162196060836,0,0.115622520446777,5,Aw,A,3.06388163580326,2.03883780393916,-2
CKM00096996,COCOS ISLAND AERO,-12.1892,96.8344,3,B,FALSE,0.772604320155201,0.145389225678494,0,0,5,Climate Zone info missing,,2.2273956798448,2.85461077432151,-2
CMM00064870,NGAOUNDERE,7.35,13.5667,1114,B,FALSE,1116.48633556375,1101.03101275665,54.0046997070313,0.998889088630676,1076,Aw,A,-2.48633556375012,12.9689872433501,38
CNM00067002,HAHAYA INT. AIRPORT,-11.5333,43.2667,29,B,FALSE,200.765641570389,229.377593903117,219.669311523438,0.396297216415405,6,Af,A,-171.765641570389,-200.377593903117,23
COM00080028,BARRANQUILLA/ERNESTO CORTISSOZ,10.8833,-74.7833,14,B,FALSE,35.7361239726359,40.5261512596045,18.97802734375,0.466547131538391,25,Aw,A,-21.7361239726359,-26.5261512596045,-11
COM00080094,BUCARAMANGA/PALONEGRO,7.1,-73.2,1189,B,FALSE,881.39992417454,910.344080929777,299.231994628906,0.99951183795929,1103,Am,A,307.60007582546,278.655919070223,86
COM00080222,BOGOTA/ELDORADO,4.7,-74.15,2547,B,FALSE,2430.60856066101,2604.09271068612,376.265014648438,0.999915480613708,2551,Cfb,C,116.391439338994,-57.0927106861163,-4
COM00080398,LETICIA/VASQUEZ COBO,-4.1667,-69.95,84,B,FALSE,91.2991061072079,83.7621186898686,13.9633178710938,0.887834429740906,84,Af,A,-7.29910610720788,0.237881310131385,0
DRM00078486,SANTO DOMINGO (78486-0),18.4734,-69.8705,14,B,FALSE,6.15519228342502,28.6974431890605,13.899658203125,0.497668385505676,16,Aw,A,7.84480771657498,-14.6974431890605,-2
EGM00062403,SOUTH OF VALLEY UNIVERSITY,26.2003,32.7467,96,B,FALSE,219.55550610109,112.314172653251,93.8236083984375,0.992375016212463,95,BWh,B,-123.55550610109,-16.3141726532506,1
EIM00003953,VALENTIA OBSERVATORY (3953-0),51.9381,-10.2433,23.9,B,FALSE,65.9798712002825,87.8409835417803,74.489013671875,0.459566354751587,18,Cfb,C,-42.0798712002825,-63.9409835417803,5.9
FGM00081405,CAYENNE MATOURY,4.8222,-52.3653,8,B,TRUE,31.7142198310585,24.2106918519576,26.3370361328125,0.688156723976135,7,Af,A,-23.7142198310585,-16.2106918519576,1
FIM00002836,SODANKYLA ARCTIC RESEARCH CENT,67.3666,26.629,179,B,FALSE,214.386421219912,204.496518306455,22.9227905273438,0.984480142593384,186,Dfc,D,-35.386421219912,-25.4965183064553,-7
FIM00002963,JOKIOINEN OBSERVATORY,60.814,23.4982,104,B,FALSE,111.412610081552,112.722059138442,9.770751953125,0.982784986495972,111,Dfb,D,-7.4126100815518,-8.72205913844178,-7
FJM00091680,NADI AIRPORT,-17.7597,177.4447,22,B,FALSE,112.88841030385,22.7830891537885,69.3660888671875,0.752235293388367,24,Am,A,-90.88841030385,-0.783089153788502,-2
FKM00088889,MOUNT PLEASANT AIRPORT,-51.82,-58.4481,74,B,FALSE,56.0324598773536,69.8939781933688,75.3414916992188,0.700366854667664,71,ET,E,17.9675401226464,4.1060218066312,3
FMM00091334,TRUK/CAROLINE IS.,7.45,151.8333,3,B,FALSE,1.6783991124645,5.44791353316372,0,0.0236952304840088,-2,Af,A,1.3216008875355,-2.44791353316372,5
FMM00091348,PONAPE/CAROLINE IS.,6.95,158.2,38,B,FALSE,17.0996152005272,112.722059138442,0,0.0781631469726563,58,Af,A,20.9003847994728,-74.7220591384418,-20
FMM00091413,YAP/CAROLINE IS.,9.4833,138.0667,15,B,TRUE,1.59275888364018,6.26368650354606,0,0.0338667631149292,18,Af,A,13.4072411163598,8.73631349645394,-3
FPM00091925,HIVA-OA,-9.8061,-139.0355,51,B,FALSE,46.2690754647357,195.319072389654,0,0.153496146202087,35,Climate Zone info missing,,4.73092453526434,-144.319072389654,16
FPM00091938,TAHITI-FAAA,-17.5553,-149.6144,2,B,FALSE,98.6609791729337,277.304255913079,0,0.252174615859985,5,Af,A,-96.6609791729337,-275.304255913079,-3
FPM00091948,MANGAREVA,-23.1303,-134.9652,91,B,FALSE,1.39439221408432,4.22425407759021,0,0.019182562828064,95,Af,A,89.6056077859157,86.7757459224098,-4
FPM00091958,RAPA,-27.6183,-144.3347,2,B,FALSE,1.73854643596437,9.73072162767102,0,0.0190297365188599,1,Cfa,C,0.261453564035629,-7.73072162767102,1
FRM00007110,BREST-GUIPAVAS,48.4538,-4.3912,92,B,FALSE,49.4513070371891,71.7294673767291,13.6991577148438,0.728807806968689,90,Cfb,C,42.548692962811,20.2705326232709,2
FSM00061998,PORT-AUX-FRANCAIS,-49.3522,70.2433,29,B,TRUE,81.0915874846405,15.0332459351562,85.0808715820313,0.563227653503418,26,ET,E,-52.0915874846405,13.9667540648438,3
GLM00004220,AASIAAT,68.7081,-52.8517,43,B,FALSE,33.4648654388859,21.1515432130238,14.9807739257813,0.417152762413025,5,ET,E,9.53513456111414,21.8484567869762,38
GLM00004270,MITTARFIK NARSARSUAQ,61.1667,-45.4167,34,B,FALSE,543.726875146584,409.663420357615,218.021911621094,0.882596254348755,95,ET,E,-509.726875146584,-375.663420357615,-61
GLM00004320,DANMARKSHAVN,76.7694,-18.6681,11,B,TRUE,74.969306940316,64.387510643288,51.6767578125,0.378178596496582,10,ET,E,-63.969306940316,-53.387510643288,1
GLM00004339,ITTOQQORTOORMIIT,70.4844,-21.9511,70,B,FALSE,80.5530498596616,207.351723702794,60.093505859375,0.301947832107544,35,ET,E,-10.5530498596616,-137.351723702794,35
GLM00004360,TASIILAQ,65.6111,-37.6367,54,B,FALSE,68.7920573188857,121.287675327456,21.8414916992188,0.244711995124817,27,ET,E,-14.7920573188857,-67.2876753274564,27
GLM00004417,GEOSUMMIT,72.5803,-38.4586,3208.3,B,FALSE,3201.6219641933,3204.29767364493,3.2236328125,1,258,EF,E,6.67803580669761,4.00232635507518,2950.3
GMM00010304,MEPPEN,52.7155,7.3176,19,B,TRUE,17.1645424437754,18.09239457409,4.53399658203125,0.997421264648438,19,Cfb,C,1.8354575562246,0.907605425909967,0
GMM00010410,ESSEN-BREDENEY,51.4041,6.9677,150,B,FALSE,73.6651855023122,113.537832108824,19.8859252929688,0.990759372711182,148,Cfb,C,76.3348144976878,36.4621678911759,2
GMM00010548,MEININGEN,50.5611,10.3771,450,B,FALSE,458.192999536667,404.156952807534,70.4209594726563,0.999001860618591,449,Cfb,C,-8.19299953666649,45.8430471924663,1
GMM00010962,HOHENPEISSENBERG,47.8009,11.0108,977.2,B,FALSE,816.725220019706,714.762511280611,130.082336425781,0.92454981803894,975,Cfb,C,160.474779980294,262.437488719389,2.20000000000005
GQM00091212,WEATHER FORECAST OFFICE; GUAM;,13.4767,144.7944,75.4,B,TRUE,15.3047553350278,52.558802572744,0,0.152141690254211,71,Af,A,60.0952446649723,22.841197427256,4.40000000000001
GRM00016622,THESSALONIKI (AIRPORT),40.529,22.9703,1.7,B,TRUE,170.497596417355,143.31354552778,87.3106079101563,0.666492581367493,-1,Cfa,C,-168.797596417355,-141.61354552778,2.7
GRM00016716,ATHINAI HELLINIKON,37.8897,23.7417,43.1,B,TRUE,174.951286642865,24.6185783371488,211.135681152344,0.808595418930054,45,Csa,C,-131.851286642865,18.4814216628512,-1.9
IDM00096009,ACEH UTARA/MALIKUSSALEH,5.2287,96.9475,28,B,FALSE,61.2397841165179,40.9340377447956,83.4135131835938,0.578631162643433,31,Af,A,-33.2397841165179,-12.9340377447956,-3
IDM00096075,GUNUNG SITOLI/BINAKA,1.1649,97.7036,7,B,TRUE,51.8611832436408,39.0985485614354,28.6511840820313,0.331125497817993,9,Af,A,-44.8611832436408,-32.0985485614354,-2
IDM00096109,PEKAN BARU/SULTAN SYARIF KASIM,0.4589,101.4474,31.1,B,FALSE,21.5871631909215,12.5859270240092,14.2786865234375,0.999787449836731,38,Af,A,9.51283680907853,18.5140729759908,-6.9
IDM00096249,TANJUNG PANDAN/H.AS. HANANDJOE,-2.75,107.75,50,B,TRUE,25.248980044791,54.1903485135087,13.5265502929688,0.881017088890076,51,Af,A,24.751019955209,-4.1903485135087,-1
IDM00096633,BALIKPAPAN/SULTAN AJI MUHAMMAD,-1.2625,116.8947,3,B,TRUE,-2.22998193508996,-0.874326987299435,1.2725830078125,0.247458338737488,10,Af,A,5.22998193508997,3.87432698729943,-7
IDM00096791,CIREBON/JATIWANGI,-6.75,108.2667,42.3,B,TRUE,287.935444714174,359.697325921696,192.773803710938,0.998917698860168,56,Am,A,-245.635444714174,-317.397325921696,-13.7
IDM00097072,PALU/MUTIARA SIS AL JUFRI,-0.9163,119.9054,86,B,FALSE,790.819249963673,373.769409660791,437.635498046875,0.993317484855652,79,Af,A,-704.819249963673,-287.769409660791,7
IDM00097192,BAU-BAU/BETO AMBARI,-5.4879,122.5709,52,B,FALSE,65.2979359828535,118.636413173714,48.7045288085938,0.416740655899048,38,Am,A,-13.2979359828535,-66.6364131737138,14
IDM00097340,SUMBA TIMUR/UMBU MEHANG KUNDA,-9.6697,120.2997,100,B,FALSE,366.613720425043,132.096667185022,142.141479492188,0.90741753578186,9,Aw,A,-266.613720425043,-32.0966671850224,91
IDM00097372,KUPANG/ELTARI,-10.1676,123.6701,102,B,TRUE,178.5099368955,212.042418282492,115.349731445313,0.881710171699524,105,Aw,A,-76.5099368954995,-110.042418282492,-3
IDM00097430,TERNATE/SULTAN BABULLAH,0.829,127.3813,32,B,FALSE,162.803120602474,91.5119619085009,83.775146484375,0.477683782577515,35,Af,A,-130.803120602474,-59.5119619085009,-3
IDM00097686,WAMENA,-4.0958,138.9502,1662.4,B,TRUE,2286.26454410081,1946.98758304314,477.261840820313,0.999879837036133,1657,Af,A,-623.864544100814,-284.587583043139,5.40000000000009
IDM00097690,JAYAPURA/SENTANI,-2.576,140.5184,80.2,B,FALSE,132.533083816211,282.606780220565,42.8327026367188,0.52903687953949,93,Af,A,-52.3330838162115,-202.406780220565,-12.8
IDM00097748,GESER,-3.8868,130.8955,1.5,B,FALSE,5.46608718637353,-3.52558914104205,0,0.00055086612701416,5,Af,A,-3.96608718637353,5.02558914104205,-3.5
INM00042027,SRINAGAR (42027-0),34.0833,74.8333,1585,B,TRUE,1847.71487372408,1594.36971659537,295.943725585938,0.995543718338013,1584,Cfb,C,-262.71487372408,-9.36971659537153,1
INM00042299,GANGTOK,27.3333,88.6167,1756,B,TRUE,1516.25811032883,1357.3876686993,574.627685546875,1,1738,Cwb,C,239.741889671167,398.612331300699,18
INM00042516,SHILLONG,25.5667,91.8833,1598,B,FALSE,1242.56149884581,1374.31495783473,229.552673339844,0.999992251396179,1514,Cwa,C,355.438501154191,223.685042165265,84
INM00042667,BHOPAL/BAIRAGHAR,23.2833,77.35,522,B,FALSE,493.906966589636,515.306020022128,20.9180297851563,0.977688670158386,519,Csa,C,28.0930334103643,6.69397997787212,3
INM00042809,KOLKATA/DUM DUM,22.65,88.45,6,B,FALSE,6.82955929458582,2.18482165163435,1.8746337890625,0.936966419219971,3,Aw,A,-0.829559294585817,3.81517834836565,3
INM00043041,JAGDALPUR,19.0833,82.0333,554,B,FALSE,575.510553186486,576.896879285995,55.3828735351563,0.99908173084259,546,Aw,A,-21.5105531864857,-22.8968792859947,8
INM00043049,GOPALPUR,19.2667,84.8833,16.4,B,TRUE,1.75886109489479,4.22425407759021,0,0.276100516319275,24,Aw,A,14.6411389051052,12.1757459224098,-7.6
INM00043295,BENGALURU,12.9667,77.5833,916.6,B,FALSE,864.259928610305,907.692818776035,28.311279296875,0.98782742023468,911,Aw,A,52.3400713896947,8.90718122396538,5.60000000000002
INM00043333,PORT BLAIR,11.6667,92.7167,79,B,FALSE,15.4262449619646,50.111483661597,0,0.223848342895508,9,Am,A,63.5737550380354,28.888516338403,70
INM00043371,THIRUVANANTHAPURAM (43371-0),8.4833,76.95,59.7,B,FALSE,138.43668303205,41.3419242299868,30.4584350585938,0.750901699066162,13,Aw,A,-78.7366830320497,18.3580757700132,46.7
IRM00040706,TABRIZ,38.1222,46.2425,1361,B,FALSE,1677.8261693755,1422.44556308729,131.670227050781,0.999963879585266,1348,BSk,B,-316.8261693755,-61.4455630872928,13
IRM00040754,TEHRAN-MEHRABAD,35.6933,51.3094,1191,B,FALSE,1656.78137770352,1188.72660707275,298.416687011719,0.999588370323181,1194,Csa,C,-465.781377703523,2.27339292724832,-3
IRM00040766,KERMANSHAH,34.3522,47.1533,1318.5,B,FALSE,1630.45995295603,1795.66169703721,251.540710449219,1,1312,Csa,C,-311.95995295603,-477.161697037215,6.5
IRM00040800,ESFAHAN,32.5175,51.7061,1550.4,B,FALSE,1640.58183134977,1682.26925415407,110.641479492188,0.999999761581421,1548,BSk,B,-90.1818313497729,-131.869254154069,2.40000000000009
IRM00040809,BIRJAND,32.8905,59.2836,1491,B,FALSE,1846.46611968983,1630.87555701998,157.936218261719,1,1503,BSk,B,-355.466119689828,-139.875557019981,-12
IRM00040841,KERMAN,30.25,56.9667,1748,B,FALSE,1944.28717733948,1730.80774589182,213.777648925781,1,1749,BSk,B,-196.287177339484,17.1922541081815,-1
IRM00040848,SHIRAZ,29.5613,52.6025,1488,B,FALSE,1878.04744779372,1619.65867867722,232.567260742188,0.999996542930603,1486,BSk,B,-390.047447793717,-131.658678677224,2
IRM00040856,ZAHEDAN,29.4722,60.9002,1370,B,FALSE,1438.78915431429,1387.16338211826,141.420776367188,1,1379,BWk,B,-68.7891543142919,-17.1633821182566,-9
ITM00016144,S. PIETRO CAPOFIUME RDS,44.6539,11.6225,10,B,FALSE,20.7056663239995,-3.32164589844646,18.4501953125,0.989753842353821,6,Cfa,C,-10.7056663239995,13.3216458984465,4
ITM00016429,TRAPANI BIRGI,37.9142,12.4914,7.3,B,FALSE,63.5425104552778,19.3160540296635,45.2803344726563,0.406658530235291,8,Csa,C,-56.2425104552778,-12.0160540296635,-0.7
IVM00065548,MAN,7.2708,-7.5888,324,B,TRUE,322.038578811954,336.651739508395,47.2435302734375,1,324,Aw,A,1.96142118804585,-12.6517395083948,0
JAM00047418,KUSHIRO (47418-0),42.9861,144.3772,4.5,B,FALSE,26.2348384928849,23.3949188815753,24.8469848632813,0.528420448303223,9,Dfb,D,-21.7348384928849,-18.8949188815753,-4.5
JAM00047646,TATENO,36.0581,140.1258,25.2,B,FALSE,22.7650150822401,35.4275701947148,26.64501953125,0.924134135246277,27,Cfa,C,2.43498491775988,-10.2275701947148,-1.8
JAM00047678,HACHIJOJIMA,33.1217,139.7792,151.2,B,FALSE,9.22350243520978,35.6315134373104,0,0.0599470138549805,150,Cfa,C,141.97649756479,115.56848656269,1.19999999999999
JAM00047741,MATSUE,35.4572,133.0656,16.9,B,TRUE,62.0093511959997,69.6900349507732,14.3110961914063,0.493757009506226,11,Cfa,C,-45.1093511959997,-52.7900349507732,5.9
JAM00047909,NAZE,28.385,129.4947,3.3,B,FALSE,20.6236110349865,81.110856536126,7.581298828125,0.113208770751953,6,Cfa,C,-17.3236110349865,-77.810856536126,-2.7
JAM00047918,ISHIGAKIJIMA,24.3367,124.1644,5.7,B,FALSE,11.1024092229508,8.91494865728868,0,0.149162650108337,13,Cfa,C,-5.40240922295075,-3.21494865728868,-7.3
JAM00047945,MINAMIDAITOJIMA,25.8289,131.2286,15.3,B,FALSE,0.0942540425374618,1.77693516644318,0,0.00445830821990967,14,Cfa,C,15.2057459574625,13.5230648335568,1.3
JAM00047971,CHICHIJIMA,27.0922,142.1914,2.7,B,FALSE,2.28465226721154,9.11889189988426,0,0.0343761444091797,11,Cfa,C,0.415347732788465,-6.41889189988426,-8.3
JAM00047991,MINAMITORISHIMA,24.2883,153.9833,7.1,B,FALSE,-0.0650766157403395,-0.058554016917092,0,0,10,Climate Zone info missing,,7.16507661574034,7.15855401691709,-2.9
JNM00001001,JAN MAYEN (1001-1),70.9397,-8.6678,9,B,FALSE,42.3276333055886,21.9673161834062,0,0.208576321601868,2,ET,E,-33.3276333055886,-12.9673161834062,7
KEM00063741,DAGORETTI CORNER,-1.3012,36.7597,1796.2,B,FALSE,1714.73909963201,1699.80837301729,180.735656738281,0.999987363815308,1795,Cfb,C,81.46090036799,96.3916269827107,1.20000000000005
KRM00091610,TARAWA,1.35,172.9167,2,B,FALSE,0.0619895842362071,-0.262497259512678,0,0,-576,Climate Zone info missing,,1.93801041576379,2.26249725951268,578
KSM00047186,NATIONAL TYPHOON CENTER,33.3315,126.6784,246.3,B,FALSE,152.29645866899,183.49036431911,262.318359375,0.456045031547546,241,Cfa,C,94.0035413310101,62.80963568089,5.30000000000001
KZM00035229,AKTOBE,50.2579,57.2235,219.3,B,FALSE,278.239377504678,222.035637169676,31.5902709960938,0.9883793592453,216,Dfa,D,-58.939377504678,-2.73563716967567,3.30000000000001
KZM00035671,ZHEZKAZGAN,47.8,67.7167,344.7,B,TRUE,362.201456170685,367.243225897733,14.8489379882813,0.986519694328308,374,BSk,B,-17.5014561706852,-22.5432258977327,-29.3
KZM00035700,ATYRAU,47.1161,51.8836,-23.7,B,TRUE,-27.0931328326952,-26.1632890691521,0.56787109375,0.768056988716126,-26,BSk,B,3.39313283269516,2.46328906915206,2.3
KZM00036003,PAVLODAR,52.2003,77.0702,120,B,TRUE,116.356242081266,125.774426664559,7.28167724609375,0.959842085838318,118,Dfb,D,3.64375791873371,-5.77442666455926,2
KZM00036872,ALMATY AS,43.3636,77.0042,660,B,FALSE,1524.23938132861,682.131592465317,417.709228515625,0.998274326324463,659,Dfb,D,-864.239381328614,-22.131592465317,1
LHM00026629,KAUNAS (26629-0),54.8839,23.8358,76.1,B,FALSE,66.9721028747075,66.6308863118394,9.198486328125,0.969003677368164,74,Dfb,D,9.12789712529252,9.46911368816058,2.09999999999999
LOM00011952,POPRAD-GANOVCE,49.0347,20.3233,703,B,FALSE,854.430023647857,766.564094899889,199.571838378906,0.999170184135437,700,Dfc,D,-151.430023647856,-63.5640948998894,3
MAM00067083,ANTANANARIVO/IVATO,-18.8,47.4833,1279,B,FALSE,1335.90536499786,1283.96810136489,61.2479248046875,0.998411297798157,1274,Cwb,C,-56.9053649978587,-4.96810136489012,5
MGM00044212,ULAANGOM,49.9714,92.0778,939.1,B,TRUE,1114.51700862744,875.877672931124,150.102172851563,0.998237609863281,935,BSk,B,-175.417008627437,63.2223270688767,4.10000000000002
MGM00044231,MURUN,49.6384,100.167,1291,B,FALSE,1642.98891926971,1395.93294154987,162.909423828125,0.999576449394226,1288,Dwc,D,-351.988919269705,-104.932941549867,3
MGM00044292,ULAANBAATAR,47.9184,106.8479,1303.3,B,TRUE,1455.52405167986,1432.43878197448,122.537109375,0.999935984611511,1301,BSk,B,-152.224051679855,-129.138781974477,2.29999999999995
MGM00044373,DALANZADGAD,43.5772,104.4181,1462,B,FALSE,1620.59300361553,1440.3925684357,124.234252929688,0.999907255172729,1465,BWk,B,-158.593003615531,21.6074315642957,-3
MUM00041316,SALALAH AIRPORT,17.0346,54.0737,20,B,FALSE,261.825133088899,-28.8145512228947,251.571105957031,0.668266296386719,20,BWh,B,-241.825133088899,48.8145512228947,0
MXM00076394,AEROP.INTERNACIONAL MONTERREY;,25.8667,-100.2333,448,B,FALSE,581.366353204841,387.025720429505,163.819763183594,0.999989628791809,446,BSh,B,-133.366353204841,60.9742795704955,2
MXM00076405,LA PAZ; BCS,24.1288,-110.3206,22,B,TRUE,98.0280381329251,141.070169859228,58.4927978515625,0.3291015625,26,BWh,B,-76.0280381329251,-119.070169859228,-4
MXM00076526,ZACATECAS SONDEO,22.7465,-102.5066,2265,B,FALSE,2254.42549865716,2336.7231196433,84.7034301757813,0.999971508979797,2260,BSk,B,10.5745013428386,-71.7231196433036,5
MXM00076612,GUADALAJARA; JAL.,20.7065,-103.3923,1554,B,FALSE,1521.7199652946,1650.25016506656,176.3916015625,0.998735427856445,1557,Cwa,C,32.280034705404,-96.250165066562,-3
MXM00076654,MANZANILLO; COL.,19.0445,-104.3185,2,B,FALSE,108.005722280927,-25.7554025839609,49.317626953125,0.310636520385742,1,Aw,A,-106.005722280927,27.7554025839609,1
MXM00076679,AEROP. INTERNACIONAL MEXICO; D,19.4037,-99.1966,2337,B,TRUE,2542.26230773569,2317.96034132451,272.005920410156,0.994325399398804,2304,Cwb,C,-205.262307735695,19.0396586754905,33
MXM00076743,VILLAHERMOSA; TAB.,17.981,-92.9215,6,B,FALSE,17.6325762524664,11.3622675684357,8.994873046875,0.946821808815002,5,Af,A,-11.6325762524664,-5.36226756843571,1
MYM00048601,PENANG/BAYAN LEPAS,5.3,100.2667,2,B,FALSE,1.96798258388441,34.4078539817369,23.49951171875,0.268938660621643,11,Af,A,0.0320174161155948,-32.4078539817369,-9
MYM00096441,BINTULU,3.12,113.0246,23,B,FALSE,35.8862931180627,48.2759944782367,35.77587890625,0.824700355529785,38,Af,A,-12.8862931180627,-25.2759944782367,-15
MYM00096481,TAWAU,4.2667,117.8833,18,B,TRUE,62.4702151250682,78.663537624979,87.1317138671875,0.47347617149353,18,Af,A,-44.4702151250682,-60.663537624979,0
NFM00094996,NORFOLK ISLAND AERO,-29.0389,167.9408,113,B,FALSE,1.32707501096195,10.9543810832445,0,0.0131701231002808,113,Cfa,C,111.672924989038,102.045618916755,0
NGM00061024,AGADEZ,16.9667,7.9833,501,B,FALSE,509.6333008883,508.983779501665,12.8914184570313,1,502,BWh,B,-8.63330088830031,-7.98377950166474,-1
NGM00061052,NIAMEY-AERO,13.2841,2.1147,215.1,B,FALSE,243.732340188163,264.455831629558,14.7813720703125,0.999114632606506,271,BSh,B,-28.6323401881631,-49.3558316295575,-55.9
NNM00078866,JULIANA AIRPORT; ST. MAARTEN,18.0385,-63.1192,3,B,FALSE,4.26672565618738,9.93466487026661,0,0.0868302583694458,7,Aw,A,-1.26672565618738,-6.93466487026661,-4
NOM00001010,ANDOYA,69.3073,16.1312,10,B,FALSE,25.3394001933637,19.9278837574503,7.19036865234375,0.108108520507813,1,Dfc,D,-15.3394001933637,-9.9278837574503,9
NOM00001241,ORLAND III,63.7045,9.6105,10,B,TRUE,59.480773649131,18.9081675444724,0,0.312127232551575,9,Cfc,C,-49.480773649131,-8.90816754447237,1
NZM00093112,WHENUAPAI,-36.7928,174.6214,30,B,FALSE,38.7932809783412,71.7294673767291,30.1823120117188,0.590489506721497,32,Cfb,C,-8.79328097834123,-41.7294673767291,-2
NZM00093417,PARAPARAUMU AERODROME,-40.9044,174.9839,6,B,FALSE,168.151452474214,103.54461322164,49.1603393554688,0.58571457862854,7,Cfb,C,-162.151452474214,-97.5446132216404,-1
NZM00093844,INVERCARGILL AIRPORT,-46.4173,168.3304,1,B,FALSE,-1.25248834655565,20.5397134852371,8.012451171875,0.450679063796997,2,Cfb,C,2.25248834655565,-19.5397134852371,-1
PEM00084372,RS IQUITOS,-3.7642,-73.2547,114,B,TRUE,106.379752913202,95.5908267604126,11.3220825195313,0.921604871749878,104,Af,A,7.62024708679824,18.4091732395874,10
PKM00041506,CHITRAL,35.9217,71.8,1499,B,FALSE,3414.23757451895,2719.52458599522,667.911315917969,1,2129,Dsb,D,-1915.23757451895,-1220.52458599522,-630
PLM00012575,TARNOW,50.03,20.9844,209.1,B,FALSE,247.179060653358,241.002358731065,31.05322265625,0.995985388755798,204,Cfb,C,-38.0790606533577,-31.9023587310652,5.09999999999999
POM00008508,LAJES (ACORES) (8508-0),38.7678,-27.0872,72,B,FALSE,27.1880341560319,111.294456440273,0,0.146701335906982,62,Csb,C,44.8119658439681,-39.2944564402727,10
POM00008522,FUNCHAL,32.6475,-16.8925,58,B,FALSE,331.395271719318,133.932156368383,390.483154296875,0.625729084014893,61,Csb,C,-273.395271719318,-75.9321563683827,-3
PSM00091408,KOROR/CAROLINE IS.,7.3333,134.4833,30,B,FALSE,4.76383731001412,8.71100541469309,0,0.0664511919021606,7,Af,A,25.2361626899859,21.2889945853069,23
RMM00091376,MAJURO/MARSHALL IS. INTNL.,7.0683,171.2942,3.9,B,TRUE,0.046853171699816,0.145389225678494,0,0,5,Af,A,3.85314682830018,3.75461077432151,-1.1
RPM00098233,TUGUEGARAO,17.6478,121.7584,58.8,B,TRUE,142.384896744174,56.025837696869,79.384033203125,0.968325972557068,62,Am,A,-83.5848967441736,2.77416230313104,-3.2
RPM00098433,TANAY,14.5812,121.3693,646,B,FALSE,115.33453423506,372.137863720027,27.1184692382813,0.464849948883057,641,Af,A,530.66546576494,273.862136279973,5
RSM00020046,POLARGMO IM. E.T. KRENKELJA,80.6264,58.0589,21,B,FALSE,72.1061350110639,-29.0184944654903,106.754577636719,0.687435150146484,-7,ET,E,-51.1061350110639,50.0184944654903,28
RSM00020292,GMO IM.E.K. FEDOROVA,77.7131,104.2919,12,B,TRUE,24.6710080818883,24.4146350945532,0,0.163309454917908,14,ET,E,-12.6710080818883,-12.4146350945532,-2
RSM00020674,OSTROV DIKSON,73.5136,80.4064,42,B,FALSE,18.7925034447288,1.57299192384759,10.5486450195313,0.440970540046692,36,ET,E,23.2074965552712,40.4270080761524,6
RSM00020744,MALYE KARMAKULY (20744-0),72.3744,52.7161,18,B,FALSE,148.884392621971,51.5390863597661,37.7478637695313,0.72453761100769,21,Dfc,D,-130.884392621971,-33.5390863597661,-3
RSM00021824,TIKSI,71.5833,128.9167,6,B,FALSE,96.2985038373196,67.8545457674129,60.39501953125,0.666011333465576,3,Dfd,D,-90.2985038373196,-61.8545457674129,3
RSM00021946,CHOKURDAH,70.6167,147.8833,44,B,FALSE,22.014169355106,14.0135297221783,10.7014770507813,0.911605000495911,8,Dfc,D,21.985830644894,29.9864702778217,36
RSM00022271,SHOJNA,67.8767,44.1742,4.8,B,TRUE,38.7084374028083,10.7504378406489,22.645751953125,0.524556517601013,14,Dfc,D,-33.9084374028083,-5.95043784064895,-9.2
RSM00022522,KEM,64.95,34.65,8,B,TRUE,13.5509231140349,15.645075662943,4.648681640625,0.480575442314148,1,Dfc,D,-5.55092311403486,-7.645075662943,7
RSM00022845,KARGOPOL,61.5067,38.9347,124,B,TRUE,133.763116498116,132.096667185022,13.4697265625,0.899724125862122,130,Dfc,D,-9.76311649811609,-8.09666718502243,-6
RSM00023078,NORIL'SK,69.3472,88.2639,60,B,FALSE,196.539794186216,192.463866993316,89.9161987304688,0.959131717681885,59,Dfc,D,-136.539794186216,-132.463866993316,1
RSM00023330,SALEHARD,66.5319,66.6744,14.8,B,FALSE,29.364092621461,24.8225215797444,19.7766723632813,0.812363743782044,11,Dfc,D,-14.5640926214609,-10.0225215797444,3.8
RSM00023472,TURUHANSK,65.7944,87.9889,42,B,FALSE,53.7862959222823,36.2433431650972,20.1353759765625,0.897026658058167,22,Dfc,D,-11.7862959222823,5.75665683490284,20
RSM00023802,SYKTYVKAR (23802-0),61.6767,50.7806,116,B,TRUE,126.508791626728,116.189094262567,17.539306640625,0.997028470039368,116,Dfc,D,-10.5087916267278,-0.189094262566741,0
RSM00023884,BOR,61.5806,90.0306,62,B,FALSE,141.825247806973,76.8280484416187,50.6676025390625,0.924834132194519,66,Dfc,D,-79.8252478069728,-14.8280484416187,-4
RSM00023921,IVDEL,60.6833,60.45,93,B,FALSE,128.860113816262,101.70912403828,42.4871215820313,0.999859094619751,81,Dfc,D,-35.8601138162624,-8.70912403828015,12
RSM00023955,ALEKSANDROVSKOE,60.4333,77.8667,47,B,FALSE,43.6875204739896,42.9734701707515,11.4754638671875,0.956455945968628,48,Dfc,D,3.31247952601041,4.02652982924852,-1
RSM00024266,VERHOJANSK,67.5667,133.4,135.9,B,FALSE,278.340552472684,276.692426185293,85.6854248046875,0.999582648277283,116,Dfd,D,-142.440552472684,-140.792426185293,19.9
RSM00024641,VILJUJSK,63.7833,121.6167,110.8,B,FALSE,126.220004808599,100.485464582707,17.529296875,0.974395275115967,99,Dfc,D,-15.4200048085993,10.3145354172934,11.8
RSM00024688,OJMJAKON,63.25,143.15,740.3,B,FALSE,884.508863644185,819.385394732146,81.277099609375,0.999800324440002,745,Dfd,D,-144.208863644185,-79.0853947321461,-4.70000000000005
RSM00024726,MIRNVY,62.5333,113.8667,351.2,B,FALSE,348.110651079242,354.598744856806,24.9879760742188,0.997907876968384,315,Dfc,D,3.0893489207578,-3.39874485680639,36.2
RSM00024908,VANAVARA,60.3361,102.2944,258.8,B,FALSE,309.46977983371,293.415772078131,22.582763671875,1,244,Dfc,D,-50.6697798337098,-34.6157720781306,14.8
RSM00024947,OLEKMINSK (RS),60.3667,120.4167,134.7,B,FALSE,235.630376214737,207.759610187985,57.349609375,0.953450798988342,140,Dfc,D,-100.930376214737,-73.0596101879847,-5.30000000000001
RSM00025428,OMOLON,65.2333,160.5333,260,B,FALSE,364.882991149501,289.948736954006,71.2660522460938,0.99959135055542,263,Dfc,D,-104.882991149501,-29.9487369540057,-3
RSM00025703,SEJMCHAN,62.9167,152.4167,206.1,B,TRUE,371.988341855399,258.949364079477,88.7445068359375,0.989309787750244,195,Dfc,D,-165.888341855399,-52.8493640794767,11.1
RSM00025913,MAGADAN,59.55,150.7833,115.3,B,FALSE,66.2264353939674,74.5846727730673,25.8659057617188,0.293228507041931,46,Dfc,D,49.0735646060326,40.7153272269327,69.3
RSM00026781,SMOLENSK,54.75,32.0667,240,B,TRUE,205.422876711849,210.818758826918,12.9519653320313,0.99830687046051,236,Dfb,D,34.5771232881514,29.1812411730815,4
RSM00027962,PENZA,53.1228,45.0189,169.5,B,FALSE,208.731377830987,195.726958874845,28.165283203125,0.976909041404724,167,Dfb,D,-39.2313778309872,-26.2269588748451,2.5
RSM00028225,PERM' (28225-1),57.9583,56.1972,170,B,FALSE,155.522904499115,126.998086120133,31.0814819335938,0.926133990287781,167,Dfb,D,14.4770955008846,43.0019138798672,3
RSM00028445,EKATERINBURG (VERHNEE DUBROVO),56.7333,61.0667,286.1,B,FALSE,255.512850734578,249.771918162675,18.0397338867188,0.987465858459473,287,Dfb,D,30.5871492654219,36.3280818373247,-0.899999999999977
RSM00028661,KURGAN,55.4567,65.4011,70.8,B,FALSE,106.384931159596,79.0714241101702,15.6683959960938,0.978872179985046,69,Dfb,D,-35.5849311595958,-8.27142411017015,1.8
RSM00029231,KOLPASEVO,58.3167,82.95,72.9,B,TRUE,67.8113771171858,66.0190565840527,8.81097412109375,0.942096590995789,74,Dfc,D,5.08862288281422,6.88094341594734,-1.09999999999999
RSM00029612,BARABINSK,55.3544,78.3083,118.6,B,FALSE,113.893786757583,111.906286168059,2.5068359375,0.969023108482361,115,Dfb,D,4.70621324241712,6.69371383194056,3.59999999999999
RSM00029634,NOVOSIBIRSK,54.9667,82.95,143,B,TRUE,143.912081103766,147.188467137096,24.29296875,0.9178786277771,133,Dfb,D,-0.912081103766326,-4.18846713709576,10
RSM00029862,ABAKAN,53.7667,91.3167,253.6,B,TRUE,355.768082516073,285.665928859498,66.0902099609375,0.926401257514954,253,Dfb,D,-102.168082516073,-32.0659288594984,0.599999999999994
RSM00030557,BAGDARIN (RS),54.4667,113.5833,995,B,FALSE,1169.19929054838,1144.26698018691,114.934509277344,0.999876141548157,1031,Dwc,D,-174.199290548378,-149.266980186914,-36
RSM00030758,CHITA,52.0833,113.4833,671,B,FALSE,870.909593633529,730.466140960471,112.855773925781,0.989092588424683,672,Dwc,D,-199.909593633529,-59.4661409604708,-1
RSM00030935,KRASNYJ CHIKOJ,50.3667,108.75,770,B,FALSE,1087.81757189318,937.672475437586,145.187438964844,0.993353843688965,773,Dwc,D,-317.81757189318,-167.672475437586,-3
RSM00031004,ALDAN,58.6167,125.3667,678.4,B,TRUE,764.492646969786,674.177806004089,94.7977905273438,0.999912619590759,704,Dfc,D,-86.0926469697859,4.22219399591086,-25.6
RSM00031300,ZEJA,53.7414,127.2764,228,B,FALSE,428.14164407889,297.290693687447,76.47998046875,0.91395902633667,228,Dwc,D,-200.14164407889,-69.2906936874468,0
RSM00031369,NIKOLAEVSK-NA-AMURE,53.1475,140.6939,44.8,B,FALSE,144.856513580708,109.458967256912,99.0263671875,0.964238524436951,43,Dfc,D,-100.056513580708,-64.6589672569124,1.8
RSM00031538,SUTUR,50.0667,132.1333,343.2,B,FALSE,394.438031606741,382.13108260721,71.0996704101563,1,304,Dwc,D,-51.2380316067414,-38.9310826072104,39.2
RSM00031873,DAL'NERECHENSK,45.8667,133.7333,100,B,TRUE,127.239721021577,64.9993403710747,33.9246215820313,0.989566326141357,76,Dwb,D,-27.2397210215772,35.0006596289253,24
RSM00032150,JUZHNO-SAHALINSK,46.95,142.7167,22,B,TRUE,220.738934565448,104.768272677214,150.83203125,0.982133984565735,25,Dfc,D,-198.738934565448,-82.7682726772139,-3
RSM00032389,KLJUCHI,56.3167,160.8333,28,B,FALSE,541.710147339433,224.482956080823,317.479614257813,0.929046630859375,44,ET,E,-513.710147339433,-196.482956080823,-16
RSM00032477,SOBOLEVO,54.3,155.9167,25,B,TRUE,62.8438455187296,14.8293026925607,9.470703125,0.765758872032166,16,Dfc,D,-37.8438455187296,10.1706973074393,9
RSM00032618,OSTROV BERINGA,55.2,165.9833,16,B,TRUE,16.1719124427047,32.9802512835678,0,0.313413262367249,5,Dfc,D,-0.171912442704695,-16.9802512835678,11
RSM00034009,KURSK,51.7667,36.1667,246.4,B,TRUE,206.413515079691,197.970334543397,21.6600952148438,0.994368672370911,226,Dfb,D,39.9864849203092,48.4296654566034,20.4
RSM00034172,SARATOV (34170-1),51.5567,46.0394,162.5,B,FALSE,92.4893061245431,92.1237916362876,47.558837890625,0.815489530563355,156,Dfa,D,70.010693875457,70.3762083637124,6.5
RSM00034858,DIVNOE,45.9167,43.35,85.9,B,TRUE,66.178636196484,62.9599079451189,20.029296875,0.972966551780701,67,Dfa,D,19.721363803516,22.9400920548811,18.9
RSM00036096,KYZYL,51.7167,94.5,626.1,B,FALSE,995.389857026227,718.433489647331,166.429565429688,0.994115591049194,625,Dfc,D,-369.289857026227,-92.3334896473311,1.10000000000002
RSM00037011,TUAPSE (37011-1),44.1,39.0333,94.6,B,FALSE,43.1434062759709,65.6111700988615,6.55938720703125,0.0900214910507202,17,Cfb,C,51.4565937240291,28.9888299011385,77.6
SAM00040375,TABUK AIRPORT,28.3672,36.6043,767.1,B,FALSE,842.619638603014,754.123557101559,46.45068359375,0.999773979187012,766,BWh,B,-75.5196386030143,12.9764428984413,1.10000000000002
SAM00040394,HAIL AIRPORT,27.435,41.6902,1001.5,B,TRUE,1008.01999830791,1024.55229678331,70.7647094726563,1,1004,BWh,B,-6.51999830790851,-23.0522967833053,-2.5
SAM00041112,ABHA,18.2333,42.65,2084,B,TRUE,2080.57145255069,2001.03254233097,183.299560546875,0.99943733215332,2101,BWk,B,3.42854744930719,82.9674576690306,-17
SEM00063985,SEYCHELLES INTER. AIRPORT,-4.679,55.5308,4,B,FALSE,14.1695243947984,57.2494971524425,0,0.0592525005340576,4,Af,A,-10.1695243947984,-53.2494971524425,0
SFM00068263,PRETORIA (IRENE),-25.9105,28.2106,1524,B,TRUE,1546.023467255,1527.47633302402,43.49853515625,0.99705958366394,1530,Cwa,C,-22.0234672550005,-3.4763330240196,-6
SFM00068442,BLOEMFONTEIN AIRPORT,-29.1039,26.2981,1354,B,FALSE,1346.74542633379,1375.53861729031,28.8370361328125,0.999137401580811,1356,BSk,B,7.25457366621117,-21.5386172903081,-2
SFM00068512,SPRINGBOK,-29.6694,17.8788,1006,B,TRUE,862.335214258309,940.935567319115,82.1099853515625,1,1003,BWk,B,143.664785741691,65.0644326808848,3
SFM00068592,KING SHAKA INT'L AIRPORT,-29.6018,31.1239,105,B,FALSE,401.392814840567,84.7818349028466,92.6791381835938,0.815829277038574,90,Cfa,C,-296.392814840567,20.2181650971535,15
SFM00068816,CAPE TOWN INTNL. AIRPORT,-33.9631,18.6023,42,B,FALSE,29.9488361373405,28.9013864316561,31.2693481445313,0.456538438796997,46,Csa,C,12.0511638626595,13.0986135683439,-4
SFM00068842,PORT ELIZABETH,-33.9864,25.6164,59,B,FALSE,75.6683702035099,46.644448537472,45.57177734375,0.481645822525024,62,Cfa,C,-16.6683702035099,12.355551462528,-3
SFM00068994,MARION ISLAND,-46.8767,37.8587,24,B,TRUE,10.9669781634146,100.281521340111,0,0.0238102674484253,26,ET,E,13.0330218365854,-76.2815213401111,-2
SHM00061901,ST. HELENA IS.,-15.9419,-5.6672,435,B,FALSE,9.76960826645695,91.7159051510965,0,0.00947225093841553,438,Climate Zone info missing,,425.230391733543,343.284094848904,-3
SHM00068906,GOUGH ISLAND,-40.3495,-9.8804,54,B,TRUE,13.7859358349946,58.8810430932072,0,0.0412341356277466,53,Cfb,C,40.2140641650054,-4.88104309320716,1
SPM00008190,BARCELONA SERVEI,41.3844,2.1181,95,B,FALSE,263.674962031504,98.853918641942,108.756164550781,0.916513800621033,77,Csa,C,-168.674962031504,-3.85391864194196,18
SPM00008221,MADRID/BARAJAS,40.4667,-3.5556,609,B,FALSE,696.301116860115,642.158716916582,71.71533203125,0.998781681060791,592,Csa,C,-87.3011168601154,-33.1587169165822,17
SPM00060018,TENERIFE-GUIMAR,28.3183,-16.3822,105,B,TRUE,807.018397990777,598.514863001127,533.958740234375,0.767066121101379,112,Csb,C,-702.018397990777,-493.514863001127,-7
SVM00001004,NY-ALESUND II,78.9233,11.9222,15.5,B,TRUE,333.053505545344,105.380102405001,127.68896484375,0.681522607803345,31,ET,E,-317.553505545344,-89.8801024050007,-15.5
SVM00001028,BJORNOYA,74.5167,19.0047,18,B,FALSE,5.21036147983766,20.3357702426415,0,0.0877386331558228,-5,ET,E,12.7896385201623,-2.33577024264147,23
SWM00002591,VISBY AEROLOGISKA STATION,57.65,18.35,45,B,FALSE,14.6973072003436,41.5458674725824,8.26495361328125,0.336749315261841,50,Cfb,C,30.3026927996564,3.45413252741762,-5
SZM00006610,PAYERNE (6610-0),46.8116,6.9425,490,B,FALSE,792.022993086962,522.036147027782,185.832946777344,0.917785882949829,486,Cfb,C,-302.022993086962,-32.0361470277823,4
THM00048327,CHIANG MAI,18.7706,98.9683,313.2,B,TRUE,443.192018059812,394.367677162946,169.598083496094,0.998555064201355,310,Aw,A,-129.992018059811,-81.1676771629456,3.19999999999999
THM00048381,KHON KAEN,16.4608,102.7894,187,B,FALSE,177.246046448711,162.076323846574,38.1611328125,0.951810121536255,178,Aw,A,9.75395355128916,24.9236761534265,9
TOM00065387,LOME,6.1667,1.25,20,B,FALSE,33.7624154432197,10.7504378406489,10.9409790039063,0.728503227233887,19,Aw,A,-13.7624154432197,9.24956215935105,1
TSM00060715,TUNIS-CARTHAGE,36.8507,10.2147,4,B,TRUE,67.2784160652466,25.4343513075311,49.7791748046875,0.712276577949524,8,Csa,C,-63.2784160652466,-21.4343513075311,-4
TSM00060760,TOZEUR,33.9167,8.1667,86,B,TRUE,39.3549215487705,29.921102644634,47.4939575195313,1,29,BWh,B,46.6450784512295,56.078897355366,57
TUM00017095,ERZURUM BOLGE,39.9058,41.2544,1860,B,FALSE,2190.5123950489,2063.64311780781,276.807861328125,0.999945521354675,1866,Dfb,D,-330.512395048896,-203.643117807814,-6
TUM00017196,KAYSERI BOLGE,38.6895,35.5,1094,B,FALSE,1447.00822632155,1329.6513877063,369.020874023438,0.999694347381592,1096,Dsb,D,-353.008226321552,-235.651387706301,-2
TVM00091643,FUNAFUTI (91643-0),-8.5167,179.2167,1,B,FALSE,-0.0634833091575615,0.145389225678494,0,0,-1616,Climate Zone info missing,,1.06348330915756,0.854610774321506,1617
UKM00003005,LERWICK,60.1392,-1.1847,82,B,TRUE,15.556099448461,18.9081675444724,0,0.374330878257751,75,Cfb,C,66.443900551539,63.0918324555276,7
UKM00003238,ALBEMARLE,55.0197,-1.8817,142,B,TRUE,199.784563042043,127.813859090515,70.8377075195313,0.995494484901428,145,Cfb,C,-57.7845630420429,14.1861409094849,-3
UKM00003743,LARKHILL,51.2017,-1.8058,132,B,FALSE,120.029610407861,114.761491564398,30.7509155273438,1,130,Cfb,C,11.970389592139,17.2385084356024,2
USM00070026,BARROW/W. POST W. ROGERS,71.2889,-156.7833,11.9,B,FALSE,4.05003596092957,3.20453786461228,3.316162109375,0.611397504806519,3,ET,E,7.84996403907043,8.69546213538772,8.9
USM00070133,KOTZEBUE; RALPH WIEN,66.8864,-162.6133,5,B,TRUE,23.7831379886353,10.9543810832445,0,0.484893321990967,4,Dfc,D,-18.7831379886353,-5.95438108324454,1
USM00070219,BETHEL/BETHEL AIRPORT; AK,60.785,-161.84,33,B,FALSE,4.53320618215701,8.71100541469309,6.16790771484375,0.888678193092346,30,Dfc,D,28.466793817843,24.2889945853069,3
USM00070231,MCGRATH; AK,62.9583,-155.5977,103,B,FALSE,168.770850408269,113.129945623633,61.7484130859375,0.999647498130798,100,Dfc,D,-65.7708504082689,-10.129945623633,3
USM00070261,FAIRBANKS/INT.; AK,64.8161,-147.8766,133.7,B,FALSE,189.8893325097,159.221118450235,62.3792724609375,0.999719262123108,132,Dfc,D,-56.1893325097001,-25.5211184502353,1.69999999999999
USM00070308,ST. PAUL ISLANDS; AK,57.15,-170.2166,10,B,FALSE,2.02334998763594,5.04002704797255,0,0.0482960939407349,5,ET,E,7.97665001236406,4.95997295202745,5
USM00070316,COLD BAY; AK,55.2011,-162.7163,25.3,B,FALSE,59.0796587169166,68.0584890100085,83.2778930664063,0.436056256294251,23,Cfc,C,-33.7796587169166,-42.7584890100085,2.3
USM00070326,KING SALMON; AK,58.6794,-156.6683,8.4,B,FALSE,58.2726489327395,24.8225215797444,16.402099609375,0.919068574905396,9,Dfc,D,-49.8726489327395,-16.4225215797444,-0.6
USM00070361,YAKUTAT; AK,59.5167,-139.6666,10.7,B,FALSE,-33.0883471770431,27.6777269760826,0,0.193151235580444,12,Dfc,D,43.7883471770431,-16.9777269760826,-1.3
USM00070398,ANNETTE ISLAND; AK,55.0389,-131.5777,34.7,B,FALSE,31.9332994861905,47.0523350226632,0,0.185943722724915,32,Cfb,C,2.76670051380951,-12.3523350226632,2.7
USM00070414,SHEMYA AFB,52.7167,174.1,29,B,TRUE,1.21195861035624,3.61242434980345,0,0.0209161043167114,28,Dfc,D,27.7880413896438,25.3875756501966,1
USM00072201,KEY WEST/INT.; FL,24.5531,-81.7886,13.4,B,TRUE,-0.12880887905146,0.145389225678494,0,0.0300629138946533,2,Aw,A,13.5288088790515,13.2546107743215,11.4
USM00072208,CHARLESTON/MUN.; SC.,32.895,-80.0275,13.3,B,FALSE,11.5222455075128,7.07945947392841,4.79046630859375,0.936846613883972,12,Cfa,C,1.77775449248724,6.2205405260716,1.3
USM00072250,BROWNSVILLE/INT.; TX,25.9167,-97.4192,7.1,B,TRUE,9.35216194176911,6.05974326095048,1.94305419921875,0.985883474349976,6,Cfa,C,-2.25216194176911,1.04025673904952,1.1
USM00072251,CORPUS CHRISTI/INT.; TX.,27.7789,-97.5055,14.8,B,TRUE,12.8745644696456,11.1583243258401,3.3406982421875,0.963722467422485,13,Cfa,C,1.9254355303544,3.64167567415988,1.8
USM00072317,GREENSBORO/G.-HIGH PT.; NC.,36.0981,-79.9428,276.5,B,TRUE,254.921733992367,267.1070937833,16.849609375,0.991345047950745,275,Cfa,C,21.5782660076326,9.39290621669988,1.5
USM00072318,BLACKSBURG; VA.,37.2039,-80.4142,639.4,B,TRUE,657.657457328063,583.015176563862,94.4805908203125,0.993224501609802,641,Cfa,C,-18.2574573280632,56.3848234361377,-1.60000000000002
USM00072363,AMARILLO/INTL.; TX.,35.2331,-101.7091,1095,B,FALSE,1075.07350919083,1096.34031817695,28.5093994140625,0.997288465499878,1094,BSk,B,19.9264908091702,-1.34031817695131,1
USM00072364,SANTA TERESA; NM.,31.8728,-106.698,1254,B,FALSE,1261.70228915137,1226.66005019553,32.032958984375,1,1253,BWk,B,-7.70228915136681,27.3399498044694,1
USM00072365,ALBUQUERQUE/INT.; NM.,35.0378,-106.6219,1619,B,FALSE,1866.5999383231,1539.30504109456,116.327026367188,0.995947957038879,1618,BSk,B,-247.599938323102,79.6949589054366,1
USM00072376,FLAGSTAFF; AZ,35.23,-111.8216,2179,B,TRUE,2223.51853756443,2216.6005497545,245.520385742188,0.995999097824097,2183,Csb,C,-44.5185375644332,-37.6005497545034,-4
USM00072451,DODGE CITY/MUN.; KS.,37.7614,-99.9686,786.4,B,TRUE,779.599981661041,773.702108390735,11.6168212890625,0.999444723129272,791,Cfa,C,6.80001833895869,12.6978916092651,-4.60000000000002
USM00072476,GRAND JUNCTION/WALKER FIELD; C,39.12,-108.525,1474,B,FALSE,1941.39691919832,1451.40550353587,308.23779296875,0.998720407485962,1470,BSk,B,-467.396919198325,22.594496464134,4
USM00072489,RENO; NV.,39.5681,-119.7966,1518,B,FALSE,1755.31703335555,1438.76102249494,257.131652832031,0.999008178710938,1515,Csb,C,-237.317033355555,79.2389775050604,3
USM00072493,OAKLAND/METROP. OAKLAND INT.;,37.7444,-122.2236,2.5,B,TRUE,80.2889592935661,23.3949188815753,90.634765625,0.686671137809753,3,Csb,C,-77.7889592935661,-20.8949188815753,-0.5
USM00072528,BUFFALO/GREATER BUFFALO INT.;,42.9411,-78.7189,218.4,B,TRUE,190.690367394192,206.332007489816,22.6931762695313,0.952770590782166,214,Dfb,D,27.7096326058083,12.0679925101844,4.40000000000001
USM00072572,SALT LAKE CITY/INTNL UT.,40.7722,-111.9552,1289,B,FALSE,1524.48275890913,1274.1788257203,228.108276367188,0.831634044647217,1288,Dfb,D,-235.482758909133,14.821174279698,1
USM00072582,ELKO; NV.,40.86,-115.7422,1593,B,FALSE,1812.87125039195,1746.30743232908,142.67626953125,0.995984435081482,1593,BSk,B,-219.871250391954,-153.307432329083,0
USM00072597,MEDFORD/MEDFORD-JACKSON COUNTY,42.3769,-122.8822,398.2,B,FALSE,597.939529952252,474.721314745606,184.561096191406,0.999768972396851,399,Csb,C,-199.739529952252,-76.5213147456063,-0.800000000000011
USM00072632,WHITE LAKE; MI.,42.6989,-83.4714,330.2,B,FALSE,278.981460045607,311.566720669138,15.6765747070313,0.95833683013916,324,Dfb,D,51.2185399543932,18.6332793308622,6.19999999999999
USM00072634,GAYLORD; MI.,44.9075,-84.7189,447.7,B,FALSE,369.968427435082,407.827931174254,37.9338989257813,0.988300681114197,446,Dfb,D,77.7315725649177,39.8720688257458,1.69999999999999
USM00072659,ABERDEEN/REG.; SD.,45.4556,-98.4133,398.4,B,FALSE,400.402176472725,392.32824473699,5.87451171875,0.978165149688721,397,Dfa,D,-2.00217647272518,6.07175526301023,1.39999999999998
USM00072672,RIVERTON; WY.,43.0647,-108.4766,1699,B,FALSE,1708.36467832096,1583.35678149521,117.098754882813,0.999162554740906,1695,BSk,B,-9.36467832096082,115.64321850479,4
USM00072694,SALEM/MCNARY; OR.,44.9092,-123.0083,62.4,B,FALSE,46.225657860355,102.117010523471,45.8504028320313,0.995205640792847,61,Csb,C,16.174342139645,-39.7170105234713,1.4
USM00072712,CARIBOU/MUN.; ME.,46.8683,-68.0136,191,B,FALSE,180.412743281982,178.39178325422,24.5364990234375,0.977425575256348,190,Dfb,D,10.5872567180179,12.6082167457796,1
USM00072768,GLASGOW/INT.; MT.,48.2067,-106.6255,693.1,B,FALSE,713.408051312757,669.894997909582,29.7471313476563,0.998914003372192,693,BSk,B,-20.3080513127571,23.2050020904182,0.100000000000023
USM00072776,GREAT FALLS; MT.,47.4614,-111.3847,1132,B,FALSE,1135.35984869005,1049.63731562256,59.5148315429688,0.993062973022461,1130,BSk,B,-3.3598486900471,82.3626843774377,2
USM00074455,QUAD CITY; IA.,41.6114,-90.5817,230.5,B,FALSE,210.455335553553,216.937056104786,15.2459106445313,0.971032977104187,229,Dfa,D,20.044664446447,13.5629438952139,1.5
USM00074646,LAMONT,36.6,-97.5,306,B,TRUE,327.196908873698,311.566720669138,10.2539672851562,0.999580502510071,310,Cfa,C,-21.196908873698,-5.56672066913779,-4
USM00091165,LIHUE; KAUAI; HAWAII,21.9933,-159.3466,32.3,B,FALSE,85.5604141226872,18.2963378166856,83.8151245117188,0.214965224266052,9,As,A,-53.2604141226872,14.0036621833144,23.3
USM00091285,HILO HI; HAWAII,19.7183,-155.0583,11,B,FALSE,176.129935187475,224.075069595632,108.268249511719,0.373839139938355,9,Cfb,C,-165.129935187475,-213.075069595632,2
UVM00065503,OUAGADOUGOU,12.35,-1.5167,303,B,FALSE,309.570158148425,303.816877450506,9.88409423828125,0.991543412208557,313,BSh,B,-6.57015814842481,-0.816877450505558,-10
UVM00065510,BOBO-DIOULASSO,11.1667,-4.3,432,B,FALSE,355.673679101044,418.025093304034,35.2213134765625,0.999969601631165,443,Aw,A,76.3263208989563,13.9749066959665,-11
VMM00048839,BACH LONG VI (RADIOSONDE),20.1294,107.7226,7,B,TRUE,0.0663711773388466,0.145389225678494,0,0.00098872184753418,8,Climate Zone info missing,,6.93362882266115,6.85461077432151,-1
VMM00048887,PHAN THIET,10.9333,108.1,8,B,FALSE,193.78058551149,2.38876489422994,116.73974609375,0.871934175491333,8,Aw,A,-185.78058551149,5.61123510577006,0
